datetime,NO,NO2,O3,SR,Temp
2024-01-01 00:00:00,0.7,9.1,0.022,,33.0
2024-01-01 01:00:00,0.6,10.5,0.018,,31.0
2024-01-01 02:00:00,1.2,5.5,0.028,,32.0
2024-01-01 03:00:00,0.8,4.1,0.029,,32.0
2024-01-01 04:00:00,0.6,5.4,0.026,,31.0
2024-01-01 05:00:00,3.5,12.7,0.017,,29.0
2024-01-01 06:00:00,2.2,12.8,0.02,,30.0
2024-01-01 07:00:00,1.1,11.5,0.017,,28.0
2024-01-01 08:00:00,3.7,12.0,0.016,,28.0
2024-01-01 09:00:00,3.5,6.6,0.025,,32.0
2024-01-01 10:00:00,3.1,5.6,0.026,,35.0
2024-01-01 11:00:00,3.1,5.8,0.026,,39.0
2024-01-01 12:00:00,2.8,5.6,0.027,,43.0
2024-01-01 13:00:00,1.8,4.7,0.03,,46.0
2024-01-01 14:00:00,1.4,4.6,0.03,,46.0
2024-01-01 15:00:00,1.4,5.7,0.03,,47.0
2024-01-01 16:00:00,1.0,7.3,0.027,,43.0
2024-01-01 17:00:00,0.7,10.5,0.02,,37.0
2024-01-01 18:00:00,10.0,19.7,0.009,,35.0
2024-01-01 19:00:00,10.0,27.9,0.006,,35.0
2024-01-01 20:00:00,7.2,29.4,0.003,,33.0
2024-01-01 21:00:00,3.5,27.6,0.004,,32.0
2024-01-01 22:00:00,9.7,31.0,0.002,,31.0
2024-01-01 23:00:00,5.2,30.0,0.003,,31.0
2024-01-02 00:00:00,4.4,29.1,0.005,,30.0
2024-01-02 01:00:00,1.3,15.3,0.015,,29.0
2024-01-02 02:00:00,3.5,25.7,0.003,,27.0
2024-01-02 03:00:00,1.0,19.2,0.009,,27.0
2024-01-02 04:00:00,1.9,11.3,0.021,,28.0
2024-01-02 05:00:00,2.1,16.0,0.018,,28.0
2024-01-02 06:00:00,4.9,15.3,0.017,,28.0
2024-01-02 07:00:00,14.0,23.7,0.01,,26.0
2024-01-02 08:00:00,13.0,21.8,0.015,,30.0
2024-01-02 09:00:00,10.9,14.4,0.019,,32.0
2024-01-02 10:00:00,8.8,11.6,0.018,,35.0
2024-01-02 11:00:00,,,0.023,,40.0
2024-01-02 12:00:00,5.8,9.5,0.027,,43.0
2024-01-02 13:00:00,5.4,10.4,0.029,,46.0
2024-01-02 14:00:00,4.6,10.8,0.029,,47.0
2024-01-02 15:00:00,4.0,11.2,0.028,,46.0
2024-01-02 16:00:00,1.3,9.3,0.026,,41.0
2024-01-02 17:00:00,4.8,17.8,0.019,,37.0
2024-01-02 18:00:00,13.1,26.9,0.008,,35.0
2024-01-02 19:00:00,15.0,27.0,0.008,,34.0
2024-01-02 20:00:00,6.9,23.2,0.016,,34.0
2024-01-02 21:00:00,0.7,8.0,0.031,,35.0
2024-01-02 22:00:00,0.6,7.1,0.033,,35.0
2024-01-02 23:00:00,0.7,6.2,0.035,,36.0
2024-01-03 00:00:00,1.1,6.2,0.034,,34.0
2024-01-03 01:00:00,0.6,5.7,0.035,,35.0
2024-01-03 02:00:00,2.4,6.5,0.035,,35.0
2024-01-03 03:00:00,0.7,5.8,0.035,,35.0
2024-01-03 04:00:00,0.7,4.6,0.038,,37.0
2024-01-03 05:00:00,0.9,4.6,0.038,,36.0
2024-01-03 06:00:00,1.0,5.3,0.037,,36.0
2024-01-03 07:00:00,1.3,5.4,0.037,,36.0
2024-01-03 08:00:00,6.6,9.9,0.033,,37.0
2024-01-03 09:00:00,2.6,5.7,0.036,,40.0
2024-01-03 10:00:00,2.5,5.5,0.036,,42.0
2024-01-03 11:00:00,2.3,6.0,0.036,,43.0
2024-01-03 12:00:00,4.7,10.0,0.031,,44.0
2024-01-03 13:00:00,5.5,11.5,0.031,,46.0
2024-01-03 14:00:00,3.7,13.5,0.029,,46.0
2024-01-03 15:00:00,2.0,8.3,0.034,,45.0
2024-01-03 16:00:00,1.6,10.0,0.032,,45.0
2024-01-03 17:00:00,1.5,8.6,0.033,,44.0
2024-01-03 18:00:00,1.1,8.3,0.032,,43.0
2024-01-03 19:00:00,2.2,33.1,0.003,,36.0
2024-01-03 20:00:00,1.0,25.2,0.015,,38.0
2024-01-03 21:00:00,0.4,13.7,0.023,,38.0
2024-01-03 22:00:00,0.3,14.7,0.017,,34.0
2024-01-03 23:00:00,0.3,14.7,0.018,,34.0
2024-01-04 00:00:00,0.3,17.5,0.014,0.0,33.0
2024-01-04 01:00:00,0.6,19.5,0.013,0.0,32.0
2024-01-04 02:00:00,0.8,19.1,0.013,0.02,32.0
2024-01-04 03:00:00,0.8,17.3,0.013,0.62,31.0
2024-01-04 04:00:00,1.8,21.5,0.011,0.37,31.0
2024-01-04 05:00:00,6.0,23.8,0.01,0.07,31.0
2024-01-04 06:00:00,2.0,17.8,0.013,0.11,31.0
2024-01-04 07:00:00,1.5,16.7,0.01,0.63,30.0
2024-01-04 08:00:00,4.8,19.2,0.006,1.05,29.0
2024-01-04 09:00:00,10.2,21.6,0.007,0.56,31.0
2024-01-04 10:00:00,4.1,18.8,0.013,0.25,32.0
2024-01-04 11:00:00,3.4,18.8,0.015,0.07,33.0
2024-01-04 12:00:00,1.5,12.2,0.022,0.12,34.0
2024-01-04 13:00:00,1.3,10.4,0.023,0.11,33.0
2024-01-04 14:00:00,1.0,8.2,0.026,,33.0
2024-01-04 15:00:00,1.3,7.8,0.026,,34.0
2024-01-04 16:00:00,1.0,7.3,0.026,,34.0
2024-01-04 17:00:00,0.4,5.6,0.027,,34.0
2024-01-04 18:00:00,0.4,4.5,0.026,,34.0
2024-01-04 19:00:00,0.3,6.4,0.022,,34.0
2024-01-04 20:00:00,0.8,6.1,0.023,,33.0
2024-01-04 21:00:00,0.3,7.3,0.022,,33.0
2024-01-04 22:00:00,0.3,5.3,0.024,,33.0
2024-01-04 23:00:00,0.3,5.0,0.023,,33.0
2024-01-05 00:00:00,0.3,4.3,0.023,,32.0
2024-01-05 01:00:00,0.5,5.5,0.024,,32.0
2024-01-05 02:00:00,0.3,4.1,0.028,,32.0
2024-01-05 03:00:00,0.4,7.0,0.02,,31.0
2024-01-05 04:00:00,,,0.025,,31.0
2024-01-05 05:00:00,0.8,7.7,0.022,,31.0
2024-01-05 06:00:00,,,0.021,,31.0
2024-01-05 07:00:00,10.2,16.0,0.013,,31.0
2024-01-05 08:00:00,3.3,15.4,0.015,,31.0
2024-01-05 09:00:00,5.4,12.0,0.019,,31.0
2024-01-05 10:00:00,4.2,6.6,0.025,,32.0
2024-01-05 11:00:00,3.4,11.0,0.022,,33.0
2024-01-05 12:00:00,2.6,9.2,0.025,,33.0
2024-01-05 13:00:00,1.2,7.4,0.031,0.0,32.0
2024-01-05 14:00:00,3.6,9.9,0.025,0.28,32.0
2024-01-05 15:00:00,1.3,5.1,0.028,0.0,32.0
2024-01-05 16:00:00,0.9,5.8,0.027,0.02,32.0
2024-01-05 17:00:00,1.1,6.1,0.027,0.01,31.0
2024-01-05 18:00:00,0.4,5.9,0.028,0.16,31.0
2024-01-05 19:00:00,0.5,5.6,0.03,0.25,31.0
2024-01-05 20:00:00,0.4,3.3,0.031,,31.0
2024-01-05 21:00:00,0.2,2.8,0.031,,31.0
2024-01-05 22:00:00,0.2,2.2,0.031,,31.0
2024-01-05 23:00:00,0.2,2.1,0.031,,31.0
2024-01-06 00:00:00,0.3,3.3,0.028,,30.0
2024-01-06 01:00:00,0.2,3.5,0.028,,30.0
2024-01-06 02:00:00,0.3,5.7,0.025,,30.0
2024-01-06 03:00:00,0.2,3.5,0.024,,27.0
2024-01-06 04:00:00,0.3,5.9,0.025,,27.0
2024-01-06 05:00:00,0.2,4.3,0.026,,25.0
2024-01-06 06:00:00,0.8,3.3,0.028,,26.0
2024-01-06 07:00:00,1.4,7.8,0.025,,26.0
2024-01-06 08:00:00,1.8,7.8,0.024,,25.0
2024-01-06 09:00:00,5.3,9.6,0.023,,27.0
2024-01-06 10:00:00,3.4,5.6,0.029,,31.0
2024-01-06 11:00:00,3.0,4.3,0.03,,32.0
2024-01-06 12:00:00,3.7,5.6,0.032,,33.0
2024-01-06 13:00:00,2.8,5.9,0.031,,34.0
2024-01-06 14:00:00,2.4,6.5,0.031,,34.0
2024-01-06 15:00:00,2.4,9.0,0.029,,33.0
2024-01-06 16:00:00,1.2,7.3,0.032,,34.0
2024-01-06 17:00:00,0.8,5.9,0.034,,35.0
2024-01-06 18:00:00,0.7,6.6,0.035,,36.0
2024-01-06 19:00:00,1.6,11.0,0.027,,34.0
2024-01-06 20:00:00,0.7,16.4,0.021,,33.0
2024-01-06 21:00:00,0.7,4.5,0.035,,34.0
2024-01-06 22:00:00,0.3,6.9,0.028,,33.0
2024-01-06 23:00:00,0.2,1.8,0.037,,31.0
2024-01-07 00:00:00,0.5,4.2,0.034,,29.0
2024-01-07 01:00:00,0.5,5.2,0.033,,29.0
2024-01-07 02:00:00,0.5,4.3,0.035,,29.0
2024-01-07 03:00:00,0.5,3.7,0.032,,29.0
2024-01-07 04:00:00,,,0.032,,29.0
2024-01-07 05:00:00,0.6,6.0,0.031,,29.0
2024-01-07 06:00:00,1.0,7.1,0.029,,29.0
2024-01-07 07:00:00,1.4,7.9,0.028,,29.0
2024-01-07 08:00:00,0.8,5.5,0.03,,28.0
2024-01-07 09:00:00,0.8,1.8,0.035,,28.0
2024-01-07 10:00:00,0.7,1.7,0.036,,28.0
2024-01-07 11:00:00,0.6,1.7,0.037,,28.0
2024-01-07 12:00:00,0.8,1.7,0.037,,28.0
2024-01-07 13:00:00,1.1,2.3,0.038,,29.0
2024-01-07 14:00:00,1.0,2.3,0.038,,29.0
2024-01-07 15:00:00,0.6,1.7,0.038,,29.0
2024-01-07 16:00:00,0.5,2.9,0.036,,27.0
2024-01-07 17:00:00,0.3,2.8,0.036,,27.0
2024-01-07 18:00:00,0.3,2.4,0.036,,28.0
2024-01-07 19:00:00,0.2,1.5,0.036,,27.0
2024-01-07 20:00:00,0.2,2.7,0.034,,26.0
2024-01-07 21:00:00,0.1,3.7,0.032,,25.0
2024-01-07 22:00:00,0.2,4.9,0.03,,25.0
2024-01-07 23:00:00,0.2,5.0,0.03,,25.0
2024-01-08 00:00:00,0.2,7.2,0.027,,24.0
2024-01-08 01:00:00,0.3,5.4,0.029,,23.0
2024-01-08 02:00:00,0.4,6.3,0.028,,23.0
2024-01-08 03:00:00,0.4,6.9,0.028,,23.0
2024-01-08 04:00:00,0.4,7.0,0.027,,23.0
2024-01-08 05:00:00,0.3,8.2,0.025,,22.0
2024-01-08 06:00:00,0.9,11.1,0.022,,21.0
2024-01-08 07:00:00,2.1,19.6,0.015,,21.0
2024-01-08 08:00:00,3.0,10.6,0.025,,23.0
2024-01-08 09:00:00,8.9,13.7,0.022,,24.0
2024-01-08 10:00:00,9.7,13.5,0.025,,26.0
2024-01-08 11:00:00,7.1,10.9,0.026,,27.0
2024-01-08 12:00:00,4.4,8.6,0.03,,27.0
2024-01-08 13:00:00,3.8,7.2,0.032,,28.0
2024-01-08 14:00:00,4.4,7.6,0.031,,27.0
2024-01-08 15:00:00,1.6,4.2,0.035,,29.0
2024-01-08 16:00:00,1.7,5.3,0.032,,27.0
2024-01-08 17:00:00,4.7,9.7,0.028,,24.0
2024-01-08 18:00:00,1.7,8.5,0.027,,24.0
2024-01-08 19:00:00,0.6,6.9,0.029,,24.0
2024-01-08 20:00:00,0.7,14.5,0.02,,22.0
2024-01-08 21:00:00,1.4,18.1,0.017,,22.0
2024-01-08 22:00:00,0.6,14.3,0.02,,22.0
2024-01-08 23:00:00,2.1,24.0,0.008,,19.0
2024-01-09 00:00:00,6.5,27.9,0.007,,17.0
2024-01-09 01:00:00,1.7,18.9,0.014,,15.0
2024-01-09 02:00:00,1.4,13.9,0.019,,16.0
2024-01-09 03:00:00,2.3,18.9,0.014,,15.0
2024-01-09 04:00:00,2.3,11.2,0.023,,17.0
2024-01-09 05:00:00,2.3,10.8,0.024,,19.0
2024-01-09 06:00:00,3.1,13.4,0.023,,20.0
2024-01-09 07:00:00,4.3,14.2,0.024,,21.0
2024-01-09 08:00:00,4.2,10.4,0.028,,23.0
2024-01-09 09:00:00,4.3,7.9,0.03,,24.0
2024-01-09 10:00:00,8.3,10.2,0.028,,25.0
2024-01-09 11:00:00,8.0,12.1,0.027,,26.0
2024-01-09 12:00:00,3.0,7.8,0.03,,28.0
2024-01-09 13:00:00,4.9,10.9,0.029,,29.0
2024-01-09 14:00:00,8.7,11.9,0.028,,30.0
2024-01-09 15:00:00,9.9,19.7,0.022,,31.0
2024-01-09 16:00:00,7.8,22.5,0.018,,32.0
2024-01-09 17:00:00,10.6,33.1,0.008,,30.0
2024-01-09 18:00:00,4.3,24.7,0.012,,29.0
2024-01-09 19:00:00,2.8,15.2,0.026,,30.0
2024-01-09 20:00:00,0.0,2.0,0.041,,29.0
2024-01-09 21:00:00,0.2,2.7,0.04,,29.0
2024-01-09 22:00:00,0.4,3.9,0.039,,28.0
2024-01-09 23:00:00,0.2,5.8,0.037,,28.0
2024-01-10 00:00:00,0.3,4.3,0.04,,29.0
2024-01-10 01:00:00,0.2,1.2,0.042,,27.0
2024-01-10 02:00:00,0.2,1.0,0.042,,27.0
2024-01-10 03:00:00,0.2,1.2,0.041,,27.0
2024-01-10 04:00:00,0.3,3.7,0.037,,26.0
2024-01-10 05:00:00,2.1,19.2,0.023,,25.0
2024-01-10 06:00:00,9.5,34.2,0.011,,23.0
2024-01-10 07:00:00,22.7,42.3,0.006,,23.0
2024-01-10 08:00:00,45.6,43.7,0.007,,23.0
2024-01-10 09:00:00,11.3,17.7,0.027,,27.0
2024-01-10 10:00:00,21.3,25.0,0.021,,27.0
2024-01-10 11:00:00,9.1,14.5,0.03,,29.0
2024-01-10 12:00:00,8.0,14.4,0.029,,30.0
2024-01-10 13:00:00,7.0,13.0,0.033,,30.0
2024-01-10 14:00:00,6.7,10.9,0.033,,31.0
2024-01-10 15:00:00,8.2,15.9,0.028,,32.0
2024-01-10 16:00:00,3.0,11.9,0.031,,31.0
2024-01-10 17:00:00,1.7,12.6,0.029,,30.0
2024-01-10 18:00:00,0.2,2.5,0.04,,27.0
2024-01-10 19:00:00,0.2,2.0,0.042,,27.0
2024-01-10 20:00:00,1.0,5.1,0.04,,26.0
2024-01-10 21:00:00,0.5,4.8,0.041,,26.0
2024-01-10 22:00:00,0.2,3.2,0.042,,25.0
2024-01-10 23:00:00,0.2,3.3,0.04,,24.0
2024-01-11 00:00:00,0.2,2.9,0.041,,24.0
2024-01-11 01:00:00,0.3,3.6,0.038,,23.0
2024-01-11 02:00:00,0.3,4.3,0.037,,24.0
2024-01-11 03:00:00,0.3,3.1,0.037,,23.0
2024-01-11 04:00:00,0.3,3.5,0.037,,22.0
2024-01-11 05:00:00,0.4,5.3,0.035,,21.0
2024-01-11 06:00:00,1.5,6.9,0.035,,22.0
2024-01-11 07:00:00,3.0,11.6,0.028,,20.0
2024-01-11 08:00:00,18.8,35.8,0.012,,21.0
2024-01-11 09:00:00,11.8,16.9,0.025,,22.0
2024-01-11 10:00:00,3.9,7.4,0.035,,25.0
2024-01-11 11:00:00,1.8,2.9,0.039,,28.0
2024-01-11 12:00:00,1.9,2.5,0.039,,32.0
2024-01-11 13:00:00,3.1,4.3,0.04,,31.0
2024-01-11 14:00:00,0.9,1.7,0.041,,30.0
2024-01-11 15:00:00,0.5,1.8,0.04,,25.0
2024-01-11 16:00:00,1.1,5.3,0.036,,25.0
2024-01-11 17:00:00,1.0,11.8,0.03,,24.0
2024-01-11 18:00:00,0.6,13.4,0.028,,24.0
2024-01-11 19:00:00,0.6,6.0,0.034,,24.0
2024-01-11 20:00:00,0.3,1.5,0.038,,24.0
2024-01-11 21:00:00,0.3,1.4,0.039,,24.0
2024-01-11 22:00:00,0.2,1.5,0.039,,23.0
2024-01-11 23:00:00,0.2,1.5,0.039,,23.0
2024-01-12 00:00:00,0.3,2.2,0.039,,23.0
2024-01-12 01:00:00,0.3,2.4,0.038,,22.0
2024-01-12 02:00:00,0.4,3.5,0.036,,21.0
2024-01-12 03:00:00,0.2,2.4,0.038,,23.0
2024-01-12 04:00:00,,,0.04,,25.0
2024-01-12 05:00:00,0.6,1.7,0.04,,25.0
2024-01-12 06:00:00,0.9,1.7,0.04,,25.0
2024-01-12 07:00:00,0.5,1.5,0.04,,26.0
2024-01-12 08:00:00,1.3,2.4,0.04,,26.0
2024-01-12 09:00:00,1.8,2.3,0.039,,27.0
2024-01-12 10:00:00,1.7,2.1,0.04,,28.0
2024-01-12 11:00:00,2.0,2.1,0.04,,29.0
2024-01-12 12:00:00,1.0,1.8,0.041,,31.0
2024-01-12 13:00:00,1.1,1.5,0.041,,32.0
2024-01-12 14:00:00,1.0,1.7,0.041,,33.0
2024-01-12 15:00:00,0.5,1.8,0.041,,34.0
2024-01-12 16:00:00,0.7,1.7,0.041,,35.0
2024-01-12 17:00:00,0.5,2.1,0.041,,35.0
2024-01-12 18:00:00,0.6,1.6,0.042,,36.0
2024-01-12 19:00:00,0.4,0.7,0.043,,37.0
2024-01-12 20:00:00,0.2,0.5,0.042,,36.0
2024-01-12 21:00:00,0.2,0.4,0.043,,37.0
2024-01-12 22:00:00,0.2,0.4,0.042,,36.0
2024-01-12 23:00:00,0.1,1.9,0.039,,32.0
2024-01-13 00:00:00,0.2,2.6,0.037,,30.0
2024-01-13 01:00:00,0.1,1.7,0.038,,29.0
2024-01-13 02:00:00,0.3,1.1,0.039,,28.0
2024-01-13 03:00:00,0.3,0.9,0.04,,28.0
2024-01-13 04:00:00,0.3,0.9,0.04,,28.0
2024-01-13 05:00:00,0.2,1.3,0.039,,27.0
2024-01-13 06:00:00,0.3,3.1,0.036,,26.0
2024-01-13 07:00:00,0.6,3.9,0.036,,26.0
2024-01-13 08:00:00,1.5,7.0,0.034,,27.0
2024-01-13 09:00:00,1.2,3.0,0.038,,32.0
2024-01-13 10:00:00,2.0,3.8,0.037,,32.0
2024-01-13 11:00:00,1.9,3.8,0.037,,30.0
2024-01-13 12:00:00,3.3,6.1,0.036,,31.0
2024-01-13 13:00:00,3.1,6.5,0.035,,34.0
2024-01-13 14:00:00,2.0,6.7,0.034,,32.0
2024-01-13 15:00:00,1.8,8.8,0.032,,32.0
2024-01-13 16:00:00,1.2,10.5,0.029,,31.0
2024-01-13 17:00:00,1.0,19.8,0.021,,31.0
2024-01-13 18:00:00,0.6,22.3,0.017,,30.0
2024-01-13 19:00:00,0.5,17.2,0.02,,29.0
2024-01-13 20:00:00,0.4,17.4,0.019,,30.0
2024-01-13 21:00:00,1.0,25.5,0.012,,31.0
2024-01-13 22:00:00,1.0,20.4,0.021,,32.0
2024-01-13 23:00:00,0.3,13.2,0.025,,33.0
2024-01-14 00:00:00,0.2,2.8,0.035,,35.0
2024-01-14 01:00:00,0.2,1.2,0.035,,39.0
2024-01-14 02:00:00,0.2,1.1,0.035,,38.0
2024-01-14 03:00:00,0.2,1.0,0.036,,38.0
2024-01-14 04:00:00,,,0.035,,37.0
2024-01-14 05:00:00,0.2,1.2,0.034,,34.0
2024-01-14 06:00:00,0.1,1.7,0.032,,33.0
2024-01-14 07:00:00,0.3,2.5,0.032,,35.0
2024-01-14 08:00:00,1.3,4.0,0.03,,36.0
2024-01-14 09:00:00,1.7,4.1,0.029,,36.0
2024-01-14 10:00:00,2.4,4.3,0.03,,37.0
2024-01-14 11:00:00,1.2,2.4,0.033,,38.0
2024-01-14 12:00:00,0.8,2.3,0.034,,38.0
2024-01-14 13:00:00,1.4,4.0,0.032,,37.0
2024-01-14 14:00:00,1.4,4.9,0.03,,35.0
2024-01-14 15:00:00,0.7,4.7,0.031,,34.0
2024-01-14 16:00:00,0.6,6.7,0.028,,34.0
2024-01-14 17:00:00,0.9,8.7,0.024,,33.0
2024-01-14 18:00:00,0.5,6.4,0.023,,33.0
2024-01-14 19:00:00,0.3,5.9,0.025,,33.0
2024-01-14 20:00:00,0.2,3.2,0.03,,33.0
2024-01-14 21:00:00,0.3,5.0,0.03,,33.0
2024-01-14 22:00:00,0.2,6.9,0.025,,33.0
2024-01-14 23:00:00,0.5,18.3,0.015,,33.0
2024-01-15 00:00:00,0.5,17.0,0.016,,33.0
2024-01-15 01:00:00,0.4,16.3,0.016,,33.0
2024-01-15 02:00:00,0.3,8.8,0.022,,33.0
2024-01-15 03:00:00,0.3,11.4,0.019,,33.0
2024-01-15 04:00:00,0.3,5.1,0.025,,33.0
2024-01-15 05:00:00,0.3,3.6,0.029,,34.0
2024-01-15 06:00:00,0.3,5.4,0.03,,34.0
2024-01-15 07:00:00,0.5,6.0,0.032,,34.0
2024-01-15 08:00:00,1.5,6.1,0.034,,34.0
2024-01-15 09:00:00,0.8,3.4,0.038,,34.0
2024-01-15 10:00:00,1.1,3.1,0.039,,34.0
2024-01-15 11:00:00,1.9,4.1,0.038,,29.0
2024-01-15 12:00:00,2.3,4.7,0.038,,29.0
2024-01-15 13:00:00,3.4,5.5,0.039,,29.0
2024-01-15 14:00:00,4.1,5.9,0.04,,30.0
2024-01-15 15:00:00,3.3,5.3,0.04,,31.0
2024-01-15 16:00:00,1.8,5.0,0.04,,30.0
2024-01-15 17:00:00,0.7,5.6,0.038,,28.0
2024-01-15 18:00:00,0.6,8.8,0.035,,26.0
2024-01-15 19:00:00,0.4,5.9,0.037,,25.0
2024-01-15 20:00:00,0.6,7.7,0.033,,24.0
2024-01-15 21:00:00,0.9,12.3,0.026,,23.0
2024-01-15 22:00:00,0.9,21.6,0.016,,21.0
2024-01-15 23:00:00,0.8,18.8,0.015,,20.0
2024-01-16 00:00:00,2.8,30.0,0.005,,18.0
2024-01-16 01:00:00,2.2,23.2,0.012,,18.0
2024-01-16 02:00:00,1.2,12.4,0.024,,16.0
2024-01-16 03:00:00,1.0,11.1,0.026,,15.0
2024-01-16 04:00:00,1.0,10.3,0.026,,15.0
2024-01-16 05:00:00,2.7,16.5,0.022,,15.0
2024-01-16 06:00:00,2.6,15.5,0.023,,14.0
2024-01-16 07:00:00,6.2,21.5,0.017,,14.0
2024-01-16 08:00:00,9.6,21.2,0.02,,15.0
2024-01-16 09:00:00,6.8,11.2,0.029,,20.0
2024-01-16 10:00:00,8.4,10.2,,,23.0
2024-01-16 11:00:00,7.2,7.7,0.035,,26.0
2024-01-16 12:00:00,7.5,8.4,0.033,,30.0
2024-01-16 13:00:00,8.4,10.8,0.033,,34.0
2024-01-16 14:00:00,5.3,9.3,0.037,,35.0
2024-01-16 15:00:00,5.8,12.2,0.034,,36.0
2024-01-16 16:00:00,4.7,15.7,0.029,,32.0
2024-01-16 17:00:00,1.4,17.7,0.027,,27.0
2024-01-16 18:00:00,2.8,28.5,0.016,,26.0
2024-01-16 19:00:00,3.5,31.5,0.014,,27.0
2024-01-16 20:00:00,2.2,29.2,0.013,,26.0
2024-01-16 21:00:00,1.6,12.7,0.03,,28.0
2024-01-16 22:00:00,4.2,19.8,0.026,,27.0
2024-01-16 23:00:00,1.1,7.0,0.036,,28.0
2024-01-17 00:00:00,0.9,6.4,0.037,,28.0
2024-01-17 01:00:00,0.9,4.3,0.038,,28.0
2024-01-17 02:00:00,3.3,13.2,0.027,,29.0
2024-01-17 03:00:00,2.5,18.4,0.021,,29.0
2024-01-17 04:00:00,1.0,10.8,0.028,,27.0
2024-01-17 05:00:00,1.6,10.7,0.033,,28.0
2024-01-17 06:00:00,2.5,14.2,0.03,,29.0
2024-01-17 07:00:00,2.5,12.0,0.031,,29.0
2024-01-17 08:00:00,8.6,21.2,0.023,,31.0
2024-01-17 09:00:00,9.8,23.4,0.021,,32.0
2024-01-17 10:00:00,13.2,19.8,0.024,0.24,35.0
2024-01-17 11:00:00,8.4,14.6,0.03,0.21,37.0
2024-01-17 12:00:00,5.0,5.7,0.035,0.24,40.0
2024-01-17 13:00:00,1.5,4.1,0.036,0.18,41.0
2024-01-17 14:00:00,1.2,2.4,0.036,0.19,40.0
2024-01-17 15:00:00,9.0,11.9,0.028,0.13,41.0
2024-01-17 16:00:00,9.0,22.5,0.016,0.09,39.0
2024-01-17 17:00:00,2.7,19.3,0.02,0.01,36.0
2024-01-17 18:00:00,3.0,24.8,0.015,0.0,35.0
2024-01-17 19:00:00,24.9,39.9,0.001,0.0,36.0
2024-01-17 20:00:00,26.4,38.4,0.001,0.0,35.0
2024-01-17 21:00:00,29.4,36.4,0.001,0.0,35.0
2024-01-17 22:00:00,10.6,29.8,0.002,0.0,34.0
2024-01-17 23:00:00,12.7,33.8,0.002,0.0,35.0
2024-01-18 00:00:00,6.6,35.2,0.002,0.0,36.0
2024-01-18 01:00:00,4.3,30.3,0.003,0.0,35.0
2024-01-18 02:00:00,5.4,34.0,0.002,0.0,35.0
2024-01-18 03:00:00,3.8,32.4,0.002,0.0,35.0
2024-01-18 04:00:00,9.1,30.5,0.001,0.0,34.0
2024-01-18 05:00:00,23.4,34.8,0.0,0.0,34.0
2024-01-18 06:00:00,36.2,36.5,0.0,0.0,35.0
2024-01-18 07:00:00,41.3,33.7,0.001,0.0,34.0
2024-01-18 08:00:00,48.5,35.5,0.003,0.08,35.0
2024-01-18 09:00:00,35.0,25.5,0.01,0.33,39.0
2024-01-18 10:00:00,49.4,34.5,0.013,0.52,44.0
2024-01-18 11:00:00,21.4,19.5,0.02,0.63,45.0
2024-01-18 12:00:00,12.1,14.5,0.028,0.64,46.0
2024-01-18 13:00:00,5.8,11.7,0.03,0.5,47.0
2024-01-18 14:00:00,3.7,9.4,0.033,0.31,47.0
2024-01-18 15:00:00,6.9,16.0,0.031,0.23,46.0
2024-01-18 16:00:00,4.1,15.3,0.027,0.12,44.0
2024-01-18 17:00:00,4.0,18.3,0.024,0.01,42.0
2024-01-18 18:00:00,3.8,20.6,0.018,0.0,39.0
2024-01-18 19:00:00,16.5,39.0,0.004,0.0,38.0
2024-01-18 20:00:00,2.0,28.9,0.013,0.0,36.0
2024-01-18 21:00:00,1.5,19.5,0.021,0.0,36.0
2024-01-18 22:00:00,1.1,14.7,0.025,0.0,35.0
2024-01-18 23:00:00,0.9,9.6,0.029,0.0,34.0
2024-01-19 00:00:00,1.0,9.8,0.03,0.0,35.0
2024-01-19 01:00:00,0.7,7.1,0.03,0.0,34.0
2024-01-19 02:00:00,0.8,7.3,0.031,0.0,34.0
2024-01-19 03:00:00,1.2,7.6,0.031,0.0,34.0
2024-01-19 04:00:00,,,0.028,0.0,33.0
2024-01-19 05:00:00,1.2,6.2,0.03,0.0,34.0
2024-01-19 06:00:00,,,0.021,0.0,33.0
2024-01-19 07:00:00,11.2,24.7,0.015,0.0,32.0
2024-01-19 08:00:00,7.5,15.2,0.023,0.12,33.0
2024-01-19 09:00:00,13.6,16.3,0.022,0.26,35.0
2024-01-19 10:00:00,20.4,19.7,0.02,0.4,38.0
2024-01-19 11:00:00,13.0,14.8,0.023,0.35,38.0
2024-01-19 12:00:00,6.7,9.6,0.026,0.54,41.0
2024-01-19 13:00:00,10.0,10.5,0.025,0.46,40.0
2024-01-19 14:00:00,5.8,10.4,0.029,0.31,43.0
2024-01-19 15:00:00,3.3,10.3,0.024,0.19,39.0
2024-01-19 16:00:00,9.2,22.9,0.012,0.09,38.0
2024-01-19 17:00:00,7.1,27.5,0.009,0.02,37.0
2024-01-19 18:00:00,4.4,29.1,0.005,0.0,36.0
2024-01-19 19:00:00,9.5,33.2,0.002,0.0,35.0
2024-01-19 20:00:00,9.5,29.5,0.003,0.0,34.0
2024-01-19 21:00:00,1.8,25.1,0.008,0.0,34.0
2024-01-19 22:00:00,2.7,29.5,0.007,0.0,35.0
2024-01-19 23:00:00,8.6,34.9,0.002,0.0,35.0
2024-01-20 00:00:00,1.3,17.3,0.02,0.0,41.0
2024-01-20 01:00:00,0.9,7.5,0.033,0.0,45.0
2024-01-20 02:00:00,0.5,9.1,0.019,0.0,34.0
2024-01-20 03:00:00,0.9,9.3,0.03,0.0,43.0
2024-01-20 04:00:00,6.9,21.1,0.007,0.0,35.0
2024-01-20 05:00:00,5.4,18.5,0.023,0.0,40.0
2024-01-20 06:00:00,0.9,5.5,0.035,0.0,44.0
2024-01-20 07:00:00,0.8,4.6,0.036,0.0,44.0
2024-01-20 08:00:00,0.9,4.6,0.036,0.07,44.0
2024-01-20 09:00:00,1.2,5.0,0.036,0.14,45.0
2024-01-20 10:00:00,1.7,4.6,0.036,0.32,46.0
2024-01-20 11:00:00,2.0,5.0,0.035,0.33,46.0
2024-01-20 12:00:00,2.3,5.6,0.036,0.37,48.0
2024-01-20 13:00:00,1.6,4.8,0.036,0.24,48.0
2024-01-20 14:00:00,1.3,5.6,0.032,0.19,46.0
2024-01-20 15:00:00,1.2,8.0,0.027,0.08,45.0
2024-01-20 16:00:00,2.8,20.6,0.017,0.03,44.0
2024-01-20 17:00:00,0.9,13.5,0.028,0.0,45.0
2024-01-20 18:00:00,1.1,9.9,0.03,0.0,45.0
2024-01-20 19:00:00,1.4,8.1,0.032,0.0,44.0
2024-01-20 20:00:00,0.9,7.5,0.032,0.0,44.0
2024-01-20 21:00:00,1.1,6.7,0.031,0.0,44.0
2024-01-20 22:00:00,0.5,5.3,0.032,0.0,44.0
2024-01-20 23:00:00,0.7,5.4,0.031,0.0,43.0
2024-01-21 00:00:00,0.8,4.5,0.032,0.0,44.0
2024-01-21 01:00:00,0.8,3.6,0.032,0.0,43.0
2024-01-21 02:00:00,1.0,3.9,0.031,0.0,43.0
2024-01-21 03:00:00,1.0,5.0,0.03,0.0,43.0
2024-01-21 04:00:00,,,0.029,0.0,43.0
2024-01-21 05:00:00,0.7,5.0,0.029,0.0,43.0
2024-01-21 06:00:00,0.8,4.1,0.031,0.0,43.0
2024-01-21 07:00:00,0.8,4.6,0.03,0.0,42.0
2024-01-21 08:00:00,0.9,5.4,0.03,0.02,42.0
2024-01-21 09:00:00,1.0,5.1,0.03,0.05,42.0
2024-01-21 10:00:00,1.4,5.9,0.029,0.12,42.0
2024-01-21 11:00:00,1.5,4.7,0.03,0.19,44.0
2024-01-21 12:00:00,1.8,7.4,0.025,0.12,43.0
2024-01-21 13:00:00,1.6,6.8,0.025,0.11,43.0
2024-01-21 14:00:00,3.6,10.1,0.018,0.15,41.0
2024-01-21 15:00:00,2.2,9.1,0.018,0.11,42.0
2024-01-21 16:00:00,1.7,11.6,0.022,0.05,42.0
2024-01-21 17:00:00,1.8,15.7,0.019,0.01,41.0
2024-01-21 18:00:00,2.1,16.6,0.019,0.0,41.0
2024-01-21 19:00:00,1.3,12.4,0.022,0.0,40.0
2024-01-21 20:00:00,1.5,10.7,0.024,0.0,40.0
2024-01-21 21:00:00,2.0,9.3,0.022,0.0,40.0
2024-01-21 22:00:00,1.5,7.4,0.024,0.0,39.0
2024-01-21 23:00:00,0.7,5.1,0.027,0.0,39.0
2024-01-22 00:00:00,1.5,9.6,0.021,0.0,40.0
2024-01-22 01:00:00,0.9,6.7,0.022,0.0,40.0
2024-01-22 02:00:00,0.9,6.8,0.021,0.0,40.0
2024-01-22 03:00:00,0.8,8.9,0.015,0.0,39.0
2024-01-22 04:00:00,0.6,7.7,0.007,0.0,35.0
2024-01-22 05:00:00,1.7,7.9,0.008,0.0,33.0
2024-01-22 06:00:00,10.6,17.7,0.006,0.0,36.0
2024-01-22 07:00:00,0.9,5.5,0.014,0.0,33.0
2024-01-22 08:00:00,9.8,16.1,0.007,0.02,34.0
2024-01-22 09:00:00,39.4,23.7,0.002,0.08,36.0
2024-01-22 10:00:00,32.8,21.7,0.005,0.17,40.0
2024-01-22 11:00:00,24.2,15.9,0.013,0.42,44.0
2024-01-22 12:00:00,15.7,13.5,0.014,0.43,45.0
2024-01-22 13:00:00,4.5,8.0,0.019,0.28,45.0
2024-01-22 14:00:00,2.5,6.9,0.021,0.24,45.0
2024-01-22 15:00:00,2.5,9.8,0.019,0.13,45.0
2024-01-22 16:00:00,3.8,18.1,0.011,0.04,45.0
2024-01-22 17:00:00,3.6,17.5,0.006,0.01,44.0
2024-01-22 18:00:00,6.1,16.6,0.005,0.0,42.0
2024-01-22 19:00:00,2.0,14.2,0.017,0.0,45.0
2024-01-22 20:00:00,0.7,6.2,0.028,0.0,46.0
2024-01-22 21:00:00,0.7,4.9,0.029,0.0,46.0
2024-01-22 22:00:00,0.8,5.0,0.03,0.0,46.0
2024-01-22 23:00:00,0.6,4.7,0.03,0.0,46.0
2024-01-23 00:00:00,0.8,4.2,0.03,0.0,46.0
2024-01-23 01:00:00,0.6,3.6,0.031,0.0,46.0
2024-01-23 02:00:00,0.7,6.6,0.023,0.0,43.0
2024-01-23 03:00:00,0.7,8.8,0.017,0.0,41.0
2024-01-23 04:00:00,1.6,13.1,0.009,0.0,38.0
2024-01-23 05:00:00,2.6,18.4,0.008,0.0,41.0
2024-01-23 06:00:00,2.6,13.5,0.008,0.0,39.0
2024-01-23 07:00:00,2.1,8.9,0.009,0.0,36.0
2024-01-23 08:00:00,12.8,16.2,0.005,0.06,37.0
2024-01-23 09:00:00,40.0,24.1,0.005,0.15,40.0
2024-01-23 10:00:00,7.2,13.6,0.017,0.27,44.0
2024-01-23 11:00:00,6.3,11.5,0.019,0.33,45.0
2024-01-23 12:00:00,2.8,5.5,0.025,0.48,47.0
2024-01-23 13:00:00,1.9,4.5,0.027,0.28,47.0
2024-01-23 14:00:00,3.3,8.1,0.024,0.19,46.0
2024-01-23 15:00:00,3.3,8.8,0.024,0.12,45.0
2024-01-23 16:00:00,1.2,5.8,0.022,0.04,44.0
2024-01-23 17:00:00,0.8,7.4,0.02,0.01,42.0
2024-01-23 18:00:00,0.4,7.5,0.022,0.0,42.0
2024-01-23 19:00:00,0.5,8.0,0.024,0.0,41.0
2024-01-23 20:00:00,0.4,8.7,0.022,0.0,41.0
2024-01-23 21:00:00,0.7,11.7,0.018,0.0,40.0
2024-01-23 22:00:00,0.5,13.5,0.015,0.0,39.0
2024-01-23 23:00:00,0.5,15.0,0.014,0.0,38.0
2024-01-24 00:00:00,1.5,22.1,0.01,0.0,39.0
2024-01-24 01:00:00,1.5,18.7,0.008,0.0,39.0
2024-01-24 02:00:00,1.0,17.4,0.012,0.0,39.0
2024-01-24 03:00:00,0.6,13.6,0.016,0.0,39.0
2024-01-24 04:00:00,1.0,14.4,0.006,0.0,38.0
2024-01-24 05:00:00,0.8,13.0,0.009,0.0,37.0
2024-01-24 06:00:00,2.0,13.3,0.013,0.0,37.0
2024-01-24 07:00:00,0.8,9.9,0.02,0.0,36.0
2024-01-24 08:00:00,6.1,19.7,0.011,0.02,36.0
2024-01-24 09:00:00,5.2,17.3,0.014,0.06,37.0
2024-01-24 10:00:00,11.4,21.7,0.008,0.09,38.0
2024-01-24 11:00:00,7.5,18.1,0.013,0.14,40.0
2024-01-24 12:00:00,7.0,16.4,0.014,0.21,40.0
2024-01-24 13:00:00,3.5,8.8,0.023,0.44,42.0
2024-01-24 14:00:00,1.8,6.5,0.028,0.36,46.0
2024-01-24 15:00:00,4.2,7.8,0.027,0.17,45.0
2024-01-24 16:00:00,2.3,9.1,0.025,0.11,45.0
2024-01-24 17:00:00,5.1,17.1,0.018,0.02,44.0
2024-01-24 18:00:00,1.2,13.1,0.017,0.0,40.0
2024-01-24 19:00:00,1.6,13.4,0.017,0.0,39.0
2024-01-24 20:00:00,1.4,11.8,0.021,0.0,40.0
2024-01-24 21:00:00,0.7,9.3,0.023,0.0,39.0
2024-01-24 22:00:00,1.1,8.4,0.023,0.0,39.0
2024-01-24 23:00:00,0.6,5.1,0.027,0.0,38.0
2024-01-25 00:00:00,0.6,4.1,0.028,0.0,38.0
2024-01-25 01:00:00,0.8,3.6,0.028,0.0,38.0
2024-01-25 02:00:00,0.8,4.5,0.026,0.0,38.0
2024-01-25 03:00:00,0.9,4.3,0.027,0.0,38.0
2024-01-25 04:00:00,1.3,6.7,0.025,0.0,38.0
2024-01-25 05:00:00,1.5,10.5,0.022,0.0,37.0
2024-01-25 06:00:00,4.0,15.2,0.02,0.0,37.0
2024-01-25 07:00:00,3.9,13.8,0.02,0.0,36.0
2024-01-25 08:00:00,8.0,19.5,0.015,0.03,36.0
2024-01-25 09:00:00,5.1,15.8,0.018,0.06,37.0
2024-01-25 10:00:00,3.6,12.3,0.021,0.08,37.0
2024-01-25 11:00:00,5.9,13.1,0.021,0.11,37.0
2024-01-25 12:00:00,3.6,12.4,0.022,0.12,38.0
2024-01-25 13:00:00,2.2,11.2,0.023,0.12,38.0
2024-01-25 14:00:00,1.8,10.8,0.024,0.1,38.0
2024-01-25 15:00:00,1.9,11.6,0.021,0.07,38.0
2024-01-25 16:00:00,1.5,12.2,0.023,0.05,38.0
2024-01-25 17:00:00,1.8,7.8,0.025,0.01,37.0
2024-01-25 18:00:00,1.0,9.4,0.021,0.0,37.0
2024-01-25 19:00:00,0.3,6.0,0.022,0.0,37.0
2024-01-25 20:00:00,0.3,4.2,0.025,0.0,36.0
2024-01-25 21:00:00,0.2,3.7,0.026,0.0,36.0
2024-01-25 22:00:00,0.3,3.7,0.027,0.0,36.0
2024-01-25 23:00:00,0.2,3.5,0.026,0.0,36.0
2024-01-26 00:00:00,0.2,3.2,0.026,0.0,36.0
2024-01-26 01:00:00,0.3,2.8,0.027,0.0,35.0
2024-01-26 02:00:00,0.2,2.5,0.029,0.0,35.0
2024-01-26 03:00:00,0.2,2.2,0.031,0.0,35.0
2024-01-26 04:00:00,,,0.03,0.0,35.0
2024-01-26 05:00:00,0.3,2.7,0.03,0.0,35.0
2024-01-26 06:00:00,0.4,4.0,0.026,0.0,35.0
2024-01-26 07:00:00,1.4,5.5,0.023,0.0,35.0
2024-01-26 08:00:00,8.8,12.1,0.021,0.04,35.0
2024-01-26 09:00:00,3.9,8.2,0.026,0.13,36.0
2024-01-26 10:00:00,1.2,5.5,0.03,0.19,37.0
2024-01-26 11:00:00,2.7,6.9,0.03,0.29,39.0
2024-01-26 12:00:00,2.2,5.1,0.032,0.47,42.0
2024-01-26 13:00:00,1.5,3.1,0.036,0.74,46.0
2024-01-26 14:00:00,1.2,3.3,0.037,0.65,45.0
2024-01-26 15:00:00,1.5,4.5,0.037,0.2,45.0
2024-01-26 16:00:00,1.2,5.9,0.035,0.11,44.0
2024-01-26 17:00:00,3.1,8.6,0.031,0.02,42.0
2024-01-26 18:00:00,3.6,16.4,0.021,0.0,39.0
2024-01-26 19:00:00,1.5,16.0,0.022,0.0,38.0
2024-01-26 20:00:00,0.8,9.4,0.028,0.0,36.0
2024-01-26 21:00:00,0.8,7.1,0.03,0.0,35.0
2024-01-26 22:00:00,0.8,5.5,0.03,0.0,34.0
2024-01-26 23:00:00,0.9,5.6,0.03,0.0,33.0
2024-01-27 00:00:00,0.8,5.2,0.03,0.0,33.0
2024-01-27 01:00:00,0.7,6.3,0.029,0.0,32.0
2024-01-27 02:00:00,0.8,6.6,0.029,0.0,31.0
2024-01-27 03:00:00,0.8,5.9,0.031,0.0,32.0
2024-01-27 04:00:00,1.1,6.1,0.031,0.0,31.0
2024-01-27 05:00:00,1.2,6.2,0.029,0.0,30.0
2024-01-27 06:00:00,0.9,5.0,0.03,0.0,30.0
2024-01-27 07:00:00,1.3,7.2,0.027,0.01,30.0
2024-01-27 08:00:00,1.8,6.6,0.029,0.1,31.0
2024-01-27 09:00:00,3.9,6.3,0.029,0.35,34.0
2024-01-27 10:00:00,3.0,4.4,0.028,0.54,37.0
2024-01-27 11:00:00,4.0,5.4,0.028,0.7,41.0
2024-01-27 12:00:00,3.0,5.3,0.034,0.74,45.0
2024-01-27 13:00:00,2.0,4.2,0.036,0.71,47.0
2024-01-27 14:00:00,1.3,3.8,0.039,0.6,50.0
2024-01-27 15:00:00,1.2,4.9,0.037,0.22,47.0
2024-01-27 16:00:00,0.7,4.3,0.037,0.11,43.0
2024-01-27 17:00:00,0.5,6.1,0.034,0.02,40.0
2024-01-27 18:00:00,0.4,9.2,0.03,0.0,39.0
2024-01-27 19:00:00,1.2,20.0,0.018,0.0,39.0
2024-01-27 20:00:00,0.7,7.1,0.031,0.0,40.0
2024-01-27 21:00:00,0.8,13.5,0.021,0.0,38.0
2024-01-27 22:00:00,0.7,11.1,0.023,0.0,36.0
2024-01-27 23:00:00,1.3,9.4,0.026,0.0,37.0
2024-01-28 00:00:00,1.3,14.9,0.023,0.0,37.0
2024-01-28 01:00:00,0.5,10.4,0.021,0.0,35.0
2024-01-28 02:00:00,0.8,8.8,0.025,0.0,35.0
2024-01-28 03:00:00,1.3,7.6,0.029,0.0,35.0
2024-01-28 04:00:00,,,0.027,0.0,35.0
2024-01-28 05:00:00,1.3,7.6,0.026,0.0,34.0
2024-01-28 06:00:00,1.5,6.6,0.028,0.0,34.0
2024-01-28 07:00:00,2.0,7.0,0.026,0.01,34.0
2024-01-28 08:00:00,2.7,6.5,0.027,0.13,35.0
2024-01-28 09:00:00,3.8,6.2,0.021,0.39,39.0
2024-01-28 10:00:00,2.3,3.5,0.025,0.58,41.0
2024-01-28 11:00:00,1.6,2.9,0.029,0.7,45.0
2024-01-28 12:00:00,2.2,4.2,0.031,0.74,49.0
2024-01-28 13:00:00,2.1,4.6,0.034,0.65,51.0
2024-01-28 14:00:00,1.4,4.0,0.036,0.52,51.0
2024-01-28 15:00:00,0.5,2.0,0.042,0.15,49.0
2024-01-28 16:00:00,0.8,2.9,0.04,0.04,51.0
2024-01-28 17:00:00,0.6,4.5,0.036,0.01,48.0
2024-01-28 18:00:00,0.3,4.2,0.032,0.0,43.0
2024-01-28 19:00:00,0.8,9.6,0.025,0.0,41.0
2024-01-28 20:00:00,1.8,20.6,0.011,0.0,41.0
2024-01-28 21:00:00,0.9,16.0,0.013,0.0,39.0
2024-01-28 22:00:00,2.2,15.7,0.014,0.0,39.0
2024-01-28 23:00:00,1.6,14.5,0.009,0.0,37.0
2024-01-29 00:00:00,1.0,16.0,0.008,0.0,35.0
2024-01-29 01:00:00,2.0,18.3,0.004,0.0,35.0
2024-01-29 02:00:00,1.9,14.9,0.008,0.0,35.0
2024-01-29 03:00:00,1.3,15.9,0.007,0.0,33.0
2024-01-29 04:00:00,2.2,17.9,0.007,0.0,34.0
2024-01-29 05:00:00,2.5,19.2,0.003,0.0,31.0
2024-01-29 06:00:00,8.4,21.2,0.002,0.0,31.0
2024-01-29 07:00:00,21.7,21.2,0.001,0.0,32.0
2024-01-29 08:00:00,33.1,19.8,0.004,0.13,34.0
2024-01-29 09:00:00,22.5,14.8,0.011,0.38,40.0
2024-01-29 10:00:00,7.3,7.7,0.018,0.57,44.0
2024-01-29 11:00:00,5.7,7.2,0.022,0.7,47.0
2024-01-29 12:00:00,6.5,7.7,0.025,0.76,51.0
2024-01-29 13:00:00,3.2,5.7,0.026,0.73,52.0
2024-01-29 14:00:00,2.5,5.7,0.029,0.62,54.0
2024-01-29 15:00:00,2.0,5.9,0.031,0.14,53.0
2024-01-29 16:00:00,0.8,5.2,0.033,0.04,51.0
2024-01-29 17:00:00,3.3,10.1,0.027,0.01,48.0
2024-01-29 18:00:00,3.7,23.5,0.013,0.0,45.0
2024-01-29 19:00:00,7.4,29.2,0.004,0.0,43.0
2024-01-29 20:00:00,6.9,25.3,0.007,0.0,41.0
2024-01-29 21:00:00,15.8,29.7,0.001,0.0,40.0
2024-01-29 22:00:00,7.0,29.2,0.003,0.0,39.0
2024-01-29 23:00:00,1.7,23.8,0.008,0.0,39.0
2024-01-30 00:00:00,1.6,21.2,0.009,0.0,37.0
2024-01-30 01:00:00,1.1,18.0,0.008,0.0,35.0
2024-01-30 02:00:00,1.1,17.6,0.007,0.0,34.0
2024-01-30 03:00:00,2.3,17.1,0.014,0.0,35.0
2024-01-30 04:00:00,1.0,10.6,0.019,0.0,36.0
2024-01-30 05:00:00,1.9,13.0,0.018,0.0,35.0
2024-01-30 06:00:00,2.4,11.0,0.023,0.0,37.0
2024-01-30 07:00:00,3.1,10.7,0.022,0.0,37.0
2024-01-30 08:00:00,6.2,12.8,0.021,0.13,38.0
2024-01-30 09:00:00,12.3,14.8,0.02,0.38,41.0
2024-01-30 10:00:00,17.1,15.6,0.017,0.58,45.0
2024-01-30 11:00:00,8.6,11.5,0.02,0.71,48.0
2024-01-30 12:00:00,6.5,10.7,0.024,0.76,51.0
2024-01-30 13:00:00,5.6,11.1,0.028,0.74,53.0
2024-01-30 14:00:00,5.0,11.4,0.029,0.63,56.0
2024-01-30 15:00:00,2.9,9.5,0.031,0.15,55.0
2024-01-30 16:00:00,1.7,9.0,0.032,0.04,55.0
2024-01-30 17:00:00,1.6,11.2,0.028,0.02,49.0
2024-01-30 18:00:00,5.9,20.6,0.017,0.0,45.0
2024-01-30 19:00:00,3.1,25.4,0.012,0.0,43.0
2024-01-30 20:00:00,2.0,25.6,0.009,0.0,42.0
2024-01-30 21:00:00,2.8,26.1,0.003,0.0,41.0
2024-01-30 22:00:00,0.8,16.5,0.016,0.0,42.0
2024-01-30 23:00:00,9.2,30.0,0.003,0.0,40.0
2024-01-31 00:00:00,2.7,27.7,0.004,0.0,39.0
2024-01-31 01:00:00,16.2,26.2,0.007,0.0,38.0
2024-01-31 02:00:00,1.8,12.1,0.023,0.0,43.0
2024-01-31 03:00:00,0.6,5.0,0.028,0.0,44.0
2024-01-31 04:00:00,1.3,6.5,0.027,0.0,42.0
2024-01-31 05:00:00,3.3,10.2,0.023,0.0,41.0
2024-01-31 06:00:00,3.1,9.5,0.024,0.0,41.0
2024-01-31 07:00:00,4.0,8.3,0.027,0.01,42.0
2024-01-31 08:00:00,6.9,9.6,0.026,0.14,44.0
2024-01-31 09:00:00,15.6,12.5,0.023,0.39,45.0
2024-01-31 10:00:00,4.6,6.1,0.029,0.59,49.0
2024-01-31 11:00:00,4.2,6.1,0.031,0.73,53.0
2024-01-31 12:00:00,3.2,5.8,0.033,0.78,55.0
2024-01-31 13:00:00,2.2,4.2,0.036,0.76,58.0
2024-01-31 14:00:00,2.3,4.0,0.036,0.65,60.0
2024-01-31 15:00:00,2.1,4.3,0.035,0.16,60.0
2024-01-31 16:00:00,2.0,5.0,0.034,0.04,60.0
2024-01-31 17:00:00,1.6,8.3,0.031,0.01,57.0
2024-01-31 18:00:00,1.0,5.8,0.033,0.0,55.0
2024-01-31 19:00:00,0.8,4.4,0.034,0.0,55.0
2024-01-31 20:00:00,0.5,2.8,0.034,0.0,53.0
2024-01-31 21:00:00,0.5,4.2,0.032,0.0,52.0
2024-01-31 22:00:00,0.6,5.0,0.031,0.0,51.0
2024-01-31 23:00:00,0.6,3.8,0.031,0.0,49.0
2024-02-01 00:00:00,0.8,4.4,0.03,0.0,49.0
2024-02-01 01:00:00,0.9,4.1,0.03,0.0,48.0
2024-02-01 02:00:00,0.8,4.0,0.03,0.0,47.0
2024-02-01 03:00:00,0.7,3.4,0.03,0.0,48.0
2024-02-01 04:00:00,0.7,3.3,0.03,0.0,47.0
2024-02-01 05:00:00,0.9,3.9,0.029,0.0,47.0
2024-02-01 06:00:00,1.1,4.7,0.029,0.0,48.0
2024-02-01 07:00:00,1.2,5.5,0.028,0.01,48.0
2024-02-01 08:00:00,2.2,6.4,0.027,0.1,48.0
2024-02-01 09:00:00,2.3,5.2,0.029,0.21,50.0
2024-02-01 10:00:00,1.6,4.0,0.031,0.24,52.0
2024-02-01 11:00:00,2.5,5.1,0.032,0.36,54.0
2024-02-01 12:00:00,2.4,4.7,0.034,0.5,56.0
2024-02-01 13:00:00,2.0,4.9,0.033,0.33,57.0
2024-02-01 14:00:00,1.7,5.2,0.033,0.16,56.0
2024-02-01 15:00:00,2.2,5.7,0.031,0.09,54.0
2024-02-01 16:00:00,1.6,6.1,0.031,0.08,54.0
2024-02-01 17:00:00,1.9,6.8,0.03,0.02,53.0
2024-02-01 18:00:00,1.2,5.5,0.03,0.0,52.0
2024-02-01 19:00:00,0.7,3.5,0.031,0.0,51.0
2024-02-01 20:00:00,0.7,3.9,0.031,0.0,50.0
2024-02-01 21:00:00,0.6,3.0,0.031,0.0,50.0
2024-02-01 22:00:00,0.9,3.5,0.03,0.0,50.0
2024-02-01 23:00:00,0.9,3.8,0.03,0.0,50.0
2024-02-02 00:00:00,0.9,3.3,0.029,0.0,48.0
2024-02-02 01:00:00,0.9,3.5,0.028,0.0,47.0
2024-02-02 02:00:00,0.5,3.5,0.027,0.0,45.0
2024-02-02 03:00:00,0.9,4.1,0.025,0.0,44.0
2024-02-02 04:00:00,,,0.021,0.0,43.0
2024-02-02 05:00:00,0.3,2.5,0.023,0.0,41.0
2024-02-02 06:00:00,0.7,3.5,0.024,0.0,41.0
2024-02-02 07:00:00,0.9,6.3,0.021,0.0,41.0
2024-02-02 08:00:00,1.4,12.2,0.019,0.03,41.0
2024-02-02 09:00:00,1.3,7.0,0.028,0.08,40.0
2024-02-02 10:00:00,5.2,8.1,0.027,0.12,40.0
2024-02-02 11:00:00,2.5,4.3,0.031,0.13,40.0
2024-02-02 12:00:00,1.0,3.1,0.032,0.16,41.0
2024-02-02 13:00:00,1.7,4.4,0.031,0.17,41.0
2024-02-02 14:00:00,0.9,3.7,0.032,0.16,41.0
2024-02-02 15:00:00,1.4,5.3,0.031,0.13,41.0
2024-02-02 16:00:00,1.2,5.0,0.029,0.06,41.0
2024-02-02 17:00:00,0.7,1.3,0.033,0.01,39.0
2024-02-02 18:00:00,0.2,2.4,0.031,0.0,39.0
2024-02-02 19:00:00,0.2,2.8,0.032,0.0,38.0
2024-02-02 20:00:00,0.3,1.0,0.032,0.0,36.0
2024-02-02 21:00:00,0.3,1.8,0.032,0.0,37.0
2024-02-02 22:00:00,0.2,3.5,0.031,0.0,36.0
2024-02-02 23:00:00,0.1,2.5,0.032,0.0,35.0
2024-02-03 00:00:00,0.1,2.5,0.032,0.0,36.0
2024-02-03 01:00:00,0.3,4.0,0.03,0.0,36.0
2024-02-03 02:00:00,0.2,2.9,0.03,0.0,36.0
2024-02-03 03:00:00,0.2,2.1,0.031,0.0,36.0
2024-02-03 04:00:00,0.2,4.2,0.03,0.0,36.0
2024-02-03 05:00:00,0.3,3.0,0.031,0.0,36.0
2024-02-03 06:00:00,0.2,2.7,0.029,0.0,36.0
2024-02-03 07:00:00,0.6,1.9,0.031,0.0,37.0
2024-02-03 08:00:00,1.0,4.7,0.028,0.06,37.0
2024-02-03 09:00:00,0.7,1.4,0.034,0.16,38.0
2024-02-03 10:00:00,0.9,0.8,0.036,0.4,40.0
2024-02-03 11:00:00,0.3,0.5,0.036,0.61,42.0
2024-02-03 12:00:00,0.4,0.5,0.037,0.79,43.0
2024-02-03 13:00:00,0.6,2.3,0.038,0.39,37.0
2024-02-03 14:00:00,0.9,2.0,0.04,0.66,37.0
2024-02-03 15:00:00,0.3,2.2,0.038,0.09,35.0
2024-02-03 16:00:00,0.8,2.6,0.037,0.08,34.0
2024-02-03 17:00:00,0.3,2.9,0.037,0.02,35.0
2024-02-03 18:00:00,0.2,3.3,0.036,0.0,34.0
2024-02-03 19:00:00,0.2,1.6,0.039,0.0,33.0
2024-02-03 20:00:00,0.2,1.6,0.04,0.0,33.0
2024-02-03 21:00:00,0.2,2.5,0.039,0.0,32.0
2024-02-03 22:00:00,0.4,5.0,0.037,0.0,32.0
2024-02-03 23:00:00,0.2,5.2,0.034,0.0,31.0
2024-02-04 00:00:00,0.3,11.2,0.026,0.0,31.0
2024-02-04 01:00:00,0.4,10.6,0.027,0.0,32.0
2024-02-04 02:00:00,0.7,6.0,0.03,0.0,31.0
2024-02-04 03:00:00,0.4,4.9,0.035,0.0,31.0
2024-02-04 04:00:00,,,0.037,0.0,31.0
2024-02-04 05:00:00,1.0,7.0,0.032,0.0,31.0
2024-02-04 06:00:00,1.1,9.2,0.031,0.0,30.0
2024-02-04 07:00:00,1.9,8.8,0.032,0.01,29.0
2024-02-04 08:00:00,2.9,5.6,0.034,0.17,30.0
2024-02-04 09:00:00,2.3,3.8,0.036,0.43,32.0
2024-02-04 10:00:00,2.8,3.4,0.037,0.63,34.0
2024-02-04 11:00:00,2.0,2.6,0.04,0.77,36.0
2024-02-04 12:00:00,1.4,1.8,0.042,0.82,39.0
2024-02-04 13:00:00,0.6,1.1,0.044,0.79,41.0
2024-02-04 14:00:00,0.9,1.4,0.044,0.6,43.0
2024-02-04 15:00:00,0.9,1.7,0.044,0.25,44.0
2024-02-04 16:00:00,0.7,2.2,0.044,0.14,44.0
2024-02-04 17:00:00,0.6,3.6,0.042,0.03,43.0
2024-02-04 18:00:00,0.4,3.7,0.042,0.0,43.0
2024-02-04 19:00:00,0.5,3.8,0.04,0.0,43.0
2024-02-04 20:00:00,0.6,3.0,0.041,0.0,43.0
2024-02-04 21:00:00,0.6,2.8,0.041,0.0,42.0
2024-02-04 22:00:00,0.4,2.2,0.041,0.0,42.0
2024-02-04 23:00:00,0.5,2.3,0.039,0.0,42.0
2024-02-05 00:00:00,0.5,2.6,0.038,0.0,42.0
2024-02-05 01:00:00,0.6,2.5,0.037,0.0,43.0
2024-02-05 02:00:00,2.1,3.4,0.037,0.0,43.0
2024-02-05 03:00:00,0.5,2.5,0.038,0.0,43.0
2024-02-05 04:00:00,0.6,1.9,0.037,0.0,43.0
2024-02-05 05:00:00,0.5,1.8,0.037,0.0,43.0
2024-02-05 06:00:00,0.8,2.7,0.037,0.0,44.0
2024-02-05 07:00:00,0.9,2.7,0.037,0.0,43.0
2024-02-05 08:00:00,2.6,3.4,0.036,0.04,42.0
2024-02-05 09:00:00,3.0,4.6,0.035,0.05,42.0
2024-02-05 10:00:00,1.8,3.6,0.036,0.1,39.0
2024-02-05 11:00:00,2.1,3.3,0.036,0.11,40.0
2024-02-05 12:00:00,1.8,2.8,0.036,0.15,40.0
2024-02-05 13:00:00,1.6,3.0,0.036,0.1,41.0
2024-02-05 14:00:00,1.7,3.8,0.035,0.07,39.0
2024-02-05 15:00:00,1.8,6.6,0.034,0.06,39.0
2024-02-05 16:00:00,1.6,5.4,0.035,0.04,40.0
2024-02-05 17:00:00,1.1,5.2,0.035,0.01,41.0
2024-02-05 18:00:00,0.7,3.2,0.036,0.0,42.0
2024-02-05 19:00:00,0.8,4.5,0.033,0.0,42.0
2024-02-05 20:00:00,0.7,3.3,0.034,0.0,43.0
2024-02-05 21:00:00,0.8,6.1,0.031,0.0,44.0
2024-02-05 22:00:00,0.6,2.9,0.034,0.0,46.0
2024-02-05 23:00:00,0.7,3.4,0.033,0.0,46.0
2024-02-06 00:00:00,0.8,4.1,0.034,0.0,46.0
2024-02-06 01:00:00,0.8,4.8,0.03,0.0,44.0
2024-02-06 02:00:00,0.6,2.5,0.035,0.0,47.0
2024-02-06 03:00:00,0.5,1.6,0.036,0.0,48.0
2024-02-06 04:00:00,0.4,1.8,0.035,0.0,49.0
2024-02-06 05:00:00,0.7,2.7,0.036,0.0,49.0
2024-02-06 06:00:00,1.4,14.3,0.017,0.0,43.0
2024-02-06 07:00:00,3.8,18.4,0.009,0.02,40.0
2024-02-06 08:00:00,3.2,10.7,0.029,0.09,47.0
2024-02-06 09:00:00,6.1,12.8,0.02,0.14,46.0
2024-02-06 10:00:00,2.1,4.8,0.035,0.21,51.0
2024-02-06 11:00:00,2.7,5.2,0.037,0.28,49.0
2024-02-06 12:00:00,2.5,5.0,0.037,0.32,50.0
2024-02-06 13:00:00,1.8,4.3,0.038,0.26,50.0
2024-02-06 14:00:00,1.7,4.0,0.039,0.34,52.0
2024-02-06 15:00:00,2.3,4.4,0.039,0.22,53.0
2024-02-06 16:00:00,1.7,4.3,0.039,0.08,52.0
2024-02-06 17:00:00,1.2,4.4,0.038,0.01,51.0
2024-02-06 18:00:00,1.0,4.9,0.035,0.0,49.0
2024-02-06 19:00:00,0.9,4.6,0.036,0.0,46.0
2024-02-06 20:00:00,0.5,2.7,0.037,0.0,46.0
2024-02-06 21:00:00,0.5,2.7,0.035,0.0,46.0
2024-02-06 22:00:00,0.7,4.3,0.033,0.0,45.0
2024-02-06 23:00:00,0.3,4.3,0.029,0.0,44.0
2024-02-07 00:00:00,0.4,8.4,0.022,0.0,43.0
2024-02-07 01:00:00,1.5,8.2,0.023,0.0,42.0
2024-02-07 02:00:00,0.7,3.9,0.033,0.0,44.0
2024-02-07 03:00:00,0.6,4.3,0.027,0.0,42.0
2024-02-07 04:00:00,0.9,9.2,0.022,0.0,42.0
2024-02-07 05:00:00,0.9,7.7,0.026,0.0,41.0
2024-02-07 06:00:00,0.7,2.8,0.034,0.0,38.0
2024-02-07 07:00:00,0.7,3.3,0.037,0.0,38.0
2024-02-07 08:00:00,0.6,2.5,0.039,0.02,38.0
2024-02-07 09:00:00,0.4,1.9,0.037,0.05,38.0
2024-02-07 10:00:00,1.3,4.2,0.035,0.08,39.0
2024-02-07 11:00:00,1.1,3.3,0.036,0.15,39.0
2024-02-07 12:00:00,1.1,3.7,0.036,0.17,39.0
2024-02-07 13:00:00,1.4,3.9,0.036,0.1,37.0
2024-02-07 14:00:00,1.5,4.4,0.035,0.06,35.0
2024-02-07 15:00:00,2.5,5.1,0.033,0.07,36.0
2024-02-07 16:00:00,0.6,2.4,0.033,0.04,37.0
2024-02-07 17:00:00,0.1,1.3,0.035,0.01,36.0
2024-02-07 18:00:00,1.0,11.0,0.025,0.0,36.0
2024-02-07 19:00:00,0.7,12.0,0.022,0.0,35.0
2024-02-07 20:00:00,0.2,8.4,0.025,0.0,36.0
2024-02-07 21:00:00,0.3,8.4,0.023,0.0,36.0
2024-02-07 22:00:00,0.3,8.6,0.021,0.0,36.0
2024-02-07 23:00:00,0.2,4.4,0.027,0.0,35.0
2024-02-08 00:00:00,0.6,7.0,0.024,0.0,35.0
2024-02-08 01:00:00,0.4,6.2,0.025,0.0,36.0
2024-02-08 02:00:00,0.2,3.1,0.028,0.0,35.0
2024-02-08 03:00:00,0.3,1.8,0.035,0.0,35.0
2024-02-08 04:00:00,0.3,2.4,0.034,0.0,33.0
2024-02-08 05:00:00,0.7,7.4,0.029,0.0,33.0
2024-02-08 06:00:00,1.6,14.0,0.023,0.0,34.0
2024-02-08 07:00:00,3.3,24.4,0.014,0.01,35.0
2024-02-08 08:00:00,11.9,27.6,0.012,0.1,35.0
2024-02-08 09:00:00,10.9,20.4,0.017,0.15,36.0
2024-02-08 10:00:00,3.5,8.5,0.028,0.2,37.0
2024-02-08 11:00:00,1.2,3.2,0.034,0.32,38.0
2024-02-08 12:00:00,0.6,1.4,0.037,0.33,37.0
2024-02-08 13:00:00,1.1,2.0,0.037,0.58,38.0
2024-02-08 14:00:00,3.2,5.1,0.035,0.55,41.0
2024-02-08 15:00:00,2.2,4.6,0.036,0.27,45.0
2024-02-08 16:00:00,1.1,3.8,0.037,0.14,42.0
2024-02-08 17:00:00,0.4,3.2,0.037,0.04,39.0
2024-02-08 18:00:00,0.3,4.2,0.033,0.0,38.0
2024-02-08 19:00:00,0.3,5.2,0.033,0.0,38.0
2024-02-08 20:00:00,0.3,5.1,0.033,0.0,36.0
2024-02-08 21:00:00,0.2,6.1,0.032,0.0,36.0
2024-02-08 22:00:00,0.2,3.3,0.034,0.0,35.0
2024-02-08 23:00:00,0.1,1.5,0.038,0.0,35.0
2024-02-09 00:00:00,0.2,2.2,0.037,0.0,34.0
2024-02-09 01:00:00,0.2,2.4,0.037,0.0,33.0
2024-02-09 02:00:00,0.5,3.9,0.032,0.0,34.0
2024-02-09 03:00:00,0.2,3.2,0.03,0.0,34.0
2024-02-09 04:00:00,,,0.029,0.0,33.0
2024-02-09 05:00:00,0.3,1.6,0.032,0.0,33.0
2024-02-09 06:00:00,0.4,3.4,0.033,0.0,33.0
2024-02-09 07:00:00,0.4,3.3,0.031,0.0,33.0
2024-02-09 08:00:00,0.6,5.6,0.028,0.05,33.0
2024-02-09 09:00:00,0.7,3.3,0.028,0.1,33.0
2024-02-09 10:00:00,1.9,4.3,0.029,0.19,34.0
2024-02-09 11:00:00,3.4,4.1,0.032,0.44,35.0
2024-02-09 12:00:00,1.6,3.4,0.032,0.46,35.0
2024-02-09 13:00:00,0.8,2.7,0.034,0.19,33.0
2024-02-09 14:00:00,0.5,2.0,0.036,0.1,32.0
2024-02-09 15:00:00,0.5,1.7,0.037,0.13,31.0
2024-02-09 16:00:00,0.8,2.6,0.036,0.09,31.0
2024-02-09 17:00:00,1.8,8.6,0.03,0.01,31.0
2024-02-09 18:00:00,0.4,8.1,0.03,0.0,30.0
2024-02-09 19:00:00,0.6,9.9,0.028,0.0,30.0
2024-02-09 20:00:00,1.2,19.1,0.019,0.0,30.0
2024-02-09 21:00:00,0.9,19.1,0.018,0.0,30.0
2024-02-09 22:00:00,0.5,20.2,0.013,0.0,29.0
2024-02-09 23:00:00,1.5,22.2,0.009,0.0,28.0
2024-02-10 00:00:00,4.1,30.7,0.01,0.0,29.0
2024-02-10 01:00:00,1.0,15.1,0.018,0.0,28.0
2024-02-10 02:00:00,0.4,11.4,0.023,0.0,27.0
2024-02-10 03:00:00,0.7,10.9,0.021,0.0,26.0
2024-02-10 04:00:00,1.5,12.8,0.02,0.0,27.0
2024-02-10 05:00:00,0.5,11.3,0.022,0.0,26.0
2024-02-10 06:00:00,0.8,9.5,0.023,0.0,26.0
2024-02-10 07:00:00,1.5,10.5,0.023,0.01,26.0
2024-02-10 08:00:00,5.5,15.4,0.018,0.09,26.0
2024-02-10 09:00:00,7.4,11.7,0.023,0.35,28.0
2024-02-10 10:00:00,9.3,12.3,0.024,0.49,31.0
2024-02-10 11:00:00,4.4,6.7,0.033,0.6,32.0
2024-02-10 12:00:00,2.3,4.5,0.034,0.83,34.0
2024-02-10 13:00:00,2.1,5.3,0.035,0.39,35.0
2024-02-10 14:00:00,1.2,5.1,0.035,0.26,34.0
2024-02-10 15:00:00,0.8,4.6,0.035,0.15,34.0
2024-02-10 16:00:00,0.6,2.5,0.036,0.21,35.0
2024-02-10 17:00:00,0.2,2.1,0.034,0.08,33.0
2024-02-10 18:00:00,0.3,2.8,0.034,0.0,32.0
2024-02-10 19:00:00,0.4,3.3,0.032,0.0,31.0
2024-02-10 20:00:00,0.3,8.1,0.028,0.0,31.0
2024-02-10 21:00:00,0.5,9.1,0.025,0.0,29.0
2024-02-10 22:00:00,0.4,10.4,0.023,0.0,28.0
2024-02-10 23:00:00,1.4,12.6,0.018,0.0,26.0
2024-02-11 00:00:00,1.4,10.8,0.017,0.0,28.0
2024-02-11 01:00:00,0.4,8.1,0.02,0.0,26.0
2024-02-11 02:00:00,0.7,7.8,0.023,0.0,27.0
2024-02-11 03:00:00,1.1,13.2,0.016,0.0,26.0
2024-02-11 04:00:00,,,0.024,0.0,25.0
2024-02-11 05:00:00,0.8,5.8,0.027,0.0,26.0
2024-02-11 06:00:00,0.9,6.1,0.026,0.0,26.0
2024-02-11 07:00:00,0.8,5.1,0.027,0.01,25.0
2024-02-11 08:00:00,1.2,4.9,0.027,0.09,25.0
2024-02-11 09:00:00,1.7,4.1,0.027,0.23,26.0
2024-02-11 10:00:00,1.7,2.7,0.029,0.66,31.0
2024-02-11 11:00:00,1.6,2.6,0.031,0.7,35.0
2024-02-11 12:00:00,0.9,1.9,0.033,0.48,35.0
2024-02-11 13:00:00,0.6,1.6,0.035,0.65,35.0
2024-02-11 14:00:00,0.6,1.6,0.037,0.66,36.0
2024-02-11 15:00:00,0.8,2.3,0.037,0.3,36.0
2024-02-11 16:00:00,0.5,2.3,0.038,0.05,36.0
2024-02-11 17:00:00,0.4,2.6,0.036,0.04,34.0
2024-02-11 18:00:00,0.4,5.6,0.033,0.0,32.0
2024-02-11 19:00:00,1.4,9.1,0.027,0.0,31.0
2024-02-11 20:00:00,0.6,5.1,0.031,0.0,31.0
2024-02-11 21:00:00,0.9,7.0,0.029,0.0,31.0
2024-02-11 22:00:00,2.1,11.4,0.024,0.0,30.0
2024-02-11 23:00:00,0.9,7.4,0.027,0.0,28.0
2024-02-12 00:00:00,0.8,5.8,0.029,0.0,28.0
2024-02-12 01:00:00,0.9,5.4,0.027,0.0,26.0
2024-02-12 02:00:00,0.8,5.4,0.028,0.0,26.0
2024-02-12 03:00:00,0.9,4.7,0.029,0.0,25.0
2024-02-12 04:00:00,1.2,5.9,0.029,0.0,25.0
2024-02-12 05:00:00,1.3,7.2,0.027,0.0,24.0
2024-02-12 06:00:00,2.6,8.6,0.026,0.0,23.0
2024-02-12 07:00:00,2.8,10.0,0.026,0.01,23.0
2024-02-12 08:00:00,12.7,14.7,0.023,0.21,25.0
2024-02-12 09:00:00,5.0,7.4,0.029,0.47,30.0
2024-02-12 10:00:00,4.1,5.6,0.031,0.67,32.0
2024-02-12 11:00:00,7.3,6.8,0.029,0.82,37.0
2024-02-12 12:00:00,2.9,4.1,0.035,0.81,38.0
2024-02-12 13:00:00,4.1,6.7,0.034,0.84,43.0
2024-02-12 14:00:00,2.6,5.4,0.036,0.67,44.0
2024-02-12 15:00:00,1.9,4.7,0.036,0.38,44.0
2024-02-12 16:00:00,1.6,5.4,0.037,0.08,42.0
2024-02-12 17:00:00,0.5,3.9,0.036,0.02,39.0
2024-02-12 18:00:00,2.7,9.4,0.029,0.0,36.0
2024-02-12 19:00:00,0.8,10.6,0.025,0.0,34.0
2024-02-12 20:00:00,1.1,12.2,0.026,0.0,34.0
2024-02-12 21:00:00,0.7,7.7,0.03,0.0,34.0
2024-02-12 22:00:00,0.5,4.7,0.035,0.0,33.0
2024-02-12 23:00:00,0.5,4.0,0.036,0.0,33.0
2024-02-13 00:00:00,0.7,5.1,0.035,0.0,33.0
2024-02-13 01:00:00,0.6,4.2,0.036,0.0,33.0
2024-02-13 02:00:00,0.7,4.7,0.037,0.0,33.0
2024-02-13 03:00:00,1.2,6.7,0.033,0.0,32.0
2024-02-13 04:00:00,1.1,5.7,0.034,0.0,31.0
2024-02-13 05:00:00,1.2,6.9,0.033,0.0,31.0
2024-02-13 06:00:00,1.8,6.6,0.034,0.0,30.0
2024-02-13 07:00:00,3.0,8.8,0.032,0.02,29.0
2024-02-13 08:00:00,3.3,6.7,0.033,0.23,32.0
2024-02-13 09:00:00,4.5,5.7,0.035,0.48,34.0
2024-02-13 10:00:00,5.5,5.9,0.036,0.66,38.0
2024-02-13 11:00:00,4.7,5.7,0.037,0.86,43.0
2024-02-13 12:00:00,2.3,3.5,0.04,0.78,46.0
2024-02-13 13:00:00,1.6,3.4,0.042,0.65,49.0
2024-02-13 14:00:00,1.7,4.8,0.039,0.45,50.0
2024-02-13 15:00:00,2.4,6.0,0.039,0.27,51.0
2024-02-13 16:00:00,1.6,7.0,0.038,0.13,49.0
2024-02-13 17:00:00,3.8,13.0,0.029,0.04,48.0
2024-02-13 18:00:00,8.5,31.6,0.009,0.0,45.0
2024-02-13 19:00:00,5.8,35.5,0.005,0.0,42.0
2024-02-13 20:00:00,1.8,15.2,0.025,0.0,41.0
2024-02-13 21:00:00,0.7,9.6,0.027,0.0,40.0
2024-02-13 22:00:00,0.8,10.1,0.025,0.0,40.0
2024-02-13 23:00:00,1.0,16.1,0.016,0.0,38.0
2024-02-14 00:00:00,0.8,10.4,0.023,0.0,39.0
2024-02-14 01:00:00,1.2,7.0,0.032,0.0,39.0
2024-02-14 02:00:00,0.7,7.1,0.03,0.0,39.0
2024-02-14 03:00:00,0.9,10.8,0.021,0.0,37.0
2024-02-14 04:00:00,0.4,6.0,0.028,0.0,37.0
2024-02-14 05:00:00,0.8,10.0,0.021,0.0,36.0
2024-02-14 06:00:00,8.0,27.3,0.004,0.0,36.0
2024-02-14 07:00:00,18.4,30.1,0.006,0.01,36.0
2024-02-14 08:00:00,13.1,24.1,0.01,0.07,37.0
2024-02-14 09:00:00,14.0,20.5,0.013,0.27,40.0
2024-02-14 10:00:00,7.9,10.6,0.025,0.51,45.0
2024-02-14 11:00:00,3.0,4.6,0.033,0.8,47.0
2024-02-14 12:00:00,2.2,3.3,0.037,0.82,49.0
2024-02-14 13:00:00,1.5,2.5,0.039,0.52,50.0
2024-02-14 14:00:00,1.3,2.0,0.041,0.5,50.0
2024-02-14 15:00:00,1.5,1.8,0.041,0.37,50.0
2024-02-14 16:00:00,1.7,5.0,0.035,0.13,49.0
2024-02-14 17:00:00,0.8,4.6,0.036,0.03,48.0
2024-02-14 18:00:00,0.7,6.8,0.033,0.0,47.0
2024-02-14 19:00:00,0.6,9.1,0.036,0.0,47.0
2024-02-14 20:00:00,0.8,12.7,0.031,0.0,45.0
2024-02-14 21:00:00,0.9,7.9,0.035,0.0,44.0
2024-02-14 22:00:00,0.8,8.7,0.035,0.0,44.0
2024-02-14 23:00:00,1.1,8.9,0.033,0.0,43.0
2024-02-15 00:00:00,0.9,5.9,0.034,0.0,42.0
2024-02-15 01:00:00,0.9,7.7,0.03,0.0,42.0
2024-02-15 02:00:00,0.6,5.8,0.033,0.0,41.0
2024-02-15 03:00:00,0.7,5.0,0.035,0.0,41.0
2024-02-15 04:00:00,1.0,5.3,0.037,0.0,43.0
2024-02-15 05:00:00,0.6,7.3,0.032,0.0,43.0
2024-02-15 06:00:00,1.7,14.8,0.026,0.0,43.0
2024-02-15 07:00:00,0.3,4.5,0.037,0.0,42.0
2024-02-15 08:00:00,1.3,5.4,0.038,0.01,42.0
2024-02-15 09:00:00,6.6,8.5,0.036,0.04,41.0
2024-02-15 10:00:00,3.5,9.3,0.037,0.09,41.0
2024-02-15 11:00:00,2.0,3.1,0.042,0.22,42.0
2024-02-15 12:00:00,1.8,2.1,0.042,0.62,44.0
2024-02-15 13:00:00,1.9,2.9,0.042,0.69,46.0
2024-02-15 14:00:00,0.6,1.7,0.042,0.43,43.0
2024-02-15 15:00:00,0.6,2.1,0.043,0.3,43.0
2024-02-15 16:00:00,0.8,3.3,0.041,0.14,45.0
2024-02-15 17:00:00,1.7,5.0,0.038,0.06,44.0
2024-02-15 18:00:00,2.1,14.1,0.025,0.0,40.0
2024-02-15 19:00:00,3.1,25.2,0.013,0.0,39.0
2024-02-15 20:00:00,1.6,16.2,0.024,0.0,38.0
2024-02-15 21:00:00,0.8,8.9,0.03,0.0,37.0
2024-02-15 22:00:00,1.6,12.8,0.023,0.0,35.0
2024-02-15 23:00:00,0.8,6.5,0.03,0.0,35.0
2024-02-16 00:00:00,1.0,7.4,0.03,0.0,35.0
2024-02-16 01:00:00,1.6,8.1,0.028,0.0,35.0
2024-02-16 02:00:00,1.1,6.9,0.027,0.0,35.0
2024-02-16 03:00:00,0.5,5.7,0.028,0.0,35.0
2024-02-16 04:00:00,,,0.027,0.0,35.0
2024-02-16 05:00:00,0.8,9.3,0.024,0.0,35.0
2024-02-16 06:00:00,2.9,20.2,0.014,0.0,34.0
2024-02-16 07:00:00,10.1,29.3,0.008,0.02,34.0
2024-02-16 08:00:00,13.7,19.7,0.015,0.14,36.0
2024-02-16 09:00:00,7.4,11.9,0.023,0.25,38.0
2024-02-16 10:00:00,6.5,10.8,0.026,0.4,41.0
2024-02-16 11:00:00,3.9,8.5,0.027,0.35,44.0
2024-02-16 12:00:00,2.3,8.1,0.027,0.23,43.0
2024-02-16 13:00:00,2.9,11.7,0.028,0.17,44.0
2024-02-16 14:00:00,1.4,4.4,0.036,0.33,45.0
2024-02-16 15:00:00,1.3,4.4,0.037,0.26,46.0
2024-02-16 16:00:00,0.8,4.0,0.037,0.1,41.0
2024-02-16 17:00:00,0.2,2.8,0.037,0.02,38.0
2024-02-16 18:00:00,0.3,2.9,0.036,0.0,39.0
2024-02-16 19:00:00,0.2,2.3,0.037,0.0,37.0
2024-02-16 20:00:00,0.2,2.4,0.037,0.0,36.0
2024-02-16 21:00:00,0.1,2.5,0.037,0.0,35.0
2024-02-16 22:00:00,0.2,2.5,0.036,0.0,35.0
2024-02-16 23:00:00,0.2,2.8,0.035,0.0,35.0
2024-02-17 00:00:00,0.2,3.9,0.033,0.0,34.0
2024-02-17 01:00:00,0.6,6.5,0.027,0.0,33.0
2024-02-17 02:00:00,0.4,7.7,0.024,0.0,32.0
2024-02-17 03:00:00,0.3,8.3,0.026,0.0,32.0
2024-02-17 04:00:00,1.3,15.0,0.019,0.0,31.0
2024-02-17 05:00:00,1.0,6.7,0.03,0.0,31.0
2024-02-17 06:00:00,0.9,4.9,0.036,0.0,31.0
2024-02-17 07:00:00,1.0,4.1,0.036,0.02,30.0
2024-02-17 08:00:00,2.1,4.3,0.037,0.26,31.0
2024-02-17 09:00:00,1.4,2.4,0.038,0.48,33.0
2024-02-17 10:00:00,1.3,1.9,0.039,0.74,35.0
2024-02-17 11:00:00,1.4,2.1,0.04,0.88,38.0
2024-02-17 12:00:00,1.0,1.4,0.042,0.89,41.0
2024-02-17 13:00:00,0.9,1.5,0.042,0.91,43.0
2024-02-17 14:00:00,1.0,1.6,0.043,0.79,45.0
2024-02-17 15:00:00,0.5,1.5,0.042,0.36,43.0
2024-02-17 16:00:00,0.4,1.2,0.044,0.05,43.0
2024-02-17 17:00:00,1.9,3.9,0.04,0.05,41.0
2024-02-17 18:00:00,0.6,3.8,0.04,0.0,41.0
2024-02-17 19:00:00,0.5,2.8,0.04,0.0,40.0
2024-02-17 20:00:00,0.5,3.4,0.04,0.0,40.0
2024-02-17 21:00:00,0.5,2.6,0.041,0.0,40.0
2024-02-17 22:00:00,0.5,2.5,0.042,0.0,40.0
2024-02-17 23:00:00,0.5,2.8,0.042,0.0,41.0
2024-02-18 00:00:00,0.6,3.2,0.043,0.0,41.0
2024-02-18 01:00:00,0.4,2.2,0.043,0.0,41.0
2024-02-18 02:00:00,1.4,3.1,0.043,0.0,40.0
2024-02-18 03:00:00,0.4,2.0,0.042,0.0,40.0
2024-02-18 04:00:00,,,0.041,0.0,39.0
2024-02-18 05:00:00,0.6,3.3,0.039,0.0,38.0
2024-02-18 06:00:00,0.6,4.2,0.038,0.0,37.0
2024-02-18 07:00:00,0.6,3.9,0.039,0.0,37.0
2024-02-18 08:00:00,0.7,3.8,0.039,0.04,35.0
2024-02-18 09:00:00,1.0,3.0,0.039,0.16,36.0
2024-02-18 10:00:00,1.1,3.8,0.037,0.12,38.0
2024-02-18 11:00:00,1.4,3.3,0.037,0.47,40.0
2024-02-18 12:00:00,1.5,2.2,0.039,0.92,44.0
2024-02-18 13:00:00,1.5,3.1,0.038,0.59,47.0
2024-02-18 14:00:00,0.8,3.0,0.038,0.15,47.0
2024-02-18 15:00:00,0.5,2.1,0.036,0.17,44.0
2024-02-18 16:00:00,0.6,2.6,0.035,0.15,42.0
2024-02-18 17:00:00,0.6,3.0,0.035,0.09,41.0
2024-02-18 18:00:00,0.7,4.4,0.032,0.0,40.0
2024-02-18 19:00:00,0.7,8.6,0.027,0.0,40.0
2024-02-18 20:00:00,7.3,31.8,0.005,0.0,38.0
2024-02-18 21:00:00,4.4,20.1,0.015,0.0,37.0
2024-02-18 22:00:00,0.8,7.3,0.027,0.0,38.0
2024-02-18 23:00:00,0.7,5.0,0.03,0.0,37.0
2024-02-19 00:00:00,1.8,6.7,0.027,0.0,36.0
2024-02-19 01:00:00,0.9,4.2,0.029,0.0,36.0
2024-02-19 02:00:00,0.8,4.8,0.03,0.0,35.0
2024-02-19 03:00:00,1.0,7.8,0.024,0.0,33.0
2024-02-19 04:00:00,1.2,4.5,0.032,0.0,35.0
2024-02-19 05:00:00,1.1,4.5,0.031,0.0,35.0
2024-02-19 06:00:00,1.2,5.7,0.032,0.0,35.0
2024-02-19 07:00:00,1.9,6.3,0.032,0.04,36.0
2024-02-19 08:00:00,3.5,7.1,0.032,0.15,37.0
2024-02-19 09:00:00,2.8,5.9,0.035,0.38,41.0
2024-02-19 10:00:00,2.5,4.7,0.035,0.39,43.0
2024-02-19 11:00:00,2.6,3.5,0.038,0.59,47.0
2024-02-19 12:00:00,2.1,4.0,0.039,0.58,51.0
2024-02-19 13:00:00,1.8,3.0,0.042,0.69,54.0
2024-02-19 14:00:00,1.9,4.0,0.043,0.46,56.0
2024-02-19 15:00:00,1.5,6.0,0.04,0.12,56.0
2024-02-19 16:00:00,1.6,8.0,0.038,0.07,54.0
2024-02-19 17:00:00,1.7,9.6,0.036,0.01,53.0
2024-02-19 18:00:00,1.0,7.9,0.037,0.0,51.0
2024-02-19 19:00:00,0.8,6.1,0.036,0.0,50.0
2024-02-19 20:00:00,0.4,6.0,0.03,0.0,45.0
2024-02-19 21:00:00,0.4,6.3,0.028,0.0,42.0
2024-02-19 22:00:00,0.3,10.9,0.022,0.0,42.0
2024-02-19 23:00:00,0.4,5.7,0.029,0.0,39.0
2024-02-20 00:00:00,0.4,6.4,0.026,0.0,38.0
2024-02-20 01:00:00,0.5,8.5,0.023,0.0,38.0
2024-02-20 02:00:00,0.6,7.9,0.024,0.0,37.0
2024-02-20 03:00:00,0.6,7.1,0.026,0.0,37.0
2024-02-20 04:00:00,0.5,5.9,0.027,0.0,37.0
2024-02-20 05:00:00,0.8,7.8,0.026,0.0,38.0
2024-02-20 06:00:00,2.1,16.9,0.018,0.0,38.0
2024-02-20 07:00:00,2.2,22.2,0.014,0.02,38.0
2024-02-20 08:00:00,3.7,16.8,0.017,0.08,38.0
2024-02-20 09:00:00,2.9,9.0,0.022,0.11,39.0
2024-02-20 10:00:00,2.1,11.7,0.023,0.11,40.0
2024-02-20 11:00:00,7.1,15.7,0.022,0.18,42.0
2024-02-20 12:00:00,3.1,11.6,0.027,0.21,43.0
2024-02-20 13:00:00,3.3,10.1,0.029,0.32,45.0
2024-02-20 14:00:00,2.5,8.5,0.032,0.31,47.0
2024-02-20 15:00:00,2.4,7.4,0.031,0.22,47.0
2024-02-20 16:00:00,2.1,7.9,0.029,0.09,47.0
2024-02-20 17:00:00,3.1,10.0,0.026,0.02,46.0
2024-02-20 18:00:00,1.5,8.3,0.028,0.0,45.0
2024-02-20 19:00:00,1.0,6.6,0.029,0.0,43.0
2024-02-20 20:00:00,0.7,4.3,0.03,0.0,43.0
2024-02-20 21:00:00,1.1,5.6,0.03,0.0,44.0
2024-02-20 22:00:00,1.0,6.4,0.027,0.0,44.0
2024-02-20 23:00:00,1.7,8.5,0.023,0.0,42.0
2024-02-21 00:00:00,0.7,3.6,0.033,0.0,43.0
2024-02-21 01:00:00,0.7,3.9,0.036,0.0,45.0
2024-02-21 02:00:00,0.4,3.8,0.033,0.0,43.0
2024-02-21 03:00:00,0.8,5.0,0.032,0.0,44.0
2024-02-21 04:00:00,1.1,9.1,0.024,0.0,42.0
2024-02-21 05:00:00,1.0,7.2,0.03,0.0,42.0
2024-02-21 06:00:00,1.7,14.6,0.021,0.0,42.0
2024-02-21 07:00:00,2.9,17.0,0.019,0.01,42.0
2024-02-21 08:00:00,3.7,15.3,0.021,0.09,43.0
2024-02-21 09:00:00,2.6,8.9,0.027,0.12,45.0
2024-02-21 10:00:00,1.6,2.6,0.032,0.17,46.0
2024-02-21 11:00:00,1.4,3.4,0.032,0.2,46.0
2024-02-21 12:00:00,1.4,2.6,0.033,0.35,46.0
2024-02-21 13:00:00,1.2,2.5,0.036,0.16,46.0
2024-02-21 14:00:00,1.3,3.9,0.035,0.26,46.0
2024-02-21 15:00:00,1.0,6.1,0.031,0.07,44.0
2024-02-21 16:00:00,0.8,5.5,0.032,0.04,41.0
2024-02-21 17:00:00,0.9,5.2,0.032,0.01,40.0
2024-02-21 18:00:00,0.5,4.1,0.035,0.0,40.0
2024-02-21 19:00:00,0.5,2.7,0.038,0.0,39.0
2024-02-21 20:00:00,0.9,12.8,0.027,0.0,38.0
2024-02-21 21:00:00,1.3,15.3,0.024,0.0,38.0
2024-02-21 22:00:00,0.8,14.3,0.022,0.0,37.0
2024-02-21 23:00:00,0.7,12.7,0.017,0.0,35.0
2024-02-22 00:00:00,0.4,10.5,0.02,0.0,35.0
2024-02-22 01:00:00,0.4,4.5,0.028,0.0,36.0
2024-02-22 02:00:00,0.3,4.4,0.032,0.0,36.0
2024-02-22 03:00:00,0.3,5.6,0.026,0.0,36.0
2024-02-22 04:00:00,0.4,5.9,0.024,0.0,35.0
2024-02-22 05:00:00,1.4,11.3,0.019,0.0,36.0
2024-02-22 06:00:00,2.1,15.1,0.021,0.0,36.0
2024-02-22 07:00:00,1.8,12.0,0.022,0.01,37.0
2024-02-22 08:00:00,3.5,11.3,0.021,0.07,37.0
2024-02-22 09:00:00,5.0,8.9,0.024,0.35,39.0
2024-02-22 10:00:00,1.4,3.3,0.033,0.31,42.0
2024-02-22 11:00:00,1.3,3.2,0.035,0.28,43.0
2024-02-22 12:00:00,1.9,3.7,0.036,0.55,44.0
2024-02-22 13:00:00,2.0,3.6,0.042,0.81,46.0
2024-02-22 14:00:00,0.9,1.5,0.044,0.82,49.0
2024-02-22 15:00:00,2.5,3.5,0.043,0.37,47.0
2024-02-22 16:00:00,0.9,2.4,0.045,0.07,47.0
2024-02-22 17:00:00,0.6,3.0,0.041,0.11,45.0
2024-02-22 18:00:00,2.5,7.6,0.033,0.0,42.0
2024-02-22 19:00:00,0.5,15.1,0.025,0.0,41.0
2024-02-22 20:00:00,2.0,25.3,0.014,0.0,40.0
2024-02-22 21:00:00,1.5,13.7,0.024,0.0,38.0
2024-02-22 22:00:00,1.0,10.6,0.024,0.0,37.0
2024-02-22 23:00:00,1.5,13.0,0.02,0.0,36.0
2024-02-23 00:00:00,0.9,10.4,0.022,0.0,36.0
2024-02-23 01:00:00,0.8,5.5,0.026,0.0,35.0
2024-02-23 02:00:00,0.6,5.4,0.027,0.0,35.0
2024-02-23 03:00:00,0.7,5.0,0.028,0.0,34.0
2024-02-23 04:00:00,,,0.025,0.0,33.0
2024-02-23 05:00:00,2.0,11.8,0.02,0.0,32.0
2024-02-23 06:00:00,,,0.018,0.0,32.0
2024-02-23 07:00:00,4.3,12.7,0.019,0.04,32.0
2024-02-23 08:00:00,4.9,8.4,0.023,0.28,34.0
2024-02-23 09:00:00,6.2,8.1,0.026,0.53,38.0
2024-02-23 10:00:00,3.7,5.3,0.03,0.74,41.0
2024-02-23 11:00:00,2.8,4.7,0.035,0.88,46.0
2024-02-23 12:00:00,1.5,3.1,0.038,0.95,48.0
2024-02-23 13:00:00,1.4,3.1,0.039,0.81,47.0
2024-02-23 14:00:00,0.9,1.7,0.044,0.78,50.0
2024-02-23 15:00:00,0.8,1.6,0.045,0.45,50.0
2024-02-23 16:00:00,0.4,1.8,0.046,0.11,49.0
2024-02-23 17:00:00,0.3,2.3,0.043,0.08,47.0
2024-02-23 18:00:00,3.8,10.7,0.032,0.0,43.0
2024-02-23 19:00:00,1.3,21.0,0.019,0.0,42.0
2024-02-23 20:00:00,0.7,8.8,0.032,0.0,40.0
2024-02-23 21:00:00,0.5,6.0,0.034,0.0,40.0
2024-02-23 22:00:00,0.7,7.3,0.032,0.0,39.0
2024-02-23 23:00:00,0.5,6.5,0.032,0.0,38.0
2024-02-24 00:00:00,0.7,6.9,0.029,0.0,36.0
2024-02-24 01:00:00,0.7,5.6,0.031,0.0,35.0
2024-02-24 02:00:00,0.8,4.8,0.032,0.0,35.0
2024-02-24 03:00:00,0.6,4.5,0.033,0.0,34.0
2024-02-24 04:00:00,1.7,6.2,0.031,0.0,34.0
2024-02-24 05:00:00,0.8,5.7,0.032,0.0,33.0
2024-02-24 06:00:00,0.8,6.0,0.03,0.0,32.0
2024-02-24 07:00:00,1.4,7.2,0.03,0.04,32.0
2024-02-24 08:00:00,1.9,4.7,0.033,0.29,34.0
2024-02-24 09:00:00,2.4,3.9,0.036,0.55,37.0
2024-02-24 10:00:00,2.3,3.3,0.036,0.75,41.0
2024-02-24 11:00:00,1.8,3.5,0.037,0.86,46.0
2024-02-24 12:00:00,1.3,2.9,0.04,0.89,49.0
2024-02-24 13:00:00,1.2,3.0,0.04,0.85,52.0
2024-02-24 14:00:00,1.3,3.6,0.042,0.71,55.0
2024-02-24 15:00:00,1.3,3.8,0.044,0.46,56.0
2024-02-24 16:00:00,0.8,3.0,0.045,0.11,56.0
2024-02-24 17:00:00,0.6,4.8,0.042,0.14,55.0
2024-02-24 18:00:00,0.9,17.7,0.027,0.0,50.0
2024-02-24 19:00:00,0.6,13.5,0.027,0.0,45.0
2024-02-24 20:00:00,0.6,7.0,0.032,0.0,43.0
2024-02-24 21:00:00,0.8,5.6,0.032,0.0,42.0
2024-02-24 22:00:00,0.6,4.3,0.033,0.0,41.0
2024-02-24 23:00:00,0.5,4.7,0.033,0.0,40.0
2024-02-25 00:00:00,0.6,5.8,0.033,0.0,39.0
2024-02-25 01:00:00,0.8,5.1,0.033,0.0,38.0
2024-02-25 02:00:00,0.7,5.4,0.034,0.0,38.0
2024-02-25 03:00:00,0.8,5.5,0.032,0.0,37.0
2024-02-25 04:00:00,,,0.033,0.0,37.0
2024-02-25 05:00:00,1.0,5.1,0.033,0.0,36.0
2024-02-25 06:00:00,1.1,6.7,0.032,0.0,36.0
2024-02-25 07:00:00,1.5,7.4,0.031,0.04,36.0
2024-02-25 08:00:00,2.6,6.1,0.033,0.31,41.0
2024-02-25 09:00:00,2.6,4.9,0.035,0.56,45.0
2024-02-25 10:00:00,1.7,3.1,0.038,0.77,50.0
2024-02-25 11:00:00,1.0,2.0,0.041,0.91,54.0
2024-02-25 12:00:00,0.7,1.4,0.043,0.97,58.0
2024-02-25 13:00:00,0.7,0.8,0.044,0.94,60.0
2024-02-25 14:00:00,0.4,0.8,0.045,0.82,61.0
2024-02-25 15:00:00,1.1,0.9,0.045,0.48,62.0
2024-02-25 16:00:00,0.3,0.8,0.046,0.09,61.0
2024-02-25 17:00:00,0.2,0.9,0.045,0.16,60.0
2024-02-25 18:00:00,0.2,2.9,0.039,0.0,56.0
2024-02-25 19:00:00,0.7,13.9,0.027,0.0,52.0
2024-02-25 20:00:00,0.7,13.2,0.028,0.0,49.0
2024-02-25 21:00:00,1.0,13.3,0.026,0.0,47.0
2024-02-25 22:00:00,0.5,6.3,0.032,0.0,46.0
2024-02-25 23:00:00,0.4,7.3,0.029,0.0,46.0
2024-02-26 00:00:00,0.5,6.1,0.029,0.0,46.0
2024-02-26 01:00:00,0.7,9.5,0.027,0.0,47.0
2024-02-26 02:00:00,1.1,9.8,0.026,0.0,46.0
2024-02-26 03:00:00,0.7,8.5,0.025,0.0,44.0
2024-02-26 04:00:00,1.7,13.9,0.021,0.0,44.0
2024-02-26 05:00:00,2.2,20.1,0.015,0.0,42.0
2024-02-26 06:00:00,5.2,23.4,0.014,0.0,42.0
2024-02-26 07:00:00,19.1,34.8,0.005,0.03,42.0
2024-02-26 08:00:00,21.5,24.2,0.016,0.26,46.0
2024-02-26 09:00:00,2.9,6.2,0.034,0.18,50.0
2024-02-26 10:00:00,2.3,5.2,0.037,0.38,52.0
2024-02-26 11:00:00,1.9,2.5,0.04,0.94,56.0
2024-02-26 12:00:00,1.0,1.3,0.041,0.84,57.0
2024-02-26 13:00:00,0.6,1.2,0.043,0.82,58.0
2024-02-26 14:00:00,0.6,1.2,0.044,0.57,59.0
2024-02-26 15:00:00,0.6,1.1,0.043,0.24,58.0
2024-02-26 16:00:00,0.7,1.3,0.044,0.12,57.0
2024-02-26 17:00:00,0.3,2.3,0.04,0.08,52.0
2024-02-26 18:00:00,1.3,11.5,0.033,0.0,53.0
2024-02-26 19:00:00,0.7,19.9,0.021,0.0,52.0
2024-02-26 20:00:00,0.5,7.4,0.034,0.0,52.0
2024-02-26 21:00:00,0.3,0.8,0.04,0.0,52.0
2024-02-26 22:00:00,0.2,1.0,0.04,0.0,47.0
2024-02-26 23:00:00,0.1,1.0,0.038,0.0,35.0
2024-02-27 00:00:00,0.0,0.5,0.039,0.0,33.0
2024-02-27 01:00:00,0.1,0.8,0.039,0.0,33.0
2024-02-27 02:00:00,0.2,0.8,0.041,0.0,33.0
2024-02-27 03:00:00,0.2,0.7,0.042,0.0,31.0
2024-02-27 04:00:00,0.2,0.7,0.042,0.0,31.0
2024-02-27 05:00:00,0.3,1.0,0.042,0.0,30.0
2024-02-27 06:00:00,0.5,1.2,0.042,0.0,30.0
2024-02-27 07:00:00,3.1,4.7,0.039,0.03,30.0
2024-02-27 08:00:00,3.6,4.6,0.039,0.14,31.0
2024-02-27 09:00:00,4.6,4.3,0.04,0.34,31.0
2024-02-27 10:00:00,3.1,2.8,0.042,0.44,31.0
2024-02-27 11:00:00,2.3,2.4,0.042,0.34,30.0
2024-02-27 12:00:00,1.1,1.2,0.043,0.69,32.0
2024-02-27 13:00:00,1.9,2.0,0.042,0.46,32.0
2024-02-27 14:00:00,2.5,2.7,0.043,0.28,32.0
2024-02-27 15:00:00,1.4,2.0,0.044,0.33,32.0
2024-02-27 16:00:00,2.5,3.3,0.042,0.2,32.0
2024-02-27 17:00:00,1.1,2.3,0.043,0.17,33.0
2024-02-27 18:00:00,0.4,2.5,0.04,0.0,31.0
2024-02-27 19:00:00,0.3,3.6,0.038,0.0,30.0
2024-02-27 20:00:00,0.2,3.2,0.037,0.0,29.0
2024-02-27 21:00:00,0.7,10.7,0.027,0.0,28.0
2024-02-27 22:00:00,1.3,17.2,0.017,0.0,25.0
2024-02-27 23:00:00,0.8,17.9,0.018,0.0,24.0
2024-02-28 00:00:00,1.4,16.0,0.023,0.0,24.0
2024-02-28 01:00:00,0.9,6.3,0.036,0.0,24.0
2024-02-28 02:00:00,1.1,6.6,0.035,0.0,23.0
2024-02-28 03:00:00,0.9,5.1,0.035,0.0,22.0
2024-02-28 04:00:00,0.6,3.3,0.037,0.0,21.0
2024-02-28 05:00:00,0.9,5.2,0.035,0.0,22.0
2024-02-28 06:00:00,1.6,8.4,0.034,0.0,22.0
2024-02-28 07:00:00,3.4,10.5,0.033,0.06,23.0
2024-02-28 08:00:00,5.6,8.6,0.037,0.34,27.0
2024-02-28 09:00:00,5.4,6.5,0.037,0.59,28.0
2024-02-28 10:00:00,5.2,5.9,0.038,0.8,32.0
2024-02-28 11:00:00,5.4,5.7,0.04,0.94,35.0
2024-02-28 12:00:00,4.0,4.6,0.042,0.99,40.0
2024-02-28 13:00:00,1.8,2.5,0.044,0.96,43.0
2024-02-28 14:00:00,1.8,3.4,0.044,0.85,47.0
2024-02-28 15:00:00,2.5,4.6,0.044,0.52,49.0
2024-02-28 16:00:00,1.4,4.4,0.045,0.13,49.0
2024-02-28 17:00:00,1.1,4.1,0.042,0.18,47.0
2024-02-28 18:00:00,0.6,6.9,0.035,0.01,42.0
2024-02-28 19:00:00,0.9,18.8,0.025,0.0,40.0
2024-02-28 20:00:00,0.7,7.0,0.035,0.0,39.0
2024-02-28 21:00:00,0.6,5.1,0.04,0.0,40.0
2024-02-28 22:00:00,0.5,4.4,0.041,0.0,40.0
2024-02-28 23:00:00,0.5,4.3,0.041,0.0,39.0
2024-02-29 00:00:00,0.5,3.8,0.04,0.0,38.0
2024-02-29 01:00:00,0.5,3.1,0.041,0.0,37.0
2024-02-29 02:00:00,0.6,3.7,0.04,0.0,36.0
2024-02-29 03:00:00,0.6,3.5,0.04,0.0,35.0
2024-02-29 04:00:00,0.7,3.5,0.04,0.0,35.0
2024-02-29 05:00:00,1.4,4.7,0.038,0.0,33.0
2024-02-29 06:00:00,1.3,5.4,0.038,0.0,33.0
2024-02-29 07:00:00,2.5,7.6,0.036,0.07,34.0
2024-02-29 08:00:00,2.6,5.7,0.038,0.34,37.0
2024-02-29 09:00:00,3.2,5.9,0.039,0.41,40.0
2024-02-29 10:00:00,3.5,6.0,0.039,0.48,43.0
2024-02-29 11:00:00,6.4,7.3,0.041,0.98,51.0
2024-02-29 12:00:00,2.5,3.9,0.043,1.01,55.0
2024-02-29 13:00:00,1.2,2.7,0.045,0.64,58.0
2024-02-29 14:00:00,1.1,1.9,0.045,0.72,58.0
2024-02-29 15:00:00,1.8,2.8,0.045,0.5,59.0
2024-02-29 16:00:00,1.2,2.5,0.041,0.21,59.0
2024-02-29 17:00:00,1.4,3.3,0.04,0.2,58.0
2024-02-29 18:00:00,1.5,7.0,0.033,0.0,56.0
2024-02-29 19:00:00,1.3,15.4,0.025,0.0,53.0
2024-02-29 20:00:00,0.5,7.8,0.031,0.0,51.0
2024-02-29 21:00:00,0.4,6.9,0.032,0.0,51.0
2024-02-29 22:00:00,0.7,6.8,0.035,0.0,51.0
2024-02-29 23:00:00,0.4,4.0,0.039,0.0,52.0
2024-03-01 00:00:00,0.2,3.3,0.042,0.0,53.0
2024-03-01 01:00:00,0.3,1.5,0.043,0.0,52.0
2024-03-01 02:00:00,0.3,2.5,0.042,0.0,52.0
2024-03-01 03:00:00,0.2,1.6,0.042,0.0,51.0
2024-03-01 04:00:00,,,0.041,0.0,51.0
2024-03-01 05:00:00,0.4,2.8,0.043,0.0,51.0
2024-03-01 06:00:00,0.9,6.4,0.039,0.0,51.0
2024-03-01 07:00:00,3.5,13.9,0.031,0.1,50.0
2024-03-01 08:00:00,1.8,4.8,0.039,0.36,53.0
2024-03-01 09:00:00,1.5,2.1,0.04,0.35,53.0
2024-03-01 10:00:00,1.4,1.9,0.04,0.71,54.0
2024-03-01 11:00:00,1.3,1.7,0.04,0.91,56.0
2024-03-01 12:00:00,1.5,2.2,0.041,0.91,57.0
2024-03-01 13:00:00,0.6,1.1,0.041,0.85,60.0
2024-03-01 14:00:00,0.9,1.2,0.041,0.77,61.0
2024-03-01 15:00:00,0.8,1.3,0.04,0.52,61.0
2024-03-01 16:00:00,0.6,1.1,0.04,0.24,61.0
2024-03-01 17:00:00,0.8,1.7,0.038,0.08,59.0
2024-03-01 18:00:00,0.7,2.3,0.037,0.0,57.0
2024-03-01 19:00:00,0.7,2.9,0.036,0.0,55.0
2024-03-01 20:00:00,0.3,1.7,0.038,0.0,55.0
2024-03-01 21:00:00,0.4,1.9,0.037,0.0,53.0
2024-03-01 22:00:00,0.3,2.5,0.035,0.0,52.0
2024-03-01 23:00:00,0.3,1.4,0.036,0.0,52.0
2024-03-02 00:00:00,0.3,1.6,0.036,0.0,51.0
2024-03-02 01:00:00,0.2,0.9,0.039,0.0,52.0
2024-03-02 02:00:00,0.6,1.6,0.039,0.0,52.0
2024-03-02 03:00:00,0.2,0.7,0.038,0.0,51.0
2024-03-02 04:00:00,0.3,0.7,0.037,0.0,50.0
2024-03-02 05:00:00,0.4,1.0,0.035,0.0,49.0
2024-03-02 06:00:00,0.4,0.9,0.036,0.0,49.0
2024-03-02 07:00:00,0.3,1.2,0.036,0.03,49.0
2024-03-02 08:00:00,0.6,1.3,0.037,0.11,50.0
2024-03-02 09:00:00,0.5,0.9,0.038,0.54,51.0
2024-03-02 10:00:00,0.9,0.5,0.038,0.82,53.0
2024-03-02 11:00:00,0.5,0.8,0.038,0.57,52.0
2024-03-02 12:00:00,0.5,1.0,0.037,0.57,53.0
2024-03-02 13:00:00,0.5,0.8,0.038,0.51,54.0
2024-03-02 14:00:00,0.5,0.8,0.04,0.23,48.0
2024-03-02 15:00:00,0.2,0.9,0.042,0.02,35.0
2024-03-02 17:00:00,,,,0.01,29.0
2024-03-02 19:00:00,7.9,0.8,0.031,0.0,29.0
2024-03-02 20:00:00,0.1,1.7,0.042,0.0,29.0
2024-03-02 21:00:00,0.5,3.6,0.041,0.0,29.0
2024-03-02 22:00:00,0.3,5.7,0.037,0.0,28.0
2024-03-02 23:00:00,0.4,6.5,0.037,0.0,28.0
2024-03-03 00:00:00,0.7,7.3,0.036,0.0,28.0
2024-03-03 01:00:00,0.9,5.7,0.038,0.0,28.0
2024-03-03 02:00:00,0.7,5.5,0.038,0.0,28.0
2024-03-03 03:00:00,0.8,4.3,0.04,0.0,27.0
2024-03-03 04:00:00,,,0.034,0.0,28.0
2024-03-03 05:00:00,0.2,5.8,0.036,0.0,28.0
2024-03-03 06:00:00,0.2,6.0,0.036,0.0,28.0
2024-03-03 07:00:00,0.4,4.1,0.039,0.03,29.0
2024-03-03 08:00:00,0.6,2.5,0.039,0.11,31.0
2024-03-03 09:00:00,1.0,2.9,0.041,0.12,31.0
2024-03-03 10:00:00,0.6,1.6,0.046,0.23,29.0
2024-03-03 11:00:00,0.7,1.3,0.046,0.37,29.0
2024-03-03 12:00:00,0.6,1.2,0.047,0.32,29.0
2024-03-03 13:00:00,1.1,1.7,0.047,0.6,30.0
2024-03-03 14:00:00,0.7,1.8,0.047,0.41,33.0
2024-03-03 15:00:00,0.5,1.6,0.046,0.27,33.0
2024-03-03 16:00:00,0.3,1.5,0.046,0.15,32.0
2024-03-03 17:00:00,0.3,1.6,0.046,0.05,32.0
2024-03-03 18:00:00,0.3,3.0,0.043,0.0,30.0
2024-03-03 19:00:00,0.4,6.2,0.04,0.0,29.0
2024-03-03 20:00:00,1.0,5.3,0.041,0.0,30.0
2024-03-03 21:00:00,0.8,5.8,0.04,0.0,30.0
2024-03-03 22:00:00,0.7,4.7,0.041,0.0,30.0
2024-03-03 23:00:00,0.3,3.3,0.042,0.0,29.0
2024-03-04 00:00:00,0.5,5.0,0.04,0.0,29.0
2024-03-04 01:00:00,0.6,3.5,0.041,0.0,29.0
2024-03-04 02:00:00,0.3,4.0,0.038,0.0,28.0
2024-03-04 03:00:00,0.5,10.2,0.031,0.0,28.0
2024-03-04 04:00:00,0.7,11.6,0.028,0.0,27.0
2024-03-04 05:00:00,1.3,7.6,0.037,0.0,28.0
2024-03-04 06:00:00,2.2,13.0,0.033,0.0,29.0
2024-03-04 07:00:00,6.5,21.6,0.025,0.06,28.0
2024-03-04 08:00:00,2.8,10.0,0.037,0.09,29.0
2024-03-04 09:00:00,7.1,15.9,0.03,0.2,28.0
2024-03-04 10:00:00,7.6,10.2,0.038,0.52,31.0
2024-03-04 11:00:00,,,,0.65,34.0
2024-03-04 12:00:00,,,,0.61,36.0
2024-03-04 13:00:00,1.8,3.6,0.047,0.5,38.0
2024-03-04 14:00:00,0.5,0.7,0.048,0.46,37.0
2024-03-04 15:00:00,0.9,1.1,0.047,0.33,36.0
2024-03-04 16:00:00,1.0,1.7,0.044,0.26,36.0
2024-03-04 17:00:00,1.2,3.5,0.043,0.14,35.0
2024-03-04 18:00:00,1.9,5.0,0.04,0.01,33.0
2024-03-04 19:00:00,0.3,11.1,0.033,0.0,32.0
2024-03-04 20:00:00,0.9,17.5,0.027,0.0,32.0
2024-03-04 21:00:00,0.6,15.4,0.027,0.0,32.0
2024-03-04 22:00:00,0.4,14.4,0.025,0.0,32.0
2024-03-04 23:00:00,0.7,11.2,0.031,0.0,31.0
2024-03-05 00:00:00,0.6,6.7,0.035,0.0,30.0
2024-03-05 01:00:00,0.7,5.0,0.039,0.0,30.0
2024-03-05 02:00:00,0.6,6.7,0.038,0.0,29.0
2024-03-05 03:00:00,0.8,5.3,0.041,0.0,29.0
2024-03-05 04:00:00,1.8,6.8,0.039,0.0,30.0
2024-03-05 05:00:00,1.2,6.1,0.039,0.0,29.0
2024-03-05 06:00:00,1.6,7.4,0.038,0.0,29.0
2024-03-05 07:00:00,2.2,8.2,0.037,0.03,30.0
2024-03-05 08:00:00,2.7,8.9,0.037,0.13,30.0
2024-03-05 09:00:00,6.9,15.6,0.03,0.34,31.0
2024-03-05 10:00:00,6.2,8.9,0.038,0.71,35.0
2024-03-05 11:00:00,4.5,6.2,0.043,0.89,37.0
2024-03-05 12:00:00,2.4,4.2,0.045,1.01,43.0
2024-03-05 13:00:00,3.3,6.1,0.044,0.86,45.0
2024-03-05 14:00:00,2.5,5.0,0.045,0.91,47.0
2024-03-05 15:00:00,1.5,3.4,0.045,0.6,48.0
2024-03-05 16:00:00,1.4,2.6,0.044,0.21,49.0
2024-03-05 17:00:00,1.6,3.1,0.042,0.19,47.0
2024-03-05 18:00:00,1.0,10.6,0.036,0.01,46.0
2024-03-05 19:00:00,0.7,10.1,0.032,0.0,42.0
2024-03-05 20:00:00,0.6,6.1,0.036,0.0,41.0
2024-03-05 21:00:00,0.6,6.6,0.035,0.0,40.0
2024-03-05 22:00:00,0.7,5.8,0.036,0.0,40.0
2024-03-05 23:00:00,1.0,5.2,0.035,0.0,39.0
2024-03-06 00:00:00,0.7,3.9,0.036,0.0,39.0
2024-03-06 01:00:00,0.8,5.2,0.034,0.0,38.0
2024-03-06 02:00:00,0.8,5.3,0.033,0.0,38.0
2024-03-06 03:00:00,0.8,6.0,0.032,0.0,38.0
2024-03-06 04:00:00,1.1,8.1,0.03,0.0,38.0
2024-03-06 05:00:00,1.5,12.0,0.027,0.0,38.0
2024-03-06 06:00:00,6.7,23.1,0.016,0.0,38.0
2024-03-06 07:00:00,6.2,19.0,0.018,0.11,38.0
2024-03-06 08:00:00,6.3,11.5,0.026,0.44,44.0
2024-03-06 09:00:00,3.5,5.7,0.032,0.62,47.0
2024-03-06 10:00:00,4.4,6.7,,0.84,51.0
2024-03-06 11:00:00,1.9,3.3,,0.98,52.0
2024-03-06 12:00:00,1.0,1.5,0.041,1.06,53.0
2024-03-06 13:00:00,0.6,1.0,0.042,0.68,54.0
2024-03-06 14:00:00,1.0,1.2,0.042,0.81,54.0
2024-03-06 15:00:00,0.9,1.4,0.042,0.55,55.0
2024-03-06 16:00:00,1.2,1.5,0.041,0.33,54.0
2024-03-06 17:00:00,1.8,3.8,0.037,0.11,50.0
2024-03-06 18:00:00,0.6,4.3,0.035,0.01,46.0
2024-03-06 19:00:00,0.3,6.3,0.031,0.0,46.0
2024-03-06 20:00:00,0.9,7.4,0.025,0.0,44.0
2024-03-06 21:00:00,0.8,16.6,0.017,0.0,44.0
2024-03-06 22:00:00,0.7,16.5,0.018,0.0,43.0
2024-03-06 23:00:00,0.8,12.6,0.024,0.0,42.0
2024-03-07 00:00:00,0.6,13.4,0.02,0.0,40.0
2024-03-07 01:00:00,0.5,6.6,0.025,0.0,40.0
2024-03-07 02:00:00,0.4,8.8,0.024,0.0,41.0
2024-03-07 03:00:00,0.5,7.5,0.023,0.0,39.0
2024-03-07 04:00:00,1.0,10.7,0.021,0.0,39.0
2024-03-07 05:00:00,0.6,5.5,0.029,0.0,39.0
2024-03-07 06:00:00,1.5,8.8,0.028,0.0,38.0
2024-03-07 07:00:00,3.0,13.5,0.021,0.03,37.0
2024-03-07 08:00:00,3.7,16.4,0.02,0.06,38.0
2024-03-07 09:00:00,3.1,9.9,0.025,0.27,39.0
2024-03-07 10:00:00,,,0.029,0.31,41.0
2024-03-07 11:00:00,,,0.033,0.59,43.0
2024-03-07 12:00:00,,,0.031,0.7,44.0
2024-03-07 13:00:00,,,0.033,0.75,42.0
2024-03-07 14:00:00,,,0.034,0.59,41.0
2024-03-07 15:00:00,2.5,3.9,0.035,0.55,42.0
2024-03-07 16:00:00,1.1,4.3,0.035,0.19,41.0
2024-03-07 17:00:00,0.7,3.9,0.036,0.08,41.0
2024-03-07 18:00:00,0.4,3.7,0.036,0.01,40.0
2024-03-07 19:00:00,0.3,3.0,0.037,0.0,39.0
2024-03-07 20:00:00,0.3,2.2,0.039,0.0,39.0
2024-03-07 21:00:00,0.2,2.9,0.039,0.0,38.0
2024-03-07 22:00:00,0.3,3.3,0.039,0.0,37.0
2024-03-07 23:00:00,0.2,2.3,0.04,0.0,35.0
2024-03-08 00:00:00,0.2,2.5,0.039,0.0,35.0
2024-03-08 01:00:00,0.2,2.4,0.04,0.0,33.0
2024-03-08 02:00:00,0.2,2.5,0.041,0.0,32.0
2024-03-08 03:00:00,0.2,2.7,0.04,0.0,32.0
2024-03-08 04:00:00,,,0.039,0.0,31.0
2024-03-08 05:00:00,0.4,3.1,0.039,0.0,30.0
2024-03-08 06:00:00,0.8,3.8,0.038,0.0,29.0
2024-03-08 07:00:00,0.7,3.2,0.04,0.05,29.0
2024-03-08 08:00:00,0.9,2.7,0.041,0.2,30.0
2024-03-08 09:00:00,2.1,5.6,0.039,0.35,32.0
2024-03-08 10:00:00,3.9,5.4,0.039,0.57,34.0
2024-03-08 11:00:00,2.6,5.2,0.042,0.56,35.0
2024-03-08 12:00:00,1.7,3.2,0.044,1.14,38.0
2024-03-08 13:00:00,2.3,3.5,0.045,1.06,40.0
2024-03-08 14:00:00,1.3,3.0,0.047,0.92,40.0
2024-03-08 15:00:00,1.4,3.7,0.046,0.64,41.0
2024-03-08 16:00:00,1.3,4.1,0.046,0.32,40.0
2024-03-08 17:00:00,0.9,5.6,0.044,0.21,39.0
2024-03-08 18:00:00,0.6,6.6,0.04,0.02,37.0
2024-03-08 19:00:00,0.5,7.5,0.037,0.0,35.0
2024-03-08 20:00:00,0.3,6.9,0.036,0.0,34.0
2024-03-08 21:00:00,0.7,10.2,0.03,0.0,32.0
2024-03-08 22:00:00,0.5,10.7,0.031,0.0,31.0
2024-03-08 23:00:00,0.7,11.7,0.029,0.0,30.0
2024-03-09 00:00:00,0.7,8.0,0.034,0.0,30.0
2024-03-09 01:00:00,0.7,6.7,0.039,0.0,30.0
2024-03-09 02:00:00,1.0,7.3,0.037,0.0,29.0
2024-03-09 03:00:00,1.0,8.0,0.037,0.0,29.0
2024-03-09 04:00:00,3.1,9.5,0.029,0.0,28.0
2024-03-09 05:00:00,1.1,6.7,0.036,0.0,27.0
2024-03-09 06:00:00,1.3,8.1,0.035,0.0,26.0
2024-03-09 07:00:00,2.1,6.8,0.037,0.14,27.0
2024-03-09 08:00:00,2.9,5.7,0.038,0.42,30.0
2024-03-09 09:00:00,3.1,4.6,0.039,0.68,33.0
2024-03-09 10:00:00,1.5,3.1,0.042,0.89,37.0
2024-03-09 11:00:00,1.4,3.1,0.044,1.02,42.0
2024-03-09 12:00:00,1.4,3.5,0.046,1.08,47.0
2024-03-09 13:00:00,1.7,4.3,0.045,1.04,47.0
2024-03-09 14:00:00,1.2,3.8,0.047,0.92,50.0
2024-03-09 15:00:00,0.9,3.5,0.049,0.66,52.0
2024-03-09 16:00:00,0.7,3.3,0.049,0.33,52.0
2024-03-09 17:00:00,0.5,4.3,0.048,0.14,51.0
2024-03-09 18:00:00,0.6,14.1,0.035,0.01,48.0
2024-03-09 19:00:00,0.7,12.3,0.035,0.0,45.0
2024-03-09 20:00:00,0.5,7.3,0.04,0.0,44.0
2024-03-09 21:00:00,0.5,5.3,0.042,0.0,44.0
2024-03-09 22:00:00,0.5,4.9,0.042,0.0,44.0
2024-03-09 23:00:00,0.6,5.8,0.041,0.0,43.0
2024-03-10 00:00:00,0.6,4.7,0.041,0.0,42.0
2024-03-10 01:00:00,0.7,3.9,0.041,0.0,40.0
2024-03-10 02:00:00,0.6,3.5,0.04,0.0,39.0
2024-03-10 03:00:00,0.9,4.3,0.039,0.0,38.0
2024-03-10 04:00:00,,,0.039,0.0,37.0
2024-03-10 05:00:00,0.6,3.8,0.039,0.0,37.0
2024-03-10 06:00:00,0.8,4.1,0.038,0.01,36.0
2024-03-10 07:00:00,1.4,4.3,0.037,0.14,37.0
2024-03-10 08:00:00,1.8,3.2,0.039,0.4,40.0
2024-03-10 09:00:00,2.0,3.1,0.04,0.7,44.0
2024-03-10 10:00:00,1.9,3.2,0.042,0.9,49.0
2024-03-10 11:00:00,1.2,2.3,0.046,1.03,53.0
2024-03-10 12:00:00,0.9,1.8,0.048,1.08,56.0
2024-03-10 13:00:00,0.7,1.4,0.048,0.96,58.0
2024-03-10 14:00:00,0.5,1.1,0.049,0.77,60.0
2024-03-10 15:00:00,0.7,1.5,0.049,0.49,61.0
2024-03-10 16:00:00,0.7,2.2,0.049,0.28,60.0
2024-03-10 17:00:00,0.7,3.0,0.047,0.15,58.0
2024-03-10 18:00:00,0.5,7.1,0.041,0.01,56.0
2024-03-10 19:00:00,0.4,3.8,0.042,0.0,54.0
2024-03-10 20:00:00,0.4,3.3,0.041,0.0,51.0
2024-03-10 21:00:00,0.3,3.1,0.04,0.0,50.0
2024-03-10 22:00:00,0.4,3.1,0.04,0.0,50.0
2024-03-10 23:00:00,0.3,3.5,0.038,0.0,49.0
2024-03-11 00:00:00,0.4,3.7,0.037,0.0,49.0
2024-03-11 01:00:00,0.7,5.0,0.036,0.0,48.0
2024-03-11 02:00:00,1.1,5.2,0.035,0.0,47.0
2024-03-11 03:00:00,0.7,4.5,0.036,0.0,47.0
2024-03-11 04:00:00,0.8,5.8,0.033,0.0,45.0
2024-03-11 05:00:00,1.7,9.7,0.03,0.0,46.0
2024-03-11 06:00:00,1.4,11.3,0.027,0.0,45.0
2024-03-11 07:00:00,2.8,11.3,0.028,0.04,45.0
2024-03-11 08:00:00,4.8,12.5,0.027,0.22,47.0
2024-03-11 09:00:00,4.1,9.4,0.031,0.37,49.0
2024-03-11 10:00:00,3.8,4.8,0.044,0.4,55.0
2024-03-11 11:00:00,1.0,1.7,0.046,0.43,55.0
2024-03-11 12:00:00,0.9,1.3,0.049,0.75,57.0
2024-03-11 13:00:00,0.6,1.0,0.049,0.3,56.0
2024-03-11 14:00:00,1.0,1.7,0.048,0.26,56.0
2024-03-11 15:00:00,0.9,2.0,0.048,0.3,56.0
2024-03-11 16:00:00,0.7,2.4,0.044,0.25,53.0
2024-03-11 17:00:00,0.6,3.6,0.041,0.19,51.0
2024-03-11 18:00:00,0.3,4.2,0.039,0.02,48.0
2024-03-11 19:00:00,0.7,4.9,0.036,0.0,46.0
2024-03-11 20:00:00,0.6,6.7,0.032,0.0,44.0
2024-03-11 21:00:00,0.7,16.7,0.022,0.0,43.0
2024-03-11 22:00:00,1.7,19.5,0.019,0.0,41.0
2024-03-11 23:00:00,0.9,7.5,0.034,0.0,43.0
2024-03-12 00:00:00,0.6,4.9,0.035,0.0,42.0
2024-03-12 01:00:00,0.7,5.0,0.036,0.0,41.0
2024-03-12 02:00:00,0.4,3.8,0.037,0.0,41.0
2024-03-12 03:00:00,0.6,4.9,0.036,0.0,41.0
2024-03-12 04:00:00,0.9,8.3,0.033,0.0,41.0
2024-03-12 05:00:00,4.9,18.8,0.021,0.0,41.0
2024-03-12 06:00:00,5.1,22.7,0.02,0.0,41.0
2024-03-12 07:00:00,5.7,21.2,0.017,0.07,41.0
2024-03-12 08:00:00,5.9,16.3,0.022,0.23,43.0
2024-03-12 09:00:00,6.2,14.8,0.031,0.38,48.0
2024-03-12 10:00:00,1.0,3.7,0.043,0.3,50.0
2024-03-12 11:00:00,1.0,3.3,0.043,0.2,49.0
2024-03-12 12:00:00,1.0,3.0,0.043,0.16,46.0
2024-03-12 13:00:00,1.4,5.4,0.04,0.15,43.0
2024-03-12 14:00:00,2.0,6.2,0.04,0.37,44.0
2024-03-12 15:00:00,1.6,5.8,0.042,0.27,46.0
2024-03-12 16:00:00,1.8,6.7,0.04,0.21,48.0
2024-03-12 17:00:00,0.7,6.3,0.039,0.08,48.0
2024-03-12 18:00:00,0.7,9.0,0.035,0.0,47.0
2024-03-12 19:00:00,0.2,2.6,0.045,0.0,40.0
2024-03-12 20:00:00,0.2,2.4,0.045,0.0,35.0
2024-03-12 21:00:00,0.3,3.8,0.041,0.0,33.0
2024-03-12 22:00:00,0.5,6.8,0.036,0.0,34.0
2024-03-12 23:00:00,0.4,5.3,0.038,0.0,35.0
2024-03-13 00:00:00,0.1,6.7,0.035,0.0,36.0
2024-03-13 01:00:00,0.3,5.5,0.031,0.0,36.0
2024-03-13 02:00:00,0.2,3.8,0.031,0.0,36.0
2024-03-13 03:00:00,0.3,4.5,0.03,0.0,36.0
2024-03-13 04:00:00,0.6,7.4,0.03,0.0,37.0
2024-03-13 05:00:00,1.1,5.8,0.033,0.0,37.0
2024-03-13 06:00:00,0.6,5.1,0.031,0.0,37.0
2024-03-13 07:00:00,1.1,6.1,0.036,0.04,35.0
2024-03-13 08:00:00,2.2,4.3,0.039,0.14,33.0
2024-03-13 09:00:00,1.8,3.6,0.039,0.2,35.0
2024-03-13 10:00:00,1.3,2.3,0.04,0.36,35.0
2024-03-13 11:00:00,1.5,2.6,0.041,0.47,36.0
2024-03-13 12:00:00,1.0,2.3,0.042,0.54,38.0
2024-03-13 13:00:00,0.8,1.9,0.043,0.53,40.0
2024-03-13 14:00:00,0.5,1.6,0.043,0.32,39.0
2024-03-13 15:00:00,0.4,1.2,0.045,0.27,39.0
2024-03-13 16:00:00,0.7,1.6,0.043,0.21,39.0
2024-03-13 17:00:00,0.3,1.3,0.045,0.16,38.0
2024-03-13 18:00:00,0.4,1.4,0.045,0.03,37.0
2024-03-13 19:00:00,0.4,2.5,0.043,0.0,36.0
2024-03-13 20:00:00,0.3,6.4,0.036,0.0,34.0
2024-03-13 21:00:00,0.7,7.5,0.034,0.0,32.0
2024-03-13 22:00:00,0.6,9.3,0.032,0.0,32.0
2024-03-13 23:00:00,0.7,7.9,0.032,0.0,31.0
2024-03-14 00:00:00,0.6,6.7,0.032,0.0,30.0
2024-03-14 01:00:00,0.7,6.9,0.031,0.0,29.0
2024-03-14 02:00:00,1.0,8.6,0.028,0.0,29.0
2024-03-14 03:00:00,1.0,13.2,0.022,0.0,29.0
2024-03-14 04:00:00,1.9,16.2,0.021,0.0,30.0
2024-03-14 05:00:00,6.9,30.1,0.008,0.0,29.0
2024-03-14 06:00:00,17.6,34.6,0.003,0.0,28.0
2024-03-14 07:00:00,13.1,27.3,0.012,0.09,30.0
2024-03-14 08:00:00,10.7,18.1,0.023,0.37,34.0
2024-03-14 09:00:00,5.2,7.8,0.034,0.54,37.0
2024-03-14 10:00:00,4.2,6.3,0.037,0.65,39.0
2024-03-14 11:00:00,2.6,5.8,0.037,0.66,41.0
2024-03-14 12:00:00,1.9,4.6,0.038,0.56,42.0
2024-03-14 13:00:00,1.9,7.9,0.036,0.28,42.0
2024-03-14 14:00:00,2.7,7.4,0.036,0.4,44.0
2024-03-14 15:00:00,2.6,5.6,0.038,0.34,45.0
2024-03-14 16:00:00,0.8,5.1,0.038,0.15,44.0
2024-03-14 17:00:00,0.6,5.7,0.037,0.06,45.0
2024-03-14 18:00:00,0.8,6.3,0.036,0.01,44.0
2024-03-14 19:00:00,0.8,13.3,0.028,0.0,43.0
2024-03-14 20:00:00,0.4,3.4,0.041,0.0,44.0
2024-03-14 21:00:00,0.3,2.0,0.042,0.0,43.0
2024-03-14 22:00:00,0.3,1.9,0.042,0.0,43.0
2024-03-14 23:00:00,0.3,1.6,0.042,0.0,42.0
2024-03-15 00:00:00,0.3,1.4,0.042,0.0,42.0
2024-03-15 01:00:00,0.4,1.8,0.04,0.0,42.0
2024-03-15 02:00:00,0.4,1.7,0.04,0.0,42.0
2024-03-15 03:00:00,0.5,1.9,0.04,0.0,42.0
2024-03-15 04:00:00,,,0.038,0.0,40.0
2024-03-15 05:00:00,0.8,3.5,0.037,0.0,40.0
2024-03-15 06:00:00,1.0,4.2,0.037,0.01,40.0
2024-03-15 07:00:00,2.9,6.3,0.035,0.1,42.0
2024-03-15 08:00:00,2.4,6.0,0.035,0.17,42.0
2024-03-15 09:00:00,2.4,4.6,0.038,0.49,45.0
2024-03-15 10:00:00,2.4,3.7,0.04,1.04,48.0
2024-03-15 11:00:00,1.6,2.7,0.043,1.13,50.0
2024-03-15 12:00:00,1.5,2.5,0.045,1.14,52.0
2024-03-15 13:00:00,1.3,3.1,0.043,0.5,52.0
2024-03-15 14:00:00,1.4,3.7,0.042,0.34,52.0
2024-03-15 15:00:00,1.3,2.8,0.041,0.77,53.0
2024-03-15 16:00:00,0.9,2.7,0.041,0.39,53.0
2024-03-15 17:00:00,0.8,3.2,0.041,0.28,52.0
2024-03-15 18:00:00,0.5,2.9,0.041,0.04,51.0
2024-03-15 19:00:00,0.4,3.6,0.04,0.0,50.0
2024-03-15 20:00:00,0.5,3.5,0.04,0.0,50.0
2024-03-15 21:00:00,0.4,2.9,0.04,0.0,49.0
2024-03-15 22:00:00,0.4,2.7,0.041,0.0,49.0
2024-03-15 23:00:00,0.3,2.8,0.041,0.0,49.0
2024-03-16 00:00:00,0.4,2.6,0.039,0.0,49.0
2024-03-16 01:00:00,0.5,2.8,0.038,0.0,48.0
2024-03-16 02:00:00,0.4,3.0,0.037,0.0,47.0
2024-03-16 03:00:00,0.4,2.9,0.037,0.0,45.0
2024-03-16 04:00:00,0.3,2.6,0.037,0.0,46.0
2024-03-16 05:00:00,0.4,3.4,0.038,0.0,46.0
2024-03-16 06:00:00,0.9,6.7,0.036,0.01,44.0
2024-03-16 07:00:00,1.6,8.5,0.031,0.17,45.0
2024-03-16 08:00:00,1.5,3.9,0.039,0.5,49.0
2024-03-16 09:00:00,1.2,2.6,0.043,0.67,52.0
2024-03-16 10:00:00,1.1,2.4,0.045,0.66,52.0
2024-03-16 11:00:00,0.9,1.9,0.045,1.11,53.0
2024-03-16 12:00:00,0.9,2.0,0.045,0.85,54.0
2024-03-16 13:00:00,0.8,1.9,0.045,0.84,54.0
2024-03-16 14:00:00,0.9,2.3,0.046,1.09,56.0
2024-03-16 15:00:00,0.7,1.9,0.047,0.8,57.0
2024-03-16 16:00:00,0.8,2.5,0.048,0.49,57.0
2024-03-16 17:00:00,0.8,3.1,0.047,0.23,57.0
2024-03-16 18:00:00,0.4,5.2,0.042,0.02,55.0
2024-03-16 19:00:00,0.4,4.7,0.037,0.0,52.0
2024-03-16 20:00:00,0.3,2.2,0.038,0.0,51.0
2024-03-16 21:00:00,0.2,2.6,0.037,0.0,49.0
2024-03-16 22:00:00,0.4,2.2,0.037,0.0,48.0
2024-03-16 23:00:00,0.6,2.7,0.037,0.0,48.0
2024-03-17 00:00:00,0.4,2.2,0.036,0.0,47.0
2024-03-17 01:00:00,0.4,1.9,0.036,0.0,46.0
2024-03-17 02:00:00,0.4,2.1,0.036,0.0,45.0
2024-03-17 03:00:00,0.4,3.2,0.033,0.0,45.0
2024-03-17 04:00:00,,,0.033,0.0,45.0
2024-03-17 05:00:00,0.4,1.7,0.036,0.0,46.0
2024-03-17 06:00:00,0.7,10.5,0.024,0.01,44.0
2024-03-17 07:00:00,1.6,11.4,0.024,0.08,45.0
2024-03-17 08:00:00,1.1,2.6,0.033,0.52,49.0
2024-03-17 09:00:00,1.2,2.7,0.034,0.53,51.0
2024-03-17 10:00:00,0.8,1.4,0.037,0.92,54.0
2024-03-17 11:00:00,0.9,1.2,0.037,1.08,56.0
2024-03-17 12:00:00,0.7,1.2,0.039,1.14,57.0
2024-03-17 13:00:00,0.7,1.3,0.04,1.09,59.0
2024-03-17 14:00:00,0.5,1.1,0.041,0.99,60.0
2024-03-17 15:00:00,0.3,0.7,0.042,0.73,60.0
2024-03-17 16:00:00,0.3,0.7,0.042,0.58,60.0
2024-03-17 17:00:00,0.4,1.2,0.043,0.31,60.0
2024-03-17 18:00:00,0.2,2.3,0.039,0.04,56.0
2024-03-17 19:00:00,0.3,3.2,0.034,0.0,53.0
2024-03-17 20:00:00,0.4,2.5,0.035,0.0,52.0
2024-03-17 21:00:00,0.4,2.0,0.034,0.0,51.0
2024-03-17 22:00:00,0.7,3.3,0.034,0.0,50.0
2024-03-17 23:00:00,0.5,1.9,0.035,0.0,50.0
2024-03-18 00:00:00,0.4,1.2,0.035,0.0,49.0
2024-03-18 01:00:00,0.6,1.4,0.037,0.0,49.0
2024-03-18 02:00:00,0.3,3.0,0.032,0.0,47.0
2024-03-18 03:00:00,0.6,3.8,0.032,0.0,46.0
2024-03-18 04:00:00,0.8,3.8,0.033,0.0,47.0
2024-03-18 05:00:00,1.3,5.9,0.032,0.0,46.0
2024-03-18 06:00:00,1.4,6.6,0.031,0.01,46.0
2024-03-18 07:00:00,3.2,5.9,0.03,0.21,46.0
2024-03-18 08:00:00,2.2,3.4,0.033,0.48,50.0
2024-03-18 09:00:00,2.7,3.8,0.034,0.74,53.0
2024-03-18 10:00:00,3.1,3.2,0.036,0.95,56.0
2024-03-18 11:00:00,1.7,2.1,0.039,1.08,58.0
2024-03-18 12:00:00,0.6,0.9,0.042,1.13,60.0
2024-03-18 13:00:00,1.0,1.3,0.043,1.09,62.0
2024-03-18 14:00:00,0.9,1.9,0.045,0.96,62.0
2024-03-18 15:00:00,0.5,1.2,0.047,0.78,61.0
2024-03-18 16:00:00,0.4,0.9,0.048,0.54,62.0
2024-03-18 17:00:00,0.4,0.9,0.047,0.27,61.0
2024-03-18 18:00:00,0.4,5.5,0.04,0.04,57.0
2024-03-18 19:00:00,0.4,9.0,0.034,0.0,54.0
2024-03-18 20:00:00,0.6,16.2,0.023,0.0,52.0
2024-03-18 21:00:00,0.5,14.2,0.025,0.0,49.0
2024-03-18 22:00:00,0.5,7.8,0.028,0.0,47.0
2024-03-18 23:00:00,0.4,11.5,0.021,0.0,45.0
2024-03-19 00:00:00,0.8,9.3,0.025,0.0,44.0
2024-03-19 01:00:00,0.7,8.3,0.027,0.0,44.0
2024-03-19 02:00:00,0.6,7.4,0.028,0.0,44.0
2024-03-19 03:00:00,1.0,9.4,0.025,0.0,42.0
2024-03-19 04:00:00,0.9,8.9,0.027,0.0,42.0
2024-03-19 05:00:00,1.4,9.7,0.027,0.0,41.0
2024-03-19 06:00:00,1.6,7.1,0.029,0.02,41.0
2024-03-19 07:00:00,3.4,8.2,0.028,0.22,42.0
2024-03-19 08:00:00,4.5,7.3,0.031,0.49,46.0
2024-03-19 09:00:00,4.0,5.6,0.033,0.75,50.0
2024-03-19 10:00:00,3.2,5.5,0.035,0.95,56.0
2024-03-19 11:00:00,3.2,3.9,0.039,1.08,59.0
2024-03-19 12:00:00,1.7,3.5,0.043,1.13,62.0
2024-03-19 13:00:00,0.5,2.2,0.051,1.1,62.0
2024-03-19 14:00:00,0.6,1.8,0.052,0.98,63.0
2024-03-19 15:00:00,1.6,4.2,0.05,0.79,64.0
2024-03-19 16:00:00,1.1,4.6,0.051,0.55,64.0
2024-03-19 17:00:00,0.8,4.5,0.051,0.27,64.0
2024-03-19 18:00:00,0.7,8.1,0.039,0.04,60.0
2024-03-19 19:00:00,0.6,8.2,0.037,0.0,55.0
2024-03-19 20:00:00,1.4,9.2,0.029,0.0,52.0
2024-03-19 21:00:00,0.9,15.8,0.023,0.0,49.0
2024-03-19 22:00:00,0.6,8.6,0.031,0.0,47.0
2024-03-19 23:00:00,0.5,5.8,0.034,0.0,46.0
2024-03-20 00:00:00,0.5,7.9,0.035,0.0,46.0
2024-03-20 01:00:00,1.4,5.3,0.036,0.0,45.0
2024-03-20 02:00:00,0.6,6.9,0.035,0.0,44.0
2024-03-20 03:00:00,0.5,6.4,0.034,0.0,43.0
2024-03-20 04:00:00,0.7,6.6,0.033,0.0,42.0
2024-03-20 05:00:00,1.2,9.2,0.03,0.0,41.0
2024-03-20 06:00:00,1.9,10.1,0.03,0.02,41.0
2024-03-20 07:00:00,4.2,11.5,0.029,0.22,43.0
2024-03-20 08:00:00,10.6,14.0,0.028,0.49,47.0
2024-03-20 09:00:00,4.3,7.1,0.037,0.76,51.0
2024-03-20 10:00:00,4.3,7.3,0.039,0.96,56.0
2024-03-20 11:00:00,4.5,8.7,0.041,1.09,61.0
2024-03-20 12:00:00,2.7,5.7,0.045,1.14,64.0
2024-03-20 13:00:00,2.2,4.1,0.045,1.1,66.0
2024-03-20 14:00:00,1.4,2.6,0.045,0.98,65.0
2024-03-20 15:00:00,0.9,2.5,0.047,0.78,65.0
2024-03-20 16:00:00,0.6,2.3,0.048,0.55,66.0
2024-03-20 17:00:00,0.6,2.1,0.043,0.27,65.0
2024-03-20 18:00:00,0.9,3.8,0.036,0.05,61.0
2024-03-20 19:00:00,0.5,6.7,0.029,0.0,56.0
2024-03-20 20:00:00,0.4,12.3,0.024,0.0,54.0
2024-03-20 21:00:00,0.4,6.8,0.03,0.0,52.0
2024-03-20 22:00:00,0.3,4.4,0.032,0.0,51.0
2024-03-20 23:00:00,0.5,6.5,0.031,0.0,50.0
2024-03-21 00:00:00,0.4,5.4,0.033,0.0,48.0
2024-03-21 01:00:00,0.8,6.5,0.029,0.0,47.0
2024-03-21 02:00:00,0.8,5.2,0.03,0.0,45.0
2024-03-21 03:00:00,0.5,4.0,0.031,0.0,45.0
2024-03-21 04:00:00,1.4,6.9,0.028,0.0,44.0
2024-03-21 05:00:00,1.2,6.2,0.029,0.0,43.0
2024-03-21 06:00:00,1.7,6.8,0.029,0.02,43.0
2024-03-21 07:00:00,3.2,7.9,0.028,0.25,46.0
2024-03-21 08:00:00,2.9,7.5,0.028,0.26,47.0
2024-03-21 09:00:00,6.3,9.2,0.029,0.76,53.0
2024-03-21 10:00:00,4.8,10.3,0.029,0.43,55.0
2024-03-21 11:00:00,4.7,7.4,0.032,0.96,57.0
2024-03-21 12:00:00,2.9,5.3,0.037,0.78,58.0
2024-03-21 13:00:00,0.9,2.7,0.043,0.43,57.0
2024-03-21 14:00:00,0.9,2.0,0.046,0.86,60.0
2024-03-21 15:00:00,0.7,1.7,0.047,0.68,63.0
2024-03-21 16:00:00,0.5,1.6,0.046,0.49,61.0
2024-03-21 17:00:00,0.3,1.0,0.046,0.29,61.0
2024-03-21 18:00:00,0.3,2.0,0.042,0.05,58.0
2024-03-21 19:00:00,1.3,9.2,0.034,0.0,54.0
2024-03-21 20:00:00,0.3,6.6,0.033,0.0,52.0
2024-03-21 21:00:00,0.5,18.2,0.019,0.0,50.0
2024-03-21 22:00:00,0.9,19.3,0.016,0.0,47.0
2024-03-21 23:00:00,0.9,10.6,0.023,0.0,45.0
2024-03-22 00:00:00,0.9,7.9,0.024,0.0,44.0
2024-03-22 01:00:00,1.5,10.8,0.021,0.0,43.0
2024-03-22 02:00:00,1.4,7.2,0.027,0.0,43.0
2024-03-22 03:00:00,0.8,5.2,0.028,0.0,42.0
2024-03-22 04:00:00,,,0.03,0.0,42.0
2024-03-22 05:00:00,2.2,9.2,0.027,0.0,42.0
2024-03-22 06:00:00,1.6,7.1,0.029,0.02,42.0
2024-03-22 07:00:00,3.1,8.0,0.03,0.22,44.0
2024-03-22 08:00:00,3.5,6.0,0.031,0.43,46.0
2024-03-22 09:00:00,4.6,7.1,0.032,0.67,50.0
2024-03-22 10:00:00,2.7,4.3,0.038,0.97,56.0
2024-03-22 11:00:00,1.8,3.3,0.041,1.03,61.0
2024-03-22 12:00:00,1.0,2.4,0.045,0.95,64.0
2024-03-22 13:00:00,0.9,2.3,0.046,0.83,66.0
2024-03-22 14:00:00,0.4,1.5,0.046,0.36,65.0
2024-03-22 15:00:00,0.8,2.2,0.047,0.27,64.0
2024-03-22 16:00:00,1.0,2.4,0.045,0.17,61.0
2024-03-22 17:00:00,1.0,5.3,0.041,0.19,62.0
2024-03-22 18:00:00,0.5,3.8,0.042,0.02,59.0
2024-03-22 19:00:00,0.6,3.0,0.042,0.0,58.0
2024-03-22 20:00:00,0.5,3.3,0.041,0.0,57.0
2024-03-22 21:00:00,0.3,3.1,0.044,0.0,57.0
2024-03-22 22:00:00,0.2,2.5,0.044,0.0,56.0
2024-03-22 23:00:00,0.2,2.6,0.041,0.0,54.0
2024-03-23 00:00:00,0.3,6.7,0.036,0.0,51.0
2024-03-23 01:00:00,0.4,3.3,0.038,0.0,50.0
2024-03-23 02:00:00,0.4,2.0,0.038,0.0,49.0
2024-03-23 03:00:00,0.5,2.5,0.038,0.0,48.0
2024-03-23 04:00:00,0.4,3.0,0.04,0.0,49.0
2024-03-23 05:00:00,0.5,6.0,0.038,0.0,48.0
2024-03-23 06:00:00,0.7,5.8,0.04,0.02,49.0
2024-03-23 07:00:00,0.9,5.0,0.041,0.15,50.0
2024-03-23 08:00:00,1.1,4.9,0.041,0.2,51.0
2024-03-23 09:00:00,1.2,4.9,0.044,0.31,54.0
2024-03-23 10:00:00,0.9,4.1,0.048,0.26,56.0
2024-03-23 11:00:00,0.6,2.5,0.047,0.25,57.0
2024-03-23 12:00:00,0.5,1.9,0.045,0.2,56.0
2024-03-23 13:00:00,0.5,1.8,0.041,0.22,53.0
2024-03-23 14:00:00,0.8,3.1,0.043,0.24,54.0
2024-03-23 15:00:00,0.8,3.4,0.043,0.15,52.0
2024-03-23 16:00:00,0.6,2.9,0.043,0.1,52.0
2024-03-23 17:00:00,0.4,3.0,0.041,0.02,50.0
2024-03-23 18:00:00,0.4,3.0,0.04,0.01,47.0
2024-03-23 19:00:00,0.3,1.5,0.037,0.0,41.0
2024-03-23 20:00:00,0.1,1.3,0.043,0.0,36.0
2024-03-23 21:00:00,0.3,3.2,0.039,0.0,33.0
2024-03-23 22:00:00,0.3,5.5,0.037,0.0,33.0
2024-03-23 23:00:00,0.3,2.9,0.041,0.0,34.0
2024-03-24 00:00:00,0.3,4.9,0.039,0.0,34.0
2024-03-24 01:00:00,0.2,5.5,0.037,0.0,34.0
2024-03-24 02:00:00,0.4,5.9,0.037,0.0,34.0
2024-03-24 03:00:00,0.2,4.6,0.038,0.0,35.0
2024-03-24 04:00:00,,,0.035,0.0,35.0
2024-03-24 05:00:00,0.2,4.0,0.037,0.0,35.0
2024-03-24 06:00:00,0.4,7.3,0.034,0.01,35.0
2024-03-24 07:00:00,0.8,8.4,0.032,0.04,36.0
2024-03-24 08:00:00,1.4,6.4,0.031,0.15,35.0
2024-03-24 09:00:00,0.6,3.0,0.041,0.24,35.0
2024-03-24 10:00:00,0.9,2.3,0.043,0.29,38.0
2024-03-24 11:00:00,0.7,2.2,0.043,0.4,39.0
2024-03-24 12:00:00,0.4,1.4,0.044,0.51,40.0
2024-03-24 13:00:00,0.3,0.6,0.045,0.52,40.0
2024-03-24 14:00:00,0.3,0.7,0.044,0.58,42.0
2024-03-24 15:00:00,0.6,0.7,0.045,0.38,42.0
2024-03-24 16:00:00,0.4,1.0,0.044,0.24,41.0
2024-03-24 17:00:00,0.4,1.3,0.043,0.19,40.0
2024-03-24 18:00:00,0.2,1.3,0.043,0.05,39.0
2024-03-24 19:00:00,0.2,1.9,0.041,0.0,39.0
2024-03-24 20:00:00,0.2,1.5,0.041,0.0,39.0
2024-03-24 21:00:00,0.2,2.4,0.038,0.0,39.0
2024-03-24 22:00:00,0.1,1.8,0.041,0.0,35.0
2024-03-24 23:00:00,0.3,5.3,0.039,0.0,33.0
2024-03-25 00:00:00,0.2,2.6,0.04,0.0,34.0
2024-03-25 01:00:00,0.3,3.9,0.035,0.0,35.0
2024-03-25 02:00:00,0.3,3.4,0.035,0.0,36.0
2024-03-25 03:00:00,0.5,3.7,0.034,0.0,36.0
2024-03-25 04:00:00,0.6,3.1,0.036,0.0,36.0
2024-03-25 05:00:00,1.2,3.4,0.038,0.0,35.0
2024-03-25 06:00:00,0.5,8.4,0.034,0.0,35.0
2024-03-25 07:00:00,0.6,3.3,0.04,0.06,35.0
2024-03-25 08:00:00,1.7,3.8,0.039,0.16,35.0
2024-03-25 09:00:00,1.7,8.7,0.035,0.09,35.0
2024-03-25 10:00:00,7.0,15.4,0.03,0.26,35.0
2024-03-25 11:00:00,1.0,3.7,0.04,0.31,35.0
2024-03-25 12:00:00,4.1,8.1,0.038,0.61,38.0
2024-03-25 13:00:00,2.9,3.6,0.041,0.98,41.0
2024-03-25 14:00:00,1.5,2.0,0.043,0.88,45.0
2024-03-25 15:00:00,0.9,2.1,0.041,0.2,42.0
2024-03-25 16:00:00,1.3,2.8,0.04,0.55,39.0
2024-03-25 17:00:00,0.9,3.0,0.041,0.18,43.0
2024-03-25 18:00:00,0.4,2.4,0.039,0.02,39.0
2024-03-25 19:00:00,0.3,4.3,0.037,0.0,37.0
2024-03-25 20:00:00,0.6,12.5,0.025,0.0,36.0
2024-03-25 21:00:00,1.1,11.9,0.026,0.0,36.0
2024-03-25 22:00:00,0.4,7.7,0.028,0.0,36.0
2024-03-25 23:00:00,0.6,6.7,0.029,0.0,35.0
2024-03-26 00:00:00,0.5,8.1,0.026,0.0,35.0
2024-03-26 01:00:00,0.7,10.2,0.023,0.0,36.0
2024-03-26 02:00:00,0.8,7.3,0.026,0.0,36.0
2024-03-26 03:00:00,0.5,3.0,0.027,0.0,35.0
2024-03-26 04:00:00,0.9,6.0,0.023,0.0,35.0
2024-03-26 05:00:00,1.1,4.2,0.029,0.0,35.0
2024-03-26 06:00:00,2.0,6.4,0.026,0.02,35.0
2024-03-26 07:00:00,3.0,6.1,0.029,0.2,37.0
2024-03-26 08:00:00,1.7,2.9,0.035,0.23,39.0
2024-03-26 09:00:00,0.7,1.1,0.038,0.57,39.0
2024-03-26 10:00:00,1.0,1.4,0.041,0.63,41.0
2024-03-26 11:00:00,0.9,0.8,0.043,0.77,42.0
2024-03-26 12:00:00,0.5,0.9,0.043,0.35,42.0
2024-03-26 13:00:00,1.2,1.9,0.043,0.76,41.0
2024-03-26 14:00:00,1.3,1.8,0.043,1.21,43.0
2024-03-26 15:00:00,1.7,3.9,0.041,0.44,42.0
2024-03-26 16:00:00,1.9,3.7,0.042,0.38,44.0
2024-03-26 17:00:00,1.1,2.2,0.043,0.27,45.0
2024-03-26 18:00:00,0.8,2.2,0.04,0.04,41.0
2024-03-26 19:00:00,0.1,1.1,0.045,0.0,38.0
2024-03-26 20:00:00,0.3,2.5,0.041,0.0,36.0
2024-03-26 21:00:00,0.3,5.3,0.036,0.0,36.0
2024-03-26 22:00:00,0.3,6.3,0.033,0.0,36.0
2024-03-26 23:00:00,0.7,9.2,0.032,0.0,36.0
2024-03-27 00:00:00,0.4,4.3,0.035,0.0,36.0
2024-03-27 01:00:00,0.6,4.8,0.033,0.0,35.0
2024-03-27 02:00:00,0.8,16.2,0.019,0.0,35.0
2024-03-27 03:00:00,1.0,17.1,0.022,0.0,36.0
2024-03-27 04:00:00,5.8,23.9,0.015,0.0,35.0
2024-03-27 05:00:00,5.3,23.6,0.014,0.0,35.0
2024-03-27 06:00:00,6.8,24.3,0.014,0.01,34.0
2024-03-27 07:00:00,5.2,13.9,0.026,0.23,37.0
2024-03-27 08:00:00,6.4,8.3,0.032,0.56,41.0
2024-03-27 09:00:00,4.2,6.1,0.037,0.8,45.0
2024-03-27 10:00:00,3.3,4.9,0.04,0.85,47.0
2024-03-27 11:00:00,0.8,1.3,0.045,1.0,48.0
2024-03-27 12:00:00,2.3,1.7,0.047,0.86,50.0
2024-03-27 13:00:00,0.8,1.3,0.047,0.85,51.0
2024-03-27 14:00:00,0.8,1.6,0.048,0.74,51.0
2024-03-27 15:00:00,1.3,1.5,0.048,0.76,52.0
2024-03-27 16:00:00,0.9,1.5,0.048,0.57,53.0
2024-03-27 17:00:00,0.8,2.1,0.046,0.23,52.0
2024-03-27 18:00:00,0.6,6.4,0.043,0.02,50.0
2024-03-27 19:00:00,0.6,4.9,0.041,0.0,48.0
2024-03-27 20:00:00,0.8,3.2,0.043,0.0,48.0
2024-03-27 21:00:00,1.5,4.1,0.042,0.0,48.0
2024-03-27 22:00:00,0.4,2.7,0.043,0.0,47.0
2024-03-27 23:00:00,0.4,3.9,0.041,0.0,47.0
2024-03-28 00:00:00,0.7,4.4,0.039,0.0,46.0
2024-03-28 01:00:00,0.6,3.6,0.04,0.0,46.0
2024-03-28 02:00:00,0.6,3.5,0.04,0.0,46.0
2024-03-28 03:00:00,1.8,5.2,0.039,0.0,46.0
2024-03-28 04:00:00,0.7,3.3,0.04,0.0,47.0
2024-03-28 05:00:00,1.0,7.1,0.036,0.0,46.0
2024-03-28 06:00:00,1.4,9.3,0.034,0.0,46.0
2024-03-28 07:00:00,1.7,7.5,0.035,0.02,46.0
2024-03-28 08:00:00,2.5,11.4,0.034,0.05,47.0
2024-03-28 09:00:00,1.9,7.5,0.041,0.11,47.0
2024-03-28 10:00:00,2.0,5.0,0.044,0.24,47.0
2024-03-28 11:00:00,1.6,5.7,0.044,0.21,50.0
2024-03-28 12:00:00,1.4,6.1,0.044,0.18,52.0
2024-03-28 13:00:00,2.1,4.4,0.044,0.26,54.0
2024-03-28 14:00:00,1.1,4.7,0.042,0.06,48.0
2024-03-28 15:00:00,0.4,3.4,0.039,0.09,42.0
2024-03-28 16:00:00,0.4,3.4,0.04,0.04,40.0
2024-03-28 17:00:00,0.6,3.1,0.041,0.03,39.0
2024-03-28 18:00:00,0.3,3.5,0.042,0.0,36.0
2024-03-28 19:00:00,0.4,8.4,0.036,0.0,36.0
2024-03-28 20:00:00,0.3,6.9,0.035,0.0,37.0
2024-03-28 21:00:00,0.2,5.0,0.035,0.0,37.0
2024-03-28 22:00:00,0.2,8.8,0.031,0.0,37.0
2024-03-28 23:00:00,0.4,19.1,0.02,0.0,37.0
2024-03-29 00:00:00,0.8,14.8,0.025,0.0,37.0
2024-03-29 01:00:00,0.7,7.5,0.027,0.0,37.0
2024-03-29 02:00:00,0.8,6.7,0.031,0.0,38.0
2024-03-29 03:00:00,0.6,4.1,0.034,0.0,38.0
2024-03-29 04:00:00,,,0.031,0.0,38.0
2024-03-29 05:00:00,1.7,10.3,0.027,0.0,38.0
2024-03-29 06:00:00,6.4,17.4,0.023,0.03,38.0
2024-03-29 07:00:00,3.0,14.6,0.026,0.12,39.0
2024-03-29 08:00:00,2.5,7.4,0.037,0.24,41.0
2024-03-29 09:00:00,2.2,5.3,0.04,0.44,43.0
2024-03-29 10:00:00,2.4,4.1,0.042,0.81,47.0
2024-03-29 11:00:00,1.1,2.5,0.042,0.7,47.0
2024-03-29 12:00:00,0.9,1.7,0.045,0.8,47.0
2024-03-29 13:00:00,1.5,2.2,0.047,1.06,51.0
2024-03-29 14:00:00,1.3,3.1,0.048,0.77,52.0
2024-03-29 15:00:00,1.0,3.1,0.048,0.38,53.0
2024-03-29 16:00:00,0.8,3.1,0.048,0.22,51.0
2024-03-29 17:00:00,0.8,3.0,0.046,0.11,51.0
2024-03-29 18:00:00,1.1,4.8,0.045,0.01,49.0
2024-03-29 19:00:00,0.4,2.7,0.044,0.0,47.0
2024-03-29 20:00:00,0.4,2.7,0.043,0.0,45.0
2024-03-29 21:00:00,0.5,2.4,0.043,0.0,46.0
2024-03-29 22:00:00,0.5,3.2,0.043,0.0,46.0
2024-03-29 23:00:00,0.4,1.9,0.043,0.0,46.0
2024-03-30 00:00:00,0.5,2.8,0.04,0.0,45.0
2024-03-30 01:00:00,0.5,1.3,0.039,0.0,44.0
2024-03-30 02:00:00,0.4,1.6,0.04,0.0,46.0
2024-03-30 03:00:00,0.7,2.6,0.038,0.0,45.0
2024-03-30 04:00:00,0.5,3.6,0.035,0.0,46.0
2024-03-30 05:00:00,0.8,5.9,0.032,0.0,45.0
2024-03-30 06:00:00,0.6,5.1,0.033,0.01,45.0
2024-03-30 07:00:00,1.3,6.1,0.035,0.05,48.0
2024-03-30 08:00:00,0.9,2.9,0.042,0.12,47.0
2024-03-30 09:00:00,1.5,4.6,0.042,0.23,46.0
2024-03-30 10:00:00,1.5,3.7,0.041,0.41,46.0
2024-03-30 11:00:00,0.9,1.9,0.043,0.65,49.0
2024-03-30 12:00:00,1.0,2.0,0.044,0.51,51.0
2024-03-30 13:00:00,0.9,2.4,0.044,0.5,51.0
2024-03-30 14:00:00,0.7,2.1,0.044,0.4,51.0
2024-03-30 15:00:00,0.8,3.1,0.042,0.22,49.0
2024-03-30 16:00:00,0.7,2.6,0.041,0.1,47.0
2024-03-30 17:00:00,0.7,3.1,0.039,0.12,47.0
2024-03-30 18:00:00,0.6,3.1,0.039,0.02,46.0
2024-03-30 19:00:00,0.4,4.0,0.037,0.0,46.0
2024-03-30 20:00:00,0.8,4.1,0.035,0.0,46.0
2024-03-30 21:00:00,0.5,6.9,0.03,0.0,46.0
2024-03-30 22:00:00,0.5,8.9,0.027,0.0,45.0
2024-03-30 23:00:00,0.5,6.5,0.029,0.0,45.0
2024-03-31 00:00:00,0.5,3.1,0.031,0.0,45.0
2024-03-31 01:00:00,0.8,5.2,0.026,0.0,45.0
2024-03-31 02:00:00,0.6,4.7,0.028,0.0,44.0
2024-03-31 03:00:00,0.4,5.5,0.025,0.0,43.0
2024-03-31 04:00:00,,,0.032,0.0,42.0
2024-03-31 05:00:00,0.3,2.4,0.044,0.0,39.0
2024-03-31 06:00:00,0.3,2.6,0.047,0.01,39.0
2024-03-31 07:00:00,0.5,3.6,0.044,0.05,41.0
2024-03-31 08:00:00,0.3,1.3,0.046,0.08,39.0
2024-03-31 09:00:00,0.6,1.2,0.049,0.3,40.0
2024-03-31 10:00:00,0.4,0.7,0.048,0.67,45.0
2024-03-31 11:00:00,0.4,0.7,0.048,0.84,47.0
2024-03-31 12:00:00,0.4,0.7,0.048,0.51,48.0
2024-03-31 13:00:00,0.5,0.8,0.048,0.47,49.0
2024-03-31 14:00:00,0.4,0.7,0.049,0.71,51.0
2024-03-31 15:00:00,0.4,0.8,0.047,0.36,47.0
2024-03-31 16:00:00,0.5,1.3,0.046,0.13,44.0
2024-03-31 17:00:00,0.6,3.4,0.045,0.09,40.0
2024-03-31 18:00:00,0.5,3.0,0.044,0.03,41.0
2024-03-31 19:00:00,0.2,0.6,0.048,0.0,37.0
2024-03-31 20:00:00,0.5,3.9,0.046,0.0,36.0
2024-03-31 21:00:00,0.6,5.5,0.042,0.0,36.0
2024-03-31 22:00:00,0.6,7.7,0.038,0.0,37.0
2024-03-31 23:00:00,0.4,4.6,0.034,0.0,37.0
2024-04-01 00:00:00,0.5,5.9,0.036,0.0,37.0
2024-04-01 01:00:00,0.3,3.6,0.04,0.0,37.0
2024-04-01 02:00:00,0.3,1.9,0.039,0.0,36.0
2024-04-01 03:00:00,0.2,1.1,0.043,0.0,35.0
2024-04-01 04:00:00,0.5,6.1,0.036,0.0,35.0
2024-04-01 05:00:00,0.8,9.5,0.033,0.0,36.0
2024-04-01 06:00:00,2.0,12.5,0.029,0.01,36.0
2024-04-01 07:00:00,2.6,11.9,0.025,0.07,36.0
2024-04-01 08:00:00,3.0,11.8,0.027,0.2,38.0
2024-04-01 09:00:00,3.0,8.4,0.031,0.31,39.0
2024-04-01 10:00:00,2.7,5.3,0.036,0.52,42.0
2024-04-01 11:00:00,1.6,3.5,0.04,0.74,46.0
2024-04-01 12:00:00,1.7,4.8,0.041,0.3,44.0
2024-04-01 13:00:00,1.9,4.3,0.042,0.63,43.0
2024-04-01 14:00:00,2.4,5.0,0.042,1.03,48.0
2024-04-01 15:00:00,1.1,2.6,0.043,0.73,50.0
2024-04-01 16:00:00,0.4,1.2,0.04,0.31,47.0
2024-04-01 17:00:00,0.4,1.7,0.04,0.18,47.0
2024-04-01 18:00:00,0.4,2.1,0.038,0.06,46.0
2024-04-01 19:00:00,0.3,2.8,0.038,0.0,45.0
2024-04-01 20:00:00,0.3,4.2,0.035,0.0,44.0
2024-04-01 21:00:00,0.2,4.9,0.031,0.0,43.0
2024-04-01 22:00:00,0.7,13.0,0.019,0.0,40.0
2024-04-01 23:00:00,0.8,12.9,0.021,0.0,40.0
2024-04-02 00:00:00,1.2,16.4,0.015,0.0,38.0
2024-04-02 01:00:00,1.0,12.3,0.017,0.0,37.0
2024-04-02 02:00:00,1.1,13.5,0.017,0.0,36.0
2024-04-02 03:00:00,1.8,10.8,0.018,0.0,35.0
2024-04-02 04:00:00,1.6,10.9,0.022,0.0,37.0
2024-04-02 05:00:00,5.7,21.9,0.014,0.0,37.0
2024-04-02 06:00:00,7.3,18.9,0.017,0.06,37.0
2024-04-02 07:00:00,6.4,11.9,0.025,0.32,41.0
2024-04-02 08:00:00,4.6,6.4,0.032,0.61,45.0
2024-04-02 09:00:00,3.2,4.7,0.033,0.86,47.0
2024-04-02 10:00:00,2.7,4.5,0.035,1.06,50.0
2024-04-02 11:00:00,1.8,3.4,0.039,1.16,52.0
2024-04-02 12:00:00,1.0,2.3,0.043,1.23,53.0
2024-04-02 13:00:00,0.4,1.1,0.05,1.18,55.0
2024-04-02 14:00:00,0.4,1.4,0.051,1.04,58.0
2024-04-02 15:00:00,0.7,2.3,0.051,0.85,56.0
2024-04-02 16:00:00,1.0,3.5,0.053,0.61,58.0
2024-04-02 17:00:00,1.3,4.5,0.052,0.34,58.0
2024-04-02 18:00:00,0.9,6.1,0.045,0.08,56.0
2024-04-02 19:00:00,0.6,9.9,0.035,0.0,52.0
2024-04-02 20:00:00,0.3,9.7,0.034,0.0,50.0
2024-04-02 21:00:00,0.5,11.7,0.028,0.0,48.0
2024-04-02 22:00:00,1.1,17.1,0.025,0.0,46.0
2024-04-02 23:00:00,0.8,8.4,0.035,0.0,45.0
2024-04-03 00:00:00,0.4,5.5,0.034,0.0,44.0
2024-04-03 01:00:00,0.4,4.4,0.034,0.0,43.0
2024-04-03 02:00:00,0.6,5.2,0.033,0.0,42.0
2024-04-03 03:00:00,0.5,4.4,0.035,0.0,42.0
2024-04-03 04:00:00,0.8,7.9,0.031,0.0,42.0
2024-04-03 05:00:00,1.2,8.7,0.029,0.0,41.0
2024-04-03 06:00:00,2.8,10.5,0.026,0.07,40.0
2024-04-03 07:00:00,3.0,6.3,0.031,0.32,44.0
2024-04-03 08:00:00,7.2,8.7,0.032,0.61,47.0
2024-04-03 09:00:00,3.6,5.6,0.035,0.86,53.0
2024-04-03 10:00:00,2.9,5.1,0.038,1.06,57.0
2024-04-03 11:00:00,1.6,3.9,0.045,1.18,61.0
2024-04-03 12:00:00,1.9,4.2,0.044,1.22,62.0
2024-04-03 13:00:00,0.9,3.1,0.048,1.18,64.0
2024-04-03 14:00:00,0.6,2.4,0.05,1.05,66.0
2024-04-03 15:00:00,0.7,2.4,0.051,0.86,66.0
2024-04-03 16:00:00,0.4,1.8,0.051,0.62,67.0
2024-04-03 17:00:00,0.5,2.5,0.05,0.34,67.0
2024-04-03 18:00:00,0.5,7.5,0.046,0.09,66.0
2024-04-03 19:00:00,0.6,11.9,0.036,0.0,62.0
2024-04-03 20:00:00,0.3,5.5,0.037,0.0,57.0
2024-04-03 21:00:00,0.3,3.2,0.037,0.0,58.0
2024-04-03 22:00:00,0.4,1.7,0.041,0.0,60.0
2024-04-03 23:00:00,0.4,2.4,0.038,0.0,57.0
2024-04-04 00:00:00,0.5,2.4,0.037,0.0,55.0
2024-04-04 01:00:00,0.4,5.7,0.032,0.0,53.0
2024-04-04 02:00:00,0.5,5.2,0.033,0.0,52.0
2024-04-04 03:00:00,0.6,6.2,0.028,0.0,50.0
2024-04-04 04:00:00,1.0,7.9,0.025,0.0,47.0
2024-04-04 05:00:00,1.9,10.5,0.027,0.0,49.0
2024-04-04 06:00:00,2.0,7.7,0.026,0.12,49.0
2024-04-04 07:00:00,5.1,12.0,0.025,0.27,52.0
2024-04-04 08:00:00,4.5,7.6,0.033,0.57,58.0
2024-04-04 09:00:00,2.3,3.4,0.038,0.98,61.0
2024-04-04 10:00:00,1.7,2.5,0.041,1.1,63.0
2024-04-04 11:00:00,2.1,2.6,0.045,1.23,66.0
2024-04-04 12:00:00,0.9,1.8,0.049,1.24,69.0
2024-04-04 13:00:00,1.1,1.9,0.052,1.03,71.0
2024-04-04 14:00:00,1.0,1.6,0.053,1.09,73.0
2024-04-04 15:00:00,1.1,1.8,0.053,0.87,73.0
2024-04-04 16:00:00,1.1,1.6,0.051,0.59,72.0
2024-04-04 17:00:00,0.5,1.9,0.049,0.27,71.0
2024-04-04 18:00:00,0.3,1.8,0.048,0.05,70.0
2024-04-04 19:00:00,0.3,2.7,0.046,0.0,68.0
2024-04-04 20:00:00,0.3,2.5,0.044,0.0,66.0
2024-04-04 21:00:00,0.2,2.6,0.04,0.0,60.0
2024-04-04 22:00:00,0.2,3.6,0.043,0.0,60.0
2024-04-04 23:00:00,0.2,5.1,0.037,0.0,58.0
2024-04-05 00:00:00,0.3,5.8,0.042,0.0,58.0
2024-04-05 01:00:00,0.3,0.8,0.054,0.0,61.0
2024-04-05 02:00:00,0.2,0.9,0.054,0.0,59.0
2024-04-05 03:00:00,0.6,3.2,0.051,0.0,58.0
2024-04-05 04:00:00,,,0.049,0.0,56.0
2024-04-05 05:00:00,0.9,9.6,0.04,0.0,53.0
2024-04-05 06:00:00,2.8,15.8,0.036,0.07,51.0
2024-04-05 07:00:00,4.0,12.5,0.043,0.33,57.0
2024-04-05 08:00:00,2.1,4.4,0.055,0.63,59.0
2024-04-05 09:00:00,0.9,1.4,0.057,0.87,60.0
2024-04-05 10:00:00,1.0,1.4,0.051,1.03,59.0
2024-04-05 11:00:00,0.6,1.1,0.043,0.64,53.0
2024-04-05 12:00:00,0.6,1.0,0.044,0.41,47.0
2024-04-05 13:00:00,0.7,1.4,0.048,0.26,43.0
2024-04-05 14:00:00,0.9,1.5,0.049,0.21,42.0
2024-04-05 15:00:00,0.9,2.0,0.052,0.4,46.0
2024-04-05 16:00:00,0.7,1.6,0.053,0.4,48.0
2024-04-05 17:00:00,0.5,0.9,0.052,0.29,49.0
2024-04-05 18:00:00,0.2,0.7,0.051,0.02,46.0
2024-04-05 19:00:00,0.3,1.5,0.05,0.0,42.0
2024-04-05 20:00:00,0.2,0.8,0.051,0.0,42.0
2024-04-05 21:00:00,0.4,2.8,0.046,0.0,39.0
2024-04-05 22:00:00,0.6,4.7,0.037,0.0,38.0
2024-04-05 23:00:00,0.3,3.7,0.037,0.0,36.0
2024-04-06 00:00:00,0.3,4.6,0.04,0.0,37.0
2024-04-06 01:00:00,0.5,3.7,0.038,0.0,36.0
2024-04-06 02:00:00,0.3,3.2,0.038,0.0,35.0
2024-04-06 03:00:00,0.3,1.3,0.04,0.0,35.0
2024-04-06 04:00:00,0.3,0.9,0.041,0.0,35.0
2024-04-06 05:00:00,0.4,1.2,0.042,0.0,32.0
2024-04-06 06:00:00,0.3,1.8,0.041,0.02,32.0
2024-04-06 07:00:00,0.9,3.2,0.039,0.08,33.0
2024-04-06 08:00:00,0.4,1.2,0.038,0.14,34.0
2024-04-06 09:00:00,0.4,0.6,0.042,0.62,38.0
2024-04-06 10:00:00,0.4,0.9,0.043,0.28,37.0
2024-04-06 11:00:00,0.4,1.0,0.043,0.25,36.0
2024-04-06 12:00:00,0.5,1.1,0.042,0.43,37.0
2024-04-06 13:00:00,0.4,0.9,0.044,0.63,38.0
2024-04-06 14:00:00,0.3,0.7,0.044,0.49,38.0
2024-04-06 15:00:00,0.4,0.9,0.044,0.42,40.0
2024-04-06 16:00:00,0.3,1.1,0.044,0.34,40.0
2024-04-06 17:00:00,0.2,1.4,0.043,0.21,39.0
2024-04-06 18:00:00,0.3,1.6,0.042,0.09,39.0
2024-04-06 19:00:00,0.1,2.0,0.04,0.0,38.0
2024-04-06 20:00:00,0.2,3.2,0.037,0.0,38.0
2024-04-06 21:00:00,0.2,4.7,0.035,0.0,37.0
2024-04-06 22:00:00,0.3,3.6,0.033,0.0,37.0
2024-04-06 23:00:00,0.2,1.4,0.036,0.0,37.0
2024-04-07 00:00:00,0.2,2.1,0.034,0.0,36.0
2024-04-07 01:00:00,0.4,4.6,0.029,0.0,34.0
2024-04-07 02:00:00,0.5,4.2,0.027,0.0,33.0
2024-04-07 03:00:00,0.4,5.1,0.026,0.0,32.0
2024-04-07 04:00:00,,,0.026,0.0,33.0
2024-04-07 05:00:00,0.4,6.0,0.026,0.0,34.0
2024-04-07 06:00:00,0.6,4.7,0.025,0.05,34.0
2024-04-07 07:00:00,2.7,7.2,0.026,0.18,36.0
2024-04-07 08:00:00,1.3,2.7,0.034,0.5,40.0
2024-04-07 09:00:00,0.7,1.1,0.04,0.84,43.0
2024-04-07 10:00:00,0.4,0.8,0.043,1.05,43.0
2024-04-07 11:00:00,0.3,0.5,0.047,1.04,45.0
2024-04-07 12:00:00,0.3,0.4,0.048,1.12,45.0
2024-04-07 13:00:00,0.4,0.5,0.049,1.22,46.0
2024-04-07 14:00:00,0.2,0.3,0.048,1.02,46.0
2024-04-07 15:00:00,0.3,0.4,0.048,0.85,47.0
2024-04-07 16:00:00,0.3,0.6,0.049,0.63,47.0
2024-04-07 17:00:00,0.4,1.1,0.049,0.36,47.0
2024-04-07 18:00:00,0.3,1.8,0.046,0.09,45.0
2024-04-07 19:00:00,0.3,2.6,0.042,0.0,43.0
2024-04-07 20:00:00,0.2,4.0,0.036,0.0,41.0
2024-04-07 21:00:00,0.3,8.0,0.031,0.0,40.0
2024-04-07 22:00:00,0.8,12.2,0.025,0.0,37.0
2024-04-07 23:00:00,0.9,11.5,0.024,0.0,35.0
2024-04-08 00:00:00,2.4,10.7,0.027,0.0,35.0
2024-04-08 01:00:00,1.1,9.9,0.025,0.0,33.0
2024-04-08 02:00:00,0.9,7.6,0.026,0.0,32.0
2024-04-08 03:00:00,1.0,5.9,0.027,0.0,32.0
2024-04-08 04:00:00,1.1,10.4,0.024,0.0,31.0
2024-04-08 05:00:00,3.8,11.1,0.022,0.0,31.0
2024-04-08 06:00:00,4.2,11.5,0.022,0.09,31.0
2024-04-08 07:00:00,4.7,7.5,0.027,0.35,34.0
2024-04-08 08:00:00,5.5,6.5,0.033,0.64,40.0
2024-04-08 09:00:00,1.7,3.2,0.039,0.9,45.0
2024-04-08 10:00:00,1.1,2.0,0.045,0.9,46.0
2024-04-08 11:00:00,0.7,1.9,0.047,0.67,44.0
2024-04-08 12:00:00,1.1,2.3,0.047,1.11,46.0
2024-04-08 13:00:00,1.7,3.3,0.047,1.16,48.0
2024-04-08 14:00:00,1.7,3.5,0.047,1.08,50.0
2024-04-08 15:00:00,1.2,3.2,0.05,0.89,50.0
2024-04-08 16:00:00,0.8,2.8,0.05,0.65,50.0
2024-04-08 17:00:00,1.0,3.5,0.048,0.42,50.0
2024-04-08 18:00:00,0.5,3.3,0.046,0.1,48.0
2024-04-08 19:00:00,0.3,2.9,0.044,0.0,46.0
2024-04-08 20:00:00,0.3,2.7,0.043,0.0,44.0
2024-04-08 21:00:00,0.2,2.6,0.04,0.0,43.0
2024-04-08 22:00:00,0.2,5.0,0.035,0.0,41.0
2024-04-08 23:00:00,0.4,8.1,0.031,0.0,40.0
2024-04-09 00:00:00,1.8,8.0,0.03,0.0,38.0
2024-04-09 01:00:00,1.0,6.0,0.03,0.0,37.0
2024-04-09 02:00:00,1.0,8.0,0.026,0.0,35.0
2024-04-09 03:00:00,1.0,7.4,0.026,0.0,34.0
2024-04-09 04:00:00,1.8,10.2,0.021,0.0,33.0
2024-04-09 05:00:00,2.3,10.8,0.021,0.0,33.0
2024-04-09 06:00:00,5.1,14.7,0.02,0.1,34.0
2024-04-09 07:00:00,5.5,9.9,0.026,0.36,38.0
2024-04-09 08:00:00,3.4,5.6,0.035,0.64,42.0
2024-04-09 09:00:00,2.6,4.7,0.039,0.9,48.0
2024-04-09 10:00:00,1.2,2.8,0.043,1.09,49.0
2024-04-09 11:00:00,1.1,2.0,0.047,1.21,51.0
2024-04-09 12:00:00,1.5,2.9,0.047,1.24,52.0
2024-04-09 13:00:00,1.8,3.8,0.047,1.18,53.0
2024-04-09 14:00:00,1.3,2.8,0.049,1.06,55.0
2024-04-09 15:00:00,0.8,2.1,0.049,0.87,55.0
2024-04-09 16:00:00,0.6,1.7,0.048,0.64,55.0
2024-04-09 17:00:00,0.5,1.8,0.046,0.37,55.0
2024-04-09 18:00:00,1.0,3.2,0.042,0.11,53.0
2024-04-09 19:00:00,0.3,3.6,0.038,0.0,50.0
2024-04-09 20:00:00,0.4,5.5,0.035,0.0,49.0
2024-04-09 21:00:00,0.6,18.2,0.021,0.0,47.0
2024-04-09 22:00:00,0.8,14.5,0.022,0.0,46.0
2024-04-09 23:00:00,0.7,12.2,0.019,0.0,43.0
2024-04-10 00:00:00,1.0,8.9,0.026,0.0,43.0
2024-04-10 01:00:00,1.4,8.4,0.024,0.0,42.0
2024-04-10 02:00:00,0.9,9.0,0.022,0.0,42.0
2024-04-10 03:00:00,1.0,11.1,0.019,0.0,40.0
2024-04-10 04:00:00,1.2,11.4,0.022,0.0,41.0
2024-04-10 05:00:00,3.6,18.7,0.013,0.0,41.0
2024-04-10 06:00:00,17.2,26.3,0.008,0.13,42.0
2024-04-10 07:00:00,12.7,14.2,0.019,0.37,46.0
2024-04-10 08:00:00,5.6,8.7,0.029,0.65,50.0
2024-04-10 09:00:00,3.8,6.4,0.036,0.9,54.0
2024-04-10 10:00:00,1.6,3.4,0.041,1.1,57.0
2024-04-10 11:00:00,1.1,2.3,0.045,1.21,58.0
2024-04-10 12:00:00,1.2,2.5,0.047,1.25,60.0
2024-04-10 13:00:00,0.8,2.0,0.05,1.2,61.0
2024-04-10 14:00:00,1.2,2.1,0.053,1.07,62.0
2024-04-10 15:00:00,0.9,2.7,0.054,0.88,63.0
2024-04-10 16:00:00,0.5,1.7,0.054,0.64,62.0
2024-04-10 17:00:00,0.4,1.8,0.052,0.37,61.0
2024-04-10 18:00:00,0.5,2.7,0.047,0.11,57.0
2024-04-10 19:00:00,0.2,2.9,0.045,0.0,54.0
2024-04-10 20:00:00,0.2,4.9,0.041,0.0,51.0
2024-04-10 21:00:00,0.4,11.8,0.031,0.0,50.0
2024-04-10 22:00:00,0.4,4.7,0.04,0.0,47.0
2024-04-10 23:00:00,0.5,3.7,0.039,0.0,47.0
2024-04-11 00:00:00,0.7,5.3,0.037,0.0,46.0
2024-04-11 01:00:00,0.5,3.5,0.036,0.0,43.0
2024-04-11 02:00:00,0.5,3.7,0.037,0.0,43.0
2024-04-11 03:00:00,0.7,5.5,0.035,0.0,43.0
2024-04-11 04:00:00,1.8,10.2,0.031,0.0,42.0
2024-04-11 05:00:00,1.3,8.8,0.031,0.0,41.0
2024-04-11 06:00:00,3.1,9.0,0.032,0.11,42.0
2024-04-11 07:00:00,4.4,7.8,0.032,0.37,44.0
2024-04-11 08:00:00,3.5,5.6,0.037,0.66,48.0
2024-04-11 09:00:00,3.1,5.2,0.04,0.92,55.0
2024-04-11 10:00:00,2.8,5.4,0.042,1.11,61.0
2024-04-11 11:00:00,2.5,4.9,0.043,1.22,62.0
2024-04-11 12:00:00,1.5,2.8,0.047,1.26,65.0
2024-04-11 13:00:00,2.5,2.3,0.047,1.22,67.0
2024-04-11 14:00:00,1.1,2.2,0.05,1.09,69.0
2024-04-11 15:00:00,1.2,2.5,0.049,0.9,71.0
2024-04-11 16:00:00,0.8,2.3,0.048,0.66,71.0
2024-04-11 17:00:00,0.6,2.4,0.047,0.38,70.0
2024-04-11 18:00:00,0.6,5.1,0.041,0.12,69.0
2024-04-11 19:00:00,0.7,6.0,0.036,0.0,64.0
2024-04-11 20:00:00,0.4,5.0,0.035,0.0,61.0
2024-04-11 21:00:00,0.3,1.9,0.037,0.0,58.0
2024-04-11 22:00:00,0.4,2.6,0.037,0.0,59.0
2024-04-11 23:00:00,0.4,3.9,0.036,0.0,58.0
2024-04-12 00:00:00,0.5,3.2,0.036,0.0,57.0
2024-04-12 01:00:00,0.4,3.0,0.037,0.0,57.0
2024-04-12 02:00:00,0.5,3.8,0.035,0.0,55.0
2024-04-12 03:00:00,0.5,3.4,0.036,0.0,55.0
2024-04-12 04:00:00,,,0.036,0.0,55.0
2024-04-12 05:00:00,1.0,4.7,0.034,0.0,54.0
2024-04-12 06:00:00,1.5,5.2,0.034,0.12,55.0
2024-04-12 07:00:00,6.9,7.7,0.033,0.38,58.0
2024-04-12 08:00:00,7.3,5.3,0.036,0.67,62.0
2024-04-12 09:00:00,2.6,4.3,0.037,0.92,66.0
2024-04-12 10:00:00,2.3,4.2,0.041,1.12,71.0
2024-04-12 11:00:00,2.0,3.2,0.045,1.23,74.0
2024-04-12 12:00:00,0.8,1.5,0.048,1.19,77.0
2024-04-12 13:00:00,0.9,2.4,0.05,0.82,76.0
2024-04-12 14:00:00,1.2,2.4,0.052,0.72,77.0
2024-04-12 15:00:00,0.9,2.6,0.052,0.64,77.0
2024-04-12 16:00:00,0.8,2.6,0.05,0.22,75.0
2024-04-12 17:00:00,0.4,2.5,0.051,0.26,73.0
2024-04-12 18:00:00,0.4,2.6,0.052,0.05,72.0
2024-04-12 19:00:00,0.3,3.6,0.051,0.0,69.0
2024-04-12 20:00:00,1.1,4.5,0.054,0.0,67.0
2024-04-12 21:00:00,0.3,3.1,0.054,0.0,67.0
2024-04-12 22:00:00,0.2,3.4,0.052,0.0,65.0
2024-04-12 23:00:00,0.3,3.6,0.05,0.0,63.0
2024-04-13 00:00:00,0.2,3.9,0.046,0.0,60.0
2024-04-13 01:00:00,0.2,3.8,0.044,0.0,57.0
2024-04-13 02:00:00,0.2,2.1,0.042,0.0,54.0
2024-04-13 03:00:00,0.4,3.2,0.04,0.0,52.0
2024-04-13 04:00:00,0.3,2.3,0.041,0.0,52.0
2024-04-13 05:00:00,0.4,2.4,0.039,0.0,50.0
2024-04-13 06:00:00,1.1,6.1,0.036,0.12,50.0
2024-04-13 07:00:00,1.8,5.9,0.041,0.38,55.0
2024-04-13 08:00:00,1.9,4.7,0.044,0.67,60.0
2024-04-13 09:00:00,1.2,3.0,0.052,0.93,66.0
2024-04-13 10:00:00,0.6,1.5,0.057,1.12,70.0
2024-04-13 11:00:00,0.4,1.0,0.057,1.24,72.0
2024-04-13 12:00:00,0.4,0.8,0.057,1.28,74.0
2024-04-13 13:00:00,0.5,0.7,0.059,1.23,74.0
2024-04-13 14:00:00,0.4,0.7,0.06,1.11,75.0
2024-04-13 15:00:00,0.3,0.7,0.059,0.91,76.0
2024-04-13 16:00:00,0.3,0.8,0.058,0.67,76.0
2024-04-13 17:00:00,0.4,1.0,0.058,0.39,75.0
2024-04-13 18:00:00,0.3,3.1,0.056,0.12,73.0
2024-04-13 19:00:00,0.3,7.1,0.048,0.0,69.0
2024-04-13 20:00:00,0.3,7.6,0.048,0.0,66.0
2024-04-13 21:00:00,0.2,4.3,0.05,0.0,65.0
2024-04-13 22:00:00,0.2,1.4,0.053,0.0,65.0
2024-04-13 23:00:00,0.3,5.1,0.046,0.0,61.0
2024-04-14 00:00:00,0.2,3.4,0.044,0.0,57.0
2024-04-14 01:00:00,0.3,1.8,0.047,0.0,57.0
2024-04-14 02:00:00,0.2,1.3,0.047,0.0,55.0
2024-04-14 03:00:00,0.3,2.7,0.045,0.0,54.0
2024-04-14 04:00:00,,,0.044,0.0,53.0
2024-04-14 05:00:00,0.6,4.9,0.044,0.0,52.0
2024-04-14 06:00:00,0.9,4.2,0.041,0.13,52.0
2024-04-14 07:00:00,2.0,5.6,0.042,0.4,55.0
2024-04-14 08:00:00,1.1,2.5,0.048,0.69,60.0
2024-04-14 09:00:00,0.8,1.9,0.054,0.94,65.0
2024-04-14 10:00:00,0.4,0.6,0.054,1.13,66.0
2024-04-14 11:00:00,0.4,0.5,0.053,1.25,65.0
2024-04-14 12:00:00,0.3,0.5,0.054,1.21,66.0
2024-04-14 13:00:00,0.2,0.4,0.054,0.61,65.0
2024-04-14 14:00:00,0.2,0.4,0.054,0.48,65.0
2024-04-14 15:00:00,0.4,0.5,0.054,0.36,66.0
2024-04-14 16:00:00,0.4,0.6,0.057,0.39,65.0
2024-04-14 17:00:00,0.3,0.9,0.059,0.12,62.0
2024-04-14 18:00:00,0.3,1.5,0.058,0.05,61.0
2024-04-14 19:00:00,0.2,1.8,0.062,0.0,59.0
2024-04-14 20:00:00,0.2,0.4,0.066,0.0,57.0
2024-04-14 21:00:00,0.1,1.5,0.061,0.0,55.0
2024-04-14 22:00:00,0.2,0.8,0.057,0.0,51.0
2024-04-14 23:00:00,0.3,0.8,0.056,0.0,50.0
2024-04-15 00:00:00,0.1,1.2,0.055,0.0,44.0
2024-04-15 01:00:00,0.3,1.5,0.054,0.0,43.0
2024-04-15 02:00:00,0.2,2.1,0.053,0.0,43.0
2024-04-15 03:00:00,0.2,2.9,0.053,0.0,43.0
2024-04-15 04:00:00,0.4,4.7,0.045,0.0,43.0
2024-04-15 05:00:00,0.9,7.1,0.038,0.0,42.0
2024-04-15 06:00:00,1.3,10.4,0.038,0.05,43.0
2024-04-15 07:00:00,1.0,8.4,0.044,0.14,44.0
2024-04-15 08:00:00,1.6,3.7,0.05,0.27,45.0
2024-04-15 09:00:00,0.3,0.8,0.056,0.25,43.0
2024-04-15 10:00:00,0.6,1.3,0.052,0.26,43.0
2024-04-15 11:00:00,0.3,1.0,0.053,0.32,45.0
2024-04-15 12:00:00,0.7,3.8,0.051,0.26,45.0
2024-04-15 13:00:00,1.0,2.1,0.053,0.27,45.0
2024-04-15 14:00:00,0.8,2.4,0.052,0.37,45.0
2024-04-15 15:00:00,1.2,5.0,0.046,0.16,44.0
2024-04-15 16:00:00,1.6,6.7,0.041,0.1,45.0
2024-04-15 17:00:00,0.9,3.2,0.045,0.08,45.0
2024-04-15 18:00:00,0.5,7.7,0.04,0.01,45.0
2024-04-15 19:00:00,0.3,9.1,0.036,0.0,45.0
2024-04-15 20:00:00,0.4,9.3,0.036,0.0,44.0
2024-04-15 21:00:00,0.3,7.0,0.038,0.0,45.0
2024-04-15 22:00:00,0.3,2.0,0.039,0.0,45.0
2024-04-15 23:00:00,0.2,1.5,0.04,0.0,44.0
2024-04-16 00:00:00,0.3,1.3,0.041,0.0,45.0
2024-04-16 01:00:00,0.5,5.3,0.036,0.0,46.0
2024-04-16 02:00:00,0.3,3.9,0.035,0.0,46.0
2024-04-16 03:00:00,0.6,4.3,0.035,0.0,46.0
2024-04-16 04:00:00,0.8,4.7,0.035,0.0,45.0
2024-04-16 05:00:00,1.2,6.3,0.032,0.0,43.0
2024-04-16 06:00:00,4.8,16.7,0.022,0.05,43.0
2024-04-16 07:00:00,8.6,14.2,0.025,0.39,47.0
2024-04-16 08:00:00,4.4,7.0,0.035,0.69,51.0
2024-04-16 09:00:00,1.7,2.2,0.041,0.93,55.0
2024-04-16 10:00:00,2.1,2.3,0.043,1.13,57.0
2024-04-16 11:00:00,0.7,1.2,0.045,1.25,59.0
2024-04-16 12:00:00,0.5,1.0,0.046,1.28,61.0
2024-04-16 13:00:00,0.5,0.8,0.046,1.22,61.0
2024-04-16 14:00:00,0.5,0.7,0.046,1.09,63.0
2024-04-16 15:00:00,0.5,0.9,0.046,0.88,64.0
2024-04-16 16:00:00,0.6,1.2,0.046,0.64,65.0
2024-04-16 17:00:00,0.3,0.9,0.046,0.35,64.0
2024-04-16 18:00:00,0.3,1.3,0.045,0.06,62.0
2024-04-16 19:00:00,0.4,12.1,0.031,0.0,60.0
2024-04-16 20:00:00,0.5,6.8,0.033,0.0,56.0
2024-04-16 21:00:00,0.4,4.4,0.035,0.0,55.0
2024-04-16 22:00:00,0.3,3.3,0.033,0.0,53.0
2024-04-16 23:00:00,0.5,3.7,0.03,0.0,51.0
2024-04-17 00:00:00,0.5,3.8,0.031,0.0,52.0
2024-04-17 01:00:00,0.4,4.7,0.031,0.0,52.0
2024-04-17 02:00:00,0.5,4.6,0.028,0.0,51.0
2024-04-17 03:00:00,0.6,6.0,0.027,0.0,50.0
2024-04-17 04:00:00,1.0,8.6,0.023,0.0,49.0
2024-04-17 05:00:00,2.9,16.8,0.014,0.0,47.0
2024-04-17 06:00:00,15.7,22.1,0.007,0.13,50.0
2024-04-17 07:00:00,9.8,12.5,0.021,0.41,55.0
2024-04-17 08:00:00,4.3,6.5,0.031,0.7,60.0
2024-04-17 09:00:00,1.6,2.8,0.036,0.97,59.0
2024-04-17 10:00:00,2.6,4.7,0.036,0.89,59.0
2024-04-17 11:00:00,1.2,2.7,0.04,1.07,61.0
2024-04-17 12:00:00,1.4,2.8,0.041,1.08,61.0
2024-04-17 13:00:00,1.5,3.2,0.042,0.8,60.0
2024-04-17 14:00:00,1.2,2.5,0.043,1.05,61.0
2024-04-17 15:00:00,1.2,2.7,0.042,0.9,61.0
2024-04-17 16:00:00,1.0,2.4,0.042,0.74,60.0
2024-04-17 17:00:00,0.9,2.5,0.04,0.42,58.0
2024-04-17 18:00:00,0.6,3.0,0.038,0.15,56.0
2024-04-17 19:00:00,0.2,2.8,0.037,0.0,54.0
2024-04-17 20:00:00,0.2,2.0,0.042,0.0,52.0
2024-04-17 21:00:00,0.1,2.7,0.051,0.0,50.0
2024-04-17 22:00:00,0.1,3.0,0.049,0.0,47.0
2024-04-17 23:00:00,0.1,2.4,0.05,0.0,45.0
2024-04-18 00:00:00,0.2,2.0,0.051,0.0,43.0
2024-04-18 01:00:00,0.1,2.3,0.048,0.0,42.0
2024-04-18 02:00:00,0.2,2.1,0.044,0.0,40.0
2024-04-18 03:00:00,0.1,1.9,0.042,0.0,39.0
2024-04-18 04:00:00,0.5,7.5,0.035,0.0,39.0
2024-04-18 05:00:00,3.4,22.5,0.019,0.0,38.0
2024-04-18 06:00:00,11.7,27.8,0.013,0.16,39.0
2024-04-18 07:00:00,3.1,7.4,0.037,0.42,42.0
2024-04-18 08:00:00,1.5,3.0,0.044,0.71,44.0
2024-04-18 09:00:00,1.9,3.9,0.044,0.96,46.0
2024-04-18 10:00:00,2.2,3.6,0.049,1.15,49.0
2024-04-18 11:00:00,1.2,2.3,0.053,1.27,52.0
2024-04-18 12:00:00,0.6,1.4,0.053,1.3,54.0
2024-04-18 13:00:00,0.8,1.9,0.053,1.24,55.0
2024-04-18 14:00:00,0.6,1.1,0.052,1.11,56.0
2024-04-18 15:00:00,0.5,1.0,0.053,0.92,58.0
2024-04-18 16:00:00,0.5,1.2,0.052,0.68,59.0
2024-04-18 17:00:00,0.4,1.2,0.052,0.41,58.0
2024-04-18 18:00:00,0.4,2.5,0.049,0.14,57.0
2024-04-18 19:00:00,0.3,3.9,0.045,0.0,52.0
2024-04-18 20:00:00,0.2,4.4,0.047,0.0,51.0
2024-04-18 21:00:00,0.3,5.6,0.041,0.0,49.0
2024-04-18 22:00:00,0.4,7.4,0.034,0.0,46.0
2024-04-18 23:00:00,0.3,7.5,0.035,0.0,46.0
2024-04-19 00:00:00,0.3,7.1,0.037,0.0,47.0
2024-04-19 01:00:00,0.4,7.3,0.029,0.0,46.0
2024-04-19 02:00:00,0.4,6.8,0.029,0.0,46.0
2024-04-19 03:00:00,0.4,6.3,0.026,0.0,45.0
2024-04-19 04:00:00,,,0.026,0.0,44.0
2024-04-19 05:00:00,1.2,10.3,0.028,0.0,43.0
2024-04-19 06:00:00,3.2,15.7,0.027,0.16,46.0
2024-04-19 07:00:00,3.2,9.2,0.036,0.44,51.0
2024-04-19 08:00:00,2.7,6.4,0.041,0.7,53.0
2024-04-19 09:00:00,2.9,6.9,0.04,0.78,53.0
2024-04-19 10:00:00,2.1,4.8,0.045,1.13,56.0
2024-04-19 11:00:00,1.3,3.7,0.049,1.26,58.0
2024-04-19 12:00:00,1.5,3.7,0.051,1.22,61.0
2024-04-19 13:00:00,1.8,5.6,0.049,0.89,60.0
2024-04-19 14:00:00,2.0,7.0,0.049,0.63,60.0
2024-04-19 15:00:00,1.1,4.5,0.052,0.46,61.0
2024-04-19 16:00:00,0.7,4.3,0.052,0.32,60.0
2024-04-19 17:00:00,0.6,4.7,0.05,0.17,59.0
2024-04-19 18:00:00,0.4,5.2,0.047,0.08,58.0
2024-04-19 19:00:00,0.3,4.3,0.047,0.0,56.0
2024-04-19 20:00:00,0.3,3.7,0.045,0.0,55.0
2024-04-19 21:00:00,0.2,4.0,0.041,0.0,53.0
2024-04-19 22:00:00,0.3,7.3,0.033,0.0,50.0
2024-04-19 23:00:00,0.4,10.7,0.029,0.0,49.0
2024-04-20 00:00:00,0.3,5.8,0.033,0.0,48.0
2024-04-20 01:00:00,0.5,7.7,0.031,0.0,48.0
2024-04-20 02:00:00,0.5,7.2,0.031,0.0,47.0
2024-04-20 03:00:00,0.7,6.8,0.03,0.0,47.0
2024-04-20 04:00:00,0.7,6.3,0.029,0.0,46.0
2024-04-20 05:00:00,0.9,8.1,0.03,0.0,46.0
2024-04-20 06:00:00,1.6,6.4,0.031,0.13,47.0
2024-04-20 07:00:00,2.7,5.9,0.034,0.4,51.0
2024-04-20 08:00:00,2.2,4.3,0.037,0.7,54.0
2024-04-20 09:00:00,1.8,4.2,0.043,0.96,59.0
2024-04-20 10:00:00,1.5,4.0,0.046,1.15,63.0
2024-04-20 11:00:00,1.4,4.0,0.049,1.26,64.0
2024-04-20 12:00:00,0.6,1.9,0.052,1.32,68.0
2024-04-20 13:00:00,0.4,1.3,0.051,1.25,69.0
2024-04-20 14:00:00,0.3,1.0,0.052,1.05,69.0
2024-04-20 15:00:00,0.5,1.8,0.056,0.72,69.0
2024-04-20 16:00:00,0.4,2.2,0.054,0.47,67.0
2024-04-20 17:00:00,0.4,1.5,0.049,0.38,67.0
2024-04-20 18:00:00,0.3,1.7,0.046,0.14,65.0
2024-04-20 19:00:00,0.3,2.0,0.044,0.0,62.0
2024-04-20 20:00:00,0.3,4.4,0.035,0.0,57.0
2024-04-20 21:00:00,0.3,9.2,0.031,0.0,58.0
2024-04-20 22:00:00,0.3,10.5,0.026,0.0,54.0
2024-04-20 23:00:00,0.3,4.2,0.031,0.0,52.0
2024-04-21 00:00:00,0.3,3.2,0.033,0.0,52.0
2024-04-21 01:00:00,0.3,2.2,0.032,0.0,50.0
2024-04-21 02:00:00,0.3,2.7,0.03,0.0,48.0
2024-04-21 03:00:00,0.5,3.8,0.03,0.0,49.0
2024-04-21 04:00:00,,,0.03,0.0,48.0
2024-04-21 05:00:00,0.4,2.8,0.03,0.01,47.0
2024-04-21 06:00:00,0.6,2.3,0.031,0.16,48.0
2024-04-21 07:00:00,1.0,2.3,0.031,0.44,51.0
2024-04-21 08:00:00,1.7,2.8,0.035,0.72,57.0
2024-04-21 09:00:00,1.1,2.4,0.039,0.96,62.0
2024-04-21 10:00:00,0.8,2.0,0.043,1.14,67.0
2024-04-21 11:00:00,0.8,2.3,0.044,1.22,71.0
2024-04-21 12:00:00,0.5,1.3,0.048,1.27,74.0
2024-04-21 13:00:00,0.3,0.8,0.048,1.17,75.0
2024-04-21 14:00:00,0.4,1.1,0.049,1.09,76.0
2024-04-21 15:00:00,0.4,1.5,0.05,0.67,76.0
2024-04-21 16:00:00,0.4,1.0,0.05,0.74,76.0
2024-04-21 17:00:00,0.3,0.7,0.05,0.43,76.0
2024-04-21 18:00:00,0.4,1.7,0.048,0.14,75.0
2024-04-21 19:00:00,0.4,4.5,0.039,0.0,70.0
2024-04-21 20:00:00,0.5,7.1,0.036,0.0,65.0
2024-04-21 21:00:00,0.5,4.0,0.04,0.0,64.0
2024-04-21 22:00:00,0.3,2.3,0.039,0.0,62.0
2024-04-21 23:00:00,0.3,1.8,0.039,0.0,60.0
2024-04-22 00:00:00,0.3,2.0,0.037,0.0,59.0
2024-04-22 01:00:00,0.2,2.4,0.031,0.0,57.0
2024-04-22 02:00:00,0.3,2.5,0.029,0.0,55.0
2024-04-22 03:00:00,0.3,2.8,0.03,0.0,55.0
2024-04-22 04:00:00,0.3,1.9,0.032,0.0,54.0
2024-04-22 05:00:00,1.3,5.1,0.029,0.01,53.0
2024-04-22 06:00:00,3.5,13.0,0.024,0.14,54.0
2024-04-22 07:00:00,4.7,8.4,0.028,0.42,59.0
2024-04-22 08:00:00,2.7,4.0,0.037,0.74,62.0
2024-04-22 09:00:00,1.4,3.0,0.043,0.94,63.0
2024-04-22 10:00:00,1.0,2.3,0.045,1.15,64.0
2024-04-22 11:00:00,0.7,1.4,0.048,1.26,65.0
2024-04-22 12:00:00,0.9,2.1,0.05,1.29,69.0
2024-04-22 13:00:00,1.0,2.0,0.049,1.23,72.0
2024-04-22 14:00:00,1.9,2.9,0.047,1.12,73.0
2024-04-22 15:00:00,0.7,1.5,0.048,0.68,75.0
2024-04-22 16:00:00,0.5,1.4,0.048,0.67,76.0
2024-04-22 17:00:00,0.6,2.5,0.053,0.41,73.0
2024-04-22 18:00:00,0.5,5.5,0.049,0.13,68.0
2024-04-22 19:00:00,0.2,5.4,0.043,0.0,64.0
2024-04-22 20:00:00,0.3,6.6,0.039,0.0,64.0
2024-04-22 21:00:00,0.2,6.7,0.036,0.0,63.0
2024-04-22 22:00:00,0.2,7.3,0.032,0.0,61.0
2024-04-22 23:00:00,0.3,6.8,0.033,0.0,59.0
2024-04-23 00:00:00,0.3,4.2,0.037,0.0,61.0
2024-04-23 01:00:00,0.3,3.9,0.034,0.0,60.0
2024-04-23 02:00:00,0.3,4.9,0.035,0.0,60.0
2024-04-23 03:00:00,0.3,3.9,0.039,0.0,60.0
2024-04-23 04:00:00,0.6,5.1,0.038,0.0,61.0
2024-04-23 05:00:00,0.5,6.1,0.031,0.01,58.0
2024-04-23 06:00:00,2.1,8.2,0.03,0.13,57.0
2024-04-23 07:00:00,4.7,10.1,0.028,0.43,61.0
2024-04-23 08:00:00,3.6,7.1,0.034,0.67,65.0
2024-04-23 09:00:00,2.1,4.5,0.041,0.97,65.0
2024-04-23 10:00:00,2.0,4.3,0.044,1.09,66.0
2024-04-23 11:00:00,0.8,2.6,0.052,1.3,71.0
2024-04-23 12:00:00,0.6,2.0,0.053,1.3,74.0
2024-04-23 13:00:00,0.5,1.7,0.054,1.21,74.0
2024-04-23 14:00:00,0.5,1.5,0.055,1.12,75.0
2024-04-23 15:00:00,0.5,1.4,0.058,0.87,77.0
2024-04-23 16:00:00,0.6,2.7,0.062,0.69,75.0
2024-04-23 17:00:00,0.5,3.0,0.059,0.42,73.0
2024-04-23 18:00:00,0.5,3.7,0.056,0.15,71.0
2024-04-23 19:00:00,0.2,3.8,0.052,0.0,66.0
2024-04-23 20:00:00,0.2,4.3,0.047,0.0,64.0
2024-04-23 21:00:00,0.2,5.7,0.039,0.0,60.0
2024-04-23 22:00:00,0.3,12.6,0.031,0.0,60.0
2024-04-23 23:00:00,0.7,9.4,0.033,0.0,59.0
2024-04-24 00:00:00,0.4,5.6,0.035,0.0,57.0
2024-04-24 01:00:00,0.3,4.3,0.037,0.0,57.0
2024-04-24 02:00:00,0.3,4.2,0.034,0.0,54.0
2024-04-24 03:00:00,0.4,5.1,0.033,0.0,53.0
2024-04-24 04:00:00,0.5,6.0,0.032,0.0,53.0
2024-04-24 05:00:00,1.5,10.8,0.026,0.01,52.0
2024-04-24 06:00:00,4.0,12.1,0.027,0.18,55.0
2024-04-24 07:00:00,4.6,8.6,0.031,0.45,59.0
2024-04-24 08:00:00,5.0,8.5,0.037,0.73,66.0
2024-04-24 09:00:00,2.1,4.9,0.044,0.98,70.0
2024-04-24 10:00:00,1.4,3.1,0.05,1.17,73.0
2024-04-24 11:00:00,0.8,1.5,0.052,1.29,74.0
2024-04-24 12:00:00,0.5,1.1,0.054,1.34,76.0
2024-04-24 13:00:00,0.4,0.9,0.054,1.2,78.0
2024-04-24 14:00:00,0.3,0.9,0.054,1.06,76.0
2024-04-24 15:00:00,0.6,1.0,0.055,1.0,78.0
2024-04-24 16:00:00,0.9,1.4,0.055,0.73,78.0
2024-04-24 17:00:00,0.7,0.9,0.052,0.43,76.0
2024-04-24 18:00:00,0.5,1.4,0.048,0.15,73.0
2024-04-24 19:00:00,0.3,3.2,0.044,0.0,69.0
2024-04-24 20:00:00,0.2,10.6,0.04,0.0,70.0
2024-04-24 21:00:00,0.4,7.1,0.04,0.0,68.0
2024-04-24 22:00:00,0.2,4.6,0.041,0.0,65.0
2024-04-24 23:00:00,0.2,4.9,0.046,0.0,65.0
2024-04-25 00:00:00,0.3,1.3,0.056,0.0,66.0
2024-04-25 01:00:00,0.2,1.1,0.057,0.0,66.0
2024-04-25 02:00:00,0.2,1.1,0.049,0.0,62.0
2024-04-25 03:00:00,0.3,0.9,0.048,0.0,58.0
2024-04-25 04:00:00,0.2,2.1,0.041,0.0,56.0
2024-04-25 05:00:00,0.4,3.5,0.044,0.01,55.0
2024-04-25 06:00:00,5.1,18.1,0.029,0.2,56.0
2024-04-25 07:00:00,3.4,10.1,0.039,0.48,61.0
2024-04-25 08:00:00,1.8,5.3,0.048,0.7,65.0
2024-04-25 09:00:00,1.5,3.3,0.05,1.0,67.0
2024-04-25 10:00:00,0.7,1.6,0.054,1.13,67.0
2024-04-25 11:00:00,0.4,1.1,0.055,1.21,66.0
2024-04-25 12:00:00,0.4,1.1,0.058,1.31,65.0
2024-04-25 13:00:00,0.6,2.1,0.057,0.68,62.0
2024-04-25 14:00:00,0.6,1.9,0.06,0.78,64.0
2024-04-25 15:00:00,0.3,1.6,0.06,0.69,65.0
2024-04-25 16:00:00,0.6,1.5,0.059,0.4,65.0
2024-04-25 17:00:00,0.2,0.6,0.057,0.1,58.0
2024-04-25 18:00:00,0.3,2.8,0.055,0.06,58.0
2024-04-25 19:00:00,0.8,5.2,0.046,0.0,56.0
2024-04-25 20:00:00,0.4,3.5,0.05,0.0,55.0
2024-04-25 21:00:00,0.3,2.1,0.053,0.0,55.0
2024-04-25 22:00:00,0.2,2.1,0.051,0.0,54.0
2024-04-25 23:00:00,0.2,2.5,0.047,0.0,53.0
2024-04-26 00:00:00,0.2,3.2,0.041,0.0,53.0
2024-04-26 01:00:00,0.3,0.9,0.047,0.0,52.0
2024-04-26 02:00:00,0.2,2.6,0.042,0.0,53.0
2024-04-26 03:00:00,0.2,3.5,0.041,0.0,52.0
2024-04-26 04:00:00,,,0.039,0.0,51.0
2024-04-26 05:00:00,0.6,8.7,0.033,0.01,50.0
2024-04-26 06:00:00,2.9,13.0,0.032,0.08,51.0
2024-04-26 07:00:00,3.0,9.1,0.032,0.22,52.0
2024-04-26 08:00:00,2.1,5.8,0.038,0.3,55.0
2024-04-26 09:00:00,1.1,3.4,0.045,0.57,57.0
2024-04-26 10:00:00,1.2,2.8,0.044,0.29,56.0
2024-04-26 11:00:00,0.9,2.3,0.041,0.21,49.0
2024-04-26 12:00:00,0.9,4.1,0.041,0.19,48.0
2024-04-26 13:00:00,1.1,5.9,0.039,0.1,46.0
2024-04-26 14:00:00,1.4,6.6,0.039,0.13,46.0
2024-04-26 15:00:00,1.4,4.9,0.041,0.27,47.0
2024-04-26 16:00:00,1.0,3.7,0.042,0.27,49.0
2024-04-26 17:00:00,0.8,3.7,0.041,0.16,49.0
2024-04-26 18:00:00,0.5,3.0,0.042,0.09,49.0
2024-04-26 19:00:00,0.4,3.6,0.04,0.0,49.0
2024-04-26 20:00:00,0.4,4.9,0.036,0.0,49.0
2024-04-26 21:00:00,0.3,4.2,0.033,0.0,48.0
2024-04-26 22:00:00,0.3,5.5,0.031,0.0,47.0
2024-04-26 23:00:00,0.2,3.0,0.032,0.0,46.0
2024-04-27 00:00:00,0.3,4.4,0.034,0.0,46.0
2024-04-27 01:00:00,0.3,3.7,0.036,0.0,46.0
2024-04-27 02:00:00,0.2,3.0,0.035,0.0,46.0
2024-04-27 03:00:00,0.4,2.0,0.031,0.0,46.0
2024-04-27 04:00:00,0.4,1.6,0.035,0.0,45.0
2024-04-27 05:00:00,0.3,2.1,0.034,0.0,44.0
2024-04-27 06:00:00,0.4,3.5,0.03,0.02,44.0
2024-04-27 07:00:00,0.6,2.9,0.03,0.06,44.0
2024-04-27 08:00:00,0.8,3.2,0.033,0.13,44.0
2024-04-27 09:00:00,0.9,2.6,0.034,0.22,45.0
2024-04-27 10:00:00,1.5,4.1,0.033,0.21,46.0
2024-04-27 11:00:00,1.0,2.4,0.034,0.44,49.0
2024-04-27 12:00:00,0.9,2.7,0.034,0.23,50.0
2024-04-27 13:00:00,1.1,3.1,0.035,0.46,52.0
2024-04-27 14:00:00,0.5,1.4,0.036,0.42,53.0
2024-04-27 15:00:00,0.5,1.5,0.034,0.15,51.0
2024-04-27 16:00:00,0.4,1.2,0.035,0.16,51.0
2024-04-27 17:00:00,0.4,1.1,0.035,0.14,51.0
2024-04-27 18:00:00,0.6,2.4,0.031,0.12,51.0
2024-04-27 19:00:00,0.3,3.2,0.029,0.0,49.0
2024-04-27 20:00:00,0.4,4.8,0.023,0.0,48.0
2024-04-27 21:00:00,0.4,8.8,0.017,0.0,47.0
2024-04-27 22:00:00,0.8,13.8,0.015,0.0,48.0
2024-04-27 23:00:00,0.7,11.7,0.017,0.0,48.0
2024-04-28 00:00:00,0.4,9.3,0.014,0.0,46.0
2024-04-28 01:00:00,1.2,13.6,0.009,0.0,46.0
2024-04-28 02:00:00,0.8,10.9,0.01,0.0,46.0
2024-04-28 03:00:00,0.3,4.6,0.023,0.0,46.0
2024-04-28 04:00:00,,,0.024,0.0,45.0
2024-04-28 05:00:00,0.7,8.2,0.018,0.01,44.0
2024-04-28 06:00:00,1.4,5.1,0.022,0.19,46.0
2024-04-28 07:00:00,1.7,3.1,0.028,0.47,51.0
2024-04-28 08:00:00,1.7,2.9,0.03,0.67,54.0
2024-04-28 09:00:00,0.6,1.5,0.036,0.49,54.0
2024-04-28 10:00:00,0.6,1.3,0.038,0.7,55.0
2024-04-28 11:00:00,0.5,0.9,0.04,0.82,56.0
2024-04-28 12:00:00,0.3,0.7,0.04,1.17,57.0
2024-04-28 13:00:00,0.5,0.8,0.041,0.82,58.0
2024-04-28 14:00:00,1.0,1.8,0.044,0.89,59.0
2024-04-28 15:00:00,1.0,1.8,0.045,0.73,59.0
2024-04-28 16:00:00,1.2,1.6,0.043,0.52,58.0
2024-04-28 17:00:00,0.5,1.0,0.044,0.43,60.0
2024-04-28 18:00:00,0.4,1.5,0.042,0.16,58.0
2024-04-28 19:00:00,0.4,3.3,0.034,0.01,55.0
2024-04-28 20:00:00,0.5,9.7,0.027,0.0,53.0
2024-04-28 21:00:00,0.6,9.9,0.027,0.0,51.0
2024-04-28 22:00:00,0.3,4.3,0.031,0.0,50.0
2024-04-28 23:00:00,0.3,2.3,0.032,0.0,49.0
2024-04-29 00:00:00,0.4,2.3,0.029,0.0,48.0
2024-04-29 01:00:00,0.5,2.0,0.029,0.0,47.0
2024-04-29 02:00:00,0.4,2.3,0.03,0.0,47.0
2024-04-29 03:00:00,0.4,2.9,0.029,0.0,48.0
2024-04-29 04:00:00,0.7,6.4,0.023,0.0,48.0
2024-04-29 05:00:00,1.7,8.1,0.023,0.0,49.0
2024-04-29 06:00:00,2.8,9.0,0.023,0.1,49.0
2024-04-29 07:00:00,3.2,7.1,0.026,0.24,51.0
2024-04-29 08:00:00,3.1,4.9,0.032,0.75,55.0
2024-04-29 09:00:00,3.6,6.0,0.035,0.88,60.0
2024-04-29 10:00:00,2.1,3.6,0.036,0.65,63.0
2024-04-29 11:00:00,1.2,2.0,0.037,0.67,63.0
2024-04-29 12:00:00,1.0,1.8,0.042,1.01,66.0
2024-04-29 13:00:00,1.3,3.2,0.041,0.54,65.0
2024-04-29 14:00:00,1.1,1.8,0.044,0.54,67.0
2024-04-29 15:00:00,1.3,3.2,0.041,0.33,66.0
2024-04-29 16:00:00,0.9,3.8,0.042,0.16,65.0
2024-04-29 17:00:00,1.0,4.7,0.04,0.1,65.0
2024-04-29 18:00:00,0.5,4.0,0.042,0.18,64.0
2024-04-29 19:00:00,0.2,1.8,0.045,0.0,62.0
2024-04-29 20:00:00,0.2,1.2,0.047,0.0,58.0
2024-04-29 21:00:00,0.1,1.5,0.043,0.0,55.0
2024-04-29 22:00:00,0.1,1.0,0.047,0.0,54.0
2024-04-29 23:00:00,0.2,0.8,0.046,0.0,53.0
2024-04-30 00:00:00,0.2,2.2,0.041,0.0,50.0
2024-04-30 01:00:00,0.1,1.8,0.041,0.0,48.0
2024-04-30 02:00:00,0.1,1.6,0.042,0.0,46.0
2024-04-30 03:00:00,0.1,1.6,0.043,0.0,44.0
2024-04-30 04:00:00,0.4,3.0,0.041,0.0,42.0
2024-04-30 05:00:00,0.7,3.7,0.041,0.02,42.0
2024-04-30 06:00:00,2.0,8.7,0.038,0.21,46.0
2024-04-30 07:00:00,2.2,4.4,0.043,0.5,49.0
2024-04-30 08:00:00,2.7,4.3,0.044,0.78,50.0
2024-04-30 09:00:00,2.1,3.9,0.047,1.02,50.0
2024-04-30 10:00:00,1.5,2.6,0.051,1.21,53.0
2024-04-30 11:00:00,0.6,1.0,0.053,1.29,56.0
2024-04-30 12:00:00,2.1,2.8,0.053,1.32,56.0
2024-04-30 13:00:00,2.9,3.6,0.051,1.26,59.0
2024-04-30 14:00:00,1.4,1.8,0.054,1.16,61.0
2024-04-30 15:00:00,1.3,1.9,0.056,0.91,62.0
2024-04-30 16:00:00,0.9,1.5,0.057,0.63,64.0
2024-04-30 17:00:00,0.4,1.3,0.057,0.48,64.0
2024-04-30 18:00:00,0.3,1.5,0.058,0.18,63.0
2024-04-30 19:00:00,0.7,4.8,0.047,0.01,59.0
2024-04-30 20:00:00,0.9,6.5,0.045,0.0,56.0
2024-04-30 21:00:00,0.3,10.0,0.035,0.0,54.0
2024-04-30 22:00:00,0.4,11.9,0.03,0.0,51.0
2024-04-30 23:00:00,0.5,11.9,0.026,0.0,50.0
2024-05-01 00:00:00,0.4,10.1,0.028,0.0,49.0
2024-05-01 01:00:00,0.4,6.3,0.032,0.0,48.0
2024-05-01 02:00:00,0.3,6.8,0.032,0.0,49.0
2024-05-01 03:00:00,0.3,2.2,0.038,0.0,48.0
2024-05-01 04:00:00,0.2,1.9,0.039,0.0,47.0
2024-05-01 05:00:00,0.5,2.5,0.038,0.02,45.0
2024-05-01 06:00:00,0.9,3.2,0.039,0.11,45.0
2024-05-01 07:00:00,4.3,6.1,0.038,0.29,46.0
2024-05-01 08:00:00,3.1,3.8,0.044,0.79,49.0
2024-05-01 09:00:00,2.2,3.2,0.047,1.03,50.0
2024-05-01 10:00:00,2.2,3.1,0.048,1.21,51.0
2024-05-01 11:00:00,0.9,1.5,0.05,1.31,52.0
2024-05-01 12:00:00,1.8,2.1,0.05,1.34,53.0
2024-05-01 13:00:00,1.3,2.4,0.051,1.29,55.0
2024-05-01 14:00:00,1.2,1.7,0.051,1.16,55.0
2024-05-01 15:00:00,0.9,1.8,0.051,0.96,55.0
2024-05-01 16:00:00,0.8,1.6,0.05,0.73,54.0
2024-05-01 17:00:00,0.5,1.4,0.049,0.46,54.0
2024-05-01 18:00:00,0.7,2.3,0.047,0.19,53.0
2024-05-01 19:00:00,0.2,1.8,0.046,0.01,50.0
2024-05-01 20:00:00,0.2,1.9,0.046,0.0,49.0
2024-05-01 21:00:00,0.2,1.4,0.046,0.0,47.0
2024-05-01 22:00:00,0.2,1.6,0.044,0.0,46.0
2024-05-01 23:00:00,0.2,4.2,0.038,0.0,44.0
2024-05-02 00:00:00,0.2,5.3,0.035,0.0,43.0
2024-05-02 01:00:00,0.3,5.7,0.034,0.0,42.0
2024-05-02 02:00:00,0.2,7.1,0.03,0.0,40.0
2024-05-02 03:00:00,0.5,9.0,0.025,0.0,38.0
2024-05-02 04:00:00,0.7,10.3,0.024,0.0,37.0
2024-05-02 05:00:00,1.9,11.5,0.023,0.01,36.0
2024-05-02 06:00:00,4.4,8.3,0.027,0.21,39.0
2024-05-02 07:00:00,6.1,8.5,0.031,0.5,43.0
2024-05-02 08:00:00,3.1,4.6,0.038,0.78,47.0
2024-05-02 09:00:00,3.2,4.5,0.039,1.03,50.0
2024-05-02 10:00:00,2.0,2.5,0.045,1.23,54.0
2024-05-02 11:00:00,1.3,2.2,0.046,1.31,58.0
2024-05-02 12:00:00,1.9,2.8,0.048,1.34,60.0
2024-05-02 13:00:00,1.5,2.4,0.047,1.27,61.0
2024-05-02 14:00:00,0.9,1.4,0.049,1.02,62.0
2024-05-02 15:00:00,0.6,1.1,0.05,0.93,64.0
2024-05-02 16:00:00,1.1,1.7,0.051,0.62,64.0
2024-05-02 17:00:00,0.8,1.7,0.05,0.41,64.0
2024-05-02 18:00:00,0.6,2.1,0.049,0.15,64.0
2024-05-02 19:00:00,0.3,7.7,0.041,0.01,62.0
2024-05-02 20:00:00,0.4,9.2,0.037,0.0,60.0
2024-05-02 21:00:00,0.5,7.4,0.034,0.0,58.0
2024-05-02 22:00:00,0.4,12.2,0.027,0.0,57.0
2024-05-02 23:00:00,0.3,6.7,0.031,0.0,56.0
2024-05-03 00:00:00,0.2,4.0,0.037,0.0,54.0
2024-05-03 01:00:00,0.3,1.8,0.039,0.0,52.0
2024-05-03 02:00:00,0.2,1.2,0.041,0.0,50.0
2024-05-03 03:00:00,0.1,0.8,0.043,0.0,49.0
2024-05-03 04:00:00,,,0.048,0.0,45.0
2024-05-03 05:00:00,0.1,0.9,0.058,0.0,41.0
2024-05-03 06:00:00,1.3,10.1,0.051,0.02,41.0
2024-05-03 07:00:00,1.0,7.0,0.049,0.15,41.0
2024-05-03 08:00:00,1.2,5.0,0.048,0.21,43.0
2024-05-03 09:00:00,2.0,4.5,0.047,0.47,46.0
2024-05-03 10:00:00,1.1,2.2,0.048,0.93,50.0
2024-05-03 11:00:00,0.7,1.8,0.049,0.79,52.0
2024-05-03 12:00:00,0.8,1.8,0.051,1.33,54.0
2024-05-03 13:00:00,0.7,1.4,0.053,1.29,56.0
2024-05-03 14:00:00,0.5,1.1,0.054,1.16,56.0
2024-05-03 15:00:00,0.7,1.0,0.054,0.97,58.0
2024-05-03 16:00:00,0.5,1.3,0.053,0.74,58.0
2024-05-03 17:00:00,0.6,1.8,0.052,0.47,57.0
2024-05-03 18:00:00,0.4,2.1,0.049,0.2,56.0
2024-05-03 19:00:00,0.2,2.5,0.045,0.02,53.0
2024-05-03 20:00:00,0.3,7.0,0.036,0.0,51.0
2024-05-03 21:00:00,0.3,6.4,0.036,0.0,48.0
2024-05-03 22:00:00,0.3,5.5,0.037,0.0,46.0
2024-05-03 23:00:00,0.3,3.0,0.04,0.0,46.0
2024-05-04 00:00:00,0.8,4.1,0.041,0.0,46.0
2024-05-04 01:00:00,0.4,3.0,0.043,0.0,46.0
2024-05-04 02:00:00,0.4,3.3,0.044,0.0,47.0
2024-05-04 03:00:00,0.5,3.3,0.047,0.0,48.0
2024-05-04 04:00:00,0.4,2.4,0.047,0.0,49.0
2024-05-04 05:00:00,0.6,2.8,0.047,0.03,49.0
2024-05-04 06:00:00,1.0,3.1,0.046,0.23,51.0
2024-05-04 07:00:00,1.1,2.5,0.048,0.5,54.0
2024-05-04 08:00:00,1.3,2.4,0.049,0.78,57.0
2024-05-04 09:00:00,1.2,2.5,0.049,1.02,61.0
2024-05-04 10:00:00,1.2,2.6,0.049,1.2,65.0
2024-05-04 11:00:00,1.3,2.6,0.05,1.32,69.0
2024-05-04 12:00:00,0.8,2.1,0.052,1.26,71.0
2024-05-04 13:00:00,0.7,2.0,0.054,1.15,74.0
2024-05-04 14:00:00,0.4,1.1,0.054,1.01,76.0
2024-05-04 15:00:00,0.6,1.8,0.055,0.75,76.0
2024-05-04 16:00:00,0.4,1.3,0.054,0.43,75.0
2024-05-04 17:00:00,0.3,1.5,0.054,0.21,74.0
2024-05-04 18:00:00,0.8,2.5,0.052,0.06,73.0
2024-05-04 19:00:00,0.3,2.2,0.052,0.0,73.0
2024-05-04 20:00:00,0.2,2.5,0.05,0.0,71.0
2024-05-04 21:00:00,0.3,2.5,0.048,0.0,69.0
2024-05-04 22:00:00,0.2,2.8,0.044,0.0,67.0
2024-05-04 23:00:00,0.2,3.2,0.049,0.0,67.0
2024-05-05 00:00:00,0.3,0.6,0.061,0.0,66.0
2024-05-05 01:00:00,0.3,0.6,0.057,0.0,67.0
2024-05-05 02:00:00,0.2,0.4,0.055,0.0,64.0
2024-05-05 03:00:00,0.3,1.2,0.052,0.0,63.0
2024-05-05 04:00:00,,,0.047,0.0,62.0
2024-05-05 05:00:00,0.3,1.4,0.05,0.0,63.0
2024-05-05 06:00:00,0.2,0.8,0.054,0.05,64.0
2024-05-05 07:00:00,0.3,1.3,0.045,0.1,60.0
2024-05-05 08:00:00,0.4,1.0,0.044,0.22,59.0
2024-05-05 09:00:00,0.4,0.7,0.043,0.69,60.0
2024-05-05 10:00:00,0.3,0.7,0.043,0.39,60.0
2024-05-05 11:00:00,0.3,1.2,0.046,0.26,52.0
2024-05-05 12:00:00,0.3,1.9,0.045,0.14,45.0
2024-05-05 13:00:00,0.3,1.0,0.049,0.22,43.0
2024-05-05 14:00:00,0.4,1.0,0.052,0.19,40.0
2024-05-05 15:00:00,0.3,1.0,0.058,0.14,38.0
2024-05-05 16:00:00,0.2,0.8,0.058,0.1,38.0
2024-05-05 17:00:00,0.3,1.1,0.057,0.06,38.0
2024-05-05 18:00:00,0.2,1.8,0.054,0.02,38.0
2024-05-05 19:00:00,0.4,3.2,0.051,0.01,37.0
2024-05-05 20:00:00,0.3,3.4,0.051,0.0,38.0
2024-05-05 21:00:00,0.3,1.3,0.049,0.0,38.0
2024-05-05 22:00:00,0.3,0.9,0.05,0.0,38.0
2024-05-05 23:00:00,0.3,0.9,0.048,0.0,38.0
2024-05-06 00:00:00,0.3,0.7,0.046,0.0,38.0
2024-05-06 01:00:00,0.3,0.6,0.042,0.0,38.0
2024-05-06 02:00:00,0.2,0.6,0.042,0.0,38.0
2024-05-06 03:00:00,0.2,0.5,0.039,0.0,39.0
2024-05-06 04:00:00,0.3,0.6,0.038,0.0,39.0
2024-05-06 05:00:00,0.9,1.2,0.037,0.01,39.0
2024-05-06 06:00:00,0.7,1.1,0.036,0.03,39.0
2024-05-06 07:00:00,1.0,1.8,0.035,0.11,40.0
2024-05-06 08:00:00,1.7,1.8,0.036,0.19,41.0
2024-05-06 09:00:00,1.1,1.4,0.038,0.29,42.0
2024-05-06 10:00:00,1.1,1.0,0.038,0.22,43.0
2024-05-06 11:00:00,0.8,1.2,0.038,0.34,44.0
2024-05-06 12:00:00,1.2,3.4,0.037,0.32,44.0
2024-05-06 13:00:00,0.9,3.7,0.037,0.24,45.0
2024-05-06 14:00:00,0.7,2.3,0.038,0.4,47.0
2024-05-06 15:00:00,0.7,1.8,0.039,0.56,49.0
2024-05-06 16:00:00,0.5,1.1,0.041,0.48,52.0
2024-05-06 17:00:00,1.0,1.7,0.041,0.25,52.0
2024-05-06 18:00:00,0.9,3.0,0.038,0.12,51.0
2024-05-06 19:00:00,0.6,6.6,0.032,0.01,49.0
2024-05-06 20:00:00,0.5,8.3,0.026,0.0,47.0
2024-05-06 21:00:00,0.5,10.4,0.02,0.0,45.0
2024-05-06 22:00:00,0.4,6.2,0.024,0.0,44.0
2024-05-06 23:00:00,0.7,7.6,0.022,0.0,44.0
2024-05-07 00:00:00,0.6,5.5,0.025,0.0,43.0
2024-05-07 01:00:00,0.8,4.0,0.027,0.0,43.0
2024-05-07 02:00:00,0.6,5.3,0.023,0.0,43.0
2024-05-07 03:00:00,0.5,6.1,0.02,0.0,43.0
2024-05-07 04:00:00,0.3,2.9,0.041,0.0,43.0
2024-05-07 05:00:00,0.2,1.4,0.049,0.01,41.0
2024-05-07 06:00:00,0.4,2.9,0.047,0.03,42.0
2024-05-07 07:00:00,0.7,5.2,0.044,0.06,42.0
2024-05-07 08:00:00,0.9,4.3,0.044,0.15,40.0
2024-05-07 09:00:00,1.1,4.1,0.045,0.26,43.0
2024-05-07 10:00:00,0.7,3.0,0.046,0.26,44.0
2024-05-07 11:00:00,0.7,2.1,0.048,0.4,47.0
2024-05-07 12:00:00,0.9,2.1,0.05,0.49,47.0
2024-05-07 13:00:00,2.4,2.7,0.049,0.64,48.0
2024-05-07 14:00:00,1.5,2.1,0.048,0.39,46.0
2024-05-07 15:00:00,1.1,1.5,0.048,0.51,45.0
2024-05-07 16:00:00,0.8,1.4,0.047,0.55,44.0
2024-05-07 17:00:00,0.5,1.1,0.045,0.49,44.0
2024-05-07 18:00:00,0.3,1.3,0.046,0.26,43.0
2024-05-07 19:00:00,0.2,1.8,0.043,0.02,43.0
2024-05-07 20:00:00,0.2,1.3,0.042,0.0,42.0
2024-05-07 21:00:00,0.3,2.7,0.036,0.0,40.0
2024-05-07 22:00:00,0.2,5.1,0.035,0.0,40.0
2024-05-07 23:00:00,0.3,3.3,0.034,0.0,38.0
2024-05-08 00:00:00,0.4,4.3,0.032,0.0,38.0
2024-05-08 01:00:00,0.3,2.8,0.033,0.0,38.0
2024-05-08 02:00:00,0.4,5.6,0.026,0.0,36.0
2024-05-08 03:00:00,0.4,7.1,0.028,0.0,36.0
2024-05-08 04:00:00,1.1,11.0,0.025,0.0,36.0
2024-05-08 05:00:00,1.1,15.1,0.021,0.01,36.0
2024-05-08 06:00:00,3.5,16.0,0.02,0.07,36.0
2024-05-08 07:00:00,7.2,17.6,0.021,0.16,38.0
2024-05-08 08:00:00,7.0,9.3,0.029,0.73,43.0
2024-05-08 09:00:00,4.2,4.5,0.035,0.97,44.0
2024-05-08 10:00:00,1.2,1.6,0.041,1.07,46.0
2024-05-08 11:00:00,1.7,2.5,0.041,1.35,48.0
2024-05-08 12:00:00,1.2,2.1,0.045,1.31,50.0
2024-05-08 13:00:00,1.6,2.6,0.046,1.2,51.0
2024-05-08 14:00:00,2.5,3.2,0.047,1.06,52.0
2024-05-08 15:00:00,3.1,3.1,0.045,1.02,53.0
2024-05-08 16:00:00,2.6,3.3,0.042,0.82,53.0
2024-05-08 17:00:00,0.6,2.9,0.041,0.15,51.0
2024-05-08 18:00:00,0.3,3.7,0.04,0.04,50.0
2024-05-08 19:00:00,0.3,2.6,0.039,0.01,49.0
2024-05-08 20:00:00,0.2,3.4,0.034,0.0,46.0
2024-05-08 21:00:00,0.3,6.8,0.03,0.0,46.0
2024-05-08 22:00:00,1.4,14.6,0.019,0.0,43.0
2024-05-08 23:00:00,0.6,7.1,0.024,0.0,40.0
2024-05-09 00:00:00,0.7,8.4,0.024,0.0,40.0
2024-05-09 01:00:00,0.8,7.9,0.025,0.0,40.0
2024-05-09 02:00:00,0.7,6.9,0.023,0.0,39.0
2024-05-09 03:00:00,1.2,9.4,0.021,0.0,38.0
2024-05-09 04:00:00,1.8,13.9,0.017,0.0,39.0
2024-05-09 05:00:00,3.9,18.7,0.01,0.02,39.0
2024-05-09 06:00:00,8.3,17.7,0.011,0.13,41.0
2024-05-09 07:00:00,12.5,14.8,0.018,0.26,44.0
2024-05-09 08:00:00,4.8,7.9,0.026,0.39,47.0
2024-05-09 09:00:00,3.2,6.0,0.031,0.46,50.0
2024-05-09 10:00:00,3.9,5.6,0.032,0.41,49.0
2024-05-09 11:00:00,2.3,5.1,0.032,0.48,50.0
2024-05-09 12:00:00,5.3,5.3,0.034,1.08,54.0
2024-05-09 13:00:00,2.4,3.6,0.038,1.05,57.0
2024-05-09 14:00:00,1.5,3.4,0.043,0.48,53.0
2024-05-09 15:00:00,1.3,3.2,0.041,0.43,54.0
2024-05-09 16:00:00,0.9,2.2,0.049,0.59,54.0
2024-05-09 17:00:00,0.9,1.7,0.048,0.51,55.0
2024-05-09 18:00:00,0.6,3.9,0.035,0.07,52.0
2024-05-09 19:00:00,0.5,6.6,0.031,0.01,50.0
2024-05-09 20:00:00,0.7,6.2,0.029,0.0,49.0
2024-05-09 21:00:00,0.3,2.6,0.034,0.0,47.0
2024-05-09 22:00:00,0.5,3.4,0.033,0.0,48.0
2024-05-09 23:00:00,0.4,4.5,0.028,0.0,47.0
2024-05-10 00:00:00,0.4,4.3,0.029,0.0,47.0
2024-05-10 01:00:00,0.3,7.8,0.026,0.0,48.0
2024-05-10 02:00:00,0.4,9.8,0.022,0.0,48.0
2024-05-10 03:00:00,0.3,7.0,0.026,0.0,48.0
2024-05-10 04:00:00,,,0.031,0.0,49.0
2024-05-10 05:00:00,1.0,6.2,0.034,0.04,50.0
2024-05-10 06:00:00,,,0.035,0.21,51.0
2024-05-10 07:00:00,3.9,7.2,0.037,0.32,53.0
2024-05-10 08:00:00,2.8,4.7,0.038,0.83,55.0
2024-05-10 09:00:00,2.2,3.4,0.042,1.03,57.0
2024-05-10 10:00:00,5.3,3.7,0.043,1.24,59.0
2024-05-10 11:00:00,2.0,3.0,0.044,1.33,61.0
2024-05-10 12:00:00,1.7,2.5,0.045,1.37,63.0
2024-05-10 13:00:00,2.8,3.3,0.047,1.48,64.0
2024-05-10 14:00:00,1.6,2.7,0.049,1.19,65.0
2024-05-10 15:00:00,1.0,3.3,0.043,0.39,62.0
2024-05-10 16:00:00,1.0,2.7,0.042,0.2,57.0
2024-05-10 17:00:00,0.4,1.7,0.045,0.2,58.0
2024-05-10 18:00:00,1.1,2.3,0.047,0.17,58.0
2024-05-10 19:00:00,0.8,5.0,0.041,0.03,57.0
2024-05-10 20:00:00,0.3,3.9,0.041,0.0,55.0
2024-05-10 21:00:00,0.3,3.7,0.038,0.0,53.0
2024-05-10 22:00:00,0.3,4.7,0.035,0.0,52.0
2024-05-10 23:00:00,0.2,4.5,0.033,0.0,51.0
2024-05-11 00:00:00,0.6,3.3,0.034,0.0,50.0
2024-05-11 01:00:00,0.4,2.8,0.031,0.0,49.0
2024-05-11 02:00:00,0.4,4.3,0.029,0.0,48.0
2024-05-11 03:00:00,0.4,4.0,0.028,0.0,47.0
2024-05-11 04:00:00,0.6,5.2,0.023,0.0,45.0
2024-05-11 05:00:00,1.0,7.2,0.017,0.03,43.0
2024-05-11 06:00:00,2.3,5.9,0.022,0.25,48.0
2024-05-11 07:00:00,2.9,5.0,0.027,0.52,52.0
2024-05-11 08:00:00,3.0,4.7,0.029,0.8,57.0
2024-05-11 09:00:00,2.0,3.4,0.034,1.04,60.0
2024-05-11 10:00:00,1.1,3.1,0.04,1.22,61.0
2024-05-11 11:00:00,0.9,1.9,0.048,1.11,64.0
2024-05-11 12:00:00,0.4,1.3,0.054,1.17,66.0
2024-05-11 13:00:00,0.4,2.1,0.054,0.58,64.0
2024-05-11 14:00:00,0.5,2.1,0.056,0.81,65.0
2024-05-11 15:00:00,0.5,2.0,0.058,0.98,68.0
2024-05-11 16:00:00,0.4,1.8,0.061,0.76,68.0
2024-05-11 17:00:00,0.4,1.4,0.058,0.54,67.0
2024-05-11 18:00:00,0.5,2.2,0.054,0.11,66.0
2024-05-11 19:00:00,0.2,3.3,0.055,0.01,63.0
2024-05-11 20:00:00,0.2,3.7,0.052,0.0,61.0
2024-05-11 21:00:00,0.2,2.1,0.066,0.0,62.0
2024-05-11 22:00:00,0.2,4.6,0.05,0.0,58.0
2024-05-11 23:00:00,0.2,3.2,0.053,0.0,57.0
2024-05-12 00:00:00,0.2,4.5,0.041,0.0,54.0
2024-05-12 01:00:00,0.3,5.3,0.04,0.0,52.0
2024-05-12 02:00:00,0.3,4.7,0.04,0.0,51.0
2024-05-12 03:00:00,0.3,3.8,0.036,0.0,49.0
2024-05-12 04:00:00,,,0.036,0.0,48.0
2024-05-12 05:00:00,0.4,2.9,0.036,0.03,48.0
2024-05-12 06:00:00,1.1,4.2,0.035,0.26,51.0
2024-05-12 07:00:00,1.4,3.2,0.039,0.53,54.0
2024-05-12 08:00:00,1.0,2.4,0.045,0.8,58.0
2024-05-12 09:00:00,0.8,2.4,0.052,1.03,65.0
2024-05-12 10:00:00,0.5,1.7,0.055,1.21,66.0
2024-05-12 11:00:00,0.4,1.2,0.057,1.32,69.0
2024-05-12 12:00:00,0.3,1.0,0.059,1.35,71.0
2024-05-12 13:00:00,0.4,1.1,0.06,1.31,73.0
2024-05-12 14:00:00,0.3,1.2,0.062,1.17,74.0
2024-05-12 15:00:00,0.4,1.3,0.063,1.0,76.0
2024-05-12 16:00:00,0.4,1.1,0.059,0.77,76.0
2024-05-12 17:00:00,0.4,1.2,0.053,0.5,75.0
2024-05-12 18:00:00,0.3,0.9,0.047,0.23,74.0
2024-05-12 19:00:00,0.2,1.3,0.044,0.03,69.0
2024-05-12 20:00:00,0.4,7.5,0.035,0.0,66.0
2024-05-12 21:00:00,0.3,9.2,0.03,0.0,62.0
2024-05-12 22:00:00,0.2,2.7,0.038,0.0,61.0
2024-05-12 23:00:00,0.3,4.1,0.033,0.0,59.0
2024-05-13 00:00:00,0.3,4.5,0.033,0.0,58.0
2024-05-13 01:00:00,2.8,6.6,0.03,0.0,56.0
2024-05-13 02:00:00,0.4,4.3,0.032,0.0,55.0
2024-05-13 03:00:00,0.6,5.5,0.028,0.0,53.0
2024-05-13 04:00:00,0.9,5.9,0.027,0.0,52.0
2024-05-13 05:00:00,1.1,5.3,0.028,0.04,52.0
2024-05-13 06:00:00,2.8,5.7,0.028,0.26,55.0
2024-05-13 07:00:00,5.3,8.0,0.028,0.54,59.0
2024-05-13 08:00:00,4.2,6.4,0.033,0.81,66.0
2024-05-13 09:00:00,1.8,3.5,0.039,1.04,69.0
2024-05-13 10:00:00,2.4,4.1,0.041,1.21,72.0
2024-05-13 11:00:00,3.4,3.6,0.05,1.32,77.0
2024-05-13 12:00:00,1.1,4.0,0.052,1.37,80.0
2024-05-13 13:00:00,0.9,1.8,0.052,1.19,81.0
2024-05-13 14:00:00,1.0,2.1,0.052,1.18,80.0
2024-05-13 15:00:00,0.8,1.8,0.054,0.98,82.0
2024-05-13 16:00:00,1.4,1.6,0.054,0.72,82.0
2024-05-13 17:00:00,0.6,1.6,0.053,0.22,80.0
2024-05-13 18:00:00,0.3,2.0,0.05,0.03,71.0
2024-05-13 19:00:00,0.3,1.1,0.056,0.0,70.0
2024-05-13 20:00:00,0.4,3.0,0.05,0.0,68.0
2024-05-13 21:00:00,0.2,1.7,0.051,0.0,65.0
2024-05-13 22:00:00,0.2,1.7,0.05,0.0,61.0
2024-05-13 23:00:00,0.2,2.2,0.045,0.0,59.0
2024-05-14 00:00:00,0.3,6.4,0.039,0.0,59.0
2024-05-14 01:00:00,0.3,5.4,0.032,0.0,56.0
2024-05-14 02:00:00,0.2,6.0,0.032,0.0,55.0
2024-05-14 03:00:00,0.3,3.9,0.031,0.0,55.0
2024-05-14 04:00:00,0.7,7.2,0.028,0.0,54.0
2024-05-14 05:00:00,1.1,6.4,0.027,0.04,53.0
2024-05-14 06:00:00,3.0,8.2,0.026,0.27,57.0
2024-05-14 07:00:00,5.7,8.7,0.028,0.5,60.0
2024-05-14 08:00:00,3.9,7.9,0.034,0.62,64.0
2024-05-14 09:00:00,4.0,6.9,0.037,0.79,66.0
2024-05-14 10:00:00,2.3,4.3,0.045,1.18,69.0
2024-05-14 11:00:00,0.9,2.0,0.055,1.35,71.0
2024-05-14 12:00:00,1.0,2.4,0.058,1.37,73.0
2024-05-14 13:00:00,0.7,2.6,0.063,1.21,73.0
2024-05-14 14:00:00,1.4,3.3,0.059,1.2,74.0
2024-05-14 15:00:00,2.5,4.7,0.055,1.0,74.0
2024-05-14 16:00:00,1.0,2.1,0.055,0.75,74.0
2024-05-14 17:00:00,0.4,1.3,0.055,0.47,73.0
2024-05-14 18:00:00,0.3,1.2,0.052,0.23,71.0
2024-05-14 19:00:00,0.2,2.6,0.048,0.03,68.0
2024-05-14 20:00:00,0.3,3.5,0.047,0.0,65.0
2024-05-14 21:00:00,0.3,3.7,0.045,0.0,63.0
2024-05-14 22:00:00,0.3,4.1,0.043,0.0,60.0
2024-05-14 23:00:00,0.3,5.7,0.039,0.0,58.0
2024-05-15 00:00:00,0.3,8.9,0.034,0.0,56.0
2024-05-15 01:00:00,0.4,6.0,0.036,0.0,56.0
2024-05-15 02:00:00,0.3,4.9,0.035,0.0,54.0
2024-05-15 03:00:00,0.4,5.4,0.034,0.0,53.0
2024-05-15 04:00:00,0.7,9.4,0.031,0.0,52.0
2024-05-15 05:00:00,1.4,9.8,0.03,0.05,52.0
2024-05-15 06:00:00,4.1,10.6,0.03,0.21,54.0
2024-05-15 07:00:00,8.6,13.1,0.028,0.4,55.0
2024-05-15 08:00:00,4.8,7.5,0.038,0.82,60.0
2024-05-15 09:00:00,3.9,8.1,0.042,1.05,65.0
2024-05-15 10:00:00,2.4,5.5,0.049,1.25,67.0
2024-05-15 11:00:00,1.1,3.5,0.055,1.35,70.0
2024-05-15 12:00:00,0.6,1.6,0.059,1.2,71.0
2024-05-15 13:00:00,0.5,1.4,0.06,1.25,72.0
2024-05-15 14:00:00,0.6,1.9,0.062,1.19,72.0
2024-05-15 15:00:00,0.8,2.6,0.065,1.0,72.0
2024-05-15 16:00:00,0.7,2.1,0.064,0.77,72.0
2024-05-15 17:00:00,0.4,1.9,0.061,0.51,72.0
2024-05-15 18:00:00,0.3,2.3,0.06,0.25,70.0
2024-05-15 19:00:00,0.2,2.5,0.057,0.03,67.0
2024-05-15 20:00:00,0.3,3.5,0.052,0.0,64.0
2024-05-15 21:00:00,0.3,3.8,0.048,0.0,62.0
2024-05-15 22:00:00,0.2,7.3,0.04,0.0,60.0
2024-05-15 23:00:00,0.2,6.1,0.039,0.0,58.0
2024-05-16 00:00:00,0.2,5.0,0.038,0.0,56.0
2024-05-16 01:00:00,0.3,5.5,0.033,0.0,54.0
2024-05-16 02:00:00,0.3,5.9,0.032,0.0,53.0
2024-05-16 03:00:00,0.4,8.8,0.032,0.0,53.0
2024-05-16 04:00:00,0.5,9.9,0.031,0.0,52.0
2024-05-16 05:00:00,1.4,10.1,0.03,0.05,52.0
2024-05-16 06:00:00,6.0,11.4,0.029,0.27,55.0
2024-05-16 07:00:00,5.7,8.7,0.034,0.54,58.0
2024-05-16 08:00:00,2.6,5.3,0.041,0.82,63.0
2024-05-16 09:00:00,2.7,6.5,0.045,1.05,67.0
2024-05-16 10:00:00,1.7,4.4,,1.25,70.0
2024-05-16 11:00:00,1.1,2.5,,1.32,72.0
2024-05-16 12:00:00,0.5,1.6,,1.34,74.0
2024-05-16 13:00:00,0.6,1.6,,1.31,75.0
2024-05-16 14:00:00,0.7,1.8,,1.18,76.0
2024-05-16 15:00:00,0.6,1.7,0.06,0.99,77.0
2024-05-16 16:00:00,0.5,1.8,0.064,0.76,78.0
2024-05-16 17:00:00,0.9,2.2,0.071,0.49,77.0
2024-05-16 18:00:00,0.5,2.8,0.062,0.23,75.0
2024-05-16 19:00:00,0.7,5.2,0.051,0.03,71.0
2024-05-16 20:00:00,0.3,11.1,0.044,0.0,68.0
2024-05-16 21:00:00,0.2,6.3,0.044,0.0,65.0
2024-05-16 22:00:00,0.2,5.5,0.046,0.0,64.0
2024-05-16 23:00:00,0.3,7.2,0.042,0.0,62.0
2024-05-17 00:00:00,0.3,3.0,0.041,0.0,59.0
2024-05-17 01:00:00,0.4,7.5,0.038,0.0,59.0
2024-05-17 02:00:00,0.3,6.4,0.037,0.0,56.0
2024-05-17 03:00:00,0.4,3.5,0.039,0.0,56.0
2024-05-17 04:00:00,,,0.036,0.0,56.0
2024-05-17 05:00:00,1.1,7.3,0.034,0.05,55.0
2024-05-17 06:00:00,2.3,7.7,0.035,0.28,58.0
2024-05-17 07:00:00,8.6,12.6,0.033,0.45,62.0
2024-05-17 08:00:00,4.7,9.1,0.034,0.61,65.0
2024-05-17 09:00:00,2.3,5.4,0.042,0.99,71.0
2024-05-17 10:00:00,1.2,3.0,0.047,1.01,76.0
2024-05-17 11:00:00,1.0,2.9,0.05,0.92,78.0
2024-05-17 12:00:00,0.8,1.8,0.051,1.29,80.0
2024-05-17 13:00:00,0.7,1.7,0.053,1.32,80.0
2024-05-17 14:00:00,0.7,1.9,0.054,0.97,79.0
2024-05-17 15:00:00,0.5,1.6,0.055,0.99,80.0
2024-05-17 16:00:00,1.3,2.4,0.054,0.72,80.0
2024-05-17 17:00:00,0.4,1.7,0.055,0.48,79.0
2024-05-17 18:00:00,0.3,2.2,0.053,0.23,78.0
2024-05-17 19:00:00,0.3,2.9,0.047,0.03,73.0
2024-05-17 20:00:00,0.3,2.9,0.044,0.0,69.0
2024-05-17 21:00:00,0.2,2.8,0.044,0.0,67.0
2024-05-17 22:00:00,0.2,3.9,0.043,0.0,65.0
2024-05-17 23:00:00,0.2,3.4,0.043,0.0,63.0
2024-05-18 00:00:00,0.3,2.7,0.045,0.0,60.0
2024-05-18 01:00:00,0.2,2.6,0.046,0.0,58.0
2024-05-18 02:00:00,0.2,2.8,0.043,0.0,55.0
2024-05-18 03:00:00,0.2,2.9,0.039,0.0,53.0
2024-05-18 04:00:00,0.3,5.2,0.036,0.0,53.0
2024-05-18 05:00:00,3.1,7.8,0.029,0.05,51.0
2024-05-18 06:00:00,2.3,6.8,0.028,0.27,54.0
2024-05-18 07:00:00,1.9,4.7,0.04,0.55,60.0
2024-05-18 08:00:00,1.4,3.0,0.045,0.83,62.0
2024-05-18 09:00:00,1.0,2.8,0.049,1.05,65.0
2024-05-18 10:00:00,0.6,2.3,0.054,1.23,68.0
2024-05-18 11:00:00,0.6,1.9,0.058,1.34,71.0
2024-05-18 12:00:00,0.5,2.0,0.061,1.21,75.0
2024-05-18 13:00:00,0.5,1.8,0.062,0.88,76.0
2024-05-18 14:00:00,0.4,1.3,0.062,0.92,78.0
2024-05-18 15:00:00,0.4,1.1,0.062,0.84,80.0
2024-05-18 16:00:00,0.3,0.9,0.06,0.41,79.0
2024-05-18 17:00:00,0.6,2.6,0.057,0.18,78.0
2024-05-18 18:00:00,0.5,5.0,0.053,0.1,76.0
2024-05-18 19:00:00,0.4,4.0,0.051,0.03,73.0
2024-05-18 20:00:00,0.5,4.4,0.046,0.0,69.0
2024-05-18 21:00:00,0.2,3.6,0.051,0.0,70.0
2024-05-18 22:00:00,0.2,3.5,0.047,0.0,69.0
2024-05-18 23:00:00,0.2,2.8,0.046,0.0,67.0
2024-05-19 00:00:00,0.2,2.2,0.044,0.0,65.0
2024-05-19 01:00:00,0.3,3.5,0.045,0.0,66.0
2024-05-19 02:00:00,0.2,3.0,0.045,0.0,65.0
2024-05-19 03:00:00,0.3,3.1,0.046,0.0,64.0
2024-05-19 04:00:00,,,0.048,0.0,64.0
2024-05-19 05:00:00,0.3,3.7,0.044,0.04,63.0
2024-05-19 06:00:00,0.9,4.8,0.039,0.3,64.0
2024-05-19 07:00:00,0.7,2.7,0.043,0.29,67.0
2024-05-19 08:00:00,0.5,2.0,0.042,0.41,67.0
2024-05-19 09:00:00,0.3,0.9,0.053,1.06,71.0
2024-05-19 10:00:00,0.5,1.4,0.057,1.19,71.0
2024-05-19 11:00:00,0.3,1.0,0.059,1.31,73.0
2024-05-19 12:00:00,0.4,1.4,0.059,1.35,73.0
2024-05-19 13:00:00,0.4,1.3,0.06,1.29,73.0
2024-05-19 14:00:00,0.3,1.4,0.06,1.17,73.0
2024-05-19 15:00:00,0.3,1.3,0.059,0.99,74.0
2024-05-19 16:00:00,0.3,1.5,0.057,0.76,72.0
2024-05-19 17:00:00,0.5,1.9,0.055,0.51,70.0
2024-05-19 18:00:00,0.3,1.8,0.052,0.23,69.0
2024-05-19 19:00:00,0.2,2.0,0.05,0.01,67.0
2024-05-19 20:00:00,0.2,1.7,0.048,0.0,65.0
2024-05-19 21:00:00,0.2,1.8,0.049,0.0,63.0
2024-05-19 22:00:00,0.2,2.9,0.047,0.0,60.0
2024-05-19 23:00:00,0.2,2.8,0.047,0.0,58.0
2024-05-20 00:00:00,0.7,3.5,0.044,0.0,57.0
2024-05-20 01:00:00,0.2,2.3,0.044,0.0,56.0
2024-05-20 02:00:00,0.2,2.2,0.045,0.0,56.0
2024-05-20 03:00:00,0.3,3.4,0.04,0.0,55.0
2024-05-20 04:00:00,0.4,6.3,0.035,0.0,54.0
2024-05-20 05:00:00,0.9,10.3,0.032,0.02,54.0
2024-05-20 06:00:00,1.1,7.5,0.043,0.22,55.0
2024-05-20 07:00:00,1.9,7.2,0.045,0.25,57.0
2024-05-20 08:00:00,1.4,6.7,0.041,0.09,55.0
2024-05-20 09:00:00,1.1,5.7,0.043,0.06,51.0
2024-05-20 10:00:00,3.4,9.6,0.041,0.26,50.0
2024-05-20 11:00:00,3.6,8.3,0.04,0.22,52.0
2024-05-20 12:00:00,1.6,7.7,0.038,0.1,52.0
2024-05-20 13:00:00,3.3,9.9,0.043,0.49,52.0
2024-05-20 14:00:00,0.9,2.7,0.056,1.14,58.0
2024-05-20 15:00:00,0.9,3.1,0.057,0.76,62.0
2024-05-20 16:00:00,0.4,2.2,0.053,0.15,55.0
2024-05-20 17:00:00,0.4,1.7,0.049,0.12,52.0
2024-05-20 18:00:00,0.3,2.4,0.047,0.12,54.0
2024-05-20 19:00:00,0.2,1.2,0.046,0.02,52.0
2024-05-20 20:00:00,0.1,1.5,0.046,0.0,51.0
2024-05-20 21:00:00,0.2,1.0,0.048,0.0,51.0
2024-05-20 22:00:00,0.2,3.0,0.041,0.0,49.0
2024-05-20 23:00:00,0.3,4.4,0.038,0.0,48.0
2024-05-21 00:00:00,0.2,4.2,0.033,0.0,46.0
2024-05-21 01:00:00,0.3,7.0,0.027,0.0,45.0
2024-05-21 02:00:00,0.3,5.0,0.029,0.0,44.0
2024-05-21 03:00:00,0.3,6.4,0.026,0.0,43.0
2024-05-21 04:00:00,0.9,13.1,0.016,0.0,42.0
2024-05-21 05:00:00,3.7,17.4,0.014,0.06,44.0
2024-05-21 06:00:00,2.3,9.7,0.028,0.33,48.0
2024-05-21 07:00:00,3.1,5.5,0.037,0.59,52.0
2024-05-21 08:00:00,2.2,3.9,0.041,0.84,53.0
2024-05-21 09:00:00,1.1,2.2,0.045,0.97,54.0
2024-05-21 10:00:00,1.6,2.1,0.047,1.23,55.0
2024-05-21 11:00:00,1.0,1.7,0.049,1.36,56.0
2024-05-21 12:00:00,1.1,2.3,0.049,1.38,58.0
2024-05-21 13:00:00,1.1,2.3,0.051,1.33,60.0
2024-05-21 14:00:00,0.5,1.5,0.052,1.2,61.0
2024-05-21 15:00:00,0.5,1.5,0.051,1.02,61.0
2024-05-21 16:00:00,0.5,1.6,0.051,0.79,62.0
2024-05-21 17:00:00,0.7,1.7,0.05,0.52,62.0
2024-05-21 18:00:00,0.5,2.1,0.047,0.22,61.0
2024-05-21 19:00:00,0.7,3.8,0.039,0.04,58.0
2024-05-21 20:00:00,0.4,8.7,0.033,0.0,56.0
2024-05-21 21:00:00,0.5,6.9,0.033,0.0,52.0
2024-05-21 22:00:00,0.5,3.7,0.037,0.0,51.0
2024-05-21 23:00:00,0.3,3.1,0.037,0.0,50.0
2024-05-22 00:00:00,0.4,4.4,0.035,0.0,49.0
2024-05-22 01:00:00,0.5,4.4,0.034,0.0,47.0
2024-05-22 02:00:00,0.5,3.0,0.034,0.0,46.0
2024-05-22 03:00:00,0.4,3.4,0.034,0.0,46.0
2024-05-22 04:00:00,0.7,5.3,0.033,0.0,47.0
2024-05-22 05:00:00,2.3,6.6,0.03,0.06,46.0
2024-05-22 06:00:00,2.6,5.5,0.031,0.31,47.0
2024-05-22 07:00:00,7.3,9.7,0.03,0.51,51.0
2024-05-22 08:00:00,4.1,5.2,0.034,0.84,57.0
2024-05-22 09:00:00,2.5,3.9,0.038,0.96,62.0
2024-05-22 10:00:00,2.1,3.7,0.042,1.03,67.0
2024-05-22 11:00:00,1.1,2.3,0.046,1.38,69.0
2024-05-22 12:00:00,1.2,2.0,0.048,1.33,71.0
2024-05-22 13:00:00,0.6,1.2,0.051,1.26,71.0
2024-05-22 14:00:00,0.7,0.9,0.05,1.2,73.0
2024-05-22 15:00:00,0.7,1.3,0.05,1.02,74.0
2024-05-22 16:00:00,0.9,1.1,0.05,0.79,75.0
2024-05-22 17:00:00,0.8,1.1,0.049,0.49,75.0
2024-05-22 18:00:00,0.6,1.6,0.047,0.1,72.0
2024-05-22 19:00:00,0.6,2.7,0.045,0.01,70.0
2024-05-22 20:00:00,0.4,5.2,0.043,0.0,69.0
2024-05-22 21:00:00,0.2,1.2,0.047,0.0,69.0
2024-05-22 22:00:00,0.4,1.4,0.043,0.0,64.0
2024-05-22 23:00:00,0.2,1.0,0.041,0.0,56.0
2024-05-23 00:00:00,0.2,1.2,0.042,0.0,53.0
2024-05-23 01:00:00,0.2,0.9,0.046,0.0,51.0
2024-05-23 02:00:00,0.2,0.8,0.046,0.0,50.0
2024-05-23 03:00:00,0.2,1.2,0.045,0.0,49.0
2024-05-23 04:00:00,0.2,1.4,0.048,0.0,49.0
2024-05-23 05:00:00,0.5,1.4,0.053,0.01,49.0
2024-05-23 06:00:00,0.9,2.7,0.052,0.09,49.0
2024-05-23 07:00:00,0.5,2.6,0.051,0.24,49.0
2024-05-23 08:00:00,1.9,3.7,0.049,0.61,49.0
2024-05-23 09:00:00,2.5,3.8,0.051,1.09,51.0
2024-05-23 10:00:00,1.7,2.3,0.05,1.26,52.0
2024-05-23 11:00:00,0.7,1.2,0.05,1.36,53.0
2024-05-23 12:00:00,1.1,1.5,0.05,1.38,55.0
2024-05-23 13:00:00,1.0,1.6,0.052,1.33,56.0
2024-05-23 14:00:00,0.9,1.4,0.053,1.2,57.0
2024-05-23 15:00:00,0.7,1.2,0.054,1.02,59.0
2024-05-23 16:00:00,0.4,1.3,0.055,0.8,58.0
2024-05-23 17:00:00,0.6,1.4,0.054,0.53,58.0
2024-05-23 18:00:00,0.5,1.4,0.052,0.27,57.0
2024-05-23 19:00:00,0.3,1.5,0.05,0.05,55.0
2024-05-23 20:00:00,0.3,1.8,0.046,0.0,52.0
2024-05-23 21:00:00,0.2,2.7,0.043,0.0,51.0
2024-05-23 22:00:00,0.3,8.0,0.032,0.0,48.0
2024-05-23 23:00:00,0.4,6.2,0.034,0.0,46.0
2024-05-24 00:00:00,0.4,2.9,0.039,0.0,45.0
2024-05-24 01:00:00,0.4,3.1,0.036,0.0,43.0
2024-05-24 02:00:00,0.4,3.1,0.037,0.0,42.0
2024-05-24 03:00:00,0.5,4.1,0.036,0.0,42.0
2024-05-24 04:00:00,,,0.036,0.0,42.0
2024-05-24 05:00:00,1.0,6.2,0.034,0.07,42.0
2024-05-24 06:00:00,4.0,6.7,0.035,0.31,46.0
2024-05-24 07:00:00,3.6,5.6,0.037,0.57,49.0
2024-05-24 08:00:00,3.6,4.9,0.039,0.82,53.0
2024-05-24 09:00:00,2.8,5.0,0.039,0.84,57.0
2024-05-24 10:00:00,2.8,5.0,0.041,1.17,62.0
2024-05-24 11:00:00,2.3,4.6,0.042,1.04,64.0
2024-05-24 12:00:00,1.3,3.4,0.045,0.74,64.0
2024-05-24 13:00:00,1.4,4.8,0.044,0.49,65.0
2024-05-24 14:00:00,1.4,5.5,0.049,0.29,63.0
2024-05-24 15:00:00,0.9,3.6,0.052,0.37,64.0
2024-05-24 16:00:00,0.8,3.6,0.049,0.35,62.0
2024-05-24 17:00:00,0.7,4.3,0.049,0.21,63.0
2024-05-24 18:00:00,0.3,3.5,0.049,0.04,63.0
2024-05-24 19:00:00,0.7,4.5,0.049,0.0,60.0
2024-05-24 20:00:00,0.2,4.4,0.048,0.0,56.0
2024-05-24 21:00:00,0.3,3.2,0.045,0.0,55.0
2024-05-24 22:00:00,0.2,1.4,0.048,0.0,56.0
2024-05-24 23:00:00,0.2,2.1,0.045,0.0,56.0
2024-05-25 00:00:00,0.3,1.8,0.044,0.0,55.0
2024-05-25 01:00:00,0.4,1.4,0.044,0.0,54.0
2024-05-25 02:00:00,0.2,1.1,0.046,0.0,53.0
2024-05-25 03:00:00,0.3,1.2,0.046,0.0,53.0
2024-05-25 04:00:00,0.2,1.1,0.047,0.0,52.0
2024-05-25 05:00:00,0.4,1.4,0.046,0.04,52.0
2024-05-25 06:00:00,0.7,2.5,0.041,0.07,52.0
2024-05-25 07:00:00,0.7,2.6,0.04,0.16,51.0
2024-05-25 08:00:00,1.0,2.5,0.04,0.26,53.0
2024-05-25 09:00:00,1.1,4.5,0.036,0.18,53.0
2024-05-25 10:00:00,0.9,5.4,0.037,0.14,51.0
2024-05-25 11:00:00,1.2,3.8,0.043,0.35,51.0
2024-05-25 12:00:00,0.7,2.5,0.046,0.29,53.0
2024-05-25 13:00:00,0.7,3.7,0.042,0.16,51.0
2024-05-25 14:00:00,0.6,1.7,0.045,0.67,54.0
2024-05-25 15:00:00,0.4,1.1,0.046,0.77,58.0
2024-05-25 16:00:00,0.3,1.2,0.046,0.7,59.0
2024-05-25 17:00:00,0.5,1.5,0.047,0.47,57.0
2024-05-25 18:00:00,0.4,2.3,0.04,0.07,56.0
2024-05-25 19:00:00,0.3,3.5,0.045,0.07,54.0
2024-05-25 20:00:00,0.4,7.2,0.036,0.0,51.0
2024-05-25 21:00:00,0.4,4.4,0.034,0.0,50.0
2024-05-25 22:00:00,0.3,2.8,0.035,0.0,49.0
2024-05-25 23:00:00,0.3,3.4,0.032,0.0,49.0
2024-05-26 00:00:00,0.4,2.1,0.029,0.0,47.0
2024-05-26 01:00:00,0.4,2.6,0.028,0.0,47.0
2024-05-26 02:00:00,0.4,2.0,0.029,0.0,46.0
2024-05-26 03:00:00,0.4,2.2,0.026,0.0,46.0
2024-05-26 04:00:00,,,0.026,0.0,46.0
2024-05-26 05:00:00,0.6,2.9,0.025,0.07,46.0
2024-05-26 06:00:00,0.9,2.2,0.025,0.24,49.0
2024-05-26 07:00:00,1.0,2.1,0.029,0.47,51.0
2024-05-26 08:00:00,1.3,2.3,0.031,0.74,55.0
2024-05-26 09:00:00,0.8,1.8,0.038,1.0,60.0
2024-05-26 10:00:00,1.2,2.5,0.041,1.21,64.0
2024-05-26 11:00:00,0.4,1.2,0.048,1.34,68.0
2024-05-26 12:00:00,0.3,0.8,0.05,1.37,71.0
2024-05-26 13:00:00,0.3,1.0,0.05,1.33,72.0
2024-05-26 14:00:00,0.4,1.0,0.051,1.19,73.0
2024-05-26 15:00:00,0.3,0.8,0.051,1.01,74.0
2024-05-26 16:00:00,0.3,0.7,0.052,0.78,72.0
2024-05-26 17:00:00,0.3,0.7,0.051,0.51,72.0
2024-05-26 18:00:00,0.3,1.3,0.055,0.25,71.0
2024-05-26 19:00:00,0.3,2.0,0.051,0.04,67.0
2024-05-26 20:00:00,0.4,3.5,0.044,0.0,63.0
2024-05-26 21:00:00,0.3,7.3,0.034,0.0,60.0
2024-05-26 22:00:00,0.2,3.5,0.037,0.0,59.0
2024-05-26 23:00:00,0.3,2.5,0.035,0.0,57.0
2024-05-27 00:00:00,0.4,2.0,0.036,0.0,56.0
2024-05-27 01:00:00,0.3,1.7,0.034,0.0,55.0
2024-05-27 02:00:00,0.3,2.1,0.034,0.0,54.0
2024-05-27 03:00:00,0.2,1.6,0.035,0.0,54.0
2024-05-27 04:00:00,0.2,1.9,0.032,0.0,53.0
2024-05-27 05:00:00,0.5,2.3,0.032,0.06,53.0
2024-05-27 06:00:00,1.1,2.8,0.032,0.28,55.0
2024-05-27 07:00:00,1.3,2.5,0.032,0.55,57.0
2024-05-27 08:00:00,1.3,2.6,0.037,0.82,62.0
2024-05-27 09:00:00,1.3,2.7,0.039,1.05,67.0
2024-05-27 10:00:00,1.1,2.6,0.044,1.22,70.0
2024-05-27 11:00:00,0.7,1.9,0.053,1.33,72.0
2024-05-27 12:00:00,0.5,1.5,0.056,1.36,75.0
2024-05-27 13:00:00,0.4,0.9,0.056,1.31,78.0
2024-05-27 14:00:00,0.5,0.9,0.053,1.19,79.0
2024-05-27 15:00:00,0.5,0.7,0.053,1.0,80.0
2024-05-27 16:00:00,0.3,0.7,0.054,0.78,80.0
2024-05-27 17:00:00,0.4,1.5,0.063,0.52,79.0
2024-05-27 18:00:00,0.5,3.3,0.064,0.26,77.0
2024-05-27 19:00:00,0.3,3.5,0.059,0.05,72.0
2024-05-27 20:00:00,0.2,6.7,0.048,0.0,69.0
2024-05-27 21:00:00,0.3,10.5,0.036,0.0,65.0
2024-05-27 22:00:00,0.2,6.6,0.039,0.0,65.0
2024-05-27 23:00:00,0.2,3.8,0.039,0.0,63.0
2024-05-28 00:00:00,0.3,2.5,0.038,0.0,62.0
2024-05-28 01:00:00,0.3,1.8,0.039,0.0,61.0
2024-05-28 02:00:00,0.2,1.5,0.038,0.0,60.0
2024-05-28 03:00:00,0.3,2.3,0.038,0.0,60.0
2024-05-28 04:00:00,1.4,4.5,0.035,0.0,59.0
2024-05-28 05:00:00,2.6,9.0,0.028,0.07,58.0
2024-05-28 06:00:00,3.6,7.7,0.031,0.29,62.0
2024-05-28 07:00:00,7.6,11.1,0.028,0.56,64.0
2024-05-28 08:00:00,3.0,5.5,0.038,0.83,69.0
2024-05-28 09:00:00,2.2,4.8,0.042,1.06,72.0
2024-05-28 10:00:00,2.4,5.4,0.048,1.23,76.0
2024-05-28 11:00:00,1.4,4.7,0.054,1.34,79.0
2024-05-28 12:00:00,1.1,5.0,0.062,1.39,82.0
2024-05-28 13:00:00,1.0,3.5,0.063,1.38,86.0
2024-05-28 14:00:00,0.6,1.9,0.06,1.23,86.0
2024-05-28 15:00:00,0.8,2.3,0.058,0.73,85.0
2024-05-28 16:00:00,1.0,3.5,0.055,0.57,84.0
2024-05-28 17:00:00,1.0,4.3,0.054,0.22,82.0
2024-05-28 18:00:00,0.5,2.7,0.053,0.2,79.0
2024-05-28 19:00:00,0.3,2.9,0.055,0.04,77.0
2024-05-28 20:00:00,0.4,3.8,0.052,0.0,76.0
2024-05-28 21:00:00,0.3,3.8,0.051,0.0,73.0
2024-05-28 22:00:00,0.3,2.2,0.05,0.0,71.0
2024-05-28 23:00:00,0.3,2.7,0.047,0.0,69.0
2024-05-29 00:00:00,0.3,2.7,0.044,0.0,66.0
2024-05-29 01:00:00,0.3,2.1,0.043,0.0,65.0
2024-05-29 02:00:00,0.3,3.6,0.04,0.0,63.0
2024-05-29 03:00:00,0.3,4.2,0.039,0.0,61.0
2024-05-29 04:00:00,0.5,6.1,0.035,0.0,59.0
2024-05-29 05:00:00,1.1,7.9,0.033,0.08,59.0
2024-05-29 06:00:00,2.8,7.6,0.034,0.32,63.0
2024-05-29 07:00:00,4.3,8.3,0.035,0.57,67.0
2024-05-29 08:00:00,3.6,7.0,0.04,0.76,72.0
2024-05-29 09:00:00,2.3,5.5,0.045,0.98,76.0
2024-05-29 10:00:00,1.7,3.6,0.054,1.24,80.0
2024-05-29 11:00:00,1.4,2.4,0.055,1.36,82.0
2024-05-29 12:00:00,1.8,2.7,0.057,1.39,83.0
2024-05-29 13:00:00,0.8,2.0,0.056,1.35,81.0
2024-05-29 14:00:00,1.0,2.7,0.051,1.18,79.0
2024-05-29 15:00:00,1.0,2.6,0.048,0.88,77.0
2024-05-29 16:00:00,0.5,1.9,0.047,0.65,75.0
2024-05-29 17:00:00,0.6,2.0,0.047,0.52,75.0
2024-05-29 18:00:00,0.4,1.6,0.044,0.26,73.0
2024-05-29 19:00:00,0.3,1.6,0.043,0.06,70.0
2024-05-29 20:00:00,0.3,2.1,0.042,0.0,67.0
2024-05-29 21:00:00,0.3,2.8,0.041,0.0,65.0
2024-05-29 22:00:00,0.3,3.3,0.039,0.0,63.0
2024-05-29 23:00:00,0.2,3.3,0.038,0.0,62.0
2024-05-30 00:00:00,0.2,4.3,0.04,0.0,60.0
2024-05-30 01:00:00,0.2,2.8,0.045,0.0,59.0
2024-05-30 02:00:00,0.2,2.5,0.047,0.0,57.0
2024-05-30 03:00:00,0.3,2.9,0.046,0.0,55.0
2024-05-30 04:00:00,0.2,3.1,0.046,0.0,55.0
2024-05-30 05:00:00,0.4,3.6,0.044,0.04,54.0
2024-05-30 06:00:00,3.0,9.7,0.035,0.26,58.0
2024-05-30 07:00:00,3.5,8.6,0.039,0.55,60.0
2024-05-30 08:00:00,1.1,3.0,0.049,0.84,62.0
2024-05-30 09:00:00,1.5,2.8,0.049,1.09,62.0
2024-05-30 10:00:00,1.1,2.5,0.052,1.25,64.0
2024-05-30 11:00:00,0.6,1.6,0.055,1.33,66.0
2024-05-30 12:00:00,0.7,1.3,0.057,1.37,69.0
2024-05-30 13:00:00,0.5,1.5,0.059,1.39,72.0
2024-05-30 14:00:00,0.6,1.3,0.059,1.18,72.0
2024-05-30 15:00:00,0.5,1.7,0.06,0.79,72.0
2024-05-30 16:00:00,0.4,2.2,0.06,0.44,69.0
2024-05-30 17:00:00,0.5,2.0,0.06,0.47,70.0
2024-05-30 18:00:00,0.4,2.3,0.054,0.24,69.0
2024-05-30 19:00:00,0.3,3.2,0.048,0.04,67.0
2024-05-30 20:00:00,0.4,4.3,0.042,0.0,63.0
2024-05-30 21:00:00,0.4,9.5,0.035,0.0,60.0
2024-05-30 22:00:00,0.2,7.5,0.036,0.0,58.0
2024-05-30 23:00:00,0.2,4.8,0.037,0.0,56.0
2024-05-31 00:00:00,0.3,3.6,0.037,0.0,56.0
2024-05-31 01:00:00,0.5,4.6,0.035,0.0,54.0
2024-05-31 02:00:00,0.3,3.4,0.036,0.0,53.0
2024-05-31 03:00:00,0.5,4.7,0.032,0.0,51.0
2024-05-31 04:00:00,,,0.031,0.0,52.0
2024-05-31 05:00:00,1.6,8.6,0.029,0.07,51.0
2024-05-31 06:00:00,3.1,9.0,0.03,0.3,56.0
2024-05-31 07:00:00,6.9,10.2,0.03,0.57,59.0
2024-05-31 08:00:00,3.1,6.4,0.038,0.84,64.0
2024-05-31 09:00:00,2.0,4.6,0.042,1.08,67.0
2024-05-31 10:00:00,1.1,2.7,0.049,1.22,69.0
2024-05-31 11:00:00,1.1,2.2,0.054,1.29,72.0
2024-05-31 12:00:00,1.8,4.2,0.054,1.29,75.0
2024-05-31 13:00:00,0.7,2.4,0.056,1.13,76.0
2024-05-31 14:00:00,0.6,1.8,0.054,0.99,79.0
2024-05-31 15:00:00,0.5,1.8,0.055,0.85,79.0
2024-05-31 16:00:00,0.4,1.7,0.056,0.8,79.0
2024-05-31 17:00:00,0.4,1.2,0.057,0.53,79.0
2024-05-31 18:00:00,0.4,2.1,0.058,0.27,76.0
2024-05-31 19:00:00,0.4,3.5,0.056,0.05,73.0
2024-05-31 20:00:00,0.4,8.6,0.045,0.0,69.0
2024-05-31 21:00:00,0.3,10.5,0.036,0.0,66.0
2024-05-31 22:00:00,0.3,8.6,0.033,0.0,64.0
2024-05-31 23:00:00,0.3,6.9,0.033,0.0,62.0
2024-06-01 00:00:00,0.3,5.6,0.033,0.0,62.0
2024-06-01 01:00:00,0.4,6.0,0.033,0.0,61.0
2024-06-01 02:00:00,0.3,3.1,0.035,0.0,60.0
2024-06-01 03:00:00,0.4,3.9,0.035,0.0,60.0
2024-06-01 04:00:00,0.4,4.6,0.028,0.0,59.0
2024-06-01 05:00:00,0.5,5.0,0.033,0.08,59.0
2024-06-01 06:00:00,1.0,3.7,0.035,0.31,63.0
2024-06-01 07:00:00,1.8,4.1,0.036,0.57,65.0
2024-06-01 08:00:00,1.5,3.9,0.04,0.83,69.0
2024-06-01 09:00:00,1.3,3.7,0.045,1.05,74.0
2024-06-01 10:00:00,0.8,2.9,0.051,1.24,77.0
2024-06-01 11:00:00,0.5,1.7,0.056,1.34,80.0
2024-06-01 12:00:00,0.5,1.9,0.059,1.37,84.0
2024-06-01 13:00:00,0.4,1.4,0.061,1.34,87.0
2024-06-01 14:00:00,1.4,1.9,0.064,1.15,88.0
2024-06-01 15:00:00,0.6,1.4,0.064,0.77,86.0
2024-06-01 16:00:00,0.4,1.4,0.064,0.3,84.0
2024-06-01 17:00:00,0.5,2.5,0.062,0.22,80.0
2024-06-01 18:00:00,0.3,2.4,0.062,0.23,80.0
2024-06-01 19:00:00,0.2,2.8,0.053,0.02,74.0
2024-06-01 20:00:00,0.3,2.7,0.047,0.0,72.0
2024-06-01 21:00:00,0.3,5.4,0.042,0.0,71.0
2024-06-01 22:00:00,0.3,5.7,0.041,0.0,69.0
2024-06-01 23:00:00,0.3,5.4,0.044,0.0,68.0
2024-06-02 00:00:00,0.3,4.3,0.046,0.0,67.0
2024-06-02 01:00:00,0.3,4.8,0.044,0.0,66.0
2024-06-02 02:00:00,0.3,4.6,0.042,0.0,64.0
2024-06-02 03:00:00,0.4,4.1,0.042,0.0,63.0
2024-06-02 04:00:00,,,0.042,0.0,62.0
2024-06-02 05:00:00,0.4,3.3,0.038,0.04,60.0
2024-06-02 06:00:00,0.6,4.8,0.038,0.12,62.0
2024-06-02 07:00:00,0.8,4.3,0.039,0.23,64.0
2024-06-02 08:00:00,0.8,3.3,0.047,0.57,70.0
2024-06-02 09:00:00,0.7,2.8,0.047,0.68,73.0
2024-06-02 10:00:00,0.6,2.2,0.053,1.17,76.0
2024-06-02 11:00:00,0.5,1.5,0.057,1.33,79.0
2024-06-02 12:00:00,0.4,1.0,0.054,1.16,80.0
2024-06-02 13:00:00,0.3,1.2,0.051,0.9,82.0
2024-06-02 14:00:00,0.2,0.8,0.052,1.11,82.0
2024-06-02 15:00:00,0.3,0.8,0.053,0.91,81.0
2024-06-02 16:00:00,0.2,0.9,0.054,0.57,81.0
2024-06-02 17:00:00,0.3,1.1,0.053,0.48,82.0
2024-06-02 18:00:00,0.5,1.9,0.052,0.22,82.0
2024-06-02 19:00:00,0.6,3.4,0.044,0.02,76.0
2024-06-02 20:00:00,0.3,6.4,0.036,0.0,72.0
2024-06-02 21:00:00,0.4,3.4,0.038,0.0,70.0
2024-06-02 22:00:00,0.3,3.0,0.039,0.0,69.0
2024-06-02 23:00:00,0.3,5.0,0.035,0.0,68.0
2024-06-03 00:00:00,0.3,4.0,0.033,0.0,66.0
2024-06-03 01:00:00,0.3,3.5,0.032,0.0,65.0
2024-06-03 02:00:00,0.3,3.1,0.031,0.0,64.0
2024-06-03 03:00:00,0.3,4.0,0.028,0.0,63.0
2024-06-03 04:00:00,0.5,8.0,0.023,0.0,62.0
2024-06-03 05:00:00,1.7,11.8,0.02,0.02,62.0
2024-06-03 06:00:00,2.9,12.1,0.022,0.1,63.0
2024-06-03 07:00:00,7.8,14.5,0.02,0.18,66.0
2024-06-03 08:00:00,7.9,15.3,0.02,0.15,66.0
2024-06-03 09:00:00,4.7,9.7,0.025,0.51,68.0
2024-06-03 10:00:00,2.3,5.3,0.038,0.95,75.0
2024-06-03 11:00:00,1.1,3.0,0.044,1.12,80.0
2024-06-03 12:00:00,1.1,3.3,0.044,0.5,79.0
2024-06-03 13:00:00,1.0,2.6,0.038,0.4,74.0
2024-06-03 14:00:00,0.7,3.6,0.039,0.24,74.0
2024-06-03 15:00:00,0.8,3.8,0.039,0.14,74.0
2024-06-03 16:00:00,0.3,1.3,0.039,0.12,71.0
2024-06-03 17:00:00,1.2,6.4,0.033,0.13,65.0
2024-06-03 18:00:00,0.8,5.3,0.033,0.08,66.0
2024-06-03 19:00:00,0.4,4.3,0.031,0.03,65.0
2024-06-03 20:00:00,0.3,5.4,0.027,0.0,64.0
2024-06-03 21:00:00,0.7,6.3,0.024,0.0,63.0
2024-06-03 22:00:00,0.5,4.1,0.023,0.0,61.0
2024-06-03 23:00:00,0.2,4.4,0.02,0.0,59.0
2024-06-04 00:00:00,0.4,3.1,0.02,0.0,58.0
2024-06-04 01:00:00,0.6,4.6,0.018,0.0,57.0
2024-06-04 02:00:00,0.4,4.2,0.017,0.0,56.0
2024-06-04 03:00:00,1.2,9.7,0.01,0.0,56.0
2024-06-04 04:00:00,1.3,11.0,0.008,0.0,55.0
2024-06-04 05:00:00,6.1,12.9,0.007,0.06,55.0
2024-06-04 06:00:00,13.7,13.8,0.012,0.33,62.0
2024-06-04 07:00:00,2.5,4.6,0.029,0.57,67.0
2024-06-04 08:00:00,1.6,2.3,0.039,0.54,67.0
2024-06-04 09:00:00,0.8,1.8,0.043,1.14,68.0
2024-06-04 10:00:00,0.6,1.5,0.045,1.11,69.0
2024-06-04 11:00:00,0.5,1.5,0.046,1.07,71.0
2024-06-04 12:00:00,0.8,1.4,0.046,1.42,74.0
2024-06-04 13:00:00,0.4,1.1,0.046,1.31,75.0
2024-06-04 14:00:00,0.5,1.1,0.046,1.19,75.0
2024-06-04 15:00:00,0.4,1.1,0.048,1.02,76.0
2024-06-04 16:00:00,0.5,1.7,0.053,0.8,77.0
2024-06-04 17:00:00,0.6,1.6,0.05,0.55,75.0
2024-06-04 18:00:00,0.4,1.5,0.044,0.3,74.0
2024-06-04 19:00:00,0.5,2.4,0.039,0.07,71.0
2024-06-04 20:00:00,0.4,7.8,0.033,0.0,70.0
2024-06-04 21:00:00,0.3,7.4,0.027,0.0,67.0
2024-06-04 22:00:00,0.3,2.8,0.028,0.0,64.0
2024-06-04 23:00:00,0.3,2.4,0.028,0.0,63.0
2024-06-05 00:00:00,0.3,2.7,0.028,0.0,62.0
2024-06-05 01:00:00,0.5,3.8,0.027,0.0,61.0
2024-06-05 02:00:00,0.4,2.6,0.026,0.0,59.0
2024-06-05 03:00:00,1.2,5.8,0.02,0.0,56.0
2024-06-05 04:00:00,1.4,7.5,0.019,0.0,56.0
2024-06-05 05:00:00,2.0,7.0,0.019,0.08,57.0
2024-06-05 06:00:00,3.2,5.6,0.022,0.31,60.0
2024-06-05 07:00:00,4.8,6.4,0.023,0.58,64.0
2024-06-05 08:00:00,3.6,5.3,0.028,0.84,70.0
2024-06-05 09:00:00,3.5,5.5,0.033,1.06,75.0
2024-06-05 10:00:00,2.4,4.5,0.038,1.23,78.0
2024-06-05 11:00:00,1.2,2.4,0.04,1.33,82.0
2024-06-05 12:00:00,0.7,1.6,0.039,1.35,84.0
2024-06-05 13:00:00,0.5,1.5,0.045,,
2024-06-05 14:00:00,0.5,1.6,0.048,1.18,86.0
2024-06-05 15:00:00,0.4,2.0,0.054,1.02,87.0
2024-06-05 16:00:00,0.4,1.7,0.052,0.8,86.0
2024-06-05 17:00:00,0.4,1.4,0.044,0.55,85.0
2024-06-05 18:00:00,0.3,1.5,0.039,0.29,83.0
2024-06-05 19:00:00,0.2,2.0,0.032,0.07,79.0
2024-06-05 20:00:00,0.4,5.3,0.027,0.0,76.0
2024-06-05 21:00:00,0.4,7.7,0.024,0.0,74.0
2024-06-05 22:00:00,0.3,3.9,0.026,0.0,71.0
2024-06-05 23:00:00,0.3,3.9,0.026,0.0,69.0
2024-06-06 00:00:00,0.2,2.8,0.027,0.0,68.0
2024-06-06 01:00:00,0.6,7.2,0.023,0.0,67.0
2024-06-06 02:00:00,0.7,4.9,0.023,0.0,64.0
2024-06-06 03:00:00,0.3,4.0,0.022,0.0,62.0
2024-06-06 04:00:00,0.9,6.8,0.022,0.0,63.0
2024-06-06 05:00:00,2.0,7.3,0.019,0.08,62.0
2024-06-06 06:00:00,3.2,6.2,0.021,0.31,65.0
2024-06-06 07:00:00,4.5,6.2,0.023,0.57,69.0
2024-06-06 08:00:00,3.1,5.2,0.027,0.83,74.0
2024-06-06 09:00:00,2.3,4.8,0.033,1.05,79.0
2024-06-06 10:00:00,1.7,4.8,0.04,1.22,82.0
2024-06-06 11:00:00,1.7,5.3,0.045,1.32,86.0
2024-06-06 12:00:00,1.0,3.3,0.047,1.35,87.0
2024-06-06 13:00:00,0.7,1.5,0.037,1.31,90.0
2024-06-06 14:00:00,0.5,1.4,0.039,1.2,92.0
2024-06-06 15:00:00,0.4,0.9,0.037,1.0,93.0
2024-06-06 16:00:00,0.5,1.5,0.04,0.47,92.0
2024-06-06 17:00:00,0.5,1.2,0.044,0.55,92.0
2024-06-06 18:00:00,0.9,2.7,0.044,0.29,91.0
2024-06-06 19:00:00,0.7,6.3,0.033,0.02,86.0
2024-06-06 20:00:00,0.9,4.9,0.027,0.0,81.0
2024-06-06 21:00:00,0.4,3.2,0.027,0.0,79.0
2024-06-06 22:00:00,0.6,6.2,0.024,0.0,77.0
2024-06-06 23:00:00,0.4,6.5,0.022,0.0,74.0
2024-06-07 00:00:00,0.4,5.4,0.02,0.0,72.0
2024-06-07 01:00:00,0.4,6.3,0.021,0.0,70.0
2024-06-07 02:00:00,0.4,5.8,0.022,0.0,71.0
2024-06-07 03:00:00,0.6,7.3,0.019,0.0,70.0
2024-06-07 04:00:00,,,0.019,0.0,70.0
2024-06-07 05:00:00,1.6,8.8,0.019,0.05,69.0
2024-06-07 06:00:00,4.4,8.8,0.021,0.29,73.0
2024-06-07 07:00:00,4.1,6.9,0.026,0.55,76.0
2024-06-07 08:00:00,2.3,5.5,0.033,0.81,79.0
2024-06-07 09:00:00,1.4,3.8,0.04,1.04,81.0
2024-06-07 10:00:00,1.1,3.2,0.047,1.2,85.0
2024-06-07 11:00:00,0.5,2.2,0.051,1.3,87.0
2024-06-07 12:00:00,0.5,1.5,0.048,1.34,89.0
2024-06-07 13:00:00,0.4,1.5,0.051,1.23,90.0
2024-06-07 14:00:00,0.4,1.7,0.053,0.83,89.0
2024-06-07 15:00:00,0.5,3.9,0.059,0.59,87.0
2024-06-07 16:00:00,0.5,2.4,0.053,0.2,80.0
2024-06-07 17:00:00,0.9,5.0,0.046,0.32,81.0
2024-06-07 18:00:00,0.2,2.3,0.044,0.05,78.0
2024-06-07 19:00:00,0.3,2.5,0.04,0.02,76.0
2024-06-07 20:00:00,0.3,3.2,0.035,0.0,71.0
2024-06-07 21:00:00,0.5,5.0,0.032,0.0,69.0
2024-06-07 22:00:00,0.3,6.3,0.037,0.0,71.0
2024-06-07 23:00:00,0.2,3.8,0.043,0.0,72.0
2024-06-08 00:00:00,0.2,2.1,0.041,0.0,69.0
2024-06-08 01:00:00,0.4,4.9,0.038,0.0,69.0
2024-06-08 02:00:00,0.3,4.0,0.034,0.0,67.0
2024-06-08 03:00:00,0.5,4.5,0.031,0.0,65.0
2024-06-08 04:00:00,0.4,3.9,0.029,0.0,64.0
2024-06-08 05:00:00,0.7,4.9,0.028,0.07,64.0
2024-06-08 06:00:00,1.7,4.4,0.028,0.3,66.0
2024-06-08 07:00:00,1.4,3.4,0.033,0.56,69.0
2024-06-08 08:00:00,1.1,2.9,0.04,0.83,73.0
2024-06-08 09:00:00,0.9,2.6,0.043,1.05,77.0
2024-06-08 10:00:00,0.8,3.0,0.052,1.22,81.0
2024-06-08 11:00:00,0.6,1.9,0.055,1.32,84.0
2024-06-08 12:00:00,0.2,0.9,0.055,1.35,85.0
2024-06-08 13:00:00,0.2,0.8,0.054,1.31,87.0
2024-06-08 14:00:00,0.3,0.8,0.053,1.2,88.0
2024-06-08 15:00:00,0.2,0.9,0.053,0.7,88.0
2024-06-08 16:00:00,0.5,1.7,0.055,0.83,90.0
2024-06-08 17:00:00,0.4,1.6,0.056,0.35,89.0
2024-06-08 18:00:00,0.5,2.8,0.052,0.16,86.0
2024-06-08 19:00:00,0.4,5.6,0.039,0.04,82.0
2024-06-08 20:00:00,0.2,3.5,0.038,0.0,79.0
2024-06-08 21:00:00,0.3,2.8,0.037,0.0,77.0
2024-06-08 22:00:00,0.2,2.2,0.038,0.0,75.0
2024-06-08 23:00:00,0.2,2.3,0.038,0.0,73.0
2024-06-09 00:00:00,0.2,2.6,0.035,0.0,73.0
2024-06-09 01:00:00,0.6,5.5,0.032,0.0,71.0
2024-06-09 02:00:00,0.5,5.2,0.032,0.0,69.0
2024-06-09 03:00:00,0.4,4.2,0.031,0.0,68.0
2024-06-09 04:00:00,,,0.03,0.0,67.0
2024-06-09 05:00:00,0.6,3.4,0.03,0.08,67.0
2024-06-09 06:00:00,1.0,3.5,0.029,0.29,67.0
2024-06-09 07:00:00,1.1,4.2,0.03,0.35,71.0
2024-06-09 08:00:00,1.3,4.2,0.033,0.57,73.0
2024-06-09 09:00:00,1.0,2.7,0.04,1.08,82.0
2024-06-09 10:00:00,0.5,1.7,0.047,1.22,86.0
2024-06-09 11:00:00,0.4,1.5,0.05,1.32,89.0
2024-06-09 12:00:00,0.5,2.2,0.055,1.34,91.0
2024-06-09 13:00:00,0.4,1.6,0.056,1.24,92.0
2024-06-09 14:00:00,0.5,1.9,0.057,0.88,94.0
2024-06-09 15:00:00,0.6,3.5,0.048,0.23,86.0
2024-06-09 16:00:00,0.5,3.0,0.048,0.18,80.0
2024-06-09 17:00:00,0.6,2.8,0.049,0.38,81.0
2024-06-09 18:00:00,0.6,2.5,0.047,0.18,81.0
2024-06-09 19:00:00,0.8,3.2,0.046,0.06,80.0
2024-06-09 20:00:00,0.2,2.5,0.044,0.0,78.0
2024-06-09 21:00:00,0.4,2.6,0.039,0.0,74.0
2024-06-09 22:00:00,0.3,2.0,0.039,0.0,73.0
2024-06-09 23:00:00,0.4,4.3,0.035,0.0,71.0
2024-06-10 00:00:00,0.4,2.8,0.032,0.0,68.0
2024-06-10 01:00:00,0.6,4.6,0.032,0.0,67.0
2024-06-10 02:00:00,0.4,3.9,0.031,0.0,66.0
2024-06-10 03:00:00,0.4,5.3,0.031,0.0,65.0
2024-06-10 04:00:00,0.8,6.5,0.025,0.0,62.0
2024-06-10 05:00:00,2.5,10.9,0.022,0.05,63.0
2024-06-10 06:00:00,2.9,9.6,0.023,0.13,64.0
2024-06-10 07:00:00,10.9,15.2,0.024,0.47,68.0
2024-06-10 08:00:00,3.3,6.7,0.034,0.82,76.0
2024-06-10 09:00:00,2.6,6.3,0.041,1.04,77.0
2024-06-10 10:00:00,3.1,6.0,0.046,1.21,82.0
2024-06-10 11:00:00,0.6,1.9,0.051,1.32,84.0
2024-06-10 12:00:00,0.7,1.6,0.052,1.34,85.0
2024-06-10 13:00:00,0.4,1.3,0.054,1.3,85.0
2024-06-10 14:00:00,0.3,1.5,0.059,1.08,86.0
2024-06-10 15:00:00,0.4,2.3,0.068,0.64,85.0
2024-06-10 16:00:00,0.5,2.4,0.062,0.54,83.0
2024-06-10 17:00:00,0.4,1.9,0.056,0.48,84.0
2024-06-10 18:00:00,0.4,1.9,0.053,0.29,84.0
2024-06-10 19:00:00,0.3,2.1,0.05,0.07,81.0
2024-06-10 20:00:00,0.3,3.3,0.045,0.0,76.0
2024-06-10 21:00:00,0.4,4.6,0.04,0.0,74.0
2024-06-10 22:00:00,0.4,6.2,0.035,0.0,71.0
2024-06-10 23:00:00,0.4,4.8,0.036,0.0,70.0
2024-06-11 00:00:00,0.3,3.1,0.036,0.0,68.0
2024-06-11 01:00:00,0.3,2.4,0.035,0.0,66.0
2024-06-11 02:00:00,0.3,4.0,0.033,0.0,65.0
2024-06-11 03:00:00,0.4,4.1,0.034,0.0,63.0
2024-06-11 04:00:00,0.8,6.9,0.029,0.0,63.0
2024-06-11 05:00:00,2.0,9.9,0.027,0.08,62.0
2024-06-11 06:00:00,3.2,8.2,0.03,0.3,65.0
2024-06-11 07:00:00,4.6,9.2,0.033,0.57,70.0
2024-06-11 08:00:00,4.9,8.5,0.04,0.83,73.0
2024-06-11 09:00:00,1.4,3.8,0.05,1.05,78.0
2024-06-11 10:00:00,1.5,4.7,0.057,1.23,83.0
2024-06-11 11:00:00,1.2,3.7,0.064,1.32,86.0
2024-06-11 12:00:00,0.8,2.2,0.062,1.35,89.0
2024-06-11 13:00:00,0.5,1.3,0.057,1.3,90.0
2024-06-11 14:00:00,0.6,1.5,0.058,1.19,92.0
2024-06-11 15:00:00,0.5,1.3,0.058,1.02,92.0
2024-06-11 16:00:00,0.4,1.2,0.057,0.81,93.0
2024-06-11 17:00:00,0.4,1.1,0.059,0.56,90.0
2024-06-11 18:00:00,0.4,2.3,0.072,0.29,88.0
2024-06-11 19:00:00,0.3,3.0,0.076,0.07,85.0
2024-06-11 20:00:00,0.3,8.4,0.049,0.0,80.0
2024-06-11 21:00:00,0.2,5.2,0.045,0.0,77.0
2024-06-11 22:00:00,0.2,3.6,0.045,0.0,75.0
2024-06-11 23:00:00,0.3,4.0,0.042,0.0,73.0
2024-06-12 00:00:00,0.3,2.8,0.042,0.0,72.0
2024-06-12 01:00:00,0.4,2.7,0.041,0.0,71.0
2024-06-12 02:00:00,0.4,5.1,0.038,0.0,69.0
2024-06-12 03:00:00,0.5,4.8,0.038,0.0,69.0
2024-06-12 04:00:00,0.5,4.7,0.038,0.0,68.0
2024-06-12 05:00:00,1.4,7.6,0.033,0.07,67.0
2024-06-12 06:00:00,2.4,6.3,0.035,0.3,69.0
2024-06-12 07:00:00,5.2,8.4,0.034,0.58,71.0
2024-06-12 08:00:00,2.6,6.7,0.04,0.78,78.0
2024-06-12 09:00:00,1.7,5.4,0.045,0.88,82.0
2024-06-12 10:00:00,1.0,4.5,0.054,0.96,88.0
2024-06-12 11:00:00,1.1,4.1,0.06,0.87,91.0
2024-06-12 12:00:00,0.9,3.6,0.061,1.27,92.0
2024-06-12 13:00:00,1.1,3.2,0.06,1.28,96.0
2024-06-12 14:00:00,0.5,1.6,0.058,1.1,98.0
2024-06-12 15:00:00,0.5,1.2,0.056,0.91,98.0
2024-06-12 16:00:00,0.8,2.0,0.052,0.55,97.0
2024-06-12 17:00:00,0.3,1.3,0.054,0.31,96.0
2024-06-12 18:00:00,0.5,2.9,0.052,0.26,96.0
2024-06-12 19:00:00,0.7,6.9,0.04,0.07,88.0
2024-06-12 20:00:00,0.3,5.1,0.04,0.0,83.0
2024-06-12 21:00:00,0.4,8.6,0.037,0.0,81.0
2024-06-12 22:00:00,0.3,9.1,0.031,0.0,76.0
2024-06-12 23:00:00,0.4,5.0,0.037,0.0,74.0
2024-06-13 00:00:00,0.3,5.3,0.036,0.0,72.0
2024-06-13 01:00:00,0.5,7.7,0.037,0.0,72.0
2024-06-13 02:00:00,0.5,5.7,0.036,0.0,70.0
2024-06-13 03:00:00,0.7,5.1,0.033,0.0,67.0
2024-06-13 04:00:00,0.4,7.9,0.032,0.0,67.0
2024-06-13 05:00:00,1.8,9.6,0.03,0.08,67.0
2024-06-13 06:00:00,4.6,11.3,0.029,0.31,70.0
2024-06-13 07:00:00,6.8,10.9,0.03,0.58,74.0
2024-06-13 08:00:00,3.9,8.0,0.036,0.85,80.0
2024-06-13 09:00:00,1.8,4.5,0.045,1.08,85.0
2024-06-13 10:00:00,1.6,4.3,0.054,1.25,89.0
2024-06-13 11:00:00,1.1,3.1,0.056,1.35,92.0
2024-06-13 12:00:00,0.9,1.8,0.054,1.38,95.0
2024-06-13 13:00:00,0.9,2.3,0.056,1.34,96.0
2024-06-13 14:00:00,0.9,1.9,0.059,1.22,96.0
2024-06-13 15:00:00,0.9,1.6,0.061,1.04,96.0
2024-06-13 16:00:00,0.5,1.1,0.06,0.82,95.0
2024-06-13 17:00:00,0.5,1.5,0.055,0.44,94.0
2024-06-13 18:00:00,0.5,3.3,0.046,0.22,90.0
2024-06-13 19:00:00,0.6,6.3,0.043,0.09,89.0
2024-06-13 20:00:00,0.3,8.8,0.036,0.0,85.0
2024-06-13 21:00:00,0.3,9.4,0.038,0.0,82.0
2024-06-13 22:00:00,0.3,6.1,0.04,0.0,80.0
2024-06-13 23:00:00,0.4,6.0,0.038,0.0,77.0
2024-06-14 00:00:00,0.3,5.1,0.04,0.0,77.0
2024-06-14 01:00:00,0.3,3.5,0.039,0.0,75.0
2024-06-14 02:00:00,0.2,4.1,0.042,0.0,75.0
2024-06-14 03:00:00,0.4,4.2,0.044,0.0,76.0
2024-06-14 04:00:00,,,0.043,0.0,74.0
2024-06-14 05:00:00,0.6,4.5,0.041,0.03,73.0
2024-06-14 06:00:00,1.9,10.0,0.035,0.11,73.0
2024-06-14 07:00:00,4.2,10.9,0.034,0.44,75.0
2024-06-14 08:00:00,5.7,10.7,0.038,0.51,78.0
2024-06-14 09:00:00,2.3,6.3,0.042,0.56,80.0
2024-06-14 10:00:00,2.0,4.9,0.048,1.03,82.0
2024-06-14 11:00:00,1.5,2.9,0.054,1.34,86.0
2024-06-14 12:00:00,0.6,2.0,0.059,1.34,89.0
2024-06-14 13:00:00,1.3,2.5,0.058,1.3,91.0
2024-06-14 14:00:00,0.5,2.0,0.059,1.19,91.0
2024-06-14 15:00:00,0.5,1.5,0.058,1.02,93.0
2024-06-14 16:00:00,0.6,1.8,0.056,0.8,93.0
2024-06-14 18:00:00,,,,0.18,91.0
2024-06-14 19:00:00,7.7,3.8,0.041,0.04,87.0
2024-06-14 20:00:00,0.2,4.3,0.043,0.0,82.0
2024-06-14 21:00:00,0.3,1.9,0.046,0.0,80.0
2024-06-14 22:00:00,0.3,2.1,0.047,0.0,80.0
2024-06-14 23:00:00,0.3,1.5,0.048,0.0,80.0
2024-06-15 00:00:00,0.3,2.5,0.048,0.0,79.0
2024-06-15 01:00:00,0.3,2.8,0.047,0.0,77.0
2024-06-15 02:00:00,0.4,3.9,0.047,0.0,75.0
2024-06-15 03:00:00,0.2,2.0,0.046,0.0,73.0
2024-06-15 04:00:00,0.3,3.6,0.043,0.0,71.0
2024-06-15 05:00:00,0.5,4.4,0.039,0.07,69.0
2024-06-15 06:00:00,1.3,5.7,0.038,0.29,71.0
2024-06-15 07:00:00,1.9,4.7,0.039,0.57,74.0
2024-06-15 08:00:00,1.4,3.3,0.045,0.8,81.0
2024-06-15 09:00:00,0.7,2.1,0.048,0.79,81.0
2024-06-15 10:00:00,0.5,1.9,0.053,1.18,81.0
2024-06-15 11:00:00,0.7,1.7,0.054,1.32,83.0
2024-06-15 12:00:00,0.3,1.3,0.05,1.35,87.0
2024-06-15 13:00:00,0.4,1.2,0.049,1.31,89.0
2024-06-15 14:00:00,0.6,0.9,0.049,1.18,89.0
2024-06-15 15:00:00,0.3,0.5,0.048,1.03,89.0
2024-06-15 16:00:00,0.4,1.0,0.052,0.71,88.0
2024-06-15 17:00:00,0.3,1.6,0.058,0.5,87.0
2024-06-15 18:00:00,0.4,2.0,0.055,0.25,84.0
2024-06-15 19:00:00,0.3,2.4,0.056,0.04,80.0
2024-06-15 20:00:00,0.3,3.5,0.052,0.0,78.0
2024-06-15 21:00:00,0.4,7.5,0.039,0.0,75.0
2024-06-15 22:00:00,0.2,4.2,0.046,0.0,72.0
2024-06-15 23:00:00,0.3,2.8,0.044,0.0,70.0
2024-06-16 00:00:00,0.3,3.0,0.041,0.0,67.0
2024-06-16 01:00:00,0.2,2.1,0.041,0.0,65.0
2024-06-16 02:00:00,0.2,2.3,0.037,0.0,63.0
2024-06-16 03:00:00,0.2,2.6,0.036,0.0,62.0
2024-06-16 04:00:00,,,0.034,0.0,61.0
2024-06-16 05:00:00,0.4,3.6,0.031,0.07,60.0
2024-06-16 06:00:00,0.8,3.3,0.03,0.3,62.0
2024-06-16 07:00:00,0.7,2.3,0.037,0.56,66.0
2024-06-16 08:00:00,0.7,2.3,0.04,0.82,67.0
2024-06-16 09:00:00,0.6,2.5,0.045,1.05,69.0
2024-06-16 10:00:00,0.5,1.9,0.05,1.22,71.0
2024-06-16 11:00:00,0.3,1.6,0.054,1.33,74.0
2024-06-16 12:00:00,0.3,1.2,0.055,1.36,78.0
2024-06-16 13:00:00,0.4,1.1,0.056,1.32,80.0
2024-06-16 14:00:00,0.3,0.9,0.056,1.21,82.0
2024-06-16 15:00:00,0.3,1.0,0.057,1.03,83.0
2024-06-16 16:00:00,0.3,0.8,0.056,0.82,83.0
2024-06-16 17:00:00,0.5,1.4,0.06,0.49,81.0
2024-06-16 18:00:00,0.4,2.1,0.058,0.3,78.0
2024-06-16 19:00:00,0.2,2.3,0.055,0.07,75.0
2024-06-16 20:00:00,0.3,3.2,0.052,0.0,73.0
2024-06-16 21:00:00,0.4,6.7,0.041,0.0,71.0
2024-06-16 22:00:00,0.3,7.6,0.039,0.0,70.0
2024-06-16 23:00:00,0.3,4.6,0.04,0.0,69.0
2024-06-17 00:00:00,0.4,4.0,0.038,0.0,66.0
2024-06-17 01:00:00,0.3,3.4,0.037,0.0,64.0
2024-06-17 02:00:00,0.9,3.6,0.036,0.0,63.0
2024-06-17 03:00:00,0.4,3.5,0.034,0.0,60.0
2024-06-17 04:00:00,0.4,4.4,0.034,0.0,60.0
2024-06-17 05:00:00,1.9,10.9,0.026,0.06,59.0
2024-06-17 06:00:00,3.5,9.9,0.028,0.3,63.0
2024-06-17 07:00:00,4.4,9.8,0.033,0.56,68.0
2024-06-17 08:00:00,3.1,6.8,0.043,0.83,72.0
2024-06-17 09:00:00,1.1,3.5,0.052,1.05,77.0
2024-06-17 10:00:00,0.6,1.9,0.055,1.23,76.0
2024-06-17 11:00:00,0.7,2.4,0.052,1.33,76.0
2024-06-17 12:00:00,0.8,2.3,0.051,1.37,76.0
2024-06-17 13:00:00,0.6,2.3,0.052,1.24,76.0
2024-06-17 14:00:00,0.7,1.7,0.047,1.18,75.0
2024-06-17 15:00:00,0.6,1.2,0.04,0.96,71.0
2024-06-17 16:00:00,0.5,0.9,0.04,0.63,63.0
2024-06-17 17:00:00,0.3,0.9,0.044,0.15,59.0
2024-06-17 18:00:00,0.2,0.9,0.049,0.15,58.0
2024-06-17 19:00:00,0.2,1.0,0.048,0.06,56.0
2024-06-17 20:00:00,0.2,0.6,0.048,0.0,55.0
2024-06-17 21:00:00,0.2,0.4,0.046,0.0,54.0
2024-06-17 22:00:00,0.2,0.5,0.044,0.0,53.0
2024-06-17 23:00:00,0.2,0.7,0.043,0.0,52.0
2024-06-18 00:00:00,0.2,0.7,0.043,0.0,51.0
2024-06-18 01:00:00,0.3,0.7,0.043,0.0,51.0
2024-06-18 02:00:00,0.2,0.5,0.043,0.0,50.0
2024-06-18 03:00:00,0.3,2.9,0.034,0.0,48.0
2024-06-18 04:00:00,0.3,6.9,0.029,0.0,47.0
2024-06-18 05:00:00,1.4,9.7,0.029,0.06,46.0
2024-06-18 06:00:00,5.8,8.7,0.031,0.32,49.0
2024-06-18 07:00:00,3.4,4.8,0.037,0.59,53.0
2024-06-18 08:00:00,1.4,2.1,0.041,0.85,56.0
2024-06-18 09:00:00,1.2,2.0,0.043,1.08,57.0
2024-06-18 10:00:00,0.8,1.6,0.047,1.26,59.0
2024-06-18 11:00:00,0.9,1.4,0.049,1.36,60.0
2024-06-18 12:00:00,0.5,1.4,0.049,1.4,62.0
2024-06-18 13:00:00,0.6,1.2,0.051,1.36,65.0
2024-06-18 14:00:00,0.8,2.0,0.052,1.24,67.0
2024-06-18 15:00:00,0.5,1.3,0.053,1.07,68.0
2024-06-18 16:00:00,0.5,0.8,0.052,0.86,69.0
2024-06-18 17:00:00,0.3,0.7,0.052,0.6,69.0
2024-06-18 18:00:00,0.4,1.1,0.051,0.21,68.0
2024-06-18 19:00:00,1.0,2.7,0.045,0.05,65.0
2024-06-18 20:00:00,0.4,4.6,0.048,0.0,64.0
2024-06-18 21:00:00,0.3,5.7,0.042,0.0,62.0
2024-06-18 22:00:00,0.4,6.1,0.035,0.0,59.0
2024-06-18 23:00:00,0.3,5.2,0.037,0.0,59.0
2024-06-19 00:00:00,0.3,5.6,0.035,0.0,59.0
2024-06-19 01:00:00,0.4,7.5,0.034,0.0,58.0
2024-06-19 02:00:00,0.4,5.7,0.034,0.0,57.0
2024-06-19 03:00:00,0.4,5.7,0.032,0.0,55.0
2024-06-19 04:00:00,0.7,7.6,0.029,0.0,53.0
2024-06-19 05:00:00,1.9,10.7,0.027,0.06,53.0
2024-06-19 06:00:00,4.7,11.7,0.027,0.31,56.0
2024-06-19 07:00:00,5.6,10.8,0.033,0.5,60.0
2024-06-19 08:00:00,2.1,6.1,0.041,0.76,66.0
2024-06-19 09:00:00,1.4,3.8,0.045,0.94,67.0
2024-06-19 10:00:00,1.4,3.9,0.049,1.17,69.0
2024-06-19 11:00:00,1.7,5.6,0.051,1.17,71.0
2024-06-19 12:00:00,0.9,3.8,0.057,1.15,73.0
2024-06-19 13:00:00,0.8,3.0,0.057,1.39,78.0
2024-06-19 14:00:00,0.9,3.7,0.06,0.74,78.0
2024-06-19 15:00:00,0.7,3.3,0.063,1.02,79.0
2024-06-19 16:00:00,0.6,3.1,0.062,0.74,78.0
2024-06-19 17:00:00,0.6,3.7,0.062,0.49,77.0
2024-06-19 18:00:00,0.6,4.8,0.059,0.32,76.0
2024-06-19 19:00:00,0.3,6.8,0.052,0.06,73.0
2024-06-19 20:00:00,0.5,7.8,0.045,0.0,70.0
2024-06-19 21:00:00,0.4,11.1,0.037,0.0,67.0
2024-06-19 22:00:00,0.4,8.8,0.039,0.0,67.0
2024-06-19 23:00:00,0.7,7.2,0.04,0.0,65.0
2024-06-20 00:00:00,0.4,5.4,0.04,0.0,65.0
2024-06-20 01:00:00,0.4,3.7,0.042,0.0,65.0
2024-06-20 02:00:00,0.3,4.9,0.039,0.0,64.0
2024-06-20 03:00:00,0.4,6.8,0.037,0.0,64.0
2024-06-20 04:00:00,0.9,11.0,0.032,0.0,63.0
2024-06-20 05:00:00,1.7,16.4,0.029,0.04,63.0
2024-06-20 06:00:00,3.4,13.0,0.03,0.21,64.0
2024-06-20 07:00:00,4.4,11.2,0.032,0.55,67.0
2024-06-20 08:00:00,3.6,9.1,0.038,0.83,70.0
2024-06-20 09:00:00,3.3,9.3,0.044,1.05,74.0
2024-06-20 10:00:00,,,0.051,1.22,77.0
2024-06-20 11:00:00,,,0.059,1.32,80.0
2024-06-20 12:00:00,,,0.066,1.36,83.0
2024-06-20 13:00:00,,,0.067,1.32,86.0
2024-06-20 14:00:00,,,0.066,1.2,89.0
2024-06-20 15:00:00,,,0.066,1.03,89.0
2024-06-20 16:00:00,,,0.061,0.82,90.0
2024-06-20 17:00:00,,,0.068,0.57,90.0
2024-06-20 18:00:00,,,0.071,0.31,84.0
2024-06-20 19:00:00,,,0.061,0.07,80.0
2024-06-20 20:00:00,,,0.055,0.0,76.0
2024-06-20 21:00:00,,,0.047,0.0,74.0
2024-06-20 22:00:00,,,0.047,0.0,73.0
2024-06-20 23:00:00,,,0.047,0.0,74.0
2024-06-21 00:00:00,,,0.044,0.0,75.0
2024-06-21 01:00:00,,,0.043,0.0,76.0
2024-06-21 02:00:00,,,0.04,0.0,75.0
2024-06-21 03:00:00,,,0.04,0.0,74.0
2024-06-21 04:00:00,,,0.039,0.0,74.0
2024-06-21 05:00:00,,,0.037,0.06,73.0
2024-06-21 06:00:00,,,0.036,0.28,75.0
2024-06-21 07:00:00,,,0.036,0.54,77.0
2024-06-21 08:00:00,,,0.038,0.81,79.0
2024-06-21 09:00:00,,,0.04,1.04,82.0
2024-06-21 10:00:00,,,0.042,1.22,85.0
2024-06-21 11:00:00,,,0.041,0.66,86.0
2024-06-21 12:00:00,,,0.039,0.4,81.0
2024-06-21 13:00:00,,,0.042,1.1,79.0
2024-06-21 14:00:00,,,0.045,1.03,81.0
2024-06-21 15:00:00,1.2,3.7,0.043,0.55,83.0
2024-06-21 16:00:00,0.8,3.4,0.042,0.54,82.0
2024-06-21 17:00:00,0.7,2.9,0.043,0.61,83.0
2024-06-21 18:00:00,0.6,3.2,0.043,0.3,83.0
2024-06-21 19:00:00,0.3,3.7,0.041,0.08,81.0
2024-06-21 20:00:00,0.2,3.3,0.041,0.0,78.0
2024-06-21 21:00:00,0.1,2.3,0.045,0.0,76.0
2024-06-21 22:00:00,0.2,2.4,0.046,0.0,75.0
2024-06-21 23:00:00,0.2,3.1,0.044,0.0,74.0
2024-06-22 00:00:00,0.2,3.4,0.044,0.0,74.0
2024-06-22 01:00:00,0.2,2.7,0.043,0.0,73.0
2024-06-22 02:00:00,0.2,3.2,0.042,0.0,73.0
2024-06-22 03:00:00,0.3,3.3,0.042,0.0,72.0
2024-06-22 04:00:00,0.5,4.1,0.039,0.0,73.0
2024-06-22 05:00:00,0.3,3.7,0.039,0.07,72.0
2024-06-22 06:00:00,0.6,3.2,0.039,0.29,74.0
2024-06-22 07:00:00,0.9,3.3,0.04,0.55,75.0
2024-06-22 08:00:00,0.8,3.0,0.041,0.82,78.0
2024-06-22 09:00:00,0.8,2.8,0.043,1.04,82.0
2024-06-22 10:00:00,0.6,2.3,0.045,1.21,86.0
2024-06-22 11:00:00,0.5,2.0,0.048,1.32,89.0
2024-06-22 12:00:00,0.3,1.7,0.051,1.35,93.0
2024-06-22 13:00:00,0.2,1.3,0.053,1.33,95.0
2024-06-22 14:00:00,0.3,1.1,0.055,1.21,96.0
2024-06-22 15:00:00,0.3,1.2,0.058,1.06,96.0
2024-06-22 16:00:00,0.5,1.2,0.058,0.83,97.0
2024-06-22 17:00:00,0.3,1.5,0.056,0.58,96.0
2024-06-22 18:00:00,0.2,1.2,0.058,0.32,96.0
2024-06-22 19:00:00,0.2,2.6,0.052,0.09,92.0
2024-06-22 20:00:00,0.1,3.4,0.044,0.0,83.0
2024-06-22 21:00:00,0.1,2.7,0.046,0.0,81.0
2024-06-22 22:00:00,0.2,1.8,0.049,0.0,82.0
2024-06-22 23:00:00,0.2,2.2,0.048,0.0,81.0
2024-06-23 00:00:00,0.2,2.7,0.046,0.0,78.0
2024-06-23 01:00:00,0.2,1.9,0.044,0.0,76.0
2024-06-23 02:00:00,0.2,2.8,0.041,0.0,75.0
2024-06-23 03:00:00,0.2,2.0,0.039,0.0,74.0
2024-06-23 04:00:00,,,0.037,0.0,73.0
2024-06-23 05:00:00,0.2,2.6,0.036,0.07,71.0
2024-06-23 06:00:00,0.5,2.6,0.035,0.3,73.0
2024-06-23 07:00:00,1.0,3.2,0.036,0.56,76.0
2024-06-23 08:00:00,0.8,2.9,0.04,0.82,81.0
2024-06-23 09:00:00,0.5,2.1,0.042,1.05,87.0
2024-06-23 10:00:00,0.4,1.6,0.046,1.22,91.0
2024-06-23 11:00:00,0.3,1.5,0.049,1.35,94.0
2024-06-23 12:00:00,0.2,1.1,0.051,1.4,96.0
2024-06-23 13:00:00,0.3,1.0,0.05,1.37,97.0
2024-06-23 14:00:00,0.2,0.9,0.05,1.21,97.0
2024-06-23 15:00:00,0.2,0.9,0.055,0.82,98.0
2024-06-23 16:00:00,0.4,1.4,0.052,0.7,98.0
2024-06-23 17:00:00,0.3,1.1,0.051,0.44,97.0
2024-06-23 18:00:00,0.2,2.4,0.048,0.21,96.0
2024-06-23 19:00:00,0.3,4.3,0.04,0.1,90.0
2024-06-23 20:00:00,0.2,2.7,0.041,0.0,87.0
2024-06-23 21:00:00,0.2,3.9,0.041,0.0,87.0
2024-06-23 22:00:00,0.1,2.2,0.044,0.0,86.0
2024-06-23 23:00:00,0.1,1.6,0.042,0.0,83.0
2024-06-24 00:00:00,0.1,2.6,0.039,0.0,82.0
2024-06-24 01:00:00,0.1,2.9,0.041,0.0,81.0
2024-06-24 02:00:00,0.2,2.3,0.04,0.0,79.0
2024-06-24 03:00:00,0.1,2.9,0.038,0.0,78.0
2024-06-24 04:00:00,0.3,3.0,0.037,0.0,76.0
2024-06-24 05:00:00,0.6,4.3,0.034,0.07,75.0
2024-06-24 06:00:00,1.8,5.5,0.032,0.3,77.0
2024-06-24 07:00:00,5.3,9.1,0.032,0.55,80.0
2024-06-24 08:00:00,2.8,5.9,0.035,0.81,83.0
2024-06-24 09:00:00,1.8,3.6,0.045,1.03,88.0
2024-06-24 10:00:00,1.1,3.2,0.052,1.21,92.0
2024-06-24 11:00:00,0.7,2.6,0.056,1.31,93.0
2024-06-24 12:00:00,0.5,2.7,0.061,1.04,94.0
2024-06-24 13:00:00,0.6,2.8,0.057,0.95,92.0
2024-06-24 14:00:00,0.5,2.3,0.059,0.82,94.0
2024-06-24 15:00:00,0.3,1.3,0.06,0.86,96.0
2024-06-24 16:00:00,0.2,1.1,0.061,0.78,96.0
2024-06-24 17:00:00,0.2,1.1,0.061,0.61,96.0
2024-06-24 18:00:00,0.2,1.9,0.068,0.3,92.0
2024-06-24 19:00:00,0.3,4.3,0.064,0.09,88.0
2024-06-24 20:00:00,0.5,9.1,0.043,0.0,83.0
2024-06-24 21:00:00,0.1,3.2,0.048,0.0,80.0
2024-06-24 22:00:00,0.3,3.4,0.048,0.0,79.0
2024-06-24 23:00:00,0.1,2.0,0.049,0.0,77.0
2024-06-25 00:00:00,0.1,1.6,0.05,0.0,76.0
2024-06-25 01:00:00,0.2,2.0,0.049,0.0,75.0
2024-06-25 02:00:00,0.1,2.1,0.045,0.0,74.0
2024-06-25 03:00:00,0.2,4.2,0.041,0.0,73.0
2024-06-25 04:00:00,0.5,8.2,0.034,0.0,73.0
2024-06-25 05:00:00,1.0,9.5,0.032,0.02,71.0
2024-06-25 06:00:00,1.9,7.9,0.032,0.23,72.0
2024-06-25 07:00:00,6.7,10.4,0.033,0.54,76.0
2024-06-25 08:00:00,1.8,5.2,0.042,0.8,81.0
2024-06-25 09:00:00,1.8,6.5,0.053,1.03,85.0
2024-06-25 10:00:00,0.9,4.9,0.06,1.2,89.0
2024-06-25 11:00:00,0.5,2.4,0.062,1.3,92.0
2024-06-25 12:00:00,0.5,2.3,0.064,1.34,94.0
2024-06-25 13:00:00,0.3,1.8,0.06,1.3,94.0
2024-06-25 14:00:00,0.3,1.5,0.062,1.2,95.0
2024-06-25 15:00:00,0.2,1.3,0.063,1.02,97.0
2024-06-25 16:00:00,0.4,1.0,0.064,0.81,97.0
2024-06-25 17:00:00,0.3,1.9,0.077,0.56,96.0
2024-06-25 18:00:00,0.2,3.2,0.083,0.3,93.0
2024-06-25 19:00:00,0.3,3.6,0.072,0.08,90.0
2024-06-25 20:00:00,0.2,7.1,0.051,0.0,85.0
2024-06-25 21:00:00,0.1,7.0,0.048,0.0,83.0
2024-06-25 22:00:00,0.2,5.9,0.046,0.0,80.0
2024-06-25 23:00:00,0.6,6.9,0.049,0.0,81.0
2024-06-26 00:00:00,0.1,5.6,0.048,0.0,80.0
2024-06-26 01:00:00,0.2,4.2,0.046,0.0,78.0
2024-06-26 02:00:00,0.1,5.1,0.043,0.0,78.0
2024-06-26 03:00:00,0.3,7.3,0.04,0.0,76.0
2024-06-26 04:00:00,0.4,10.4,0.035,0.0,76.0
2024-06-26 05:00:00,1.1,15.2,0.028,0.02,76.0
2024-06-26 06:00:00,3.7,20.2,0.023,0.09,76.0
2024-06-26 07:00:00,4.2,19.2,0.023,0.14,76.0
2024-06-26 08:00:00,6.2,16.6,0.026,0.33,77.0
2024-06-26 09:00:00,2.3,7.0,0.039,0.75,81.0
2024-06-26 10:00:00,1.1,3.2,0.051,1.08,85.0
2024-06-26 11:00:00,0.9,3.0,0.054,0.85,88.0
2024-06-26 12:00:00,1.0,3.3,0.054,1.17,91.0
2024-06-26 13:00:00,0.6,2.1,0.058,1.21,93.0
2024-06-26 14:00:00,0.6,1.8,0.06,1.19,94.0
2024-06-26 15:00:00,0.3,1.5,0.058,0.92,95.0
2024-06-26 16:00:00,0.2,1.6,0.057,0.14,91.0
2024-06-26 17:00:00,0.4,4.3,0.048,0.07,74.0
2024-06-26 18:00:00,0.7,5.6,0.045,0.26,77.0
2024-06-26 19:00:00,0.6,3.3,0.047,0.04,77.0
2024-06-26 20:00:00,0.2,3.9,0.046,0.0,77.0
2024-06-26 21:00:00,0.2,2.8,0.046,0.0,78.0
2024-06-26 22:00:00,0.2,2.9,0.043,0.0,75.0
2024-06-26 23:00:00,0.1,2.2,0.045,0.0,73.0
2024-06-27 00:00:00,0.2,4.5,0.041,0.0,72.0
2024-06-27 01:00:00,0.2,2.7,0.044,0.0,73.0
2024-06-27 02:00:00,0.2,3.9,0.038,0.0,71.0
2024-06-27 03:00:00,0.2,3.7,0.037,0.0,69.0
2024-06-27 04:00:00,0.4,6.8,0.032,0.0,66.0
2024-06-27 05:00:00,0.7,5.0,0.035,0.03,67.0
2024-06-27 06:00:00,1.4,5.6,0.038,0.29,71.0
2024-06-27 07:00:00,2.5,8.1,0.035,0.34,72.0
2024-06-27 08:00:00,1.8,5.5,0.038,0.52,74.0
2024-06-27 09:00:00,1.4,5.0,0.039,0.47,75.0
2024-06-27 10:00:00,1.7,4.8,0.047,1.09,79.0
2024-06-27 11:00:00,1.0,3.8,0.057,1.36,84.0
2024-06-27 12:00:00,0.7,3.1,0.061,1.41,85.0
2024-06-27 13:00:00,0.5,1.9,0.06,1.29,86.0
2024-06-27 14:00:00,0.2,2.0,0.062,0.99,89.0
2024-06-27 15:00:00,0.3,1.7,0.063,1.07,90.0
2024-06-27 16:00:00,0.2,1.4,0.063,0.69,90.0
2024-06-27 17:00:00,0.4,2.1,0.058,0.44,89.0
2024-06-27 18:00:00,0.4,2.4,0.049,0.36,88.0
2024-06-27 19:00:00,0.2,2.2,0.046,0.12,86.0
2024-06-27 20:00:00,1.2,8.1,0.035,0.0,80.0
2024-06-27 21:00:00,0.2,4.2,0.043,0.0,77.0
2024-06-27 22:00:00,0.1,3.5,0.042,0.0,75.0
2024-06-27 23:00:00,0.1,3.2,0.041,0.0,73.0
2024-06-28 00:00:00,0.1,2.6,0.042,0.0,72.0
2024-06-28 01:00:00,0.1,1.8,0.043,0.0,71.0
2024-06-28 02:00:00,0.2,2.4,0.041,0.0,69.0
2024-06-28 03:00:00,0.2,2.8,0.038,0.0,68.0
2024-06-28 04:00:00,,,0.033,0.0,66.0
2024-06-28 05:00:00,1.3,8.5,0.024,0.05,64.0
2024-06-28 06:00:00,2.8,7.8,0.027,0.28,67.0
2024-06-28 07:00:00,2.8,6.6,0.036,0.54,71.0
2024-06-28 08:00:00,2.9,6.4,0.034,0.79,73.0
2024-06-28 09:00:00,1.8,4.6,0.044,1.02,74.0
2024-06-28 10:00:00,1.0,3.6,0.053,1.19,77.0
2024-06-28 11:00:00,0.7,3.1,0.06,1.3,78.0
2024-06-28 12:00:00,0.5,3.1,0.064,1.34,81.0
2024-06-28 13:00:00,0.4,2.1,0.062,1.31,83.0
2024-06-28 14:00:00,0.7,2.5,0.064,1.2,85.0
2024-06-28 15:00:00,0.5,2.1,0.066,1.03,85.0
2024-06-28 16:00:00,0.4,2.7,0.073,0.81,84.0
2024-06-28 17:00:00,0.5,3.2,0.067,0.56,83.0
2024-06-28 18:00:00,0.3,3.1,0.062,0.31,82.0
2024-06-28 19:00:00,0.2,3.3,0.055,0.08,79.0
2024-06-28 20:00:00,0.1,4.0,0.047,0.0,76.0
2024-06-28 21:00:00,0.1,7.9,0.042,0.0,73.0
2024-06-28 22:00:00,0.2,10.1,0.038,0.0,72.0
2024-06-28 23:00:00,0.2,5.4,0.044,0.0,71.0
2024-06-29 00:00:00,0.2,5.3,0.042,0.0,70.0
2024-06-29 01:00:00,0.2,3.2,0.042,0.0,69.0
2024-06-29 02:00:00,0.2,3.3,0.042,0.0,68.0
2024-06-29 03:00:00,0.2,3.1,0.041,0.0,67.0
2024-06-29 04:00:00,0.2,4.5,0.036,0.0,67.0
2024-06-29 05:00:00,0.3,3.9,0.038,0.06,67.0
2024-06-29 06:00:00,0.7,3.2,0.036,0.28,67.0
2024-06-29 07:00:00,1.8,4.5,0.039,0.55,72.0
2024-06-29 08:00:00,1.3,3.6,0.042,0.82,77.0
2024-06-29 09:00:00,0.9,3.4,0.047,1.05,83.0
2024-06-29 10:00:00,0.6,3.2,0.055,1.22,87.0
2024-06-29 11:00:00,0.5,2.0,0.06,1.32,91.0
2024-06-29 12:00:00,0.3,1.4,0.061,1.36,94.0
2024-06-29 13:00:00,0.3,1.0,0.057,1.32,94.0
2024-06-29 14:00:00,0.2,0.9,0.059,1.21,95.0
2024-06-29 15:00:00,0.2,0.9,0.059,1.05,96.0
2024-06-29 16:00:00,0.4,1.4,0.059,0.81,97.0
2024-06-29 17:00:00,0.4,2.1,0.059,0.54,95.0
2024-06-29 18:00:00,0.3,1.7,0.057,0.38,96.0
2024-06-29 19:00:00,0.4,3.4,0.049,0.1,93.0
2024-06-29 20:00:00,0.1,5.0,0.04,0.0,87.0
2024-06-29 21:00:00,0.2,3.6,0.039,0.0,83.0
2024-06-29 22:00:00,0.1,2.4,0.039,0.0,81.0
2024-06-29 23:00:00,0.1,1.6,0.04,0.0,79.0
2024-06-30 00:00:00,1.0,3.4,0.037,0.0,77.0
2024-06-30 01:00:00,0.2,2.8,0.035,0.0,74.0
2024-06-30 02:00:00,0.3,2.9,0.035,0.0,72.0
2024-06-30 03:00:00,0.3,3.3,0.035,0.0,72.0
2024-06-30 04:00:00,,,0.036,0.0,73.0
2024-06-30 05:00:00,0.5,3.2,0.033,0.06,71.0
2024-06-30 06:00:00,0.9,3.9,0.034,0.25,74.0
2024-06-30 07:00:00,1.0,3.0,0.037,0.58,78.0
2024-06-30 08:00:00,1.1,3.0,0.037,0.7,81.0
2024-06-30 09:00:00,1.3,2.4,0.044,0.83,86.0
2024-06-30 10:00:00,0.4,1.3,0.049,1.24,91.0
2024-06-30 11:00:00,0.6,1.1,0.053,1.34,92.0
2024-06-30 12:00:00,0.4,0.9,0.052,1.24,93.0
2024-06-30 13:00:00,0.4,0.8,0.05,0.95,94.0
2024-06-30 14:00:00,0.6,1.5,0.05,0.88,95.0
2024-06-30 15:00:00,0.2,1.3,0.05,0.64,94.0
2024-06-30 16:00:00,0.2,0.9,0.052,0.93,96.0
2024-06-30 17:00:00,0.3,1.0,0.052,0.61,94.0
2024-06-30 18:00:00,0.4,1.0,0.052,0.32,92.0
2024-06-30 19:00:00,0.2,2.1,0.05,0.08,89.0
2024-06-30 20:00:00,0.2,5.4,0.048,0.0,87.0
2024-06-30 21:00:00,0.2,6.0,0.045,0.0,84.0
2024-06-30 22:00:00,0.0,3.6,0.043,0.0,78.0
2024-06-30 23:00:00,0.1,2.1,0.043,0.0,75.0
2024-07-01 00:00:00,0.1,1.1,0.039,0.0,74.0
2024-07-01 01:00:00,0.1,1.1,0.035,0.0,74.0
2024-07-01 02:00:00,0.1,1.4,0.031,0.0,70.0
2024-07-01 03:00:00,0.2,3.6,0.029,0.0,71.0
2024-07-01 04:00:00,0.6,10.1,0.021,0.0,69.0
2024-07-01 05:00:00,5.4,20.1,0.011,0.06,68.0
2024-07-01 06:00:00,4.1,10.1,0.022,0.27,71.0
2024-07-01 07:00:00,3.0,5.3,0.029,0.53,75.0
2024-07-01 08:00:00,1.8,4.4,0.036,0.79,78.0
2024-07-01 09:00:00,1.6,4.0,0.042,1.02,79.0
2024-07-01 10:00:00,1.0,3.0,0.049,1.2,82.0
2024-07-01 11:00:00,0.4,2.1,0.059,1.31,82.0
2024-07-01 12:00:00,0.3,1.5,0.061,1.06,83.0
2024-07-01 13:00:00,0.3,1.9,0.064,0.56,82.0
2024-07-01 14:00:00,0.3,2.6,0.065,0.52,81.0
2024-07-01 15:00:00,0.3,2.3,0.061,0.74,81.0
2024-07-01 16:00:00,0.3,1.9,0.054,0.55,81.0
2024-07-01 17:00:00,0.2,1.9,0.049,0.2,80.0
2024-07-01 18:00:00,0.3,2.1,0.045,0.07,77.0
2024-07-01 19:00:00,0.2,3.0,0.042,0.01,74.0
2024-07-01 20:00:00,2.1,11.1,0.033,0.0,71.0
2024-07-01 21:00:00,0.2,6.0,0.034,0.0,71.0
2024-07-01 22:00:00,0.2,3.1,0.049,0.0,71.0
2024-07-01 23:00:00,0.1,2.2,0.056,0.0,70.0
2024-07-02 00:00:00,0.1,4.6,0.051,0.0,70.0
2024-07-02 01:00:00,0.1,4.2,0.05,0.0,69.0
2024-07-02 02:00:00,0.2,4.1,0.046,0.0,67.0
2024-07-02 03:00:00,0.1,4.6,0.041,0.0,64.0
2024-07-02 04:00:00,0.5,7.7,0.037,0.0,62.0
2024-07-02 05:00:00,0.8,9.3,0.035,0.06,61.0
2024-07-02 06:00:00,2.9,8.3,0.036,0.29,64.0
2024-07-02 07:00:00,4.3,8.9,0.039,0.56,68.0
2024-07-02 08:00:00,1.5,4.8,0.052,0.83,74.0
2024-07-02 09:00:00,0.9,2.1,0.058,1.05,75.0
2024-07-02 10:00:00,0.7,2.2,,1.23,76.0
2024-07-02 11:00:00,0.4,1.5,,1.34,77.0
2024-07-02 12:00:00,0.4,1.5,,1.37,79.0
2024-07-02 13:00:00,0.4,1.5,,1.33,80.0
2024-07-02 14:00:00,0.4,1.4,0.062,1.22,80.0
2024-07-02 15:00:00,0.3,1.6,0.066,1.05,82.0
2024-07-02 16:00:00,0.2,1.2,0.069,0.84,83.0
2024-07-02 17:00:00,0.3,2.1,0.074,0.58,82.0
2024-07-02 18:00:00,0.3,2.2,0.069,0.31,80.0
2024-07-02 19:00:00,0.2,3.0,0.06,0.09,78.0
2024-07-02 20:00:00,0.3,4.1,0.05,0.0,73.0
2024-07-02 21:00:00,0.2,6.9,0.045,0.0,71.0
2024-07-02 22:00:00,0.2,4.2,0.049,0.0,68.0
2024-07-02 23:00:00,0.3,2.8,0.051,0.0,67.0
2024-07-03 00:00:00,0.1,2.2,0.05,0.0,65.0
2024-07-03 01:00:00,0.3,4.2,0.049,0.0,65.0
2024-07-03 02:00:00,0.1,3.1,0.047,0.0,62.0
2024-07-03 03:00:00,1.2,5.9,0.043,0.0,60.0
2024-07-03 04:00:00,0.4,5.4,0.043,0.0,60.0
2024-07-03 05:00:00,0.8,6.2,0.041,0.06,59.0
2024-07-03 06:00:00,2.5,8.3,0.039,0.29,62.0
2024-07-03 07:00:00,5.5,9.9,0.039,0.55,66.0
2024-07-03 08:00:00,2.3,7.2,0.048,0.82,72.0
2024-07-03 09:00:00,1.6,4.5,0.055,1.05,77.0
2024-07-03 10:00:00,0.6,2.9,0.061,1.23,81.0
2024-07-03 11:00:00,0.9,2.8,0.065,1.34,83.0
2024-07-03 12:00:00,0.4,1.9,0.068,1.36,83.0
2024-07-03 13:00:00,0.5,2.3,0.071,1.32,85.0
2024-07-03 14:00:00,0.3,2.6,0.076,1.21,86.0
2024-07-03 15:00:00,0.3,1.9,0.073,1.04,86.0
2024-07-03 16:00:00,0.4,1.9,0.066,0.83,86.0
2024-07-03 17:00:00,0.4,1.8,0.062,0.59,85.0
2024-07-03 18:00:00,0.2,1.7,0.062,0.32,84.0
2024-07-03 19:00:00,0.3,2.3,0.058,0.09,81.0
2024-07-03 20:00:00,0.3,3.2,0.052,0.0,75.0
2024-07-03 21:00:00,0.2,3.9,0.05,0.0,74.0
2024-07-03 22:00:00,0.2,6.0,0.045,0.0,72.0
2024-07-03 23:00:00,0.2,7.6,0.043,0.0,71.0
2024-07-04 00:00:00,0.2,4.6,0.046,0.0,69.0
2024-07-04 01:00:00,0.2,5.4,0.036,0.0,63.0
2024-07-04 02:00:00,0.2,4.1,0.037,0.0,60.0
2024-07-04 03:00:00,0.3,4.1,0.038,0.0,58.0
2024-07-04 04:00:00,0.2,8.7,0.034,0.0,57.0
2024-07-04 05:00:00,0.4,5.1,0.037,0.06,57.0
2024-07-04 06:00:00,0.8,3.9,0.041,0.3,61.0
2024-07-04 07:00:00,1.2,3.8,0.045,0.57,66.0
2024-07-04 08:00:00,0.8,2.7,0.055,0.84,73.0
2024-07-04 09:00:00,0.3,1.4,0.062,1.07,75.0
2024-07-04 10:00:00,0.3,1.2,0.065,1.25,77.0
2024-07-04 11:00:00,0.2,0.9,0.068,1.35,79.0
2024-07-04 12:00:00,0.5,0.8,0.066,1.39,82.0
2024-07-04 13:00:00,0.2,0.7,0.068,1.35,81.0
2024-07-04 14:00:00,0.2,1.0,0.07,1.23,83.0
2024-07-04 15:00:00,0.2,1.5,0.075,1.05,84.0
2024-07-04 16:00:00,0.2,1.4,0.07,0.84,83.0
2024-07-04 17:00:00,0.2,1.2,0.062,0.59,83.0
2024-07-04 18:00:00,0.2,0.9,0.051,0.33,83.0
2024-07-04 19:00:00,0.2,1.8,0.049,0.1,80.0
2024-07-04 20:00:00,0.5,5.8,0.045,0.0,76.0
2024-07-04 21:00:00,0.1,7.4,0.034,0.0,72.0
2024-07-04 22:00:00,0.1,3.3,0.038,0.0,68.0
2024-07-04 23:00:00,0.1,2.4,0.039,0.0,67.0
2024-07-05 00:00:00,0.1,1.7,0.039,0.0,65.0
2024-07-05 01:00:00,0.2,1.4,0.038,0.0,63.0
2024-07-05 02:00:00,0.2,1.5,0.038,0.0,62.0
2024-07-05 03:00:00,0.2,1.6,0.037,0.0,61.0
2024-07-05 04:00:00,,,0.035,0.0,58.0
2024-07-05 05:00:00,0.6,3.0,0.034,0.06,58.0
2024-07-05 06:00:00,1.2,3.2,0.034,0.29,61.0
2024-07-05 07:00:00,5.4,6.4,0.034,0.56,65.0
2024-07-05 08:00:00,3.8,6.7,0.04,0.83,70.0
2024-07-05 09:00:00,1.0,2.5,0.046,1.06,76.0
2024-07-05 10:00:00,0.7,2.9,0.054,1.24,83.0
2024-07-05 11:00:00,0.4,1.7,0.057,1.35,86.0
2024-07-05 12:00:00,0.3,0.8,0.053,1.39,87.0
2024-07-05 13:00:00,0.3,1.1,0.052,1.35,87.0
2024-07-05 14:00:00,0.2,0.8,0.054,1.24,88.0
2024-07-05 15:00:00,0.2,1.1,0.057,1.06,89.0
2024-07-05 16:00:00,0.3,1.4,0.065,0.84,89.0
2024-07-05 17:00:00,0.3,1.5,0.055,0.58,88.0
2024-07-05 18:00:00,0.4,1.7,0.053,0.33,86.0
2024-07-05 19:00:00,0.3,2.1,0.051,0.09,83.0
2024-07-05 20:00:00,0.2,3.6,0.044,0.0,78.0
2024-07-05 21:00:00,0.4,6.5,0.041,0.0,75.0
2024-07-05 22:00:00,0.1,3.7,0.044,0.0,71.0
2024-07-05 23:00:00,0.1,2.2,0.044,0.0,70.0
2024-07-06 00:00:00,0.2,3.6,0.042,0.0,68.0
2024-07-06 01:00:00,0.2,2.5,0.04,0.0,66.0
2024-07-06 02:00:00,0.3,5.2,0.038,0.0,64.0
2024-07-06 03:00:00,0.2,3.2,0.037,0.0,62.0
2024-07-06 04:00:00,0.3,4.4,0.035,0.0,61.0
2024-07-06 05:00:00,0.4,3.7,0.034,0.06,60.0
2024-07-06 06:00:00,1.0,4.0,0.034,0.29,63.0
2024-07-06 07:00:00,1.6,3.5,0.036,0.56,67.0
2024-07-06 08:00:00,1.2,3.4,0.043,0.83,75.0
2024-07-06 09:00:00,0.8,2.2,0.05,1.07,79.0
2024-07-06 10:00:00,0.3,1.4,0.054,1.25,82.0
2024-07-06 11:00:00,0.2,1.2,0.058,1.35,85.0
2024-07-06 12:00:00,0.2,0.9,0.058,1.39,86.0
2024-07-06 13:00:00,0.1,0.7,0.057,1.34,87.0
2024-07-06 14:00:00,0.1,1.0,0.061,1.1,89.0
2024-07-06 15:00:00,0.2,1.5,0.07,1.07,90.0
2024-07-06 16:00:00,0.2,1.3,0.063,0.75,90.0
2024-07-06 17:00:00,0.3,1.2,0.057,0.56,90.0
2024-07-06 18:00:00,0.4,2.1,0.054,0.32,88.0
2024-07-06 19:00:00,0.7,7.6,0.045,0.08,85.0
2024-07-06 20:00:00,0.2,5.7,0.042,0.0,79.0
2024-07-06 21:00:00,0.1,2.8,0.042,0.0,76.0
2024-07-06 22:00:00,0.2,5.8,0.039,0.0,73.0
2024-07-06 23:00:00,0.3,4.6,0.04,0.0,71.0
2024-07-07 00:00:00,0.9,6.7,0.035,0.0,68.0
2024-07-07 01:00:00,0.1,2.5,0.038,0.0,66.0
2024-07-07 02:00:00,0.5,6.5,0.035,0.0,66.0
2024-07-07 03:00:00,0.4,4.5,0.034,0.0,63.0
2024-07-07 04:00:00,,,0.031,0.0,63.0
2024-07-07 05:00:00,0.4,3.2,0.034,0.06,61.0
2024-07-07 06:00:00,1.0,4.1,0.035,0.29,64.0
2024-07-07 07:00:00,1.6,4.8,0.035,0.55,69.0
2024-07-07 08:00:00,0.9,3.1,0.042,0.83,77.0
2024-07-07 09:00:00,0.5,2.0,0.048,1.05,81.0
2024-07-07 10:00:00,0.3,1.5,0.054,1.23,83.0
2024-07-07 11:00:00,0.3,1.4,0.06,1.34,85.0
2024-07-07 12:00:00,0.2,1.6,0.062,1.37,87.0
2024-07-07 13:00:00,0.2,1.2,0.061,1.34,88.0
2024-07-07 14:00:00,0.2,0.9,0.059,1.23,88.0
2024-07-07 15:00:00,0.1,0.9,0.061,1.07,87.0
2024-07-07 16:00:00,0.3,1.1,0.061,0.85,87.0
2024-07-07 17:00:00,0.2,0.9,0.061,0.59,87.0
2024-07-07 18:00:00,0.2,1.2,0.065,0.33,86.0
2024-07-07 19:00:00,0.1,1.4,0.061,0.09,83.0
2024-07-07 20:00:00,0.2,4.3,0.054,0.0,79.0
2024-07-07 21:00:00,0.2,3.4,0.052,0.0,73.0
2024-07-07 22:00:00,0.3,3.9,0.051,0.0,72.0
2024-07-07 23:00:00,0.1,2.7,0.051,0.0,70.0
2024-07-08 00:00:00,0.3,4.5,0.048,0.0,68.0
2024-07-08 01:00:00,0.7,10.9,0.04,0.0,66.0
2024-07-08 02:00:00,0.4,8.5,0.042,0.0,65.0
2024-07-08 03:00:00,0.4,6.8,0.042,0.0,63.0
2024-07-08 04:00:00,0.4,7.9,0.042,0.0,64.0
2024-07-08 05:00:00,2.8,11.8,0.037,0.05,63.0
2024-07-08 06:00:00,1.8,8.0,0.041,0.28,67.0
2024-07-08 07:00:00,4.7,9.4,0.04,0.54,70.0
2024-07-08 08:00:00,4.6,9.6,0.043,0.81,74.0
2024-07-08 09:00:00,2.3,7.6,0.05,1.04,78.0
2024-07-08 10:00:00,1.0,4.6,0.059,1.22,81.0
2024-07-08 11:00:00,0.4,2.1,0.062,1.34,83.0
2024-07-08 12:00:00,0.2,1.3,0.061,1.38,86.0
2024-07-08 13:00:00,0.4,1.0,0.067,1.34,89.0
2024-07-08 14:00:00,0.4,1.2,0.074,1.23,91.0
2024-07-08 15:00:00,0.3,1.8,0.078,1.05,91.0
2024-07-08 16:00:00,0.4,1.9,0.077,0.83,92.0
2024-07-08 17:00:00,1.2,2.7,0.074,0.57,91.0
2024-07-08 18:00:00,0.2,2.1,0.075,0.31,90.0
2024-07-08 19:00:00,0.5,4.1,0.07,0.08,85.0
2024-07-08 20:00:00,0.2,7.4,0.059,0.0,80.0
2024-07-08 21:00:00,0.1,5.2,0.06,0.0,76.0
2024-07-08 22:00:00,0.2,5.4,0.059,0.0,74.0
2024-07-08 23:00:00,0.2,5.2,0.06,0.0,72.0
2024-07-09 00:00:00,0.2,4.1,0.057,0.0,70.0
2024-07-09 01:00:00,0.2,6.1,0.056,0.0,69.0
2024-07-09 02:00:00,0.2,6.1,0.053,0.0,68.0
2024-07-09 03:00:00,0.2,7.5,0.053,0.0,67.0
2024-07-09 04:00:00,0.4,8.4,0.051,0.0,66.0
2024-07-09 05:00:00,1.3,11.5,0.047,0.05,66.0
2024-07-09 06:00:00,2.3,14.3,0.044,0.27,68.0
2024-07-09 07:00:00,3.0,10.7,0.049,0.52,72.0
2024-07-09 08:00:00,1.7,6.8,0.056,0.79,76.0
2024-07-09 09:00:00,1.4,4.9,0.064,1.02,82.0
2024-07-09 10:00:00,0.9,5.2,0.071,1.18,85.0
2024-07-09 11:00:00,0.6,4.0,0.077,1.3,88.0
2024-07-09 12:00:00,0.5,2.5,0.073,1.34,91.0
2024-07-09 13:00:00,0.8,1.5,0.067,1.3,94.0
2024-07-09 14:00:00,0.8,2.1,0.066,1.19,95.0
2024-07-09 15:00:00,0.4,2.1,0.075,1.01,96.0
2024-07-09 16:00:00,0.5,2.2,0.075,0.8,96.0
2024-07-09 17:00:00,0.4,2.4,0.074,0.55,95.0
2024-07-09 18:00:00,0.5,3.5,0.068,0.3,92.0
2024-07-09 19:00:00,0.3,5.0,0.064,0.07,90.0
2024-07-09 20:00:00,0.2,4.7,0.052,0.0,84.0
2024-07-09 21:00:00,0.2,3.2,0.048,0.0,80.0
2024-07-09 22:00:00,0.2,3.7,0.049,0.0,78.0
2024-07-09 23:00:00,0.2,3.8,0.052,0.0,78.0
2024-07-10 00:00:00,0.1,4.1,0.05,0.0,76.0
2024-07-10 01:00:00,0.2,3.9,0.05,0.0,75.0
2024-07-10 02:00:00,0.1,4.5,0.049,0.0,74.0
2024-07-10 03:00:00,0.2,4.0,0.047,0.0,71.0
2024-07-10 04:00:00,0.3,4.5,0.045,0.0,69.0
2024-07-10 05:00:00,0.8,5.8,0.043,0.05,68.0
2024-07-10 06:00:00,1.0,4.8,0.045,0.26,70.0
2024-07-10 07:00:00,2.5,6.9,0.044,0.52,73.0
2024-07-10 08:00:00,4.0,8.4,0.044,0.78,77.0
2024-07-10 09:00:00,1.6,5.5,0.054,1.02,83.0
2024-07-10 10:00:00,2.0,6.3,0.059,1.2,88.0
2024-07-10 11:00:00,1.0,6.1,0.072,1.31,93.0
2024-07-10 12:00:00,1.0,4.5,0.076,1.35,96.0
2024-07-10 13:00:00,0.5,1.8,0.07,1.32,100.0
2024-07-10 14:00:00,0.4,1.2,0.062,1.21,100.0
2024-07-10 15:00:00,0.2,1.2,0.063,1.04,100.0
2024-07-10 16:00:00,0.4,2.2,0.065,0.81,101.0
2024-07-10 17:00:00,0.7,2.5,0.061,0.55,99.0
2024-07-10 18:00:00,0.6,3.4,0.061,0.29,98.0
2024-07-10 19:00:00,0.3,5.2,0.056,0.07,94.0
2024-07-10 20:00:00,0.3,3.7,0.049,0.0,86.0
2024-07-10 21:00:00,0.2,3.7,0.048,0.0,84.0
2024-07-10 22:00:00,0.1,2.3,0.045,0.0,81.0
2024-07-10 23:00:00,0.2,2.2,0.046,0.0,80.0
2024-07-11 00:00:00,0.1,2.0,0.046,0.0,79.0
2024-07-11 01:00:00,0.1,2.4,0.045,0.0,78.0
2024-07-11 02:00:00,0.2,3.5,0.044,0.0,76.0
2024-07-11 03:00:00,0.2,2.6,0.043,0.0,74.0
2024-07-11 04:00:00,0.3,4.1,0.042,0.0,74.0
2024-07-11 05:00:00,0.9,5.8,0.039,0.03,73.0
2024-07-11 06:00:00,2.0,7.6,0.037,0.23,73.0
2024-07-11 07:00:00,3.4,6.9,0.038,0.56,77.0
2024-07-11 08:00:00,5.2,8.9,0.04,0.8,80.0
2024-07-11 09:00:00,4.2,11.3,0.047,1.01,86.0
2024-07-11 10:00:00,2.1,6.3,0.058,1.2,91.0
2024-07-11 11:00:00,1.1,6.7,0.075,1.31,94.0
2024-07-11 12:00:00,0.6,3.6,0.07,1.35,97.0
2024-07-11 13:00:00,0.3,2.1,0.068,1.32,103.0
2024-07-11 14:00:00,0.3,1.5,0.066,1.2,103.0
2024-07-11 15:00:00,0.3,1.9,0.072,1.02,103.0
2024-07-11 16:00:00,0.2,1.6,0.068,0.79,102.0
2024-07-11 17:00:00,0.3,1.9,0.063,0.55,101.0
2024-07-11 18:00:00,0.3,2.2,0.058,0.29,98.0
2024-07-11 19:00:00,0.1,4.0,0.052,0.08,94.0
2024-07-11 20:00:00,0.1,5.2,0.046,0.0,89.0
2024-07-11 21:00:00,0.2,3.8,0.046,0.0,86.0
2024-07-11 22:00:00,0.1,3.0,0.046,0.0,82.0
2024-07-11 23:00:00,0.3,4.4,0.043,0.0,80.0
2024-07-12 00:00:00,0.2,3.5,0.045,0.0,79.0
2024-07-12 01:00:00,0.2,4.7,0.042,0.0,77.0
2024-07-12 02:00:00,0.6,6.4,0.042,0.0,76.0
2024-07-12 03:00:00,0.6,6.8,0.04,0.0,74.0
2024-07-12 04:00:00,,,0.041,0.0,73.0
2024-07-12 05:00:00,0.9,8.8,0.039,0.05,72.0
2024-07-12 06:00:00,2.1,9.2,0.038,0.24,73.0
2024-07-12 07:00:00,4.5,9.7,0.038,0.5,75.0
2024-07-12 08:00:00,3.0,8.0,0.041,0.77,80.0
2024-07-12 09:00:00,3.9,13.7,0.051,1.0,85.0
2024-07-12 10:00:00,1.4,7.0,0.062,1.18,88.0
2024-07-12 11:00:00,0.5,3.5,0.07,1.3,92.0
2024-07-12 12:00:00,0.5,5.3,0.09,1.33,96.0
2024-07-12 13:00:00,,,0.093,1.3,99.0
2024-07-12 14:00:00,0.4,2.6,0.073,1.21,100.0
2024-07-12 15:00:00,0.2,1.4,0.064,0.82,100.0
2024-07-12 16:00:00,0.1,2.6,0.078,0.43,100.0
2024-07-12 17:00:00,0.2,4.4,0.076,0.34,97.0
2024-07-12 18:00:00,0.4,6.3,0.06,0.31,97.0
2024-07-12 19:00:00,0.2,4.8,0.049,0.06,94.0
2024-07-12 20:00:00,0.1,3.9,0.046,0.0,90.0
2024-07-12 21:00:00,0.0,2.4,0.045,0.0,85.0
2024-07-12 22:00:00,0.3,2.8,0.043,0.0,82.0
2024-07-12 23:00:00,0.2,4.1,0.042,0.0,81.0
2024-07-13 00:00:00,0.1,3.9,0.042,0.0,81.0
2024-07-13 01:00:00,0.3,3.9,0.041,0.0,80.0
2024-07-13 02:00:00,0.2,3.4,0.04,0.0,77.0
2024-07-13 03:00:00,0.1,3.1,0.04,0.0,76.0
2024-07-13 04:00:00,0.2,3.2,,0.0,75.0
2024-07-13 05:00:00,0.4,3.8,0.038,0.04,74.0
2024-07-13 06:00:00,0.6,4.0,0.037,0.22,74.0
2024-07-13 07:00:00,1.5,6.4,0.039,0.47,79.0
2024-07-13 08:00:00,1.1,4.6,0.041,0.75,81.0
2024-07-13 09:00:00,3.3,8.8,0.045,0.88,87.0
2024-07-13 10:00:00,0.7,3.7,0.051,1.03,92.0
2024-07-13 11:00:00,0.4,2.6,0.062,1.2,98.0
2024-07-13 12:00:00,0.2,2.3,0.065,1.32,101.0
2024-07-13 13:00:00,0.1,1.2,0.061,1.28,100.0
2024-07-13 14:00:00,0.1,1.1,0.061,1.15,100.0
2024-07-13 15:00:00,0.3,2.0,0.066,0.68,99.0
2024-07-13 16:00:00,0.3,3.3,0.055,0.44,95.0
2024-07-13 17:00:00,0.3,2.9,0.055,0.43,96.0
2024-07-13 18:00:00,0.5,5.1,0.052,0.16,95.0
2024-07-13 19:00:00,0.2,5.1,0.048,0.02,92.0
2024-07-13 20:00:00,0.1,7.7,0.039,0.0,88.0
2024-07-13 21:00:00,0.1,4.2,0.04,0.0,85.0
2024-07-13 22:00:00,0.1,3.3,0.041,0.0,84.0
2024-07-13 23:00:00,0.1,4.1,0.04,0.0,84.0
2024-07-14 00:00:00,0.1,6.3,0.036,0.0,83.0
2024-07-14 01:00:00,0.1,4.0,0.036,0.0,79.0
2024-07-14 02:00:00,0.1,2.9,0.037,0.0,79.0
2024-07-14 03:00:00,0.1,2.2,0.038,0.0,79.0
2024-07-14 04:00:00,,,0.035,0.0,78.0
2024-07-14 05:00:00,0.1,3.9,0.035,0.02,76.0
2024-07-14 06:00:00,0.5,4.4,0.035,0.12,77.0
2024-07-14 07:00:00,0.8,3.8,0.037,0.48,82.0
2024-07-14 08:00:00,0.5,2.7,0.044,0.67,87.0
2024-07-14 09:00:00,0.5,3.6,0.048,0.55,87.0
2024-07-14 10:00:00,0.4,2.2,0.052,1.07,91.0
2024-07-14 11:00:00,0.4,1.7,0.053,1.03,92.0
2024-07-14 12:00:00,0.3,2.3,0.058,1.28,96.0
2024-07-14 13:00:00,0.2,1.6,0.059,1.29,97.0
2024-07-14 14:00:00,0.2,1.5,0.061,1.2,98.0
2024-07-14 15:00:00,0.1,1.0,0.06,1.01,99.0
2024-07-14 16:00:00,0.1,0.9,0.062,0.58,98.0
2024-07-14 17:00:00,0.1,1.0,0.06,0.45,97.0
2024-07-14 18:00:00,0.2,4.1,0.054,0.12,91.0
2024-07-14 19:00:00,0.2,3.3,0.054,0.03,90.0
2024-07-14 20:00:00,0.1,2.1,0.052,0.0,88.0
2024-07-14 21:00:00,0.0,2.5,0.05,0.0,85.0
2024-07-14 22:00:00,0.0,2.7,0.048,0.0,83.0
2024-07-14 23:00:00,0.1,3.4,0.046,0.0,83.0
2024-07-15 00:00:00,0.0,1.5,0.052,0.0,80.0
2024-07-15 01:00:00,0.3,5.9,0.046,0.0,79.0
2024-07-15 02:00:00,0.2,6.9,0.039,0.0,76.0
2024-07-15 03:00:00,0.1,3.9,0.038,0.0,73.0
2024-07-15 04:00:00,0.2,4.7,0.035,0.0,71.0
2024-07-15 05:00:00,0.9,10.8,0.031,0.03,70.0
2024-07-15 06:00:00,2.6,10.5,0.031,0.23,74.0
2024-07-15 07:00:00,4.0,9.8,0.035,0.47,77.0
2024-07-15 08:00:00,2.3,6.8,0.043,0.74,81.0
2024-07-15 09:00:00,0.9,3.4,0.054,0.85,85.0
2024-07-15 10:00:00,0.4,2.5,0.061,1.1,88.0
2024-07-15 11:00:00,0.3,1.9,0.063,1.27,91.0
2024-07-15 12:00:00,0.2,1.6,0.063,1.18,91.0
2024-07-15 13:00:00,0.1,1.6,0.061,0.94,89.0
2024-07-15 14:00:00,0.2,1.6,0.062,0.62,90.0
2024-07-15 15:00:00,0.4,2.4,0.067,0.92,91.0
2024-07-15 16:00:00,0.1,2.0,0.072,0.43,89.0
2024-07-15 17:00:00,0.2,2.6,0.073,0.22,87.0
2024-07-15 18:00:00,0.2,2.4,0.062,0.03,82.0
2024-07-15 19:00:00,0.2,4.3,0.061,0.03,83.0
2024-07-15 20:00:00,0.1,2.2,0.06,0.0,81.0
2024-07-15 21:00:00,0.1,3.0,0.054,0.0,78.0
2024-07-15 22:00:00,0.1,3.5,0.047,0.0,75.0
2024-07-15 23:00:00,0.1,4.0,0.045,0.0,73.0
2024-07-16 00:00:00,0.3,3.6,0.044,0.0,71.0
2024-07-16 01:00:00,0.1,2.0,0.048,0.0,72.0
2024-07-16 02:00:00,0.2,2.7,0.047,0.0,71.0
2024-07-16 03:00:00,0.2,3.0,0.047,0.0,71.0
2024-07-16 04:00:00,0.1,4.2,0.046,0.0,70.0
2024-07-16 05:00:00,0.4,7.3,0.042,0.04,69.0
2024-07-16 06:00:00,4.2,9.3,0.04,0.23,71.0
2024-07-16 07:00:00,3.7,9.5,0.042,0.48,74.0
2024-07-16 08:00:00,1.2,4.7,0.051,0.75,79.0
2024-07-16 09:00:00,1.1,4.7,0.056,0.98,83.0
2024-07-16 10:00:00,1.1,4.1,0.063,1.16,87.0
2024-07-16 11:00:00,0.4,2.6,0.066,1.27,90.0
2024-07-16 12:00:00,0.2,1.5,0.065,0.92,91.0
2024-07-16 13:00:00,0.8,2.4,0.063,0.95,90.0
2024-07-16 14:00:00,0.6,2.4,0.063,1.17,93.0
2024-07-16 15:00:00,0.3,1.9,0.066,0.9,94.0
2024-07-16 16:00:00,0.1,0.9,0.067,0.67,93.0
2024-07-16 17:00:00,0.1,1.6,0.074,0.46,91.0
2024-07-16 18:00:00,0.2,2.4,0.072,0.25,89.0
2024-07-16 19:00:00,0.1,2.7,0.063,0.05,87.0
2024-07-16 20:00:00,0.2,6.0,0.052,0.0,83.0
2024-07-16 21:00:00,0.3,6.8,0.049,0.0,80.0
2024-07-16 22:00:00,0.1,3.5,0.053,0.0,78.0
2024-07-16 23:00:00,0.1,5.5,0.05,0.0,78.0
2024-07-17 00:00:00,0.1,3.2,0.051,0.0,77.0
2024-07-17 01:00:00,0.1,4.7,0.051,0.0,77.0
2024-07-17 02:00:00,0.1,3.4,0.051,0.0,76.0
2024-07-17 03:00:00,0.1,3.5,0.049,0.0,75.0
2024-07-17 04:00:00,0.2,5.1,0.044,0.0,73.0
2024-07-17 05:00:00,0.6,7.3,0.041,0.04,72.0
2024-07-17 06:00:00,1.9,9.1,0.039,0.23,73.0
2024-07-17 07:00:00,4.4,9.5,0.039,0.48,74.0
2024-07-17 08:00:00,1.7,5.0,0.046,0.74,79.0
2024-07-17 09:00:00,1.5,4.7,0.051,0.98,83.0
2024-07-17 10:00:00,1.4,6.3,0.062,1.15,87.0
2024-07-17 11:00:00,0.7,5.2,0.073,1.27,90.0
2024-07-17 12:00:00,0.3,2.8,0.074,1.11,93.0
2024-07-17 13:00:00,0.2,2.0,0.071,0.87,93.0
2024-07-17 14:00:00,0.5,1.7,0.064,1.17,97.0
2024-07-17 15:00:00,0.1,0.9,0.06,0.88,97.0
2024-07-17 16:00:00,0.1,0.9,0.06,0.77,96.0
2024-07-17 17:00:00,0.1,1.1,0.06,0.33,96.0
2024-07-17 18:00:00,0.2,3.3,0.051,0.07,91.0
2024-07-17 19:00:00,0.1,3.4,0.049,0.01,88.0
2024-07-17 20:00:00,0.1,0.8,0.06,0.0,88.0
2024-07-17 21:00:00,0.2,3.6,0.053,0.0,85.0
2024-07-17 22:00:00,0.1,1.8,0.053,0.0,83.0
2024-07-17 23:00:00,0.1,2.2,0.053,0.0,82.0
2024-07-18 00:00:00,0.0,3.1,0.052,0.0,80.0
2024-07-18 01:00:00,0.1,1.4,0.05,0.0,78.0
2024-07-18 02:00:00,0.1,2.5,0.05,0.0,78.0
2024-07-18 03:00:00,0.1,4.2,0.043,0.0,74.0
2024-07-18 04:00:00,0.1,4.8,0.04,0.0,72.0
2024-07-18 05:00:00,0.7,9.5,0.036,0.03,72.0
2024-07-18 06:00:00,1.3,7.0,0.037,0.19,73.0
2024-07-18 07:00:00,4.4,9.7,0.037,0.43,76.0
2024-07-18 08:00:00,1.9,6.3,0.044,0.65,79.0
2024-07-18 09:00:00,1.9,5.7,0.049,0.85,84.0
2024-07-18 10:00:00,1.3,4.0,0.056,1.12,89.0
2024-07-18 11:00:00,0.9,3.1,0.061,1.28,94.0
2024-07-18 12:00:00,5.0,5.8,0.059,1.23,96.0
2024-07-18 13:00:00,0.3,1.1,0.061,1.11,98.0
2024-07-18 14:00:00,0.1,1.1,0.06,0.34,95.0
2024-07-18 15:00:00,0.2,1.6,0.058,0.42,93.0
2024-07-18 16:00:00,1.4,4.5,0.052,0.52,93.0
2024-07-18 17:00:00,0.7,5.0,0.048,0.14,90.0
2024-07-18 18:00:00,0.1,2.1,0.052,0.02,83.0
2024-07-18 19:00:00,0.1,5.1,0.048,0.01,81.0
2024-07-18 20:00:00,0.1,6.3,0.043,0.0,80.0
2024-07-18 21:00:00,0.2,11.0,0.037,0.0,78.0
2024-07-18 22:00:00,0.3,7.4,0.038,0.0,79.0
2024-07-18 23:00:00,0.1,4.7,0.042,0.0,77.0
2024-07-19 00:00:00,0.2,5.6,0.039,0.0,76.0
2024-07-19 01:00:00,0.2,3.8,0.038,0.0,74.0
2024-07-19 02:00:00,0.1,2.9,0.039,0.0,74.0
2024-07-19 03:00:00,0.2,4.4,0.038,0.0,73.0
2024-07-19 04:00:00,,,0.038,0.0,72.0
2024-07-19 05:00:00,0.4,6.2,0.035,0.04,71.0
2024-07-19 06:00:00,1.2,8.0,0.034,0.16,73.0
2024-07-19 07:00:00,2.6,7.0,0.034,0.39,74.0
2024-07-19 08:00:00,1.4,4.8,0.043,0.55,79.0
2024-07-19 09:00:00,1.6,6.1,0.046,0.72,82.0
2024-07-19 10:00:00,0.6,3.1,0.054,1.13,86.0
2024-07-19 11:00:00,0.5,2.1,0.06,1.25,90.0
2024-07-19 12:00:00,0.3,1.9,0.062,1.29,91.0
2024-07-19 13:00:00,0.4,1.3,0.061,1.28,93.0
2024-07-19 14:00:00,0.4,1.4,0.06,1.18,93.0
2024-07-19 15:00:00,0.2,1.3,0.066,1.01,94.0
2024-07-19 16:00:00,0.2,1.3,0.066,0.79,94.0
2024-07-19 17:00:00,0.3,1.3,0.059,0.54,93.0
2024-07-19 18:00:00,0.1,1.3,0.061,0.29,95.0
2024-07-19 19:00:00,0.2,2.6,0.057,0.06,87.0
2024-07-19 20:00:00,0.1,2.2,0.055,0.0,84.0
2024-07-19 21:00:00,0.1,2.6,0.05,0.0,81.0
2024-07-19 22:00:00,0.1,3.0,0.045,0.0,78.0
2024-07-19 23:00:00,-0.1,2.5,0.045,0.0,78.0
2024-07-20 00:00:00,0.1,3.6,0.043,0.0,77.0
2024-07-20 01:00:00,0.1,3.0,0.043,0.0,75.0
2024-07-20 02:00:00,0.1,2.5,0.044,0.0,75.0
2024-07-20 03:00:00,0.2,2.4,0.045,0.0,75.0
2024-07-20 04:00:00,0.0,2.2,,0.0,74.0
2024-07-20 05:00:00,0.1,3.2,0.041,0.03,73.0
2024-07-20 06:00:00,0.4,3.9,0.039,0.19,75.0
2024-07-20 07:00:00,0.8,3.6,0.042,0.46,79.0
2024-07-20 08:00:00,1.6,6.2,0.045,0.73,82.0
2024-07-20 09:00:00,0.9,4.7,0.054,0.96,86.0
2024-07-20 10:00:00,0.4,2.3,0.058,1.14,88.0
2024-07-20 11:00:00,0.3,1.8,0.061,1.25,89.0
2024-07-20 12:00:00,0.0,1.5,0.064,1.3,91.0
2024-07-20 13:00:00,0.0,1.1,0.06,1.27,94.0
2024-07-20 14:00:00,0.1,0.9,0.059,1.18,96.0
2024-07-20 15:00:00,0.4,2.3,0.057,1.02,95.0
2024-07-20 16:00:00,0.5,2.7,0.055,0.81,92.0
2024-07-20 17:00:00,0.6,3.2,0.055,0.56,93.0
2024-07-20 18:00:00,0.2,2.1,0.053,0.25,91.0
2024-07-20 19:00:00,0.1,2.4,0.05,0.06,89.0
2024-07-20 20:00:00,0.1,3.6,0.047,0.0,83.0
2024-07-20 21:00:00,0.5,7.3,0.04,0.0,82.0
2024-07-20 22:00:00,0.1,3.7,0.044,0.0,82.0
2024-07-20 23:00:00,0.1,4.1,0.042,0.0,80.0
2024-07-21 00:00:00,0.0,2.7,0.042,0.0,77.0
2024-07-21 01:00:00,0.1,2.8,0.042,0.0,78.0
2024-07-21 02:00:00,0.3,4.2,0.04,0.0,75.0
2024-07-21 03:00:00,0.1,2.6,0.044,0.0,76.0
2024-07-21 04:00:00,,,0.044,0.0,75.0
2024-07-21 05:00:00,0.1,2.4,0.045,0.03,75.0
2024-07-21 06:00:00,0.2,1.6,0.045,0.21,77.0
2024-07-21 07:00:00,0.2,1.5,0.046,0.46,79.0
2024-07-21 08:00:00,0.5,2.3,0.047,0.73,82.0
2024-07-21 09:00:00,0.7,3.5,0.05,0.96,83.0
2024-07-21 10:00:00,0.2,1.9,0.055,1.14,85.0
2024-07-21 11:00:00,0.2,1.5,0.057,1.25,89.0
2024-07-21 12:00:00,0.1,1.2,0.057,1.29,91.0
2024-07-21 13:00:00,0.1,1.0,0.058,1.25,93.0
2024-07-21 14:00:00,0.1,0.9,0.059,1.15,94.0
2024-07-21 15:00:00,0.2,1.1,0.063,0.98,96.0
2024-07-21 16:00:00,0.2,1.0,0.064,0.77,95.0
2024-07-21 17:00:00,0.1,1.4,0.068,0.54,95.0
2024-07-21 18:00:00,0.2,3.0,0.06,0.24,92.0
2024-07-21 19:00:00,0.2,4.0,0.056,0.05,90.0
2024-07-21 20:00:00,0.0,3.6,0.054,0.0,86.0
2024-07-21 21:00:00,0.1,2.4,0.053,0.0,83.0
2024-07-21 22:00:00,0.0,2.1,0.054,0.0,82.0
2024-07-21 23:00:00,0.1,2.3,0.054,0.0,81.0
2024-07-22 00:00:00,0.1,2.4,0.056,0.0,81.0
2024-07-22 01:00:00,0.2,2.0,0.057,0.0,80.0
2024-07-22 02:00:00,0.1,1.7,0.057,0.0,78.0
2024-07-22 03:00:00,0.1,2.1,0.056,0.0,76.0
2024-07-22 04:00:00,0.1,2.9,0.056,0.0,76.0
2024-07-22 05:00:00,0.3,4.5,0.056,0.03,77.0
2024-07-22 06:00:00,1.0,5.0,0.057,0.2,78.0
2024-07-22 07:00:00,0.8,4.6,0.058,0.45,80.0
2024-07-22 08:00:00,1.8,5.4,0.058,0.71,82.0
2024-07-22 09:00:00,1.8,6.3,0.058,0.95,85.0
2024-07-22 10:00:00,1.2,4.1,0.062,1.14,88.0
2024-07-22 11:00:00,0.6,3.0,0.063,1.25,90.0
2024-07-22 12:00:00,0.5,2.3,0.065,1.28,93.0
2024-07-22 13:00:00,0.2,1.5,0.069,1.24,95.0
2024-07-22 14:00:00,0.1,1.1,0.072,1.13,95.0
2024-07-22 15:00:00,0.6,2.1,0.071,0.92,96.0
2024-07-22 16:00:00,0.3,2.5,0.074,0.73,97.0
2024-07-22 17:00:00,0.4,2.4,0.074,0.49,97.0
2024-07-22 18:00:00,0.1,1.7,0.07,0.25,94.0
2024-07-22 19:00:00,0.2,7.5,0.058,0.04,90.0
2024-07-22 20:00:00,0.1,4.5,0.054,0.0,85.0
2024-07-22 21:00:00,0.1,2.5,0.057,0.0,83.0
2024-07-22 22:00:00,0.1,2.0,0.059,0.0,81.0
2024-07-22 23:00:00,0.1,2.4,0.061,0.0,82.0
2024-07-23 00:00:00,0.1,1.8,0.061,0.0,79.0
2024-07-23 01:00:00,0.2,2.5,0.061,0.0,78.0
2024-07-23 02:00:00,0.0,2.5,0.06,0.0,77.0
2024-07-23 03:00:00,0.1,3.3,0.057,0.0,76.0
2024-07-23 04:00:00,0.1,4.4,0.056,0.0,75.0
2024-07-23 05:00:00,0.3,6.5,0.052,0.03,74.0
2024-07-23 06:00:00,1.1,9.4,0.05,0.19,74.0
2024-07-23 07:00:00,2.4,10.7,0.049,0.35,76.0
2024-07-23 08:00:00,4.6,20.4,0.04,0.24,78.0
2024-07-23 09:00:00,4.3,14.3,0.052,0.88,83.0
2024-07-23 10:00:00,1.7,10.1,0.064,0.54,85.0
2024-07-23 11:00:00,0.9,5.8,0.075,1.2,91.0
2024-07-23 12:00:00,0.2,2.3,0.078,1.27,94.0
2024-07-23 13:00:00,0.1,1.4,0.077,0.98,95.0
2024-07-23 14:00:00,0.2,1.5,0.073,0.35,92.0
2024-07-23 15:00:00,0.4,2.9,0.069,0.54,93.0
2024-07-23 16:00:00,0.3,1.7,0.069,0.77,97.0
2024-07-23 17:00:00,0.3,1.4,0.069,0.49,97.0
2024-07-23 18:00:00,0.3,2.1,0.061,0.23,94.0
2024-07-23 19:00:00,0.3,4.7,0.051,0.04,89.0
2024-07-23 20:00:00,0.1,8.4,0.05,0.0,85.0
2024-07-23 21:00:00,0.0,3.2,0.055,0.0,83.0
2024-07-23 22:00:00,0.1,2.7,0.056,0.0,82.0
2024-07-23 23:00:00,0.1,2.0,0.055,0.0,80.0
2024-07-24 00:00:00,0.0,2.1,0.054,0.0,78.0
2024-07-24 01:00:00,0.1,3.0,0.048,0.0,77.0
2024-07-24 02:00:00,0.0,2.6,0.047,0.0,75.0
2024-07-24 03:00:00,0.1,2.7,0.045,0.0,74.0
2024-07-24 04:00:00,0.3,3.5,0.044,0.0,72.0
2024-07-24 05:00:00,1.3,4.6,0.044,0.03,72.0
2024-07-24 06:00:00,1.0,6.6,0.043,0.19,74.0
2024-07-24 07:00:00,1.8,6.1,0.043,0.44,75.0
2024-07-24 08:00:00,1.4,5.2,0.046,0.7,79.0
2024-07-24 09:00:00,1.4,6.1,0.053,0.94,85.0
2024-07-24 10:00:00,0.7,3.1,0.06,1.13,92.0
2024-07-24 11:00:00,0.6,2.7,0.066,1.25,94.0
2024-07-24 12:00:00,0.4,1.5,0.065,1.29,96.0
2024-07-24 13:00:00,0.2,1.1,0.067,1.29,98.0
2024-07-24 14:00:00,0.1,1.0,0.068,1.02,100.0
2024-07-24 15:00:00,0.1,0.9,0.069,0.88,100.0
2024-07-24 16:00:00,0.5,1.3,0.066,0.61,100.0
2024-07-24 17:00:00,0.3,2.1,0.063,0.26,97.0
2024-07-24 18:00:00,0.2,1.6,0.06,0.11,94.0
2024-07-24 19:00:00,0.8,9.9,0.047,0.02,90.0
2024-07-24 20:00:00,0.3,5.0,0.046,0.0,86.0
2024-07-24 21:00:00,0.1,11.4,0.04,0.0,85.0
2024-07-24 22:00:00,0.2,10.4,0.038,0.0,82.0
2024-07-24 23:00:00,0.1,3.8,0.044,0.0,80.0
2024-07-25 00:00:00,0.1,3.0,0.042,0.0,79.0
2024-07-25 01:00:00,0.1,3.6,0.042,0.0,79.0
2024-07-25 02:00:00,0.1,2.9,0.042,0.0,79.0
2024-07-25 03:00:00,0.1,2.2,0.043,0.0,78.0
2024-07-25 04:00:00,0.3,5.4,0.041,0.0,77.0
2024-07-25 05:00:00,0.3,3.2,0.046,0.02,78.0
2024-07-25 06:00:00,0.3,2.3,0.047,0.04,78.0
2024-07-25 07:00:00,0.8,5.7,0.04,0.08,75.0
2024-07-25 08:00:00,2.8,13.0,0.038,0.35,76.0
2024-07-25 09:00:00,1.3,7.1,0.05,0.74,80.0
2024-07-25 10:00:00,0.2,2.2,0.055,1.18,81.0
2024-07-25 11:00:00,0.3,2.0,0.059,1.23,85.0
2024-07-25 12:00:00,0.2,1.4,0.06,1.29,88.0
2024-07-25 13:00:00,0.2,1.3,0.061,1.25,90.0
2024-07-25 14:00:00,0.4,2.6,0.063,1.14,91.0
2024-07-25 15:00:00,0.1,1.2,0.063,0.97,92.0
2024-07-25 16:00:00,0.1,1.4,0.068,0.76,93.0
2024-07-25 17:00:00,0.1,1.4,0.068,0.52,93.0
2024-07-25 18:00:00,0.1,1.5,0.063,0.24,91.0
2024-07-25 19:00:00,0.1,2.5,0.058,0.02,87.0
2024-07-25 20:00:00,0.2,8.2,0.049,0.0,84.0
2024-07-25 21:00:00,0.1,4.9,0.05,0.0,82.0
2024-07-25 22:00:00,0.0,2.0,0.055,0.0,82.0
2024-07-25 23:00:00,0.0,1.8,0.056,0.0,79.0
2024-07-26 00:00:00,0.0,1.1,0.062,0.0,75.0
2024-07-26 01:00:00,0.2,3.0,0.051,0.0,69.0
2024-07-26 02:00:00,0.2,3.0,0.041,0.0,69.0
2024-07-26 03:00:00,0.2,3.6,0.04,0.0,68.0
2024-07-26 04:00:00,,,0.05,0.0,70.0
2024-07-26 05:00:00,0.4,5.7,0.042,0.01,69.0
2024-07-26 06:00:00,1.0,7.6,0.041,0.19,71.0
2024-07-26 07:00:00,1.2,4.7,0.043,0.45,72.0
2024-07-26 08:00:00,1.1,3.8,0.051,0.73,76.0
2024-07-26 09:00:00,1.6,5.7,0.054,0.84,78.0
2024-07-26 10:00:00,1.1,5.4,0.059,1.02,82.0
2024-07-26 11:00:00,0.7,4.0,0.066,1.04,84.0
2024-07-26 12:00:00,,,0.066,0.82,86.0
2024-07-26 13:00:00,-0.5,2.7,0.067,1.0,87.0
2024-07-26 14:00:00,-0.1,2.0,0.07,1.28,89.0
2024-07-26 15:00:00,-0.1,1.4,0.073,0.96,91.0
2024-07-26 16:00:00,0.0,1.4,0.073,0.68,92.0
2024-07-26 17:00:00,0.8,6.6,0.069,0.49,91.0
2024-07-26 18:00:00,0.1,2.3,0.067,0.25,90.0
2024-07-26 19:00:00,0.1,3.7,0.058,0.03,87.0
2024-07-26 20:00:00,0.5,7.8,0.046,0.0,82.0
2024-07-26 21:00:00,0.3,6.5,0.047,0.0,79.0
2024-07-26 22:00:00,0.0,4.0,0.049,0.0,78.0
2024-07-26 23:00:00,0.0,5.2,0.047,0.0,78.0
2024-07-27 00:00:00,0.0,4.0,0.051,0.0,79.0
2024-07-27 01:00:00,0.1,2.8,0.052,0.0,78.0
2024-07-27 02:00:00,0.0,3.3,0.048,0.0,77.0
2024-07-27 03:00:00,0.0,3.9,0.042,0.0,76.0
2024-07-27 04:00:00,0.1,6.3,,0.0,71.0
2024-07-27 05:00:00,0.2,4.4,0.041,0.02,71.0
2024-07-27 06:00:00,0.4,5.3,0.038,0.18,71.0
2024-07-27 07:00:00,0.6,5.2,0.04,0.26,72.0
2024-07-27 08:00:00,0.8,4.8,0.042,0.38,75.0
2024-07-27 09:00:00,1.3,6.0,0.045,0.76,78.0
2024-07-27 10:00:00,0.7,3.7,0.056,1.09,83.0
2024-07-27 11:00:00,0.5,3.2,0.062,1.24,85.0
2024-07-27 12:00:00,0.2,2.2,0.068,1.27,88.0
2024-07-27 13:00:00,0.1,1.5,0.069,1.18,91.0
2024-07-27 14:00:00,0.1,1.1,0.069,1.0,92.0
2024-07-27 15:00:00,0.0,1.1,0.07,0.78,92.0
2024-07-27 16:00:00,0.1,1.6,0.07,0.62,93.0
2024-07-27 17:00:00,0.1,3.1,0.068,0.35,90.0
2024-07-27 18:00:00,0.0,3.3,0.07,0.08,89.0
2024-07-27 19:00:00,-0.1,2.7,0.065,0.02,83.0
2024-07-27 20:00:00,0.0,2.7,0.06,0.0,78.0
2024-07-27 21:00:00,0.1,2.5,0.057,0.0,75.0
2024-07-27 22:00:00,0.6,4.8,0.051,0.0,74.0
2024-07-27 23:00:00,0.0,4.5,0.053,0.0,72.0
2024-07-28 00:00:00,0.8,8.1,0.051,0.0,72.0
2024-07-28 01:00:00,0.1,3.5,0.054,0.0,72.0
2024-07-28 02:00:00,0.1,4.8,0.05,0.0,71.0
2024-07-28 03:00:00,0.1,3.0,0.047,0.0,68.0
2024-07-28 04:00:00,,,0.045,0.0,68.0
2024-07-28 05:00:00,0.1,4.8,0.043,0.02,67.0
2024-07-28 06:00:00,0.2,2.1,0.042,0.2,68.0
2024-07-28 07:00:00,0.4,2.2,0.042,0.44,71.0
2024-07-28 08:00:00,0.8,2.5,0.043,0.71,76.0
2024-07-28 09:00:00,0.5,2.5,0.05,0.96,81.0
2024-07-28 10:00:00,0.3,1.5,0.055,1.15,87.0
2024-07-28 11:00:00,0.2,0.9,0.058,1.25,89.0
2024-07-28 12:00:00,0.1,0.7,0.06,1.32,91.0
2024-07-28 13:00:00,0.1,0.7,0.061,1.26,92.0
2024-07-28 14:00:00,0.1,0.8,0.064,1.17,93.0
2024-07-28 15:00:00,0.1,0.8,0.064,1.0,94.0
2024-07-28 16:00:00,0.1,0.6,0.064,0.78,94.0
2024-07-28 17:00:00,0.1,0.8,0.065,0.53,94.0
2024-07-28 18:00:00,0.1,1.4,0.058,0.25,92.0
2024-07-28 19:00:00,0.2,5.0,0.054,0.04,88.0
2024-07-28 20:00:00,0.1,6.1,0.047,0.0,82.0
2024-07-28 21:00:00,0.2,7.5,0.044,0.0,77.0
2024-07-28 22:00:00,0.1,3.7,0.046,0.0,75.0
2024-07-28 23:00:00,0.1,2.1,0.048,0.0,74.0
2024-07-29 00:00:00,0.0,2.7,0.049,0.0,73.0
2024-07-29 01:00:00,0.2,3.6,0.046,0.0,72.0
2024-07-29 02:00:00,0.1,3.3,0.045,0.0,70.0
2024-07-29 03:00:00,0.1,2.9,0.045,0.0,69.0
2024-07-29 04:00:00,0.2,3.7,0.042,0.0,67.0
2024-07-29 05:00:00,0.5,6.3,0.039,0.02,67.0
2024-07-29 06:00:00,1.6,7.3,0.038,0.22,69.0
2024-07-29 07:00:00,4.3,10.1,0.037,0.48,74.0
2024-07-29 08:00:00,2.9,7.5,0.042,0.74,78.0
2024-07-29 09:00:00,1.3,4.2,0.049,0.99,84.0
2024-07-29 10:00:00,0.9,2.4,0.056,1.17,88.0
2024-07-29 11:00:00,0.6,1.7,0.057,1.29,89.0
2024-07-29 12:00:00,0.5,1.3,0.059,1.33,91.0
2024-07-29 13:00:00,0.2,0.9,0.061,1.29,92.0
2024-07-29 14:00:00,1.3,2.0,0.061,1.18,93.0
2024-07-29 15:00:00,1.3,3.0,0.061,1.02,94.0
2024-07-29 16:00:00,0.8,1.9,0.061,0.8,94.0
2024-07-29 17:00:00,0.6,1.5,0.057,0.53,92.0
2024-07-29 18:00:00,0.6,2.5,0.053,0.27,90.0
2024-07-29 19:00:00,0.8,5.5,0.048,0.05,87.0
2024-07-29 20:00:00,0.4,9.4,0.04,0.0,82.0
2024-07-29 21:00:00,0.1,3.5,0.047,0.0,78.0
2024-07-29 22:00:00,0.1,3.3,0.044,0.0,76.0
2024-07-29 23:00:00,0.1,2.2,0.045,0.0,74.0
2024-07-30 00:00:00,0.1,1.6,0.044,0.0,72.0
2024-07-30 01:00:00,0.5,3.8,0.043,0.0,72.0
2024-07-30 02:00:00,0.2,3.0,0.043,0.0,71.0
2024-07-30 03:00:00,0.2,4.1,0.038,0.0,68.0
2024-07-30 04:00:00,22.2,6.7,0.021,0.0,66.0
2024-07-30 05:00:00,-2.8,6.3,0.036,0.02,66.0
2024-07-30 06:00:00,2.5,8.8,0.034,0.23,68.0
2024-07-30 07:00:00,6.1,10.5,0.034,0.48,72.0
2024-07-30 08:00:00,2.7,6.0,0.042,0.76,78.0
2024-07-30 09:00:00,1.5,4.9,0.05,1.0,83.0
2024-07-30 10:00:00,1.1,3.3,0.058,1.18,87.0
2024-07-30 11:00:00,1.1,2.2,0.058,1.3,89.0
2024-07-30 12:00:00,0.6,1.3,0.06,1.35,91.0
2024-07-30 13:00:00,0.3,0.7,0.06,1.28,93.0
2024-07-30 14:00:00,0.3,1.1,0.062,1.19,93.0
2024-07-30 15:00:00,0.6,1.3,0.061,1.01,93.0
2024-07-30 16:00:00,0.6,1.7,0.065,0.77,93.0
2024-07-30 17:00:00,0.2,2.4,0.078,0.49,91.0
2024-07-30 18:00:00,0.1,2.6,0.072,0.22,89.0
2024-07-30 19:00:00,0.1,3.8,0.064,0.03,81.0
2024-07-30 20:00:00,0.4,8.6,0.056,0.0,79.0
2024-07-30 21:00:00,0.0,5.4,0.053,0.0,77.0
2024-07-30 22:00:00,0.0,5.5,0.052,0.0,74.0
2024-07-30 23:00:00,0.2,5.0,0.05,0.0,72.0
2024-07-31 00:00:00,0.1,9.9,0.038,0.0,69.0
2024-07-31 01:00:00,0.2,11.5,0.039,0.0,68.0
2024-07-31 02:00:00,0.1,5.7,0.046,0.0,69.0
2024-07-31 03:00:00,0.4,7.1,0.041,0.0,66.0
2024-07-31 04:00:00,0.3,9.3,0.041,0.0,65.0
2024-07-31 05:00:00,1.1,10.3,0.038,0.02,64.0
2024-07-31 06:00:00,2.3,10.3,0.04,0.18,65.0
2024-07-31 07:00:00,5.2,12.5,0.037,0.42,68.0
2024-07-31 08:00:00,2.3,7.5,0.046,0.69,72.0
2024-07-31 09:00:00,2.5,8.4,0.052,0.94,79.0
2024-07-31 10:00:00,1.7,7.5,0.06,1.12,82.0
2024-07-31 11:00:00,1.0,4.7,0.069,1.24,86.0
2024-07-31 12:00:00,0.3,2.4,0.074,1.28,88.0
2024-07-31 13:00:00,0.2,1.8,0.078,1.24,90.0
2024-07-31 14:00:00,0.2,1.7,0.077,1.12,93.0
2024-07-31 15:00:00,0.2,1.6,0.074,0.94,92.0
2024-07-31 16:00:00,0.1,1.6,0.079,0.72,92.0
2024-07-31 17:00:00,0.1,2.2,0.089,0.46,90.0
2024-07-31 18:00:00,0.1,3.3,0.084,0.19,87.0
2024-07-31 19:00:00,0.0,3.7,0.071,0.03,84.0
2024-07-31 20:00:00,0.1,5.3,0.061,0.0,81.0
2024-07-31 21:00:00,0.1,10.3,0.052,0.0,79.0
2024-07-31 22:00:00,0.0,7.1,0.055,0.0,76.0
2024-07-31 23:00:00,0.1,5.9,0.057,0.0,76.0
2024-08-01 00:00:00,0.1,3.0,0.056,0.0,73.0
2024-08-01 01:00:00,0.1,2.6,0.056,0.0,72.0
2024-08-01 02:00:00,0.1,3.7,0.053,0.0,70.0
2024-08-01 03:00:00,0.1,5.4,0.05,0.0,69.0
2024-08-01 04:00:00,0.2,5.7,0.049,0.0,68.0
2024-08-01 05:00:00,0.5,5.8,0.049,0.02,68.0
2024-08-01 06:00:00,1.3,10.1,0.044,0.18,69.0
2024-08-01 07:00:00,4.7,13.1,0.043,0.43,73.0
2024-08-01 08:00:00,2.8,7.9,0.049,0.69,76.0
2024-08-01 09:00:00,1.5,6.1,0.055,0.93,80.0
2024-08-01 10:00:00,1.0,5.7,0.064,1.11,85.0
2024-08-01 11:00:00,0.7,5.3,0.076,1.23,87.0
2024-08-01 12:00:00,0.3,3.1,0.077,1.27,91.0
2024-08-01 13:00:00,0.2,1.5,0.069,1.25,94.0
2024-08-01 14:00:00,0.2,1.1,0.066,1.14,96.0
2024-08-01 15:00:00,0.1,1.2,0.07,0.96,97.0
2024-08-01 16:00:00,0.1,1.3,0.073,0.74,97.0
2024-08-01 17:00:00,0.1,1.2,0.07,0.47,96.0
2024-08-01 18:00:00,0.1,1.9,0.075,0.21,93.0
2024-08-01 19:00:00,0.1,3.8,0.065,0.03,88.0
2024-08-01 20:00:00,0.0,8.6,0.054,0.0,84.0
2024-08-01 21:00:00,0.2,7.6,0.053,0.0,82.0
2024-08-01 22:00:00,0.2,5.7,0.053,0.0,80.0
2024-08-01 23:00:00,0.1,4.6,0.052,0.0,78.0
2024-08-02 00:00:00,0.0,3.4,0.054,0.0,78.0
2024-08-02 01:00:00,0.1,6.3,0.05,0.0,76.0
2024-08-02 02:00:00,0.1,5.7,0.048,0.0,73.0
2024-08-02 03:00:00,0.1,3.5,0.05,0.0,72.0
2024-08-02 04:00:00,,,0.049,0.0,72.0
2024-08-02 05:00:00,0.3,4.6,0.048,0.01,71.0
2024-08-02 06:00:00,1.0,6.8,0.047,0.18,72.0
2024-08-02 07:00:00,3.1,10.1,0.044,0.44,75.0
2024-08-02 08:00:00,2.8,9.1,0.049,0.7,79.0
2024-08-02 09:00:00,2.5,8.3,0.05,0.95,82.0
2024-08-02 10:00:00,1.2,4.9,0.064,1.13,87.0
2024-08-02 11:00:00,0.6,4.0,0.073,1.25,91.0
2024-08-02 12:00:00,0.3,2.7,0.076,1.3,95.0
2024-08-02 13:00:00,0.2,1.8,0.074,1.27,98.0
2024-08-02 14:00:00,0.4,1.6,0.078,1.15,99.0
2024-08-02 15:00:00,0.5,1.9,0.085,0.97,100.0
2024-08-02 16:00:00,0.1,2.0,0.092,0.75,99.0
2024-08-02 17:00:00,0.1,2.1,0.087,0.4,97.0
2024-08-02 18:00:00,0.1,3.4,0.076,0.25,94.0
2024-08-02 19:00:00,0.0,3.7,0.069,0.03,90.0
2024-08-02 20:00:00,0.1,10.5,0.056,0.0,87.0
2024-08-02 21:00:00,0.0,7.5,0.06,0.0,83.0
2024-08-02 22:00:00,0.0,3.7,0.065,0.0,81.0
2024-08-02 23:00:00,0.0,3.3,0.06,0.0,80.0
2024-08-03 00:00:00,0.1,4.1,0.057,0.0,79.0
2024-08-03 01:00:00,0.0,3.3,0.057,0.0,78.0
2024-08-03 02:00:00,0.1,4.0,0.057,0.0,76.0
2024-08-03 03:00:00,0.1,4.2,0.055,0.0,75.0
2024-08-03 04:00:00,0.1,5.9,,0.0,74.0
2024-08-03 05:00:00,0.1,6.0,0.053,0.02,74.0
2024-08-03 06:00:00,0.2,4.2,0.054,0.21,76.0
2024-08-03 07:00:00,0.7,5.5,0.05,0.32,76.0
2024-08-03 08:00:00,0.7,4.2,0.052,0.67,81.0
2024-08-03 09:00:00,0.8,4.4,0.055,0.98,87.0
2024-08-03 10:00:00,0.3,2.2,0.058,0.7,92.0
2024-08-03 11:00:00,0.4,2.5,0.056,0.51,91.0
2024-08-03 12:00:00,0.3,1.8,0.056,0.81,94.0
2024-08-03 13:00:00,0.3,1.4,0.057,0.99,96.0
2024-08-03 14:00:00,0.1,1.2,0.058,1.03,97.0
2024-08-03 15:00:00,0.1,1.1,0.06,0.94,98.0
2024-08-03 16:00:00,0.1,2.0,0.058,0.17,95.0
2024-08-03 17:00:00,0.1,3.0,0.051,0.05,86.0
2024-08-03 18:00:00,0.3,3.7,0.048,0.02,82.0
2024-08-03 19:00:00,0.1,2.9,0.049,0.01,81.0
2024-08-03 20:00:00,0.1,3.4,0.049,0.0,81.0
2024-08-03 21:00:00,0.1,2.6,0.046,0.0,78.0
2024-08-03 22:00:00,0.1,5.4,0.041,0.0,78.0
2024-08-03 23:00:00,0.1,3.4,0.045,0.0,78.0
2024-08-04 00:00:00,0.1,3.5,0.04,0.0,76.0
2024-08-04 01:00:00,0.1,2.6,0.04,0.0,75.0
2024-08-04 02:00:00,0.1,3.2,0.041,0.0,76.0
2024-08-04 03:00:00,0.1,3.1,0.04,0.0,75.0
2024-08-04 04:00:00,,,0.035,0.0,74.0
2024-08-04 05:00:00,0.2,4.5,0.033,0.01,73.0
2024-08-04 06:00:00,0.4,3.7,0.032,0.14,73.0
2024-08-04 07:00:00,0.7,3.4,0.034,0.44,76.0
2024-08-04 08:00:00,0.7,3.1,0.041,0.75,80.0
2024-08-04 09:00:00,0.4,2.3,0.047,1.0,85.0
2024-08-04 10:00:00,0.2,1.7,0.054,1.13,90.0
2024-08-04 11:00:00,0.2,1.4,0.056,1.24,92.0
2024-08-04 12:00:00,0.0,0.8,0.054,1.22,94.0
2024-08-04 13:00:00,0.1,0.7,0.054,1.3,93.0
2024-08-04 14:00:00,0.1,0.8,0.056,1.14,94.0
2024-08-04 15:00:00,0.1,0.7,0.059,0.94,96.0
2024-08-04 16:00:00,0.1,0.8,0.061,0.57,98.0
2024-08-04 17:00:00,0.1,1.2,0.057,0.27,94.0
2024-08-04 18:00:00,0.1,1.6,0.054,0.24,92.0
2024-08-04 19:00:00,0.3,2.8,0.052,0.04,90.0
2024-08-04 20:00:00,0.2,7.1,0.044,0.0,87.0
2024-08-04 21:00:00,0.2,4.2,0.047,0.0,84.0
2024-08-04 22:00:00,0.1,2.6,0.05,0.0,84.0
2024-08-04 23:00:00,0.1,3.6,0.048,0.0,84.0
2024-08-05 00:00:00,0.1,2.4,0.047,0.0,83.0
2024-08-05 01:00:00,0.1,3.0,0.044,0.0,82.0
2024-08-05 02:00:00,0.4,3.7,0.041,0.0,79.0
2024-08-05 03:00:00,0.2,3.1,0.042,0.0,76.0
2024-08-05 04:00:00,0.2,5.4,0.037,0.0,76.0
2024-08-05 05:00:00,0.6,6.6,0.035,0.01,75.0
2024-08-05 06:00:00,1.2,6.4,0.036,0.18,76.0
2024-08-05 07:00:00,5.0,8.6,0.034,0.43,78.0
2024-08-05 08:00:00,2.0,5.2,0.04,0.69,81.0
2024-08-05 09:00:00,2.3,6.7,0.048,0.93,86.0
2024-08-05 10:00:00,0.9,4.2,0.054,0.93,90.0
2024-08-05 11:00:00,0.4,2.6,0.061,1.22,93.0
2024-08-05 12:00:00,0.4,2.0,0.061,1.27,95.0
2024-08-05 13:00:00,0.7,3.2,0.061,1.26,98.0
2024-08-05 14:00:00,0.4,2.1,0.061,0.99,100.0
2024-08-05 15:00:00,0.2,1.5,0.059,0.67,97.0
2024-08-05 16:00:00,0.6,4.0,0.055,0.33,93.0
2024-08-05 17:00:00,0.4,4.8,0.052,0.18,92.0
2024-08-05 18:00:00,0.8,5.3,0.05,0.12,90.0
2024-08-05 19:00:00,0.2,3.0,0.049,0.02,88.0
2024-08-05 20:00:00,0.2,4.8,0.05,0.0,87.0
2024-08-05 21:00:00,0.1,1.5,0.057,0.0,84.0
2024-08-05 22:00:00,0.1,2.6,0.052,0.0,81.0
2024-08-05 23:00:00,0.2,1.4,0.053,0.0,82.0
2024-08-06 00:00:00,0.2,1.9,0.051,0.0,82.0
2024-08-06 01:00:00,0.1,2.0,0.049,0.0,82.0
2024-08-06 02:00:00,0.1,2.4,0.044,0.0,79.0
2024-08-06 03:00:00,0.1,2.8,0.043,0.0,78.0
2024-08-06 04:00:00,0.3,4.6,0.04,0.0,77.0
2024-08-06 05:00:00,0.8,8.0,0.036,0.01,75.0
2024-08-06 06:00:00,1.5,8.0,0.037,0.18,78.0
2024-08-06 07:00:00,2.2,7.4,0.039,0.43,80.0
2024-08-06 08:00:00,3.1,8.9,0.041,0.69,84.0
2024-08-06 09:00:00,2.9,6.7,0.049,0.93,89.0
2024-08-06 10:00:00,0.8,3.3,0.055,1.1,93.0
2024-08-06 11:00:00,0.6,3.1,0.06,1.25,97.0
2024-08-06 12:00:00,0.5,3.2,0.065,1.26,98.0
2024-08-06 13:00:00,0.5,3.2,0.065,1.26,100.0
2024-08-06 14:00:00,1.1,3.7,0.061,1.15,101.0
2024-08-06 15:00:00,0.3,1.0,0.058,0.96,103.0
2024-08-06 16:00:00,0.2,0.8,0.058,0.76,102.0
2024-08-06 17:00:00,0.2,0.9,0.059,0.36,101.0
2024-08-06 18:00:00,0.3,2.8,0.052,0.1,98.0
2024-08-06 19:00:00,0.1,2.5,0.048,0.02,92.0
2024-08-06 20:00:00,0.1,5.9,0.046,0.0,92.0
2024-08-06 21:00:00,0.1,8.6,0.039,0.0,88.0
2024-08-06 22:00:00,0.1,4.3,0.043,0.0,86.0
2024-08-06 23:00:00,0.1,3.6,0.044,0.0,86.0
2024-08-07 00:00:00,0.1,5.1,0.039,0.0,84.0
2024-08-07 01:00:00,0.2,2.9,0.047,0.0,83.0
2024-08-07 02:00:00,0.1,3.4,0.043,0.0,82.0
2024-08-07 03:00:00,0.2,3.5,0.042,0.0,82.0
2024-08-07 04:00:00,0.7,5.0,0.041,0.0,80.0
2024-08-07 05:00:00,0.6,5.6,0.039,0.01,80.0
2024-08-07 06:00:00,1.8,8.8,0.035,0.16,80.0
2024-08-07 07:00:00,2.4,7.4,0.036,0.42,80.0
2024-08-07 08:00:00,2.6,7.1,0.04,0.68,85.0
2024-08-07 09:00:00,1.1,4.4,0.05,0.91,89.0
2024-08-07 10:00:00,1.1,3.5,0.057,1.1,92.0
2024-08-07 11:00:00,0.3,2.2,0.062,1.21,94.0
2024-08-07 12:00:00,0.3,1.5,0.06,1.26,95.0
2024-08-07 13:00:00,0.3,1.2,0.059,1.24,96.0
2024-08-07 14:00:00,0.2,1.4,0.068,1.11,97.0
2024-08-07 15:00:00,0.2,1.5,0.074,0.93,97.0
2024-08-07 16:00:00,0.1,1.6,0.073,0.7,95.0
2024-08-07 17:00:00,0.2,1.8,0.068,0.46,95.0
2024-08-07 18:00:00,0.1,2.1,0.059,0.19,91.0
2024-08-07 19:00:00,0.1,3.4,0.052,0.02,87.0
2024-08-07 20:00:00,0.6,11.0,0.04,0.0,85.0
2024-08-07 21:00:00,1.6,11.2,0.04,0.0,84.0
2024-08-07 22:00:00,0.3,7.2,0.043,0.0,82.0
2024-08-07 23:00:00,0.1,4.1,0.043,0.0,79.0
2024-08-08 00:00:00,0.1,3.2,0.043,0.0,77.0
2024-08-08 01:00:00,0.2,4.5,0.041,0.0,76.0
2024-08-08 02:00:00,0.6,8.1,0.035,0.0,74.0
2024-08-08 03:00:00,0.6,5.5,0.036,0.0,73.0
2024-08-08 04:00:00,1.2,8.7,0.034,0.0,72.0
2024-08-08 05:00:00,1.5,11.7,0.031,0.01,71.0
2024-08-08 06:00:00,1.1,9.0,0.03,0.14,71.0
2024-08-08 07:00:00,3.8,19.1,0.023,0.11,73.0
2024-08-08 08:00:00,3.3,13.5,0.028,0.23,74.0
2024-08-08 09:00:00,3.6,13.6,0.029,0.31,77.0
2024-08-08 10:00:00,4.9,10.5,0.039,0.75,81.0
2024-08-08 11:00:00,1.8,4.8,0.053,1.14,87.0
2024-08-08 12:00:00,1.2,5.1,0.056,0.75,89.0
2024-08-08 13:00:00,0.8,4.3,0.056,0.56,89.0
2024-08-08 14:00:00,0.6,2.9,0.062,1.09,93.0
2024-08-08 15:00:00,0.3,1.5,0.061,0.9,94.0
2024-08-08 16:00:00,0.5,1.6,0.061,0.72,96.0
2024-08-08 17:00:00,0.1,1.5,0.065,0.47,93.0
2024-08-08 18:00:00,0.1,3.1,0.076,0.23,90.0
2024-08-08 19:00:00,0.4,4.4,0.065,0.02,85.0
2024-08-08 20:00:00,0.1,3.0,0.044,0.0,80.0
2024-08-08 21:00:00,0.1,10.0,0.039,0.0,81.0
2024-08-08 22:00:00,0.1,7.6,0.043,0.0,79.0
2024-08-08 23:00:00,0.2,7.4,0.042,0.0,78.0
2024-08-09 00:00:00,0.1,4.7,0.043,0.0,77.0
2024-08-09 01:00:00,0.1,5.0,0.042,0.0,76.0
2024-08-09 02:00:00,0.1,3.4,0.041,0.0,75.0
2024-08-09 03:00:00,0.2,3.8,0.042,0.0,76.0
2024-08-09 04:00:00,,,0.04,0.0,75.0
2024-08-09 05:00:00,0.4,6.1,0.036,0.01,73.0
2024-08-09 06:00:00,2.1,10.6,0.032,0.09,73.0
2024-08-09 07:00:00,3.7,10.0,0.034,0.37,76.0
2024-08-09 08:00:00,1.8,6.1,0.04,0.58,80.0
2024-08-09 09:00:00,2.1,7.9,0.04,0.47,81.0
2024-08-09 10:00:00,1.1,5.7,0.051,0.73,84.0
2024-08-09 11:00:00,0.6,3.2,0.057,1.02,87.0
2024-08-09 12:00:00,0.4,2.9,0.063,1.25,92.0
2024-08-09 13:00:00,0.4,2.2,0.063,1.22,95.0
2024-08-09 14:00:00,0.2,1.7,0.063,1.12,95.0
2024-08-09 15:00:00,0.6,2.6,0.049,0.64,91.0
2024-08-09 16:00:00,0.4,2.5,0.047,0.12,89.0
2024-08-09 17:00:00,0.6,4.7,0.045,0.23,84.0
2024-08-09 18:00:00,0.3,3.0,0.046,0.08,84.0
2024-08-09 19:00:00,0.3,3.7,0.044,0.01,82.0
2024-08-09 20:00:00,0.1,5.1,0.04,0.0,79.0
2024-08-09 21:00:00,0.1,2.8,0.045,0.0,81.0
2024-08-09 22:00:00,0.0,3.3,0.045,0.0,80.0
2024-08-09 23:00:00,0.0,3.5,0.045,0.0,79.0
2024-08-10 00:00:00,0.0,2.1,0.045,0.0,78.0
2024-08-10 01:00:00,0.3,3.6,0.043,0.0,77.0
2024-08-10 02:00:00,0.1,2.5,0.043,0.0,77.0
2024-08-10 03:00:00,0.1,3.3,0.042,0.0,75.0
2024-08-10 04:00:00,0.1,2.8,,0.0,73.0
2024-08-10 05:00:00,0.2,3.2,0.039,0.01,72.0
2024-08-10 06:00:00,0.6,4.4,0.038,0.17,74.0
2024-08-10 07:00:00,0.8,3.9,0.04,0.32,75.0
2024-08-10 08:00:00,1.2,4.2,0.042,0.64,78.0
2024-08-10 09:00:00,1.0,3.8,0.046,0.94,82.0
2024-08-10 10:00:00,0.7,3.0,0.05,0.92,87.0
2024-08-10 11:00:00,0.2,1.5,0.053,0.76,90.0
2024-08-10 12:00:00,0.2,1.4,0.056,1.28,93.0
2024-08-10 13:00:00,0.3,1.4,0.052,1.13,94.0
2024-08-10 14:00:00,0.2,1.0,0.054,0.98,95.0
2024-08-10 15:00:00,0.2,1.0,0.056,0.85,95.0
2024-08-10 16:00:00,0.1,2.0,0.051,0.13,89.0
2024-08-10 17:00:00,0.2,1.8,0.047,0.25,85.0
2024-08-10 18:00:00,0.4,4.5,0.045,0.12,86.0
2024-08-10 19:00:00,0.1,4.4,0.044,0.02,84.0
2024-08-10 20:00:00,0.1,4.2,0.042,0.0,81.0
2024-08-10 21:00:00,0.2,3.7,0.041,0.0,78.0
2024-08-10 22:00:00,0.2,4.1,0.039,0.0,77.0
2024-08-10 23:00:00,0.1,3.2,0.04,0.0,77.0
2024-08-11 00:00:00,0.1,2.7,0.041,0.0,76.0
2024-08-11 01:00:00,0.2,2.9,0.039,0.0,75.0
2024-08-11 02:00:00,0.2,3.6,0.036,0.0,74.0
2024-08-11 03:00:00,0.1,3.1,0.034,0.0,73.0
2024-08-11 04:00:00,,,0.032,0.0,71.0
2024-08-11 05:00:00,0.2,3.7,0.031,0.01,71.0
2024-08-11 06:00:00,0.5,4.6,0.032,0.18,73.0
2024-08-11 07:00:00,1.0,3.6,0.033,0.41,75.0
2024-08-11 08:00:00,0.7,2.6,0.039,0.68,79.0
2024-08-11 09:00:00,0.4,2.2,0.046,0.9,83.0
2024-08-11 10:00:00,0.2,1.7,0.051,0.81,86.0
2024-08-11 11:00:00,0.3,1.7,0.052,0.56,86.0
2024-08-11 12:00:00,0.3,1.6,0.053,1.22,90.0
2024-08-11 13:00:00,0.1,1.6,0.054,0.43,89.0
2024-08-11 14:00:00,0.8,3.2,0.048,1.01,84.0
2024-08-11 15:00:00,0.7,4.3,0.046,0.48,88.0
2024-08-11 16:00:00,0.5,2.1,0.052,0.7,91.0
2024-08-11 17:00:00,0.4,4.1,0.049,0.18,89.0
2024-08-11 18:00:00,0.5,3.7,0.044,0.08,83.0
2024-08-11 19:00:00,0.2,2.3,0.045,0.02,78.0
2024-08-11 20:00:00,0.2,2.3,0.044,0.0,78.0
2024-08-11 21:00:00,0.1,2.2,0.042,0.0,77.0
2024-08-11 22:00:00,0.0,2.0,0.036,0.0,73.0
2024-08-11 23:00:00,0.1,2.4,0.038,0.0,74.0
2024-08-12 00:00:00,0.1,2.0,0.037,0.0,73.0
2024-08-12 01:00:00,0.2,3.6,0.032,0.0,72.0
2024-08-12 02:00:00,0.2,2.3,0.032,0.0,67.0
2024-08-12 03:00:00,0.8,3.6,0.034,0.0,70.0
2024-08-12 04:00:00,0.2,2.6,0.036,0.0,71.0
2024-08-12 05:00:00,0.5,3.5,0.033,0.0,70.0
2024-08-12 06:00:00,0.8,5.0,0.031,0.04,71.0
2024-08-12 07:00:00,1.6,5.8,0.028,0.18,71.0
2024-08-12 08:00:00,5.6,8.3,0.029,0.21,73.0
2024-08-12 09:00:00,2.0,5.0,0.034,0.24,76.0
2024-08-12 10:00:00,2.2,4.4,0.037,0.98,81.0
2024-08-12 11:00:00,0.9,2.7,0.043,1.28,85.0
2024-08-12 12:00:00,0.6,2.3,0.045,0.96,86.0
2024-08-12 13:00:00,0.8,3.6,0.041,0.4,83.0
2024-08-12 14:00:00,0.4,2.6,0.041,0.2,82.0
2024-08-12 15:00:00,0.5,3.0,0.041,0.33,78.0
2024-08-12 16:00:00,0.3,2.5,0.039,0.19,72.0
2024-08-12 17:00:00,0.4,4.5,0.035,0.05,69.0
2024-08-12 18:00:00,0.7,5.4,0.032,0.02,69.0
2024-08-12 19:00:00,0.2,2.4,0.037,0.01,70.0
2024-08-12 20:00:00,0.1,2.6,0.035,0.0,70.0
2024-08-12 21:00:00,0.8,5.5,0.026,0.0,65.0
2024-08-12 22:00:00,0.1,2.5,0.03,0.0,65.0
2024-08-12 23:00:00,0.1,2.2,0.03,0.0,67.0
2024-08-13 00:00:00,0.2,2.8,0.028,0.0,64.0
2024-08-13 01:00:00,0.1,2.0,0.029,0.0,63.0
2024-08-13 02:00:00,0.1,1.9,0.029,0.0,65.0
2024-08-13 03:00:00,0.2,2.3,0.03,0.0,65.0
2024-08-13 04:00:00,0.8,5.0,0.028,0.0,64.0
2024-08-13 05:00:00,0.5,2.9,0.031,0.0,65.0
2024-08-13 06:00:00,1.9,5.6,0.027,0.06,66.0
2024-08-13 07:00:00,5.4,7.7,0.026,0.17,68.0
2024-08-13 08:00:00,2.0,5.4,0.028,0.35,70.0
2024-08-13 09:00:00,2.4,4.0,0.031,,
2024-08-13 10:00:00,1.9,3.5,0.034,0.67,74.0
2024-08-13 11:00:00,2.1,3.7,0.034,0.79,75.0
2024-08-13 12:00:00,1.6,3.2,0.035,1.25,79.0
2024-08-13 13:00:00,1.1,2.8,0.038,1.01,82.0
2024-08-13 14:00:00,1.4,3.1,0.039,1.04,84.0
2024-08-13 15:00:00,1.6,3.6,0.036,0.8,82.0
2024-08-13 16:00:00,1.1,2.9,0.039,0.7,82.0
2024-08-13 17:00:00,0.5,2.6,0.043,0.29,78.0
2024-08-13 18:00:00,0.4,5.1,0.04,0.12,73.0
2024-08-13 19:00:00,0.2,5.0,0.038,0.01,74.0
2024-08-13 20:00:00,1.0,4.2,0.037,0.0,73.0
2024-08-13 21:00:00,0.2,2.7,0.04,0.0,71.0
2024-08-13 22:00:00,0.2,2.1,0.039,0.0,70.0
2024-08-13 23:00:00,0.1,2.3,0.037,0.0,71.0
2024-08-14 00:00:00,0.2,2.0,0.037,0.0,69.0
2024-08-14 01:00:00,0.1,1.4,0.039,0.0,71.0
2024-08-14 02:00:00,0.1,2.1,0.037,0.0,70.0
2024-08-14 03:00:00,0.2,2.5,0.036,0.0,70.0
2024-08-14 04:00:00,0.1,2.0,0.035,0.0,69.0
2024-08-14 05:00:00,0.5,3.6,0.034,0.01,69.0
2024-08-14 06:00:00,1.7,5.1,0.032,0.15,70.0
2024-08-14 07:00:00,3.6,5.4,0.032,0.4,72.0
2024-08-14 08:00:00,3.3,6.1,0.033,0.68,75.0
2024-08-14 09:00:00,2.0,4.3,0.037,0.92,78.0
2024-08-14 10:00:00,1.0,2.7,0.041,1.11,82.0
2024-08-14 11:00:00,1.3,3.1,0.045,1.21,84.0
2024-08-14 12:00:00,1.6,4.0,0.045,0.85,87.0
2024-08-14 13:00:00,0.6,3.2,0.042,0.24,82.0
2024-08-14 14:00:00,0.8,3.4,0.042,0.31,83.0
2024-08-14 15:00:00,1.3,4.8,0.043,0.36,80.0
2024-08-14 16:00:00,1.3,4.7,0.044,0.53,83.0
2024-08-14 17:00:00,0.7,3.0,0.047,0.44,85.0
2024-08-14 18:00:00,0.9,7.2,0.039,0.15,83.0
2024-08-14 19:00:00,0.2,4.6,0.037,0.01,78.0
2024-08-14 20:00:00,0.3,2.8,0.037,0.0,76.0
2024-08-14 21:00:00,0.1,2.7,0.037,0.0,75.0
2024-08-14 22:00:00,0.2,3.2,0.038,0.0,75.0
2024-08-14 23:00:00,0.1,2.0,0.039,0.0,74.0
2024-08-15 00:00:00,0.1,2.0,0.039,0.0,74.0
2024-08-15 01:00:00,0.1,2.5,0.039,0.0,73.0
2024-08-15 02:00:00,0.4,3.4,0.039,0.0,73.0
2024-08-15 03:00:00,0.2,3.2,0.038,0.0,72.0
2024-08-15 04:00:00,0.5,5.0,0.035,0.0,71.0
2024-08-15 05:00:00,0.7,5.3,0.033,0.01,70.0
2024-08-15 06:00:00,3.7,7.2,0.029,0.16,71.0
2024-08-15 07:00:00,4.2,7.0,0.029,0.41,73.0
2024-08-15 08:00:00,2.2,4.7,0.034,0.68,75.0
2024-08-15 09:00:00,2.1,4.7,0.037,0.93,80.0
2024-08-15 10:00:00,2.7,4.7,0.041,1.12,84.0
2024-08-15 11:00:00,0.9,2.4,0.044,1.23,87.0
2024-08-15 12:00:00,1.1,1.9,0.044,1.28,88.0
2024-08-15 13:00:00,1.1,1.3,0.046,1.24,89.0
2024-08-15 14:00:00,0.8,1.1,0.047,1.13,90.0
2024-08-15 15:00:00,0.8,1.4,0.047,0.95,91.0
2024-08-15 16:00:00,1.0,1.6,0.046,0.72,91.0
2024-08-15 17:00:00,1.0,2.9,0.045,0.46,91.0
2024-08-15 18:00:00,1.5,4.9,0.041,0.19,90.0
2024-08-15 19:00:00,0.3,9.1,0.034,0.01,86.0
2024-08-15 20:00:00,0.2,5.7,0.035,0.0,80.0
2024-08-15 21:00:00,0.4,4.7,0.035,0.0,79.0
2024-08-15 22:00:00,0.1,3.6,0.034,0.0,76.0
2024-08-15 23:00:00,0.1,3.7,0.034,0.0,74.0
2024-08-16 00:00:00,0.2,2.8,0.035,0.0,73.0
2024-08-16 01:00:00,0.5,4.5,0.034,0.0,72.0
2024-08-16 02:00:00,0.1,3.7,0.033,0.0,70.0
2024-08-16 03:00:00,0.2,4.9,0.029,0.0,68.0
2024-08-16 04:00:00,,,0.026,0.0,65.0
2024-08-16 05:00:00,1.0,8.2,0.027,0.01,65.0
2024-08-16 06:00:00,2.4,6.8,0.029,0.16,67.0
2024-08-16 07:00:00,5.0,8.5,0.029,0.45,
2024-08-16 08:00:00,3.6,7.1,0.035,0.72,76.0
2024-08-16 09:00:00,3.4,7.1,0.04,0.97,81.0
2024-08-16 10:00:00,1.9,4.8,0.048,1.14,85.0
2024-08-16 11:00:00,0.6,2.9,0.055,1.25,89.0
2024-08-16 12:00:00,0.7,2.0,0.052,1.28,91.0
2024-08-16 13:00:00,0.6,1.8,0.05,1.24,92.0
2024-08-16 14:00:00,0.8,1.1,0.05,1.11,93.0
2024-08-16 15:00:00,0.6,1.4,0.05,0.93,94.0
2024-08-16 16:00:00,0.4,1.3,0.049,0.7,95.0
2024-08-16 17:00:00,0.5,1.8,0.051,0.42,95.0
2024-08-16 18:00:00,0.5,4.6,0.048,0.17,93.0
2024-08-16 19:00:00,0.9,8.3,0.039,0.01,86.0
2024-08-16 20:00:00,0.2,4.7,0.041,0.0,83.0
2024-08-16 21:00:00,0.1,5.3,0.039,0.0,82.0
2024-08-16 22:00:00,0.1,3.1,0.039,0.0,78.0
2024-08-16 23:00:00,1.0,6.5,0.032,0.0,75.0
2024-08-17 00:00:00,0.1,3.1,0.035,0.0,73.0
2024-08-17 01:00:00,0.9,5.8,0.031,0.0,72.0
2024-08-17 02:00:00,0.1,2.7,0.032,0.0,69.0
2024-08-17 03:00:00,1.0,9.2,0.026,0.0,69.0
2024-08-17 04:00:00,1.6,8.2,,0.0,67.0
2024-08-17 05:00:00,2.5,11.9,0.025,0.01,67.0
2024-08-17 06:00:00,1.0,6.3,0.03,0.12,69.0
2024-08-17 07:00:00,1.5,5.5,0.033,0.21,71.0
2024-08-17 08:00:00,1.3,4.2,0.036,0.53,74.0
2024-08-17 09:00:00,1.3,4.1,0.04,0.85,80.0
2024-08-17 10:00:00,1.5,5.2,0.042,0.57,86.0
2024-08-17 11:00:00,0.2,2.4,0.039,0.12,73.0
2024-08-17 12:00:00,0.7,2.8,0.039,0.6,73.0
2024-08-17 13:00:00,0.3,2.3,0.039,0.08,69.0
2024-08-17 14:00:00,0.9,4.5,0.036,0.4,67.0
2024-08-17 15:00:00,0.7,2.7,0.042,0.49,74.0
2024-08-17 16:00:00,0.3,1.6,0.043,0.68,76.0
2024-08-17 17:00:00,0.4,2.4,0.042,0.29,78.0
2024-08-17 18:00:00,0.2,2.6,0.042,0.07,76.0
2024-08-17 19:00:00,0.2,2.5,0.042,0.0,76.0
2024-08-17 20:00:00,0.1,3.5,0.04,0.0,75.0
2024-08-17 21:00:00,0.2,3.0,0.039,0.0,74.0
2024-08-17 22:00:00,0.1,2.0,0.051,0.0,76.0
2024-08-17 23:00:00,0.1,2.4,0.046,0.0,74.0
2024-08-18 00:00:00,0.1,2.2,0.046,0.0,72.0
2024-08-18 01:00:00,0.2,1.5,0.047,0.0,67.0
2024-08-18 02:00:00,0.5,2.5,0.044,0.0,68.0
2024-08-18 03:00:00,0.2,2.6,0.041,0.0,68.0
2024-08-18 04:00:00,,,0.04,0.0,69.0
2024-08-18 05:00:00,0.1,2.3,0.04,0.0,69.0
2024-08-18 06:00:00,0.3,2.2,0.038,0.14,70.0
2024-08-18 07:00:00,0.7,2.7,0.039,0.42,73.0
2024-08-18 08:00:00,0.8,2.5,0.04,0.69,75.0
2024-08-18 09:00:00,0.8,2.4,0.043,0.92,79.0
2024-08-18 10:00:00,0.7,2.8,0.049,1.1,80.0
2024-08-18 11:00:00,0.4,1.8,0.053,1.18,83.0
2024-08-18 12:00:00,0.3,1.9,0.056,1.17,86.0
2024-08-18 13:00:00,0.5,3.2,0.049,0.39,82.0
2024-08-18 14:00:00,0.4,2.5,0.044,0.14,76.0
2024-08-18 15:00:00,0.3,2.5,0.049,0.06,76.0
2024-08-18 16:00:00,0.2,2.1,0.054,0.11,75.0
2024-08-18 17:00:00,0.2,2.3,0.05,0.07,73.0
2024-08-18 18:00:00,0.1,1.9,0.048,0.05,73.0
2024-08-18 19:00:00,0.1,2.7,0.041,0.0,70.0
2024-08-18 20:00:00,0.3,5.4,0.036,0.0,68.0
2024-08-18 21:00:00,0.1,2.4,0.041,0.0,71.0
2024-08-18 22:00:00,0.2,2.1,0.041,0.0,71.0
2024-08-18 23:00:00,0.1,2.2,0.04,0.0,70.0
2024-08-19 00:00:00,0.1,2.1,0.04,0.0,70.0
2024-08-19 01:00:00,0.2,1.8,0.036,0.0,69.0
2024-08-19 02:00:00,0.2,2.3,0.033,0.0,67.0
2024-08-19 03:00:00,0.1,2.1,0.033,0.0,67.0
2024-08-19 04:00:00,0.3,3.4,0.03,0.0,67.0
2024-08-19 05:00:00,0.9,5.2,0.026,0.0,66.0
2024-08-19 06:00:00,3.1,7.2,0.022,0.13,66.0
2024-08-19 07:00:00,5.1,6.7,0.026,0.41,71.0
2024-08-19 08:00:00,4.2,7.1,0.027,0.68,74.0
2024-08-19 09:00:00,5.3,9.3,0.032,0.92,77.0
2024-08-19 10:00:00,4.2,6.5,0.039,1.1,81.0
2024-08-19 11:00:00,0.9,2.8,0.048,1.21,87.0
2024-08-19 12:00:00,1.0,3.2,0.052,1.32,89.0
2024-08-19 13:00:00,1.3,2.9,0.046,0.94,87.0
2024-08-19 14:00:00,0.7,2.5,0.05,1.05,90.0
2024-08-19 15:00:00,0.4,1.4,0.05,0.87,92.0
2024-08-19 16:00:00,0.4,2.5,0.051,0.65,93.0
2024-08-19 17:00:00,0.5,2.0,0.051,0.27,92.0
2024-08-19 18:00:00,0.2,3.4,0.043,0.11,83.0
2024-08-19 19:00:00,0.2,2.4,0.046,0.0,82.0
2024-08-19 20:00:00,0.1,1.9,0.043,0.0,78.0
2024-08-19 21:00:00,0.1,2.2,0.043,0.0,77.0
2024-08-19 22:00:00,0.1,2.4,0.042,0.0,76.0
2024-08-19 23:00:00,0.1,2.2,0.041,0.0,76.0
2024-08-20 00:00:00,0.2,2.6,0.039,0.0,74.0
2024-08-20 01:00:00,0.2,2.7,0.036,0.0,73.0
2024-08-20 02:00:00,0.2,2.5,0.034,0.0,72.0
2024-08-20 03:00:00,0.1,2.4,0.031,0.0,70.0
2024-08-20 04:00:00,0.3,3.2,0.03,0.0,69.0
2024-08-20 05:00:00,0.8,4.7,0.026,0.0,68.0
2024-08-20 06:00:00,4.1,7.2,0.024,0.11,69.0
2024-08-20 07:00:00,5.7,7.3,0.025,0.42,71.0
2024-08-20 08:00:00,2.6,5.1,0.032,0.69,76.0
2024-08-20 09:00:00,3.2,6.1,0.034,0.92,81.0
2024-08-20 10:00:00,3.1,5.5,0.039,1.11,85.0
2024-08-20 11:00:00,1.2,3.1,0.046,1.23,91.0
2024-08-20 12:00:00,0.6,1.8,0.047,1.23,93.0
2024-08-20 13:00:00,0.6,1.3,0.046,1.2,94.0
2024-08-20 14:00:00,0.6,1.4,0.048,1.04,95.0
2024-08-20 15:00:00,0.5,1.7,0.049,0.63,95.0
2024-08-20 16:00:00,0.8,1.5,0.044,0.47,94.0
2024-08-20 17:00:00,0.8,1.8,0.043,0.42,93.0
2024-08-20 18:00:00,0.6,2.7,0.04,0.1,90.0
2024-08-20 19:00:00,0.5,12.9,0.03,0.01,87.0
2024-08-20 20:00:00,0.3,6.4,0.037,0.0,84.0
2024-08-20 21:00:00,0.1,4.5,0.04,0.0,84.0
2024-08-20 22:00:00,0.0,4.0,0.039,0.0,82.0
2024-08-20 23:00:00,0.1,2.7,0.037,0.0,79.0
2024-08-21 00:00:00,0.2,3.1,0.035,0.0,77.0
2024-08-21 01:00:00,0.1,2.3,0.035,0.0,75.0
2024-08-21 02:00:00,0.1,3.3,0.035,0.0,74.0
2024-08-21 03:00:00,0.3,3.7,0.032,0.0,73.0
2024-08-21 04:00:00,0.6,6.5,0.028,0.0,71.0
2024-08-21 05:00:00,0.8,11.0,0.024,0.0,71.0
2024-08-21 06:00:00,4.2,14.6,0.023,0.07,73.0
2024-08-21 07:00:00,5.3,10.0,0.027,0.27,74.0
2024-08-21 08:00:00,3.9,7.9,0.032,0.71,81.0
2024-08-21 09:00:00,2.1,4.9,0.04,0.95,85.0
2024-08-21 10:00:00,1.3,3.1,0.05,1.13,90.0
2024-08-21 11:00:00,1.6,2.6,0.051,1.24,91.0
2024-08-21 12:00:00,0.7,1.4,0.052,1.26,92.0
2024-08-21 13:00:00,0.6,1.1,0.051,1.23,93.0
2024-08-21 14:00:00,0.4,0.8,0.053,1.1,94.0
2024-08-21 15:00:00,0.5,1.1,0.053,0.91,94.0
2024-08-21 16:00:00,1.2,1.8,0.051,0.67,93.0
2024-08-21 17:00:00,0.4,2.6,0.057,0.4,87.0
2024-08-21 18:00:00,0.4,3.5,0.053,0.14,83.0
2024-08-21 19:00:00,0.0,5.6,0.047,0.01,80.0
2024-08-21 20:00:00,0.1,9.3,0.038,0.0,76.0
2024-08-21 21:00:00,0.1,9.0,0.037,0.0,74.0
2024-08-21 22:00:00,0.2,4.1,0.041,0.0,73.0
2024-08-21 23:00:00,0.8,5.2,0.04,0.0,73.0
2024-08-22 00:00:00,0.1,5.1,0.038,0.0,74.0
2024-08-22 01:00:00,0.5,6.2,0.037,0.0,74.0
2024-08-22 02:00:00,0.1,2.7,0.037,0.0,73.0
2024-08-22 03:00:00,0.1,3.0,0.037,0.0,72.0
2024-08-22 04:00:00,0.4,4.4,0.035,0.0,72.0
2024-08-22 05:00:00,0.6,5.4,0.034,0.0,71.0
2024-08-22 06:00:00,1.2,6.2,0.034,0.11,71.0
2024-08-22 07:00:00,4.5,7.8,0.031,0.4,74.0
2024-08-22 08:00:00,2.6,5.4,0.035,0.57,76.0
2024-08-22 09:00:00,3.1,7.1,0.036,0.53,77.0
2024-08-22 10:00:00,2.1,4.6,0.039,0.87,81.0
2024-08-22 11:00:00,2.2,6.2,0.042,0.83,79.0
2024-08-22 12:00:00,1.7,3.8,0.044,1.25,82.0
2024-08-22 13:00:00,1.6,3.1,0.042,1.16,82.0
2024-08-22 14:00:00,1.8,3.9,0.042,0.77,84.0
2024-08-22 15:00:00,1.6,4.6,0.045,0.6,86.0
2024-08-22 16:00:00,0.9,3.0,0.046,0.61,85.0
2024-08-22 17:00:00,0.7,2.7,0.046,0.44,85.0
2024-08-22 18:00:00,0.4,2.9,0.044,0.12,82.0
2024-08-22 19:00:00,0.3,2.4,0.044,0.0,80.0
2024-08-22 20:00:00,0.1,2.4,0.044,0.0,78.0
2024-08-22 21:00:00,0.2,2.3,0.044,0.0,78.0
2024-08-22 22:00:00,0.1,1.9,0.044,0.0,77.0
2024-08-22 23:00:00,0.1,2.5,0.042,0.0,75.0
2024-08-23 00:00:00,0.1,2.1,0.041,0.0,74.0
2024-08-23 01:00:00,0.1,1.7,0.04,0.0,73.0
2024-08-23 02:00:00,0.1,1.4,0.038,0.0,72.0
2024-08-23 03:00:00,0.2,2.2,0.036,0.0,71.0
2024-08-23 04:00:00,,,0.035,0.0,70.0
2024-08-23 05:00:00,0.3,3.3,0.034,0.0,70.0
2024-08-23 06:00:00,2.5,4.7,0.03,0.07,69.0
2024-08-23 07:00:00,4.8,7.2,0.029,0.12,70.0
2024-08-23 08:00:00,1.5,4.3,0.033,0.32,73.0
2024-08-23 09:00:00,1.9,4.4,0.036,0.52,76.0
2024-08-23 10:00:00,1.8,2.9,0.04,1.13,79.0
2024-08-23 11:00:00,1.7,3.0,0.042,1.03,82.0
2024-08-23 12:00:00,1.1,3.0,0.043,0.78,83.0
2024-08-23 13:00:00,1.3,2.9,0.04,0.42,85.0
2024-08-23 14:00:00,1.4,2.6,0.04,0.37,85.0
2024-08-23 15:00:00,0.7,2.2,0.041,0.49,86.0
2024-08-23 16:00:00,1.5,2.4,0.043,0.51,86.0
2024-08-23 17:00:00,0.9,2.1,0.044,0.34,86.0
2024-08-23 18:00:00,0.4,3.4,0.04,0.15,84.0
2024-08-23 19:00:00,0.2,3.5,0.037,0.0,79.0
2024-08-23 20:00:00,0.1,3.0,0.036,0.0,77.0
2024-08-23 21:00:00,0.1,3.2,0.035,0.0,76.0
2024-08-23 22:00:00,0.2,3.4,0.033,0.0,75.0
2024-08-23 23:00:00,0.2,3.0,0.032,0.0,73.0
2024-08-24 00:00:00,0.1,1.5,0.033,0.0,72.0
2024-08-24 01:00:00,0.1,1.5,0.034,0.0,71.0
2024-08-24 02:00:00,0.1,2.3,0.033,0.0,71.0
2024-08-24 03:00:00,0.4,2.8,0.032,0.0,71.0
2024-08-24 04:00:00,0.2,3.0,,0.0,70.0
2024-08-24 05:00:00,0.5,2.8,0.033,0.0,70.0
2024-08-24 06:00:00,0.6,2.9,0.032,0.15,71.0
2024-08-24 07:00:00,1.4,3.8,0.033,0.41,73.0
2024-08-24 08:00:00,1.1,2.8,0.038,0.69,77.0
2024-08-24 09:00:00,0.8,1.9,0.046,0.94,80.0
2024-08-24 10:00:00,0.3,0.9,0.05,1.11,83.0
2024-08-24 11:00:00,0.3,0.7,0.052,1.21,84.0
2024-08-24 12:00:00,0.4,0.8,0.053,1.26,86.0
2024-08-24 13:00:00,0.2,0.7,0.058,1.21,87.0
2024-08-24 14:00:00,0.2,0.7,0.058,1.09,87.0
2024-08-24 15:00:00,0.2,1.0,0.058,0.85,87.0
2024-08-24 16:00:00,0.2,0.7,0.058,0.65,86.0
2024-08-24 17:00:00,0.2,0.7,0.058,0.35,84.0
2024-08-24 18:00:00,0.2,1.1,0.056,0.05,78.0
2024-08-24 19:00:00,0.1,1.5,0.052,0.0,74.0
2024-08-24 20:00:00,0.1,1.6,0.045,0.0,70.0
2024-08-24 21:00:00,0.1,3.2,0.042,0.0,68.0
2024-08-24 22:00:00,0.1,3.4,0.038,0.0,65.0
2024-08-24 23:00:00,0.1,5.0,0.035,0.0,65.0
2024-08-25 00:00:00,0.1,4.9,0.036,0.0,66.0
2024-08-25 01:00:00,0.2,3.4,0.04,0.0,67.0
2024-08-25 02:00:00,0.1,2.2,0.042,0.0,67.0
2024-08-25 03:00:00,0.1,1.6,0.043,0.0,67.0
2024-08-25 04:00:00,,,0.039,0.0,66.0
2024-08-25 05:00:00,0.1,3.1,0.037,0.0,65.0
2024-08-25 06:00:00,0.2,2.0,0.039,0.07,65.0
2024-08-25 07:00:00,0.4,2.2,0.038,0.28,69.0
2024-08-25 08:00:00,0.6,2.4,0.032,0.33,69.0
2024-08-25 09:00:00,0.4,2.1,0.033,0.33,69.0
2024-08-25 10:00:00,1.6,5.1,0.033,0.62,72.0
2024-08-25 11:00:00,0.6,1.7,0.044,1.15,78.0
2024-08-25 12:00:00,0.2,0.7,0.045,1.01,79.0
2024-08-25 13:00:00,0.4,1.0,0.05,0.94,81.0
2024-08-25 14:00:00,0.1,0.5,0.052,1.04,82.0
2024-08-25 15:00:00,0.3,1.1,0.052,0.84,84.0
2024-08-25 16:00:00,0.2,0.5,0.051,0.63,82.0
2024-08-25 17:00:00,0.1,1.2,0.051,0.27,78.0
2024-08-25 18:00:00,0.0,1.5,0.049,0.09,73.0
2024-08-25 19:00:00,0.0,1.5,0.049,0.0,68.0
2024-08-25 20:00:00,0.0,1.5,0.048,0.0,67.0
2024-08-25 21:00:00,0.1,1.9,0.045,0.0,65.0
2024-08-25 22:00:00,0.0,1.6,0.046,0.0,65.0
2024-08-25 23:00:00,0.1,2.5,0.047,0.0,63.0
2024-08-26 00:00:00,0.1,1.5,0.049,0.0,62.0
2024-08-26 01:00:00,0.3,6.2,0.032,0.0,59.0
2024-08-26 02:00:00,0.2,2.8,0.033,0.0,57.0
2024-08-26 03:00:00,0.4,3.6,0.032,0.0,56.0
2024-08-26 04:00:00,0.4,7.5,0.028,0.0,55.0
2024-08-26 05:00:00,1.0,8.0,0.027,0.0,55.0
2024-08-26 06:00:00,2.2,8.7,0.025,0.13,55.0
2024-08-26 07:00:00,3.5,6.8,0.025,0.39,58.0
2024-08-26 08:00:00,6.7,8.8,0.03,0.67,63.0
2024-08-26 09:00:00,1.9,4.5,0.043,0.91,68.0
2024-08-26 10:00:00,1.0,2.8,0.05,1.09,71.0
2024-08-26 11:00:00,0.4,1.5,0.053,1.21,73.0
2024-08-26 12:00:00,0.3,1.2,0.059,1.24,74.0
2024-08-26 13:00:00,0.2,1.0,0.061,1.19,76.0
2024-08-26 14:00:00,0.2,1.0,0.061,1.05,77.0
2024-08-26 15:00:00,0.3,1.5,0.062,0.86,78.0
2024-08-26 16:00:00,0.4,1.4,0.064,0.62,79.0
2024-08-26 17:00:00,0.2,1.4,0.066,0.35,78.0
2024-08-26 18:00:00,0.8,5.6,0.059,0.11,75.0
2024-08-26 19:00:00,0.6,7.2,0.054,0.0,71.0
2024-08-26 20:00:00,0.4,7.7,0.044,0.0,68.0
2024-08-26 21:00:00,0.1,4.4,0.044,0.0,65.0
2024-08-26 22:00:00,0.1,4.4,0.043,0.0,63.0
2024-08-26 23:00:00,0.1,3.5,0.043,0.0,62.0
2024-08-27 00:00:00,0.1,2.4,0.043,0.0,61.0
2024-08-27 01:00:00,0.1,2.1,0.044,0.0,60.0
2024-08-27 02:00:00,0.1,2.5,0.042,0.0,59.0
2024-08-27 03:00:00,0.1,2.2,0.042,0.0,58.0
2024-08-27 04:00:00,0.3,3.3,0.041,0.0,57.0
2024-08-27 05:00:00,0.6,5.4,0.037,0.0,56.0
2024-08-27 06:00:00,3.8,8.0,0.036,0.13,58.0
2024-08-27 07:00:00,6.9,10.5,0.036,0.4,61.0
2024-08-27 08:00:00,1.7,4.5,0.044,0.68,65.0
2024-08-27 09:00:00,2.3,4.9,0.047,0.92,70.0
2024-08-27 10:00:00,1.4,4.3,0.051,1.1,74.0
2024-08-27 11:00:00,1.0,4.2,0.056,1.21,78.0
2024-08-27 12:00:00,1.0,4.6,0.062,1.24,81.0
2024-08-27 13:00:00,0.5,3.0,0.063,1.19,84.0
2024-08-27 14:00:00,0.2,1.1,0.059,1.06,88.0
2024-08-27 15:00:00,0.5,1.6,0.058,0.87,90.0
2024-08-27 16:00:00,0.4,1.1,0.058,0.63,90.0
2024-08-27 17:00:00,0.1,0.8,0.058,0.36,87.0
2024-08-27 18:00:00,0.2,2.5,0.054,0.11,86.0
2024-08-27 19:00:00,0.5,9.8,0.037,0.0,81.0
2024-08-27 20:00:00,0.6,5.7,0.039,0.0,74.0
2024-08-27 21:00:00,0.2,4.3,0.041,0.0,72.0
2024-08-27 22:00:00,0.1,2.9,0.042,0.0,72.0
2024-08-27 23:00:00,0.1,4.5,0.041,0.0,71.0
2024-08-28 00:00:00,0.1,3.8,0.038,0.0,69.0
2024-08-28 01:00:00,0.1,2.4,0.04,0.0,68.0
2024-08-28 02:00:00,0.2,4.2,0.036,0.0,66.0
2024-08-28 03:00:00,0.3,2.8,0.037,0.0,65.0
2024-08-28 04:00:00,0.3,4.3,0.035,0.0,64.0
2024-08-28 05:00:00,0.8,7.4,0.032,0.0,62.0
2024-08-28 06:00:00,4.7,10.4,0.031,0.15,64.0
2024-08-28 07:00:00,3.8,8.5,0.032,0.37,67.0
2024-08-28 08:00:00,3.3,7.1,0.035,0.68,72.0
2024-08-28 09:00:00,4.1,7.7,0.039,0.91,77.0
2024-08-28 10:00:00,2.4,5.7,0.048,1.09,82.0
2024-08-28 11:00:00,1.0,1.8,0.053,1.21,86.0
2024-08-28 12:00:00,0.4,1.2,0.055,1.24,90.0
2024-08-28 13:00:00,0.3,1.2,0.057,1.18,91.0
2024-08-28 14:00:00,0.2,0.7,0.056,1.05,91.0
2024-08-28 15:00:00,0.5,1.6,0.058,0.85,89.0
2024-08-28 16:00:00,0.2,1.8,0.065,0.6,88.0
2024-08-28 17:00:00,0.6,4.9,0.058,0.34,87.0
2024-08-28 18:00:00,0.7,8.0,0.054,0.1,81.0
2024-08-28 19:00:00,0.2,5.5,0.049,0.0,77.0
2024-08-28 20:00:00,0.2,8.9,0.039,0.0,74.0
2024-08-28 21:00:00,0.1,8.1,0.035,0.0,70.0
2024-08-28 22:00:00,0.4,12.3,0.029,0.0,68.0
2024-08-28 23:00:00,0.1,4.1,0.042,0.0,65.0
2024-08-29 00:00:00,0.1,3.7,0.048,0.0,66.0
2024-08-29 01:00:00,0.1,3.8,0.052,0.0,66.0
2024-08-29 02:00:00,0.1,3.4,0.048,0.0,65.0
2024-08-29 03:00:00,0.3,4.8,0.034,0.0,60.0
2024-08-29 04:00:00,0.6,7.8,0.031,0.0,59.0
2024-08-29 05:00:00,1.9,20.2,0.02,0.0,58.0
2024-08-29 06:00:00,9.2,23.3,0.015,0.11,58.0
2024-08-29 07:00:00,5.9,11.8,0.024,0.38,62.0
2024-08-29 08:00:00,4.0,8.4,0.037,0.66,69.0
2024-08-29 09:00:00,1.6,3.9,0.047,0.91,71.0
2024-08-29 10:00:00,1.4,3.8,0.05,1.09,72.0
2024-08-29 11:00:00,0.9,3.0,0.055,1.2,76.0
2024-08-29 12:00:00,0.6,3.0,0.061,1.23,77.0
2024-08-29 13:00:00,0.6,2.6,0.065,1.18,80.0
2024-08-29 14:00:00,0.7,4.0,0.068,1.05,80.0
2024-08-29 15:00:00,0.6,3.7,0.067,0.85,81.0
2024-08-29 16:00:00,0.5,3.1,0.065,0.61,79.0
2024-08-29 17:00:00,0.4,3.1,0.062,0.34,77.0
2024-08-29 18:00:00,0.1,3.8,0.059,0.1,74.0
2024-08-29 19:00:00,0.1,4.6,0.055,0.0,71.0
2024-08-29 20:00:00,0.2,8.6,0.046,0.0,70.0
2024-08-29 21:00:00,0.1,9.1,0.043,0.0,66.0
2024-08-29 22:00:00,1.1,8.2,0.044,0.0,64.0
2024-08-29 23:00:00,0.1,4.2,0.046,0.0,63.0
2024-08-30 00:00:00,0.1,4.1,0.045,0.0,61.0
2024-08-30 01:00:00,0.1,3.5,0.043,0.0,59.0
2024-08-30 02:00:00,0.1,2.9,0.043,0.0,58.0
2024-08-30 03:00:00,0.2,3.8,0.041,0.0,57.0
2024-08-30 04:00:00,,,0.04,0.0,56.0
2024-08-30 05:00:00,0.6,6.3,0.039,0.0,56.0
2024-08-30 06:00:00,2.1,11.4,0.034,0.12,56.0
2024-08-30 07:00:00,3.4,8.8,0.037,0.39,59.0
2024-08-30 08:00:00,2.2,6.1,0.043,0.67,65.0
2024-08-30 09:00:00,1.9,5.1,0.047,0.91,70.0
2024-08-30 10:00:00,1.5,5.2,0.052,1.09,74.0
2024-08-30 11:00:00,1.5,5.4,0.058,1.2,77.0
2024-08-30 12:00:00,0.7,3.6,0.064,1.24,80.0
2024-08-30 13:00:00,0.5,3.0,0.069,1.18,84.0
2024-08-30 14:00:00,0.4,2.1,0.071,1.04,85.0
2024-08-30 15:00:00,0.2,1.1,0.063,0.85,86.0
2024-08-30 16:00:00,0.4,1.1,0.062,0.61,88.0
2024-08-30 17:00:00,0.2,1.2,0.062,0.34,86.0
2024-08-30 18:00:00,0.1,2.2,0.06,0.09,81.0
2024-08-30 19:00:00,0.1,8.8,0.045,0.0,75.0
2024-08-30 20:00:00,0.1,4.9,0.046,0.0,72.0
2024-08-30 21:00:00,0.1,3.6,0.047,0.0,70.0
2024-08-30 22:00:00,0.1,2.9,0.047,0.0,69.0
2024-08-30 23:00:00,0.1,4.8,0.042,0.0,66.0
2024-08-31 00:00:00,0.1,5.0,0.041,0.0,64.0
2024-08-31 01:00:00,0.1,4.7,0.042,0.0,64.0
2024-08-31 02:00:00,0.1,3.3,0.041,0.0,62.0
2024-08-31 03:00:00,0.1,2.9,0.041,0.0,61.0
2024-08-31 04:00:00,0.3,3.3,,0.0,61.0
2024-08-31 05:00:00,0.3,4.9,0.04,0.0,59.0
2024-08-31 06:00:00,0.6,4.2,0.039,0.11,60.0
2024-08-31 07:00:00,1.2,4.6,0.039,0.38,63.0
2024-08-31 08:00:00,1.5,4.4,0.043,0.66,68.0
2024-08-31 09:00:00,1.0,3.6,0.05,0.9,72.0
2024-08-31 10:00:00,0.9,3.6,0.053,1.09,77.0
2024-08-31 11:00:00,1.0,4.7,0.059,1.19,80.0
2024-08-31 12:00:00,0.4,2.8,0.066,1.22,82.0
2024-08-31 13:00:00,0.2,1.4,0.066,1.17,86.0
2024-08-31 14:00:00,0.3,1.6,0.068,1.04,90.0
2024-08-31 15:00:00,0.1,1.1,0.063,0.84,90.0
2024-08-31 16:00:00,0.2,1.6,0.064,0.6,91.0
2024-08-31 17:00:00,0.2,2.5,0.061,0.32,89.0
2024-08-31 18:00:00,0.4,4.6,0.055,0.08,84.0
2024-08-31 19:00:00,0.1,7.9,0.046,0.0,79.0
2024-08-31 20:00:00,0.1,4.9,0.046,0.0,75.0
2024-08-31 21:00:00,0.1,4.8,0.045,0.0,73.0
2024-08-31 22:00:00,0.1,4.3,0.047,0.0,72.0
2024-08-31 23:00:00,0.0,2.4,0.049,0.0,70.0
2024-09-01 00:00:00,0.1,3.6,0.046,0.0,69.0
2024-09-01 01:00:00,0.1,2.4,0.047,0.0,69.0
2024-09-01 02:00:00,0.1,2.2,0.045,0.0,67.0
2024-09-01 03:00:00,0.1,1.9,0.044,0.0,65.0
2024-09-01 04:00:00,,,0.043,0.0,65.0
2024-09-01 05:00:00,0.1,4.8,0.041,0.0,64.0
2024-09-01 06:00:00,0.2,4.1,0.04,0.1,63.0
2024-09-01 07:00:00,0.4,2.5,0.041,0.38,65.0
2024-09-01 08:00:00,2.0,3.9,0.042,0.66,70.0
2024-09-01 09:00:00,0.6,2.7,0.049,0.89,76.0
2024-09-01 10:00:00,0.5,2.5,0.052,1.07,81.0
2024-09-01 11:00:00,0.4,2.5,0.059,1.18,86.0
2024-09-01 12:00:00,0.3,2.6,0.066,1.21,88.0
2024-09-01 13:00:00,0.2,1.3,0.066,1.17,91.0
2024-09-01 14:00:00,0.1,0.7,0.062,1.04,93.0
2024-09-01 15:00:00,0.1,0.7,0.062,0.83,94.0
2024-09-01 16:00:00,0.1,0.7,0.063,0.55,93.0
2024-09-01 17:00:00,0.1,0.7,0.061,0.3,92.0
2024-09-01 18:00:00,0.3,5.4,0.049,0.07,89.0
2024-09-01 19:00:00,0.3,6.9,0.045,0.0,82.0
2024-09-01 20:00:00,0.3,4.0,0.047,0.0,79.0
2024-09-01 21:00:00,0.1,2.9,0.047,0.0,78.0
2024-09-01 22:00:00,0.1,2.0,0.046,0.0,76.0
2024-09-01 23:00:00,0.0,1.5,0.046,0.0,76.0
2024-09-02 00:00:00,0.1,1.9,0.046,0.0,76.0
2024-09-02 01:00:00,0.1,2.6,0.043,0.0,74.0
2024-09-02 02:00:00,0.1,2.1,0.043,0.0,72.0
2024-09-02 03:00:00,0.1,1.8,0.041,0.0,70.0
2024-09-02 04:00:00,0.1,2.3,0.041,0.0,70.0
2024-09-02 05:00:00,0.2,2.7,0.041,0.0,69.0
2024-09-02 06:00:00,2.7,5.2,0.038,0.1,69.0
2024-09-02 07:00:00,0.9,4.0,0.04,0.36,73.0
2024-09-02 08:00:00,0.8,3.0,0.043,0.63,76.0
2024-09-02 09:00:00,0.9,3.2,0.045,0.87,80.0
2024-09-02 10:00:00,0.7,2.6,0.049,1.08,86.0
2024-09-02 11:00:00,0.4,1.9,0.052,0.68,89.0
2024-09-02 12:00:00,0.4,2.6,0.054,0.94,88.0
2024-09-02 13:00:00,0.2,1.2,0.058,1.17,94.0
2024-09-02 14:00:00,0.2,1.3,0.059,1.03,94.0
2024-09-02 15:00:00,0.2,1.7,0.057,0.66,93.0
2024-09-02 16:00:00,0.3,1.9,0.054,0.27,92.0
2024-09-02 17:00:00,0.5,4.8,0.051,0.08,89.0
2024-09-02 18:00:00,0.1,2.1,0.053,0.05,86.0
2024-09-02 19:00:00,0.1,1.4,0.054,0.0,84.0
2024-09-02 20:00:00,0.1,5.7,0.046,0.0,81.0
2024-09-02 21:00:00,0.2,4.5,0.046,0.0,80.0
2024-09-02 22:00:00,0.1,3.1,0.046,0.0,78.0
2024-09-02 23:00:00,0.2,1.9,0.046,0.0,76.0
2024-09-03 00:00:00,0.1,1.9,0.045,0.0,76.0
2024-09-03 01:00:00,0.1,2.2,0.043,0.0,76.0
2024-09-03 02:00:00,0.2,4.1,0.036,0.0,71.0
2024-09-03 03:00:00,0.3,5.2,0.032,0.0,70.0
2024-09-03 04:00:00,0.6,5.6,0.034,0.0,69.0
2024-09-03 05:00:00,0.6,7.5,0.034,0.0,71.0
2024-09-03 06:00:00,1.7,7.8,0.036,0.05,72.0
2024-09-03 07:00:00,4.4,9.3,0.036,0.31,74.0
2024-09-03 08:00:00,2.4,6.2,0.039,0.64,76.0
2024-09-03 09:00:00,1.5,5.1,0.041,0.45,79.0
2024-09-03 10:00:00,2.2,10.6,0.038,0.32,78.0
2024-09-03 11:00:00,2.2,6.8,0.046,0.9,82.0
2024-09-03 12:00:00,0.5,2.2,0.055,1.21,88.0
2024-09-03 13:00:00,0.4,2.1,0.057,1.11,90.0
2024-09-03 14:00:00,0.6,2.3,0.055,0.41,90.0
2024-09-03 15:00:00,1.5,4.5,0.048,0.21,85.0
2024-09-03 16:00:00,0.6,2.8,0.049,0.36,80.0
2024-09-03 17:00:00,0.6,3.4,0.046,0.26,80.0
2024-09-03 18:00:00,0.3,3.2,0.043,0.02,77.0
2024-09-03 19:00:00,0.0,2.7,0.045,0.0,75.0
2024-09-03 20:00:00,0.9,7.6,0.037,0.0,72.0
2024-09-03 21:00:00,0.1,2.7,0.041,0.0,67.0
2024-09-03 22:00:00,0.2,2.1,0.042,0.0,67.0
2024-09-03 23:00:00,0.1,2.3,0.044,0.0,68.0
2024-09-04 00:00:00,0.1,1.8,0.043,0.0,68.0
2024-09-04 01:00:00,0.2,3.3,0.035,0.0,66.0
2024-09-04 02:00:00,0.3,4.4,0.033,0.0,65.0
2024-09-04 03:00:00,0.3,4.7,0.027,0.0,63.0
2024-09-04 04:00:00,0.7,5.3,0.032,0.0,64.0
2024-09-04 05:00:00,1.2,11.2,0.024,0.0,64.0
2024-09-04 06:00:00,6.0,15.3,0.021,0.08,64.0
2024-09-04 07:00:00,4.9,8.0,0.022,0.31,65.0
2024-09-04 08:00:00,3.7,6.3,0.027,0.61,69.0
2024-09-04 09:00:00,2.0,4.5,0.035,0.85,73.0
2024-09-04 10:00:00,1.9,4.9,0.04,1.03,76.0
2024-09-04 11:00:00,0.5,2.2,0.049,1.14,77.0
2024-09-04 12:00:00,0.2,1.2,0.053,1.17,78.0
2024-09-04 13:00:00,0.4,2.8,0.067,1.1,80.0
2024-09-04 14:00:00,0.2,2.6,0.071,0.95,81.0
2024-09-04 15:00:00,0.2,2.7,0.075,0.74,80.0
2024-09-04 16:00:00,0.2,2.9,0.067,0.47,79.0
2024-09-04 17:00:00,0.1,3.1,0.059,0.24,78.0
2024-09-04 18:00:00,0.1,3.1,0.055,0.05,75.0
2024-09-04 19:00:00,0.2,4.2,0.05,0.0,72.0
2024-09-04 20:00:00,0.1,5.7,0.045,0.0,69.0
2024-09-04 21:00:00,0.2,11.3,0.039,0.0,68.0
2024-09-04 22:00:00,0.1,6.1,0.041,0.0,65.0
2024-09-04 23:00:00,0.1,8.4,0.039,0.0,63.0
2024-09-05 00:00:00,0.1,6.1,0.038,0.0,62.0
2024-09-05 01:00:00,0.2,5.4,0.037,0.0,60.0
2024-09-05 02:00:00,0.1,6.3,0.038,0.0,61.0
2024-09-05 03:00:00,0.2,5.5,0.038,0.0,60.0
2024-09-05 04:00:00,0.6,7.3,0.036,0.0,59.0
2024-09-05 05:00:00,0.9,7.4,0.036,0.0,59.0
2024-09-05 06:00:00,5.0,15.1,0.031,0.08,59.0
2024-09-05 07:00:00,4.0,10.6,0.034,0.33,63.0
2024-09-05 08:00:00,2.0,6.3,0.039,0.6,69.0
2024-09-05 09:00:00,4.9,11.8,0.037,0.84,72.0
2024-09-05 10:00:00,2.5,7.5,0.046,1.03,73.0
2024-09-05 11:00:00,0.6,3.2,0.058,1.14,75.0
2024-09-05 12:00:00,0.4,3.2,0.064,1.17,79.0
2024-09-05 13:00:00,0.2,1.8,0.063,1.12,80.0
2024-09-05 14:00:00,0.1,1.2,0.06,0.98,82.0
2024-09-05 15:00:00,0.2,1.6,0.06,0.79,83.0
2024-09-05 16:00:00,1.0,2.4,0.059,0.54,83.0
2024-09-05 17:00:00,0.5,2.5,0.058,0.28,82.0
2024-09-05 18:00:00,0.8,6.5,0.05,0.06,79.0
2024-09-05 19:00:00,0.3,10.6,0.04,0.0,75.0
2024-09-05 20:00:00,0.1,5.3,0.047,0.0,72.0
2024-09-05 21:00:00,0.1,4.6,0.048,0.0,71.0
2024-09-05 22:00:00,0.0,4.7,0.045,0.0,71.0
2024-09-05 23:00:00,0.1,2.2,0.045,0.0,70.0
2024-09-06 00:00:00,0.1,2.4,0.044,0.0,69.0
2024-09-06 01:00:00,0.1,2.7,0.043,0.0,69.0
2024-09-06 02:00:00,0.1,5.1,0.041,0.0,69.0
2024-09-06 03:00:00,0.1,4.3,0.042,0.0,68.0
2024-09-06 04:00:00,,,0.038,0.0,66.0
2024-09-06 05:00:00,0.6,7.9,0.036,0.0,65.0
2024-09-06 06:00:00,1.3,8.5,0.035,0.08,65.0
2024-09-06 07:00:00,5.9,10.8,0.033,0.35,68.0
2024-09-06 08:00:00,3.3,6.8,0.037,0.63,71.0
2024-09-06 09:00:00,2.1,5.5,0.045,0.87,76.0
2024-09-06 10:00:00,1.8,5.7,0.049,1.05,79.0
2024-09-06 11:00:00,2.2,6.1,0.053,1.15,83.0
2024-09-06 12:00:00,0.6,3.3,0.06,1.18,85.0
2024-09-06 13:00:00,0.2,1.1,0.059,1.12,86.0
2024-09-06 14:00:00,0.1,1.1,0.059,0.98,88.0
2024-09-06 15:00:00,0.2,1.2,0.06,0.78,88.0
2024-09-06 16:00:00,0.1,0.8,0.062,0.55,89.0
2024-09-06 17:00:00,0.6,2.6,0.056,0.28,88.0
2024-09-06 18:00:00,0.3,3.6,0.049,0.06,82.0
2024-09-06 19:00:00,0.2,10.3,0.041,0.0,78.0
2024-09-06 20:00:00,0.1,4.5,0.046,0.0,74.0
2024-09-06 21:00:00,0.1,3.5,0.047,0.0,73.0
2024-09-06 22:00:00,0.3,4.6,0.046,0.0,71.0
2024-09-06 23:00:00,0.3,3.7,0.047,0.0,69.0
2024-09-07 00:00:00,0.1,3.2,0.045,0.0,69.0
2024-09-07 01:00:00,0.0,3.7,0.042,0.0,67.0
2024-09-07 02:00:00,0.1,2.3,0.041,0.0,65.0
2024-09-07 03:00:00,0.2,3.6,0.04,0.0,65.0
2024-09-07 04:00:00,0.2,3.7,,0.0,64.0
2024-09-07 05:00:00,0.6,5.5,0.037,0.0,63.0
2024-09-07 06:00:00,0.7,5.1,0.037,0.08,63.0
2024-09-07 07:00:00,1.3,5.4,0.037,0.34,65.0
2024-09-07 08:00:00,1.7,4.7,0.04,0.61,70.0
2024-09-07 09:00:00,1.5,4.4,0.044,0.85,75.0
2024-09-07 10:00:00,0.9,3.8,0.051,1.03,80.0
2024-09-07 11:00:00,0.9,4.5,0.06,1.14,84.0
2024-09-07 12:00:00,0.6,4.1,0.066,1.17,90.0
2024-09-07 13:00:00,0.2,2.0,0.066,1.1,89.0
2024-09-07 14:00:00,0.2,0.9,0.058,0.96,92.0
2024-09-07 15:00:00,0.1,0.7,0.057,0.77,93.0
2024-09-07 16:00:00,0.1,1.0,0.065,0.53,92.0
2024-09-07 17:00:00,0.1,1.1,0.063,0.21,90.0
2024-09-07 18:00:00,0.1,3.3,0.05,0.02,83.0
2024-09-07 19:00:00,0.2,12.3,0.039,0.0,81.0
2024-09-07 20:00:00,0.1,5.4,0.045,0.0,77.0
2024-09-07 21:00:00,0.1,3.2,0.046,0.0,75.0
2024-09-07 22:00:00,0.1,2.5,0.044,0.0,73.0
2024-09-07 23:00:00,0.1,2.6,0.045,0.0,72.0
2024-09-08 00:00:00,0.1,1.9,0.045,0.0,71.0
2024-09-08 01:00:00,0.0,2.5,0.042,0.0,70.0
2024-09-08 02:00:00,0.0,2.6,0.042,0.0,69.0
2024-09-08 03:00:00,0.1,3.4,0.041,0.0,68.0
2024-09-08 04:00:00,,,0.038,0.0,65.0
2024-09-08 05:00:00,0.2,5.4,0.036,0.0,65.0
2024-09-08 06:00:00,0.2,5.0,0.037,0.04,65.0
2024-09-08 07:00:00,0.5,5.5,0.035,0.15,67.0
2024-09-08 08:00:00,1.0,5.2,0.038,0.31,70.0
2024-09-08 09:00:00,1.3,4.4,0.04,0.71,75.0
2024-09-08 10:00:00,1.4,5.2,0.046,1.02,82.0
2024-09-08 11:00:00,0.8,3.1,0.053,1.19,88.0
2024-09-08 12:00:00,0.3,2.1,0.056,1.15,88.0
2024-09-08 13:00:00,0.2,1.5,0.058,1.09,89.0
2024-09-08 14:00:00,0.2,1.0,0.056,0.83,92.0
2024-09-08 15:00:00,0.1,0.8,0.055,0.57,89.0
2024-09-08 16:00:00,0.3,2.3,0.054,0.42,89.0
2024-09-08 17:00:00,0.4,4.2,0.05,0.13,88.0
2024-09-08 18:00:00,0.1,3.2,0.043,0.02,83.0
2024-09-08 19:00:00,0.1,2.3,0.044,0.0,80.0
2024-09-08 20:00:00,0.1,7.2,0.038,0.0,78.0
2024-09-08 21:00:00,0.4,13.4,0.033,0.0,78.0
2024-09-08 22:00:00,0.2,5.8,0.039,0.0,76.0
2024-09-08 23:00:00,0.1,3.8,0.04,0.0,76.0
2024-09-09 00:00:00,0.0,3.4,0.039,0.0,75.0
2024-09-09 01:00:00,0.1,4.5,0.038,0.0,74.0
2024-09-09 02:00:00,0.1,4.4,0.037,0.0,73.0
2024-09-09 03:00:00,0.1,3.8,0.037,0.0,71.0
2024-09-09 04:00:00,0.2,2.9,0.036,0.0,70.0
2024-09-09 05:00:00,0.7,6.2,0.034,0.0,68.0
2024-09-09 06:00:00,3.0,9.0,0.032,0.06,68.0
2024-09-09 07:00:00,6.9,11.0,0.03,0.34,71.0
2024-09-09 08:00:00,3.0,6.2,0.037,0.6,74.0
2024-09-09 09:00:00,3.5,6.4,0.041,0.84,79.0
2024-09-09 10:00:00,1.7,4.4,0.047,1.01,84.0
2024-09-09 11:00:00,0.8,2.8,0.054,1.17,89.0
2024-09-09 12:00:00,0.4,1.8,0.054,0.9,91.0
2024-09-09 13:00:00,0.5,1.7,0.053,0.71,90.0
2024-09-09 14:00:00,0.5,1.8,0.054,0.85,91.0
2024-09-09 15:00:00,0.2,2.9,0.05,0.12,85.0
2024-09-09 16:00:00,0.9,4.7,0.047,0.45,83.0
2024-09-09 17:00:00,0.4,3.1,0.049,0.22,83.0
2024-09-09 18:00:00,0.5,4.1,0.045,0.01,79.0
2024-09-09 19:00:00,0.2,2.9,0.047,0.0,78.0
2024-09-09 20:00:00,0.0,2.1,0.047,0.0,76.0
2024-09-09 21:00:00,0.1,1.5,0.048,0.0,75.0
2024-09-09 22:00:00,0.1,1.9,0.046,0.0,73.0
2024-09-09 23:00:00,0.0,1.3,0.045,0.0,71.0
2024-09-10 00:00:00,0.1,2.2,0.045,0.0,70.0
2024-09-10 01:00:00,0.1,2.2,0.04,0.0,67.0
2024-09-10 02:00:00,0.1,1.5,0.041,0.0,67.0
2024-09-10 03:00:00,0.1,2.3,0.037,0.0,66.0
2024-09-10 04:00:00,0.3,3.2,0.034,0.0,65.0
2024-09-10 05:00:00,0.8,5.6,0.033,0.0,64.0
2024-09-10 06:00:00,1.5,7.7,0.031,0.03,65.0
2024-09-10 07:00:00,5.5,10.5,0.027,0.21,65.0
2024-09-10 08:00:00,3.7,8.2,0.032,0.38,70.0
2024-09-10 09:00:00,2.1,5.1,0.035,0.67,71.0
2024-09-10 10:00:00,2.3,5.0,0.04,0.68,77.0
2024-09-10 11:00:00,2.5,5.1,0.042,0.97,81.0
2024-09-10 12:00:00,0.8,2.6,0.05,1.1,87.0
2024-09-10 13:00:00,0.8,2.2,0.056,1.02,89.0
2024-09-10 14:00:00,0.5,2.4,0.057,0.9,91.0
2024-09-10 15:00:00,0.6,2.6,0.054,0.67,91.0
2024-09-10 16:00:00,1.0,2.7,0.052,0.53,91.0
2024-09-10 17:00:00,0.5,2.3,0.052,0.22,89.0
2024-09-10 18:00:00,0.2,3.5,0.044,0.03,83.0
2024-09-10 19:00:00,0.2,4.5,0.048,0.0,82.0
2024-09-10 20:00:00,0.1,2.6,0.049,0.0,81.0
2024-09-10 21:00:00,0.1,2.6,0.048,0.0,79.0
2024-09-10 22:00:00,0.1,1.2,0.051,0.0,78.0
2024-09-10 23:00:00,0.1,2.2,0.046,0.0,77.0
2024-09-11 00:00:00,0.1,1.9,0.049,0.0,77.0
2024-09-11 01:00:00,0.1,1.8,0.047,0.0,76.0
2024-09-11 02:00:00,0.1,1.7,0.044,0.0,74.0
2024-09-11 03:00:00,0.1,1.5,0.044,0.0,73.0
2024-09-11 04:00:00,0.2,2.4,0.04,0.0,71.0
2024-09-11 05:00:00,0.6,4.4,0.037,0.0,70.0
2024-09-11 06:00:00,2.4,7.1,0.034,0.05,69.0
2024-09-11 07:00:00,2.6,7.4,0.032,0.32,70.0
2024-09-11 08:00:00,3.2,10.7,0.034,0.53,74.0
2024-09-11 09:00:00,1.7,6.6,0.04,0.71,77.0
2024-09-11 10:00:00,1.3,4.8,0.046,0.62,81.0
2024-09-11 11:00:00,0.6,4.6,0.056,0.67,84.0
2024-09-11 12:00:00,0.3,4.2,0.061,0.73,84.0
2024-09-11 13:00:00,0.4,3.6,0.063,0.8,85.0
2024-09-11 14:00:00,0.6,4.0,0.064,0.78,87.0
2024-09-11 15:00:00,1.0,4.2,0.065,0.4,87.0
2024-09-11 16:00:00,1.4,4.8,0.065,0.37,87.0
2024-09-11 17:00:00,0.5,4.4,0.063,0.17,85.0
2024-09-11 18:00:00,0.3,6.6,0.063,0.02,82.0
2024-09-11 19:00:00,0.1,5.0,0.064,0.0,79.0
2024-09-11 20:00:00,0.1,3.8,0.065,0.0,80.0
2024-09-11 21:00:00,0.0,2.6,0.068,0.0,80.0
2024-09-11 22:00:00,0.1,2.7,0.071,0.0,78.0
2024-09-11 23:00:00,0.0,2.4,0.069,0.0,73.0
2024-09-12 00:00:00,0.0,2.4,0.066,0.0,70.0
2024-09-12 01:00:00,0.1,1.5,0.042,0.0,66.0
2024-09-12 02:00:00,0.0,1.4,0.043,0.0,65.0
2024-09-12 03:00:00,0.1,1.4,0.041,0.0,63.0
2024-09-12 04:00:00,0.1,1.3,0.04,0.0,62.0
2024-09-12 05:00:00,0.1,1.5,0.04,0.0,60.0
2024-09-12 06:00:00,0.2,2.9,0.04,0.06,59.0
2024-09-12 07:00:00,1.2,4.7,0.038,0.17,59.0
2024-09-12 08:00:00,0.8,2.4,0.04,0.57,61.0
2024-09-12 09:00:00,0.7,2.1,0.042,0.81,62.0
2024-09-12 10:00:00,0.2,1.1,0.045,1.0,65.0
2024-09-12 11:00:00,0.3,1.0,0.046,1.11,67.0
2024-09-12 12:00:00,0.3,1.1,0.048,1.14,68.0
2024-09-12 13:00:00,0.3,1.2,0.05,1.08,69.0
2024-09-12 14:00:00,0.2,1.3,0.052,0.94,69.0
2024-09-12 15:00:00,0.2,1.5,0.052,0.74,69.0
2024-09-12 16:00:00,0.2,1.4,0.05,0.5,68.0
2024-09-12 17:00:00,0.2,1.6,0.047,0.24,67.0
2024-09-12 18:00:00,0.2,2.0,0.042,0.04,65.0
2024-09-12 19:00:00,0.3,4.2,0.038,0.0,63.0
2024-09-12 20:00:00,1.8,9.7,0.03,0.0,61.0
2024-09-12 21:00:00,0.2,8.9,0.028,0.0,58.0
2024-09-12 22:00:00,0.2,6.3,0.029,0.0,56.0
2024-09-12 23:00:00,0.2,4.0,0.031,0.0,54.0
2024-09-13 00:00:00,0.2,2.9,0.033,0.0,53.0
2024-09-13 01:00:00,0.2,2.6,0.032,0.0,52.0
2024-09-13 02:00:00,0.2,2.5,0.032,0.0,51.0
2024-09-13 03:00:00,0.2,3.1,0.03,0.0,50.0
2024-09-13 04:00:00,,,0.029,0.0,49.0
2024-09-13 05:00:00,0.7,6.2,0.028,0.0,49.0
2024-09-13 06:00:00,2.7,8.8,0.024,0.07,49.0
2024-09-13 07:00:00,2.7,6.0,0.027,0.33,51.0
2024-09-13 08:00:00,4.6,7.3,0.028,0.61,56.0
2024-09-13 09:00:00,3.4,4.4,0.035,0.85,60.0
2024-09-13 10:00:00,2.1,4.3,0.038,1.03,65.0
2024-09-13 11:00:00,1.1,2.8,0.043,1.13,68.0
2024-09-13 12:00:00,0.4,1.4,0.046,1.15,70.0
2024-09-13 13:00:00,0.4,1.1,0.049,1.09,72.0
2024-09-13 14:00:00,0.3,0.9,0.048,0.95,73.0
2024-09-13 15:00:00,0.2,0.9,0.05,0.75,74.0
2024-09-13 16:00:00,0.2,1.0,0.049,0.5,76.0
2024-09-13 17:00:00,0.4,1.8,0.047,0.24,75.0
2024-09-13 18:00:00,0.3,2.2,0.04,0.03,70.0
2024-09-13 19:00:00,0.2,8.7,0.034,0.0,66.0
2024-09-13 20:00:00,0.1,9.7,0.034,0.0,64.0
2024-09-13 21:00:00,0.1,5.6,0.038,0.0,62.0
2024-09-13 22:00:00,0.1,3.0,0.041,0.0,61.0
2024-09-13 23:00:00,0.1,4.2,0.038,0.0,60.0
2024-09-14 00:00:00,0.1,3.1,0.039,0.0,60.0
2024-09-14 01:00:00,0.1,3.0,0.039,0.0,58.0
2024-09-14 02:00:00,2.1,5.0,0.038,0.0,58.0
2024-09-14 03:00:00,0.1,2.1,0.039,0.0,57.0
2024-09-14 04:00:00,0.1,2.3,,0.0,56.0
2024-09-14 05:00:00,0.3,3.5,0.036,0.0,55.0
2024-09-14 06:00:00,0.5,4.4,0.034,0.06,54.0
2024-09-14 07:00:00,1.2,4.2,0.035,0.32,57.0
2024-09-14 08:00:00,1.6,3.5,0.037,0.59,61.0
2024-09-14 09:00:00,1.6,4.1,0.039,0.83,67.0
2024-09-14 10:00:00,1.2,3.2,0.044,1.01,73.0
2024-09-14 11:00:00,0.9,3.4,0.051,1.11,79.0
2024-09-14 12:00:00,0.4,2.2,0.059,1.14,83.0
2024-09-14 13:00:00,0.2,1.4,0.06,1.08,85.0
2024-09-14 14:00:00,0.1,0.9,0.06,0.94,86.0
2024-09-14 15:00:00,0.1,0.8,0.06,0.73,86.0
2024-09-14 16:00:00,0.3,1.5,0.06,0.49,85.0
2024-09-14 17:00:00,0.2,2.5,0.06,0.22,84.0
2024-09-14 18:00:00,0.3,8.8,0.049,0.03,81.0
2024-09-14 19:00:00,0.1,6.5,0.047,0.0,74.0
2024-09-14 20:00:00,0.1,3.1,0.051,0.0,72.0
2024-09-14 21:00:00,0.2,2.6,0.051,0.0,71.0
2024-09-14 22:00:00,0.1,2.0,0.051,0.0,72.0
2024-09-14 23:00:00,0.1,4.0,0.045,0.0,71.0
2024-09-15 00:00:00,0.1,4.1,0.042,0.0,68.0
2024-09-15 01:00:00,0.2,4.9,0.04,0.0,66.0
2024-09-15 02:00:00,0.1,3.1,0.04,0.0,65.0
2024-09-15 03:00:00,0.1,2.5,0.039,0.0,63.0
2024-09-15 04:00:00,,,0.039,0.0,63.0
2024-09-15 05:00:00,0.1,2.2,0.039,0.0,62.0
2024-09-15 06:00:00,0.6,3.0,0.036,0.06,61.0
2024-09-15 07:00:00,0.6,3.1,0.037,0.23,64.0
2024-09-15 08:00:00,0.9,2.7,0.039,0.55,68.0
2024-09-15 09:00:00,0.6,1.9,0.041,0.8,73.0
2024-09-15 10:00:00,0.8,2.7,0.043,0.89,77.0
2024-09-15 11:00:00,0.4,1.5,0.047,1.08,82.0
2024-09-15 12:00:00,0.3,1.0,0.047,0.84,84.0
2024-09-15 13:00:00,0.3,1.1,0.046,0.69,84.0
2024-09-15 14:00:00,0.5,2.2,0.047,0.61,83.0
2024-09-15 15:00:00,0.3,3.1,0.045,0.26,81.0
2024-09-15 16:00:00,0.6,3.3,0.042,0.29,80.0
2024-09-15 17:00:00,0.5,2.6,0.042,0.16,81.0
2024-09-15 18:00:00,1.2,6.3,0.036,0.01,78.0
2024-09-15 19:00:00,0.2,3.1,0.035,0.0,77.0
2024-09-15 20:00:00,0.1,1.9,0.036,0.0,76.0
2024-09-15 21:00:00,0.1,2.8,0.033,0.0,74.0
2024-09-15 22:00:00,0.3,3.5,0.032,0.0,72.0
2024-09-15 23:00:00,0.2,5.0,0.028,0.0,69.0
2024-09-16 00:00:00,0.3,3.1,0.03,0.0,67.0
2024-09-16 01:00:00,0.2,3.5,0.029,0.0,65.0
2024-09-16 02:00:00,0.3,3.3,0.028,0.0,64.0
2024-09-16 03:00:00,0.2,2.4,0.027,0.0,62.0
2024-09-16 04:00:00,0.8,5.6,0.025,0.0,61.0
2024-09-16 05:00:00,0.9,5.7,0.026,0.0,61.0
2024-09-16 06:00:00,1.6,7.3,0.026,0.09,63.0
2024-09-16 07:00:00,2.2,7.1,0.029,0.18,66.0
2024-09-16 08:00:00,8.8,12.3,0.024,0.3,68.0
2024-09-16 09:00:00,2.5,6.1,0.033,0.4,74.0
2024-09-16 10:00:00,5.2,6.5,0.033,0.43,76.0
2024-09-16 11:00:00,1.9,3.8,0.037,0.58,79.0
2024-09-16 12:00:00,1.1,2.6,0.038,0.52,78.0
2024-09-16 13:00:00,2.5,9.5,0.04,0.77,77.0
2024-09-16 14:00:00,1.7,4.7,0.04,0.3,79.0
2024-09-16 15:00:00,3.0,6.8,0.036,0.2,75.0
2024-09-16 16:00:00,2.1,6.6,0.037,0.14,74.0
2024-09-16 17:00:00,0.9,9.7,0.033,0.05,75.0
2024-09-16 18:00:00,0.4,3.1,0.042,0.0,75.0
2024-09-16 19:00:00,1.1,9.5,0.033,0.0,74.0
2024-09-16 20:00:00,0.4,7.4,0.032,0.0,72.0
2024-09-16 21:00:00,0.1,8.4,0.028,0.0,70.0
2024-09-16 22:00:00,0.7,7.7,0.028,0.0,69.0
2024-09-16 23:00:00,0.3,7.5,0.031,0.0,68.0
2024-09-17 00:00:00,0.1,5.3,0.035,0.0,69.0
2024-09-17 01:00:00,0.1,4.5,0.031,0.0,68.0
2024-09-17 02:00:00,0.1,2.1,0.038,0.0,64.0
2024-09-17 03:00:00,0.1,1.8,0.039,0.0,60.0
2024-09-17 04:00:00,0.1,2.5,0.035,0.0,58.0
2024-09-17 05:00:00,0.2,4.1,0.035,0.0,57.0
2024-09-17 06:00:00,3.7,11.4,0.029,0.02,55.0
2024-09-17 07:00:00,2.9,7.2,0.031,0.06,53.0
2024-09-17 08:00:00,1.7,6.2,0.042,0.08,52.0
2024-09-17 09:00:00,5.1,7.7,0.041,0.47,56.0
2024-09-17 10:00:00,1.9,4.8,0.045,0.61,59.0
2024-09-17 11:00:00,1.0,2.6,0.053,1.2,65.0
2024-09-17 12:00:00,0.7,1.9,0.053,0.82,67.0
2024-09-17 13:00:00,0.6,1.4,0.051,1.01,68.0
2024-09-17 14:00:00,0.5,1.5,0.049,0.33,67.0
2024-09-17 15:00:00,0.5,3.4,0.048,0.12,63.0
2024-09-17 16:00:00,0.3,3.9,0.05,0.11,61.0
2024-09-17 17:00:00,0.2,4.3,0.051,0.06,60.0
2024-09-17 18:00:00,0.0,4.6,0.048,0.01,59.0
2024-09-17 19:00:00,0.1,6.0,0.042,0.0,58.0
2024-09-17 20:00:00,0.1,7.9,0.036,0.0,57.0
2024-09-17 21:00:00,0.3,11.5,0.028,0.0,55.0
2024-09-17 22:00:00,0.1,6.3,0.031,0.0,53.0
2024-09-17 23:00:00,0.2,4.7,0.031,0.0,51.0
2024-09-18 00:00:00,0.2,3.3,0.033,0.0,51.0
2024-09-18 01:00:00,0.2,4.8,0.032,0.0,50.0
2024-09-18 02:00:00,0.2,4.8,0.032,0.0,50.0
2024-09-18 03:00:00,0.2,3.8,0.032,0.0,50.0
2024-09-18 04:00:00,0.6,6.4,0.029,0.0,50.0
2024-09-18 05:00:00,2.8,11.0,0.024,0.0,49.0
2024-09-18 06:00:00,3.2,10.0,0.025,0.03,49.0
2024-09-18 07:00:00,4.1,9.6,0.026,0.14,51.0
2024-09-18 08:00:00,3.6,8.7,0.026,0.26,53.0
2024-09-18 09:00:00,4.6,9.5,0.029,0.53,56.0
2024-09-18 10:00:00,2.6,5.2,0.035,0.77,62.0
2024-09-18 11:00:00,2.7,5.6,0.039,1.0,67.0
2024-09-18 12:00:00,1.8,3.9,0.044,1.08,69.0
2024-09-18 13:00:00,0.7,2.0,0.048,1.05,70.0
2024-09-18 14:00:00,0.5,1.6,0.048,0.9,69.0
2024-09-18 15:00:00,0.5,1.4,0.048,0.7,70.0
2024-09-18 16:00:00,0.1,1.1,0.047,0.46,70.0
2024-09-18 17:00:00,0.1,0.9,0.046,0.2,70.0
2024-09-18 18:00:00,0.3,4.4,0.043,0.02,66.0
2024-09-18 19:00:00,0.1,5.5,0.043,0.0,63.0
2024-09-18 20:00:00,0.1,6.3,0.038,0.0,61.0
2024-09-18 21:00:00,0.2,7.6,0.031,0.0,58.0
2024-09-18 22:00:00,0.2,7.6,0.031,0.0,57.0
2024-09-18 23:00:00,0.1,4.8,0.029,0.0,55.0
2024-09-19 00:00:00,0.2,3.2,0.03,0.0,54.0
2024-09-19 01:00:00,0.3,3.2,0.028,0.0,53.0
2024-09-19 02:00:00,0.7,4.8,0.029,0.0,53.0
2024-09-19 03:00:00,0.2,4.3,0.029,0.0,52.0
2024-09-19 04:00:00,0.6,6.9,0.027,0.0,52.0
2024-09-19 05:00:00,1.7,12.0,0.022,0.0,51.0
2024-09-19 06:00:00,4.3,11.5,0.02,0.05,51.0
2024-09-19 07:00:00,3.9,8.2,0.026,0.3,55.0
2024-09-19 08:00:00,3.2,6.0,0.031,0.57,60.0
2024-09-19 09:00:00,3.3,5.9,0.035,0.81,64.0
2024-09-19 10:00:00,4.8,7.2,0.038,0.98,67.0
2024-09-19 11:00:00,14.5,6.9,0.042,1.08,69.0
2024-09-19 12:00:00,1.5,4.6,0.049,1.09,71.0
2024-09-19 13:00:00,2.0,6.7,0.051,1.03,73.0
2024-09-19 14:00:00,1.0,4.9,0.058,0.9,76.0
2024-09-19 15:00:00,1.1,5.6,0.06,0.7,77.0
2024-09-19 16:00:00,0.8,4.6,0.061,0.45,76.0
2024-09-19 17:00:00,0.4,4.7,0.058,0.2,73.0
2024-09-19 18:00:00,0.1,5.8,0.055,0.01,69.0
2024-09-19 19:00:00,0.1,5.1,0.049,0.0,66.0
2024-09-19 20:00:00,0.1,10.6,0.035,0.0,63.0
2024-09-19 21:00:00,0.2,11.6,0.031,0.0,61.0
2024-09-19 22:00:00,0.1,7.7,0.035,0.0,60.0
2024-09-19 23:00:00,0.2,5.4,0.035,0.0,58.0
2024-09-20 00:00:00,0.1,6.0,0.032,0.0,57.0
2024-09-20 01:00:00,3.2,7.7,0.03,0.0,56.0
2024-09-20 02:00:00,0.1,3.5,0.034,0.0,56.0
2024-09-20 03:00:00,0.4,5.5,0.031,0.0,55.0
2024-09-20 04:00:00,,,0.031,0.0,55.0
2024-09-20 05:00:00,1.5,10.9,0.027,0.0,54.0
2024-09-20 06:00:00,5.9,16.9,0.019,0.05,53.0
2024-09-20 07:00:00,5.8,10.4,0.025,0.28,55.0
2024-09-20 08:00:00,6.8,9.3,0.028,0.55,60.0
2024-09-20 09:00:00,6.4,9.6,0.032,0.79,64.0
2024-09-20 10:00:00,3.4,6.7,0.038,0.96,69.0
2024-09-20 11:00:00,2.6,5.8,0.046,1.07,73.0
2024-09-20 12:00:00,1.4,4.8,0.055,1.09,76.0
2024-09-20 13:00:00,0.8,3.3,0.061,1.03,77.0
2024-09-20 14:00:00,0.9,2.7,0.066,0.91,79.0
2024-09-20 15:00:00,0.5,3.3,0.068,0.81,78.0
2024-09-20 16:00:00,0.3,2.6,0.063,0.55,78.0
2024-09-20 17:00:00,0.2,2.9,0.058,0.23,75.0
2024-09-20 18:00:00,0.1,3.7,0.052,0.03,72.0
2024-09-20 19:00:00,0.1,3.7,0.047,0.0,71.0
2024-09-20 20:00:00,0.1,4.9,0.045,0.0,69.0
2024-09-20 21:00:00,0.9,7.6,0.038,0.0,67.0
2024-09-20 22:00:00,0.2,8.9,0.034,0.0,64.0
2024-09-20 23:00:00,0.1,7.3,0.036,0.0,62.0
2024-09-21 00:00:00,0.1,6.4,0.037,0.0,61.0
2024-09-21 01:00:00,0.1,6.0,0.035,0.0,58.0
2024-09-21 02:00:00,0.1,5.6,0.032,0.0,56.0
2024-09-21 03:00:00,0.2,6.9,0.032,0.0,55.0
2024-09-21 04:00:00,0.2,7.3,,0.0,54.0
2024-09-21 05:00:00,0.2,7.5,0.034,0.0,55.0
2024-09-21 06:00:00,0.7,10.8,0.027,0.04,54.0
2024-09-21 07:00:00,2.7,9.4,0.03,0.28,59.0
2024-09-21 08:00:00,2.4,6.3,0.035,0.55,66.0
2024-09-21 09:00:00,1.9,4.4,0.039,0.79,66.0
2024-09-21 10:00:00,1.0,3.2,0.046,0.85,68.0
2024-09-21 11:00:00,0.5,2.6,0.052,0.72,71.0
2024-09-21 12:00:00,0.5,2.3,0.055,0.93,74.0
2024-09-21 13:00:00,0.2,1.7,0.059,1.03,75.0
2024-09-21 14:00:00,0.5,2.1,0.061,0.63,76.0
2024-09-21 15:00:00,0.3,2.4,0.063,0.53,75.0
2024-09-21 16:00:00,0.3,3.0,0.065,0.27,74.0
2024-09-21 17:00:00,0.2,3.9,0.051,0.14,72.0
2024-09-21 18:00:00,0.2,5.1,0.047,0.03,71.0
2024-09-21 19:00:00,3.0,11.3,0.038,0.0,68.0
2024-09-21 20:00:00,1.8,11.3,0.031,0.0,65.0
2024-09-21 21:00:00,0.8,8.2,0.035,0.0,64.0
2024-09-21 22:00:00,0.2,5.8,0.036,0.0,63.0
2024-09-21 23:00:00,0.1,4.4,0.035,0.0,60.0
2024-09-22 00:00:00,0.0,3.7,0.035,0.0,59.0
2024-09-22 01:00:00,0.2,4.5,0.032,0.0,58.0
2024-09-22 02:00:00,0.1,3.4,0.034,0.0,57.0
2024-09-22 03:00:00,0.1,2.8,0.033,0.0,55.0
2024-09-22 04:00:00,,,0.034,0.0,55.0
2024-09-22 05:00:00,0.2,5.2,0.032,0.0,55.0
2024-09-22 06:00:00,0.4,4.5,0.031,0.05,53.0
2024-09-22 07:00:00,1.0,3.9,0.031,0.28,56.0
2024-09-22 08:00:00,1.3,3.6,0.035,0.54,61.0
2024-09-22 09:00:00,1.1,2.9,0.04,0.78,69.0
2024-09-22 10:00:00,0.9,2.9,0.044,0.95,70.0
2024-09-22 11:00:00,0.5,2.4,0.049,1.05,73.0
2024-09-22 12:00:00,0.2,1.5,0.054,1.08,75.0
2024-09-22 13:00:00,0.1,1.1,0.058,1.01,76.0
2024-09-22 14:00:00,0.1,0.9,0.058,0.74,76.0
2024-09-22 15:00:00,0.2,1.1,0.058,0.67,79.0
2024-09-22 16:00:00,0.3,1.5,0.059,0.43,78.0
2024-09-22 17:00:00,0.2,2.8,0.061,0.17,75.0
2024-09-22 18:00:00,0.1,3.2,0.053,0.01,70.0
2024-09-22 19:00:00,0.1,3.2,0.047,0.0,67.0
2024-09-22 20:00:00,0.1,7.1,0.041,0.0,66.0
2024-09-22 21:00:00,0.5,11.4,0.035,0.0,63.0
2024-09-22 22:00:00,0.1,4.0,0.043,0.0,61.0
2024-09-22 23:00:00,0.1,2.9,0.043,0.0,61.0
2024-09-23 00:00:00,0.2,4.2,0.043,0.0,60.0
2024-09-23 01:00:00,0.1,4.2,0.042,0.0,59.0
2024-09-23 02:00:00,0.5,5.1,0.037,0.0,56.0
2024-09-23 03:00:00,0.2,3.2,0.037,0.0,55.0
2024-09-23 04:00:00,0.4,5.3,0.038,0.0,55.0
2024-09-23 05:00:00,0.7,8.3,0.032,0.0,54.0
2024-09-23 06:00:00,3.9,11.1,0.031,0.04,54.0
2024-09-23 07:00:00,7.7,14.1,0.029,0.28,58.0
2024-09-23 08:00:00,3.5,8.6,0.038,0.55,62.0
2024-09-23 09:00:00,4.2,7.0,0.038,0.78,66.0
2024-09-23 10:00:00,2.5,5.5,0.043,0.93,71.0
2024-09-23 11:00:00,1.0,3.5,0.052,1.04,72.0
2024-09-23 12:00:00,0.6,2.9,0.057,1.07,76.0
2024-09-23 13:00:00,0.4,1.7,0.057,1.0,79.0
2024-09-23 14:00:00,0.2,1.3,0.057,0.82,78.0
2024-09-23 15:00:00,0.3,1.9,0.058,0.56,78.0
2024-09-23 16:00:00,0.4,2.8,0.059,0.27,75.0
2024-09-23 17:00:00,0.4,3.7,0.05,0.13,73.0
2024-09-23 18:00:00,0.5,5.8,0.04,0.01,68.0
2024-09-23 19:00:00,0.1,6.3,0.038,0.0,65.0
2024-09-23 20:00:00,0.4,10.4,0.032,0.0,64.0
2024-09-23 21:00:00,0.3,9.3,0.033,0.0,62.0
2024-09-23 22:00:00,0.1,4.3,0.037,0.0,60.0
2024-09-23 23:00:00,0.1,4.0,0.037,0.0,59.0
2024-09-24 00:00:00,0.0,4.2,0.036,0.0,58.0
2024-09-24 01:00:00,0.9,5.3,0.035,0.0,57.0
2024-09-24 02:00:00,0.1,3.7,0.034,0.0,55.0
2024-09-24 03:00:00,0.2,6.1,0.03,0.0,53.0
2024-09-24 04:00:00,0.6,9.6,0.027,0.0,53.0
2024-09-24 05:00:00,1.2,11.8,0.024,0.0,52.0
2024-09-24 06:00:00,5.1,15.8,0.021,0.04,53.0
2024-09-24 07:00:00,4.1,9.1,0.03,0.28,57.0
2024-09-24 08:00:00,3.5,6.4,0.033,0.55,61.0
2024-09-24 09:00:00,4.5,8.1,0.033,0.78,67.0
2024-09-24 10:00:00,3.5,6.1,0.038,0.95,71.0
2024-09-24 11:00:00,1.8,4.3,0.045,1.05,73.0
2024-09-24 12:00:00,1.2,4.3,0.05,1.07,76.0
2024-09-24 13:00:00,1.0,3.0,0.051,1.01,78.0
2024-09-24 14:00:00,0.5,1.5,0.051,0.86,80.0
2024-09-24 15:00:00,0.7,3.5,0.055,0.66,79.0
2024-09-24 16:00:00,0.4,2.3,0.05,0.42,80.0
2024-09-24 17:00:00,1.0,2.8,0.045,0.17,78.0
2024-09-24 18:00:00,0.2,4.9,0.038,0.01,74.0
2024-09-24 19:00:00,0.5,13.1,0.032,0.0,70.0
2024-09-24 20:00:00,0.1,9.3,0.035,0.0,68.0
2024-09-24 21:00:00,0.2,6.7,0.035,0.0,66.0
2024-09-24 22:00:00,0.2,6.0,0.034,0.0,65.0
2024-09-24 23:00:00,0.1,3.4,0.036,0.0,64.0
2024-09-25 00:00:00,0.1,2.5,0.036,0.0,65.0
2024-09-25 01:00:00,0.2,2.5,0.036,0.0,66.0
2024-09-25 02:00:00,0.1,3.5,0.034,0.0,64.0
2024-09-25 03:00:00,0.3,8.7,0.027,0.0,63.0
2024-09-25 04:00:00,1.0,8.8,0.026,0.0,61.0
2024-09-25 05:00:00,1.2,9.3,0.025,0.0,61.0
2024-09-25 06:00:00,2.4,9.0,0.025,0.04,61.0
2024-09-25 07:00:00,4.9,9.0,0.025,0.28,64.0
2024-09-25 08:00:00,3.1,5.5,0.03,0.54,66.0
2024-09-25 09:00:00,9.5,13.6,0.026,0.78,72.0
2024-09-25 10:00:00,4.5,7.9,0.033,0.95,76.0
2024-09-25 11:00:00,3.5,8.3,0.039,1.03,80.0
2024-09-25 12:00:00,3.0,8.0,0.045,1.06,85.0
2024-09-25 13:00:00,0.8,3.1,0.051,1.0,89.0
2024-09-25 14:00:00,0.4,2.0,0.052,0.86,89.0
2024-09-25 15:00:00,0.6,1.8,0.05,0.66,88.0
2024-09-25 16:00:00,0.4,1.8,0.048,0.41,88.0
2024-09-25 17:00:00,0.3,2.9,0.045,0.16,87.0
2024-09-25 18:00:00,4.6,17.8,0.022,0.01,82.0
2024-09-25 19:00:00,0.3,10.5,0.032,0.0,76.0
2024-09-25 20:00:00,0.3,3.1,0.039,0.0,75.0
2024-09-25 21:00:00,0.1,2.4,0.04,0.0,74.0
2024-09-25 22:00:00,0.2,3.9,0.039,0.0,75.0
2024-09-25 23:00:00,0.3,4.2,0.037,0.0,73.0
2024-09-26 00:00:00,0.3,3.1,0.035,0.0,70.0
2024-09-26 01:00:00,0.2,2.3,0.034,0.0,68.0
2024-09-26 02:00:00,0.5,5.2,0.031,0.0,66.0
2024-09-26 03:00:00,0.3,3.1,0.032,0.0,64.0
2024-09-26 04:00:00,0.3,5.0,0.031,0.0,64.0
2024-09-26 05:00:00,1.1,7.6,0.029,0.0,64.0
2024-09-26 06:00:00,1.3,8.1,0.028,0.02,65.0
2024-09-26 07:00:00,3.0,8.9,0.026,0.19,65.0
2024-09-26 08:00:00,4.6,8.9,0.028,0.57,69.0
2024-09-26 09:00:00,3.8,6.8,0.033,0.81,75.0
2024-09-26 10:00:00,3.1,7.3,0.042,0.92,81.0
2024-09-26 11:00:00,2.8,7.3,0.049,1.04,85.0
2024-09-26 12:00:00,0.8,3.2,0.054,1.06,89.0
2024-09-26 13:00:00,0.4,1.5,0.057,0.99,89.0
2024-09-26 14:00:00,0.6,1.4,0.057,0.85,90.0
2024-09-26 15:00:00,0.6,2.0,0.056,0.65,89.0
2024-09-26 16:00:00,1.1,2.7,0.053,0.4,89.0
2024-09-26 17:00:00,0.7,4.8,0.049,0.15,84.0
2024-09-26 18:00:00,0.1,4.0,0.048,0.01,76.0
2024-09-26 19:00:00,0.4,6.8,0.042,0.0,73.0
2024-09-26 20:00:00,0.3,11.3,0.034,0.0,71.0
2024-09-26 21:00:00,0.1,7.1,0.04,0.0,69.0
2024-09-26 22:00:00,0.1,4.2,0.043,0.0,68.0
2024-09-26 23:00:00,0.1,3.4,0.042,0.0,67.0
2024-09-27 00:00:00,0.1,4.3,0.042,0.0,66.0
2024-09-27 01:00:00,0.2,4.2,0.04,0.0,64.0
2024-09-27 02:00:00,0.2,4.1,0.041,0.0,63.0
2024-09-27 03:00:00,0.2,3.4,0.041,0.0,62.0
2024-09-27 04:00:00,,,0.04,0.0,62.0
2024-09-27 05:00:00,0.7,7.1,0.037,0.0,60.0
2024-09-27 06:00:00,6.1,14.1,0.032,0.04,60.0
2024-09-27 07:00:00,2.8,9.2,0.035,0.27,62.0
2024-09-27 08:00:00,3.4,7.9,0.037,0.54,67.0
2024-09-27 09:00:00,3.3,7.3,0.038,0.77,71.0
2024-09-27 10:00:00,3.2,6.1,0.04,0.94,75.0
2024-09-27 11:00:00,1.8,5.0,0.047,1.03,79.0
2024-09-27 12:00:00,1.9,4.4,0.053,1.06,83.0
2024-09-27 13:00:00,1.0,3.8,0.059,0.99,85.0
2024-09-27 14:00:00,1.0,5.7,0.066,0.85,86.0
2024-09-27 15:00:00,0.9,2.8,0.061,0.65,86.0
2024-09-27 16:00:00,0.9,4.1,0.063,0.4,86.0
2024-09-27 17:00:00,0.9,7.4,0.061,0.14,82.0
2024-09-27 18:00:00,0.4,9.3,0.053,0.0,77.0
2024-09-27 19:00:00,0.4,12.3,0.043,0.0,72.0
2024-09-27 20:00:00,0.6,15.4,0.037,0.0,71.0
2024-09-27 21:00:00,0.1,7.1,0.042,0.0,70.0
2024-09-27 22:00:00,0.1,5.4,0.042,0.0,69.0
2024-09-27 23:00:00,0.1,4.2,0.044,0.0,69.0
2024-09-28 00:00:00,0.1,5.0,0.044,0.0,68.0
2024-09-28 01:00:00,0.1,3.1,0.042,0.0,67.0
2024-09-28 02:00:00,0.2,3.6,0.041,0.0,65.0
2024-09-28 03:00:00,0.1,3.4,0.041,0.0,64.0
2024-09-28 04:00:00,0.1,4.0,,0.0,63.0
2024-09-28 05:00:00,0.5,4.5,0.039,0.0,62.0
2024-09-28 06:00:00,1.0,6.4,0.038,0.03,62.0
2024-09-28 07:00:00,1.2,4.6,0.038,0.26,63.0
2024-09-28 08:00:00,1.9,4.7,0.039,0.53,68.0
2024-09-28 09:00:00,1.9,5.0,0.042,0.76,73.0
2024-09-28 10:00:00,1.1,3.2,0.047,0.93,77.0
2024-09-28 11:00:00,1.4,5.3,0.054,1.02,81.0
2024-09-28 12:00:00,5.7,11.1,0.059,1.04,84.0
2024-09-28 13:00:00,8.0,12.9,0.06,0.97,88.0
2024-09-28 14:00:00,7.3,11.3,0.06,0.83,91.0
2024-09-28 15:00:00,7.3,7.7,0.055,0.62,91.0
2024-09-28 16:00:00,4.8,4.9,0.055,0.38,91.0
2024-09-28 17:00:00,1.3,4.7,0.05,0.14,91.0
2024-09-28 18:00:00,1.8,11.9,0.037,0.0,83.0
2024-09-28 19:00:00,1.1,8.6,0.043,0.0,80.0
2024-09-28 20:00:00,0.2,3.4,0.045,0.0,78.0
2024-09-28 21:00:00,0.2,3.7,0.045,0.0,79.0
2024-09-28 22:00:00,0.1,4.1,0.044,0.0,78.0
2024-09-28 23:00:00,0.1,3.6,0.043,0.0,76.0
2024-09-29 00:00:00,0.1,3.8,0.041,0.0,74.0
2024-09-29 01:00:00,0.1,2.7,0.042,0.0,73.0
2024-09-29 02:00:00,0.1,3.5,0.04,0.0,71.0
2024-09-29 03:00:00,0.5,3.4,0.038,0.0,70.0
2024-09-29 04:00:00,,,0.037,0.0,69.0
2024-09-29 05:00:00,0.2,3.1,0.038,0.0,69.0
2024-09-29 06:00:00,0.2,2.9,0.037,0.02,67.0
2024-09-29 07:00:00,0.6,3.2,0.036,0.25,70.0
2024-09-29 08:00:00,1.1,4.4,0.035,0.41,73.0
2024-09-29 09:00:00,1.0,3.8,0.039,0.59,78.0
2024-09-29 10:00:00,0.9,3.5,0.042,0.85,83.0
2024-09-29 11:00:00,0.8,3.8,0.044,0.64,85.0
2024-09-29 12:00:00,1.1,4.5,0.05,0.96,88.0
2024-09-29 13:00:00,0.4,2.1,0.054,0.78,93.0
2024-09-29 14:00:00,0.4,1.9,0.051,0.63,92.0
2024-09-29 15:00:00,0.3,2.1,0.049,0.43,91.0
2024-09-29 16:00:00,0.1,1.1,0.049,0.21,88.0
2024-09-29 17:00:00,0.1,2.0,0.046,0.11,84.0
2024-09-29 18:00:00,0.5,12.3,0.037,0.0,82.0
2024-09-29 19:00:00,0.1,5.8,0.044,0.0,82.0
2024-09-29 20:00:00,0.2,7.6,0.038,0.0,80.0
2024-09-29 21:00:00,0.1,4.3,0.042,0.0,78.0
2024-09-29 22:00:00,0.1,5.7,0.039,0.0,75.0
2024-09-29 23:00:00,0.1,3.8,0.04,0.0,73.0
2024-09-30 00:00:00,0.1,4.2,0.038,0.0,70.0
2024-09-30 01:00:00,0.1,4.9,0.034,0.0,68.0
2024-09-30 02:00:00,0.1,5.1,0.028,0.0,63.0
2024-09-30 03:00:00,0.2,3.3,0.031,0.0,62.0
2024-09-30 04:00:00,0.3,5.2,0.03,0.0,63.0
2024-09-30 05:00:00,3.0,18.0,0.019,0.0,62.0
2024-09-30 06:00:00,5.3,20.1,0.018,0.02,62.0
2024-09-30 07:00:00,16.2,18.8,0.016,0.24,62.0
2024-09-30 08:00:00,8.2,12.1,0.024,0.51,66.0
2024-09-30 09:00:00,3.5,6.2,0.032,0.74,69.0
2024-09-30 10:00:00,3.6,6.0,0.035,0.9,72.0
2024-09-30 11:00:00,1.8,4.8,0.042,1.0,73.0
2024-09-30 12:00:00,1.7,3.6,0.049,1.01,77.0
2024-09-30 13:00:00,1.0,3.9,0.056,0.96,76.0
2024-09-30 14:00:00,2.4,4.2,0.059,0.82,76.0
2024-09-30 15:00:00,1.3,5.0,0.058,0.53,76.0
2024-09-30 16:00:00,0.9,4.9,0.054,0.37,74.0
2024-09-30 17:00:00,0.4,4.8,0.05,0.13,72.0
2024-09-30 18:00:00,0.1,5.1,0.046,0.0,68.0
2024-09-30 19:00:00,0.0,5.0,0.042,0.0,65.0
2024-09-30 20:00:00,0.2,4.2,0.041,0.0,62.0
2024-09-30 21:00:00,0.2,9.1,0.033,0.0,62.0
2024-09-30 22:00:00,0.2,9.6,0.033,0.0,59.0
2024-09-30 23:00:00,0.2,5.6,0.036,0.0,57.0
2024-10-01 00:00:00,0.1,5.5,0.036,0.0,56.0
2024-10-01 01:00:00,0.3,8.5,0.034,0.0,56.0
2024-10-01 02:00:00,0.1,7.3,0.03,0.0,53.0
2024-10-01 03:00:00,0.1,5.0,0.032,0.0,52.0
2024-10-01 04:00:00,0.3,6.1,0.031,0.0,51.0
2024-10-01 05:00:00,0.8,8.5,0.029,0.0,51.0
2024-10-01 06:00:00,1.9,13.8,0.024,0.02,51.0
2024-10-01 07:00:00,4.0,11.9,0.027,0.25,54.0
2024-10-01 08:00:00,3.7,8.1,0.032,0.52,58.0
2024-10-01 09:00:00,3.5,5.5,,0.75,63.0
2024-10-01 10:00:00,3.6,7.3,,0.92,68.0
2024-10-01 11:00:00,2.5,6.7,,1.01,72.0
2024-10-01 12:00:00,2.7,7.6,,1.0,74.0
2024-10-01 13:00:00,1.8,6.2,,0.94,78.0
2024-10-01 14:00:00,1.6,6.3,0.056,0.81,78.0
2024-10-01 15:00:00,0.8,4.2,0.058,0.48,78.0
2024-10-01 16:00:00,0.9,4.0,0.055,0.36,78.0
2024-10-01 17:00:00,3.7,5.1,0.054,0.12,74.0
2024-10-01 18:00:00,0.5,6.3,0.044,0.0,71.0
2024-10-01 19:00:00,0.8,27.9,0.018,0.0,67.0
2024-10-01 20:00:00,0.1,17.8,0.028,0.0,65.0
2024-10-01 21:00:00,0.1,9.4,0.033,0.0,63.0
2024-10-01 22:00:00,0.7,8.3,0.034,0.0,63.0
2024-10-01 23:00:00,0.2,4.2,0.036,0.0,61.0
2024-10-02 00:00:00,0.2,5.4,0.036,0.0,60.0
2024-10-02 01:00:00,0.3,4.6,0.037,0.0,60.0
2024-10-02 02:00:00,0.3,4.9,0.035,0.0,58.0
2024-10-02 03:00:00,0.4,4.7,0.035,0.0,57.0
2024-10-02 04:00:00,0.5,5.6,0.034,0.0,56.0
2024-10-02 05:00:00,1.4,13.2,0.026,0.0,56.0
2024-10-02 06:00:00,1.4,11.3,0.028,0.02,55.0
2024-10-02 07:00:00,8.8,13.8,0.026,0.24,58.0
2024-10-02 08:00:00,4.5,9.1,0.031,0.51,62.0
2024-10-02 09:00:00,4.3,8.0,0.034,0.74,65.0
2024-10-02 10:00:00,2.8,6.4,0.04,0.91,72.0
2024-10-02 11:00:00,2.8,6.9,0.04,0.98,76.0
2024-10-02 12:00:00,3.0,7.5,0.045,1.02,80.0
2024-10-02 13:00:00,1.8,5.2,0.051,0.95,82.0
2024-10-02 14:00:00,0.6,2.8,0.056,0.82,82.0
2024-10-02 15:00:00,0.7,2.4,0.057,0.44,84.0
2024-10-02 16:00:00,0.8,3.6,0.055,0.36,83.0
2024-10-02 17:00:00,0.2,4.3,0.052,0.12,79.0
2024-10-02 18:00:00,0.5,8.9,0.04,0.0,73.0
2024-10-02 19:00:00,1.2,28.4,0.02,0.0,70.0
2024-10-02 20:00:00,0.2,8.0,0.039,0.0,67.0
2024-10-02 21:00:00,0.2,5.9,0.038,0.0,66.0
2024-10-02 22:00:00,0.2,7.1,0.036,0.0,64.0
2024-10-02 23:00:00,0.1,4.4,0.035,0.0,62.0
2024-10-03 00:00:00,0.2,3.9,0.037,0.0,60.0
2024-10-03 01:00:00,0.8,7.1,0.034,0.0,60.0
2024-10-03 02:00:00,0.2,7.2,0.033,0.0,58.0
2024-10-03 03:00:00,0.2,6.3,0.032,0.0,56.0
2024-10-03 04:00:00,0.4,9.5,0.027,0.0,54.0
2024-10-03 05:00:00,0.9,10.4,0.027,0.0,54.0
2024-10-03 06:00:00,4.9,14.6,0.025,0.01,53.0
2024-10-03 07:00:00,4.3,10.1,0.028,0.24,56.0
2024-10-03 08:00:00,3.0,6.8,0.034,0.5,60.0
2024-10-03 09:00:00,4.1,7.9,0.033,0.73,66.0
2024-10-03 10:00:00,4.0,7.7,0.035,0.9,71.0
2024-10-03 11:00:00,1.9,5.2,0.045,0.97,75.0
2024-10-03 12:00:00,2.6,7.8,0.048,1.0,76.0
2024-10-03 13:00:00,1.3,5.4,0.057,0.93,79.0
2024-10-03 14:00:00,1.0,4.6,0.058,0.79,81.0
2024-10-03 15:00:00,0.4,3.0,0.06,0.4,80.0
2024-10-03 16:00:00,0.4,3.1,0.06,0.34,78.0
2024-10-03 17:00:00,1.6,6.6,0.05,0.11,75.0
2024-10-03 18:00:00,0.9,10.6,0.046,0.0,71.0
2024-10-03 19:00:00,1.6,26.8,0.024,0.0,68.0
2024-10-03 20:00:00,0.3,17.5,0.029,0.0,67.0
2024-10-03 21:00:00,0.1,6.9,0.037,0.0,66.0
2024-10-03 22:00:00,0.1,4.6,0.039,0.0,65.0
2024-10-03 23:00:00,0.1,3.5,0.038,0.0,64.0
2024-10-04 00:00:00,0.2,3.7,0.037,0.0,62.0
2024-10-04 01:00:00,0.2,4.2,0.034,0.0,60.0
2024-10-04 02:00:00,0.2,4.5,0.035,0.0,61.0
2024-10-04 03:00:00,0.2,4.4,0.034,0.0,60.0
2024-10-04 04:00:00,,,0.033,0.0,59.0
2024-10-04 05:00:00,0.6,5.6,0.03,0.0,59.0
2024-10-04 06:00:00,2.5,9.7,0.026,0.01,57.0
2024-10-04 07:00:00,5.5,10.3,0.025,0.24,60.0
2024-10-04 08:00:00,4.5,7.6,0.027,0.5,62.0
2024-10-04 09:00:00,4.1,6.5,0.029,0.73,67.0
2024-10-04 10:00:00,6.4,10.2,0.032,0.9,73.0
2024-10-04 11:00:00,3.0,6.8,0.037,1.0,79.0
2024-10-04 12:00:00,2.7,7.0,0.04,1.02,83.0
2024-10-04 13:00:00,1.9,5.7,0.043,0.94,89.0
2024-10-04 14:00:00,1.0,2.6,0.047,0.78,90.0
2024-10-04 15:00:00,0.4,1.5,0.05,0.37,89.0
2024-10-04 16:00:00,0.8,2.9,0.048,0.29,87.0
2024-10-04 17:00:00,1.4,6.6,0.042,0.05,83.0
2024-10-04 18:00:00,2.1,24.6,0.021,0.0,81.0
2024-10-04 19:00:00,0.2,6.1,0.044,0.0,81.0
2024-10-04 20:00:00,0.1,5.1,0.043,0.0,78.0
2024-10-04 21:00:00,0.1,2.4,0.043,0.0,75.0
2024-10-04 22:00:00,0.8,5.4,0.038,0.0,73.0
2024-10-04 23:00:00,0.1,2.2,0.04,0.0,74.0
2024-10-05 00:00:00,0.0,2.7,0.035,0.0,70.0
2024-10-05 01:00:00,0.8,4.8,0.031,0.0,68.0
2024-10-05 02:00:00,0.3,8.3,0.027,0.0,67.0
2024-10-05 03:00:00,0.5,8.4,0.025,0.0,67.0
2024-10-05 04:00:00,0.4,8.4,,0.0,64.0
2024-10-05 05:00:00,0.7,9.7,0.021,0.0,60.0
2024-10-05 06:00:00,1.0,11.8,0.019,0.01,59.0
2024-10-05 07:00:00,5.4,12.9,0.018,0.21,62.0
2024-10-05 08:00:00,6.8,10.1,0.02,0.48,68.0
2024-10-05 09:00:00,2.1,4.1,0.032,0.72,75.0
2024-10-05 10:00:00,0.7,2.0,0.036,0.88,75.0
2024-10-05 11:00:00,0.3,1.1,0.04,0.98,77.0
2024-10-05 12:00:00,0.4,1.5,0.045,0.99,79.0
2024-10-05 13:00:00,0.2,1.4,0.049,0.91,79.0
2024-10-05 14:00:00,0.2,1.3,0.049,0.77,80.0
2024-10-05 15:00:00,0.2,1.1,0.046,0.33,79.0
2024-10-05 16:00:00,0.1,1.5,0.047,0.32,77.0
2024-10-05 17:00:00,0.1,1.5,0.043,0.09,74.0
2024-10-05 18:00:00,0.6,3.5,0.036,0.0,69.0
2024-10-05 19:00:00,0.0,5.1,0.032,0.0,68.0
2024-10-05 20:00:00,0.8,9.9,0.025,0.0,66.0
2024-10-05 21:00:00,0.3,9.0,0.029,0.0,64.0
2024-10-05 22:00:00,0.1,4.1,0.034,0.0,63.0
2024-10-05 23:00:00,0.1,3.7,0.033,0.0,61.0
2024-10-06 00:00:00,0.4,6.0,0.03,0.0,59.0
2024-10-06 01:00:00,0.2,4.1,0.031,0.0,58.0
2024-10-06 02:00:00,0.0,2.3,0.032,0.0,57.0
2024-10-06 03:00:00,0.2,4.4,0.03,0.0,56.0
2024-10-06 04:00:00,,,0.028,0.0,55.0
2024-10-06 05:00:00,0.2,4.4,0.03,0.0,55.0
2024-10-06 06:00:00,0.3,3.7,0.03,0.01,55.0
2024-10-06 07:00:00,0.7,3.9,0.03,0.22,56.0
2024-10-06 08:00:00,1.6,4.3,0.03,0.48,61.0
2024-10-06 09:00:00,1.4,3.3,0.033,0.71,65.0
2024-10-06 10:00:00,0.9,2.8,0.038,0.88,71.0
2024-10-06 11:00:00,0.5,2.0,0.043,0.97,76.0
2024-10-06 12:00:00,0.2,1.3,0.046,0.98,79.0
2024-10-06 13:00:00,0.3,1.3,0.047,0.91,81.0
2024-10-06 14:00:00,0.2,0.9,0.046,0.77,82.0
2024-10-06 15:00:00,0.1,0.7,0.049,0.3,83.0
2024-10-06 16:00:00,0.3,1.0,0.05,0.32,82.0
2024-10-06 17:00:00,0.5,2.3,0.043,0.08,78.0
2024-10-06 18:00:00,3.3,14.9,0.027,0.0,72.0
2024-10-06 19:00:00,1.1,21.7,0.021,0.0,70.0
2024-10-06 20:00:00,0.3,9.7,0.033,0.0,68.0
2024-10-06 21:00:00,0.4,4.3,0.037,0.0,66.0
2024-10-06 22:00:00,0.0,2.2,0.039,0.0,66.0
2024-10-06 23:00:00,0.1,2.5,0.038,0.0,64.0
2024-10-07 00:00:00,0.1,2.7,0.037,0.0,64.0
2024-10-07 01:00:00,0.1,2.6,0.036,0.0,62.0
2024-10-07 02:00:00,0.1,2.2,0.037,0.0,62.0
2024-10-07 03:00:00,0.1,3.0,0.035,0.0,60.0
2024-10-07 04:00:00,0.4,3.7,0.034,0.0,58.0
2024-10-07 05:00:00,0.7,6.1,0.03,0.0,56.0
2024-10-07 06:00:00,2.1,6.3,0.03,0.01,56.0
2024-10-07 07:00:00,6.0,9.5,0.029,0.2,59.0
2024-10-07 08:00:00,2.9,6.1,0.032,0.47,63.0
2024-10-07 09:00:00,2.7,5.7,0.035,0.7,68.0
2024-10-07 10:00:00,3.4,7.0,0.036,0.86,72.0
2024-10-07 11:00:00,2.6,6.2,0.042,0.96,76.0
2024-10-07 12:00:00,2.5,5.9,0.045,0.98,79.0
2024-10-07 13:00:00,1.2,4.0,0.049,0.92,81.0
2024-10-07 14:00:00,1.1,4.0,0.048,0.76,83.0
2024-10-07 15:00:00,0.6,4.1,0.051,0.17,80.0
2024-10-07 16:00:00,0.7,5.1,0.05,0.27,78.0
2024-10-07 17:00:00,0.5,4.9,0.047,0.08,77.0
2024-10-07 18:00:00,0.1,5.8,0.049,0.0,73.0
2024-10-07 19:00:00,0.5,7.9,0.04,0.0,69.0
2024-10-07 20:00:00,0.6,19.4,0.023,0.0,67.0
2024-10-07 21:00:00,0.1,8.6,0.033,0.0,66.0
2024-10-07 22:00:00,0.2,5.5,0.034,0.0,66.0
2024-10-07 23:00:00,0.1,4.0,0.034,0.0,65.0
2024-10-08 00:00:00,0.1,2.9,0.034,0.0,65.0
2024-10-08 01:00:00,0.3,3.8,0.033,0.0,64.0
2024-10-08 02:00:00,0.4,4.0,0.033,0.0,62.0
2024-10-08 03:00:00,0.2,4.1,0.032,0.0,61.0
2024-10-08 04:00:00,0.3,4.1,0.032,0.0,60.0
2024-10-08 05:00:00,0.7,5.8,0.03,0.0,59.0
2024-10-08 06:00:00,2.7,7.6,0.028,0.01,58.0
2024-10-08 07:00:00,2.0,7.1,0.029,0.19,60.0
2024-10-08 08:00:00,2.4,5.5,0.031,0.46,63.0
2024-10-08 09:00:00,2.4,5.4,0.034,0.69,67.0
2024-10-08 10:00:00,3.0,6.5,0.036,0.84,72.0
2024-10-08 11:00:00,2.0,5.5,0.046,0.84,77.0
2024-10-08 12:00:00,1.9,5.5,0.049,0.96,81.0
2024-10-08 13:00:00,1.4,5.2,0.054,0.87,84.0
2024-10-08 14:00:00,1.6,8.3,0.051,0.2,79.0
2024-10-08 15:00:00,0.8,6.5,0.048,0.14,74.0
2024-10-08 16:00:00,2.0,10.4,0.045,0.3,77.0
2024-10-08 17:00:00,0.1,4.1,0.051,0.06,76.0
2024-10-08 18:00:00,0.8,12.1,0.042,0.0,73.0
2024-10-08 19:00:00,0.4,9.1,0.041,0.0,73.0
2024-10-08 20:00:00,0.1,4.3,0.042,0.0,72.0
2024-10-08 21:00:00,0.1,2.9,0.042,0.0,69.0
2024-10-08 22:00:00,0.1,3.0,0.041,0.0,68.0
2024-10-08 23:00:00,0.1,3.5,0.039,0.0,65.0
2024-10-09 00:00:00,0.1,3.2,0.038,0.0,64.0
2024-10-09 01:00:00,0.2,3.5,0.038,0.0,62.0
2024-10-09 02:00:00,0.1,3.4,0.035,0.0,60.0
2024-10-09 03:00:00,0.2,3.1,0.034,0.0,59.0
2024-10-09 04:00:00,0.4,4.7,0.033,0.0,59.0
2024-10-09 05:00:00,0.6,5.8,0.031,0.0,58.0
2024-10-09 06:00:00,2.3,9.9,0.027,0.01,57.0
2024-10-09 07:00:00,3.6,10.5,0.025,0.18,58.0
2024-10-09 08:00:00,3.7,8.4,0.03,0.45,62.0
2024-10-09 09:00:00,3.2,6.4,0.034,0.68,66.0
2024-10-09 10:00:00,3.0,6.7,0.038,0.85,72.0
2024-10-09 11:00:00,1.5,4.8,0.044,0.94,77.0
2024-10-09 12:00:00,2.3,7.7,0.047,0.95,81.0
2024-10-09 13:00:00,2.1,7.3,0.05,0.89,85.0
2024-10-09 14:00:00,1.2,5.3,0.053,0.74,86.0
2024-10-09 15:00:00,0.8,4.0,0.054,0.24,84.0
2024-10-09 16:00:00,0.4,3.3,0.052,0.26,83.0
2024-10-09 17:00:00,3.3,17.8,0.037,0.07,82.0
2024-10-09 18:00:00,1.7,29.3,0.021,0.0,76.0
2024-10-09 19:00:00,0.6,12.0,0.036,0.0,72.0
2024-10-09 20:00:00,0.2,5.1,0.041,0.0,69.0
2024-10-09 21:00:00,0.1,3.4,0.042,0.0,68.0
2024-10-09 22:00:00,0.1,3.2,0.043,0.0,68.0
2024-10-09 23:00:00,0.1,4.0,0.041,0.0,67.0
2024-10-10 00:00:00,0.2,5.0,0.038,0.0,65.0
2024-10-10 01:00:00,0.2,4.5,0.039,0.0,63.0
2024-10-10 02:00:00,0.9,4.9,0.037,0.0,62.0
2024-10-10 03:00:00,0.2,4.0,0.038,0.0,61.0
2024-10-10 04:00:00,0.3,5.1,0.036,0.0,60.0
2024-10-10 05:00:00,0.7,7.7,0.033,0.0,59.0
2024-10-10 06:00:00,1.8,8.9,0.033,0.01,59.0
2024-10-10 07:00:00,4.5,10.7,0.031,0.18,60.0
2024-10-10 08:00:00,3.7,8.4,0.033,0.47,62.0
2024-10-10 09:00:00,4.2,8.4,0.035,0.69,69.0
2024-10-10 10:00:00,3.9,6.8,0.04,0.87,74.0
2024-10-10 11:00:00,1.8,5.3,0.047,0.97,81.0
2024-10-10 12:00:00,0.7,3.2,0.049,0.63,83.0
2024-10-10 13:00:00,1.3,3.0,0.048,0.67,84.0
2024-10-10 14:00:00,0.2,2.1,0.051,0.39,82.0
2024-10-10 15:00:00,0.9,4.6,0.049,0.3,82.0
2024-10-10 16:00:00,0.7,5.8,0.048,0.27,83.0
2024-10-10 17:00:00,1.3,8.2,0.04,0.05,80.0
2024-10-10 18:00:00,2.6,28.7,0.014,0.0,75.0
2024-10-10 19:00:00,0.3,14.7,0.029,0.0,70.0
2024-10-10 20:00:00,0.1,5.0,0.038,0.0,68.0
2024-10-10 21:00:00,0.1,4.8,0.038,0.0,69.0
2024-10-10 22:00:00,0.1,3.7,0.037,0.0,67.0
2024-10-10 23:00:00,0.1,2.6,0.038,0.0,66.0
2024-10-11 00:00:00,0.2,4.3,0.037,0.0,66.0
2024-10-11 01:00:00,0.2,4.2,0.036,0.0,65.0
2024-10-11 02:00:00,0.1,3.0,0.036,0.0,64.0
2024-10-11 03:00:00,0.1,3.8,0.035,0.0,63.0
2024-10-11 04:00:00,,,0.034,0.0,63.0
2024-10-11 05:00:00,1.2,7.9,0.032,0.0,63.0
2024-10-11 06:00:00,2.1,11.3,0.029,0.0,62.0
2024-10-11 07:00:00,7.4,14.1,0.026,0.14,62.0
2024-10-11 08:00:00,4.6,8.8,0.032,0.45,67.0
2024-10-11 09:00:00,3.2,6.0,0.036,0.68,71.0
2024-10-11 10:00:00,4.5,9.3,0.037,0.85,77.0
2024-10-11 11:00:00,1.8,4.1,0.047,0.94,81.0
2024-10-11 12:00:00,0.6,1.2,0.05,0.95,83.0
2024-10-11 13:00:00,0.5,1.0,0.05,0.88,84.0
2024-10-11 14:00:00,0.6,0.8,0.049,0.74,84.0
2024-10-11 15:00:00,0.6,1.1,0.049,0.19,84.0
2024-10-11 16:00:00,1.0,2.1,0.045,0.21,82.0
2024-10-11 17:00:00,0.8,7.6,0.037,0.07,78.0
2024-10-11 18:00:00,1.8,24.4,0.019,0.0,75.0
2024-10-11 19:00:00,0.3,15.9,0.027,0.0,71.0
2024-10-11 20:00:00,0.2,7.7,0.034,0.0,69.0
2024-10-11 21:00:00,0.1,5.1,0.036,0.0,68.0
2024-10-11 22:00:00,0.1,5.3,0.036,0.0,67.0
2024-10-11 23:00:00,0.1,3.5,0.037,0.0,66.0
2024-10-12 00:00:00,0.0,2.4,0.037,0.0,65.0
2024-10-12 01:00:00,0.0,3.7,0.036,0.0,63.0
2024-10-12 02:00:00,0.2,3.7,0.036,0.0,62.0
2024-10-12 03:00:00,0.2,4.0,0.035,0.0,61.0
2024-10-12 04:00:00,0.3,5.0,,0.0,60.0
2024-10-12 05:00:00,0.2,4.5,0.035,0.0,60.0
2024-10-12 06:00:00,0.3,5.6,0.033,0.01,58.0
2024-10-12 07:00:00,0.6,3.7,0.033,0.16,59.0
2024-10-12 08:00:00,1.5,4.8,0.036,0.4,64.0
2024-10-12 09:00:00,1.7,4.3,0.037,0.69,68.0
2024-10-12 10:00:00,0.9,2.7,0.043,0.83,76.0
2024-10-12 11:00:00,0.7,1.7,0.049,0.95,80.0
2024-10-12 12:00:00,0.3,1.6,0.051,0.95,81.0
2024-10-12 13:00:00,0.2,0.9,0.051,0.88,80.0
2024-10-12 14:00:00,0.1,0.7,0.051,0.73,81.0
2024-10-12 15:00:00,0.3,0.9,0.05,0.18,83.0
2024-10-12 16:00:00,0.2,1.1,0.05,0.24,82.0
2024-10-12 17:00:00,0.8,4.1,0.044,0.06,79.0
2024-10-12 18:00:00,0.2,11.8,0.03,0.0,73.0
2024-10-12 19:00:00,0.1,5.9,0.038,0.0,69.0
2024-10-12 20:00:00,0.2,4.4,0.039,0.0,68.0
2024-10-12 21:00:00,0.4,4.6,0.038,0.0,67.0
2024-10-12 22:00:00,0.6,4.8,0.038,0.0,66.0
2024-10-12 23:00:00,0.1,2.9,0.038,0.0,64.0
2024-10-13 00:00:00,0.1,2.4,0.039,0.0,63.0
2024-10-13 01:00:00,0.2,3.2,0.037,0.0,61.0
2024-10-13 02:00:00,0.2,3.6,0.035,0.0,59.0
2024-10-13 03:00:00,0.2,2.4,0.037,0.0,59.0
2024-10-13 04:00:00,,,0.037,0.0,59.0
2024-10-13 05:00:00,0.5,3.2,0.037,0.0,58.0
2024-10-13 06:00:00,0.4,5.2,0.035,0.01,57.0
2024-10-13 07:00:00,0.6,3.4,0.036,0.16,58.0
2024-10-13 08:00:00,1.1,3.4,0.037,0.44,61.0
2024-10-13 09:00:00,1.2,3.5,0.038,0.67,66.0
2024-10-13 10:00:00,1.0,2.7,0.039,0.83,72.0
2024-10-13 11:00:00,0.4,1.5,0.044,0.93,77.0
2024-10-13 12:00:00,0.2,1.2,0.047,0.93,80.0
2024-10-13 13:00:00,0.3,1.5,0.051,0.9,81.0
2024-10-13 14:00:00,0.1,0.8,0.051,0.72,81.0
2024-10-13 15:00:00,0.1,0.5,0.051,0.17,81.0
2024-10-13 16:00:00,0.1,0.9,0.05,0.22,81.0
2024-10-13 17:00:00,0.2,2.4,0.043,0.06,79.0
2024-10-13 18:00:00,0.3,8.5,0.04,0.0,73.0
2024-10-13 19:00:00,0.1,4.2,0.047,0.0,69.0
2024-10-13 20:00:00,0.1,6.8,0.041,0.0,68.0
2024-10-13 21:00:00,0.1,6.8,0.039,0.0,68.0
2024-10-13 22:00:00,0.1,6.9,0.033,0.0,67.0
2024-10-13 23:00:00,0.2,7.4,0.033,0.0,65.0
2024-10-14 00:00:00,0.2,7.4,0.034,0.0,65.0
2024-10-14 01:00:00,0.4,7.1,0.03,0.0,63.0
2024-10-14 02:00:00,0.2,5.7,0.032,0.0,62.0
2024-10-14 03:00:00,0.2,3.0,0.04,0.0,67.0
2024-10-14 04:00:00,0.2,4.2,0.042,0.0,67.0
2024-10-14 05:00:00,0.5,5.5,0.039,0.0,66.0
2024-10-14 06:00:00,2.4,8.5,0.037,0.0,66.0
2024-10-14 07:00:00,2.9,8.5,0.036,0.12,66.0
2024-10-14 08:00:00,2.1,6.0,0.039,0.42,69.0
2024-10-14 09:00:00,7.3,13.8,0.031,0.65,72.0
2024-10-14 10:00:00,4.3,9.6,0.039,0.82,74.0
2024-10-14 11:00:00,2.7,6.7,0.044,0.91,76.0
2024-10-14 12:00:00,1.0,4.1,0.051,0.84,76.0
2024-10-14 13:00:00,0.9,3.4,0.049,0.43,79.0
2024-10-14 14:00:00,1.5,6.0,0.047,0.41,78.0
2024-10-14 15:00:00,1.2,3.6,0.048,0.21,80.0
2024-10-14 16:00:00,0.8,3.6,0.047,0.21,77.0
2024-10-14 17:00:00,0.5,4.7,0.041,0.05,73.0
2024-10-14 18:00:00,0.3,10.5,0.034,0.0,69.0
2024-10-14 19:00:00,0.1,6.9,0.037,0.0,68.0
2024-10-14 20:00:00,0.2,8.6,0.034,0.0,65.0
2024-10-14 21:00:00,0.1,4.6,0.036,0.0,63.0
2024-10-14 22:00:00,0.2,3.6,0.038,0.0,62.0
2024-10-14 23:00:00,0.1,2.5,0.036,0.0,60.0
2024-10-15 00:00:00,0.1,2.2,0.036,0.0,60.0
2024-10-15 01:00:00,0.2,3.0,0.037,0.0,59.0
2024-10-15 02:00:00,0.1,2.5,0.036,0.0,58.0
2024-10-15 03:00:00,0.3,4.5,0.032,0.0,56.0
2024-10-15 04:00:00,0.6,8.0,0.03,0.0,57.0
2024-10-15 05:00:00,2.0,11.8,0.026,0.0,56.0
2024-10-15 06:00:00,4.3,10.7,0.027,0.01,56.0
2024-10-15 07:00:00,2.6,9.4,0.027,0.14,55.0
2024-10-15 08:00:00,4.2,9.7,0.027,0.4,59.0
2024-10-15 09:00:00,3.0,5.6,0.032,0.63,63.0
2024-10-15 10:00:00,1.8,3.6,0.037,0.8,68.0
2024-10-15 11:00:00,0.8,2.6,0.042,0.9,72.0
2024-10-15 12:00:00,0.9,2.7,0.045,0.91,73.0
2024-10-15 13:00:00,1.2,4.2,0.048,0.83,76.0
2024-10-15 14:00:00,1.2,5.0,0.05,0.69,79.0
2024-10-15 15:00:00,0.8,3.8,0.05,0.14,79.0
2024-10-15 16:00:00,0.4,3.7,0.049,0.18,78.0
2024-10-15 17:00:00,0.6,12.8,0.035,0.05,75.0
2024-10-15 18:00:00,4.4,25.0,0.018,0.0,70.0
2024-10-15 19:00:00,0.7,17.9,0.025,0.0,67.0
2024-10-15 20:00:00,0.4,9.0,0.032,0.0,65.0
2024-10-15 21:00:00,0.1,3.9,0.04,0.0,67.0
2024-10-15 22:00:00,0.1,4.5,0.037,0.0,65.0
2024-10-15 23:00:00,0.2,4.4,0.038,0.0,64.0
2024-10-16 00:00:00,0.5,5.4,0.036,0.0,63.0
2024-10-16 01:00:00,0.2,2.6,0.038,0.0,62.0
2024-10-16 02:00:00,0.1,3.3,0.036,0.0,60.0
2024-10-16 03:00:00,0.2,3.6,0.037,0.0,60.0
2024-10-16 04:00:00,0.3,4.6,0.035,0.0,58.0
2024-10-16 05:00:00,0.7,6.2,0.033,0.0,58.0
2024-10-16 06:00:00,2.6,8.8,0.033,0.01,60.0
2024-10-16 07:00:00,3.3,8.3,0.032,0.15,60.0
2024-10-16 08:00:00,2.6,5.4,0.034,0.42,63.0
2024-10-16 09:00:00,4.4,8.1,0.035,0.64,69.0
2024-10-16 10:00:00,1.2,2.9,0.045,0.79,75.0
2024-10-16 11:00:00,1.1,4.0,0.045,0.42,75.0
2024-10-16 12:00:00,0.9,3.0,0.047,0.81,76.0
2024-10-16 13:00:00,1.7,3.5,0.047,0.73,77.0
2024-10-16 14:00:00,1.6,4.9,0.044,0.35,74.0
2024-10-16 15:00:00,1.0,3.9,0.044,0.21,70.0
2024-10-16 16:00:00,0.7,3.0,0.044,0.13,69.0
2024-10-16 17:00:00,0.4,3.0,0.043,0.03,68.0
2024-10-16 18:00:00,0.3,2.3,0.044,0.0,68.0
2024-10-16 19:00:00,0.2,2.7,0.042,0.0,67.0
2024-10-16 20:00:00,0.2,3.0,0.04,0.0,67.0
2024-10-16 21:00:00,0.1,2.4,0.038,0.0,65.0
2024-10-16 22:00:00,0.1,3.6,0.038,0.0,66.0
2024-10-16 23:00:00,0.2,6.2,0.036,0.0,65.0
2024-10-17 00:00:00,0.1,4.4,0.038,0.0,65.0
2024-10-17 01:00:00,0.1,2.2,0.038,0.0,65.0
2024-10-17 02:00:00,0.1,1.8,0.038,0.0,64.0
2024-10-17 03:00:00,0.1,1.7,0.038,0.0,62.0
2024-10-17 04:00:00,0.3,4.1,0.037,0.0,60.0
2024-10-17 05:00:00,0.2,7.9,0.03,0.0,56.0
2024-10-17 06:00:00,1.1,15.7,0.021,0.0,55.0
2024-10-17 07:00:00,2.4,17.5,0.018,0.04,53.0
2024-10-17 08:00:00,3.3,17.1,0.016,0.07,54.0
2024-10-17 09:00:00,1.9,6.5,0.028,0.19,53.0
2024-10-17 10:00:00,2.8,7.8,0.036,0.22,55.0
2024-10-17 11:00:00,1.9,6.1,0.038,0.49,57.0
2024-10-17 12:00:00,1.5,4.6,0.038,0.51,56.0
2024-10-17 13:00:00,1.0,3.9,0.037,0.4,53.0
2024-10-17 14:00:00,0.6,2.7,0.04,0.25,56.0
2024-10-17 15:00:00,0.5,3.5,0.038,0.16,56.0
2024-10-17 16:00:00,0.3,5.4,0.035,0.06,55.0
2024-10-17 17:00:00,1.7,8.7,0.029,0.01,54.0
2024-10-17 18:00:00,0.3,6.9,0.026,0.0,53.0
2024-10-17 19:00:00,0.1,5.3,0.031,0.0,53.0
2024-10-17 20:00:00,0.1,2.5,0.036,0.0,49.0
2024-10-17 21:00:00,0.0,1.6,0.037,0.0,47.0
2024-10-17 22:00:00,0.1,1.7,0.035,0.0,46.0
2024-10-17 23:00:00,0.0,1.3,0.035,0.0,44.0
2024-10-18 00:00:00,0.1,1.7,0.034,0.0,43.0
2024-10-18 01:00:00,0.0,1.6,0.033,0.0,42.0
2024-10-18 02:00:00,0.0,1.6,0.035,0.0,40.0
2024-10-18 03:00:00,0.1,1.6,0.034,0.0,40.0
2024-10-18 04:00:00,,,0.032,0.0,38.0
2024-10-18 05:00:00,0.2,4.0,0.029,0.0,38.0
2024-10-18 06:00:00,0.4,6.9,0.024,0.0,37.0
2024-10-18 07:00:00,1.9,7.5,0.023,0.02,38.0
2024-10-18 08:00:00,1.5,7.0,0.023,0.08,39.0
2024-10-18 09:00:00,2.0,6.5,0.024,0.12,40.0
2024-10-18 10:00:00,2.8,6.1,0.025,0.28,42.0
2024-10-18 11:00:00,2.9,7.4,0.023,0.19,43.0
2024-10-18 12:00:00,2.1,7.0,0.023,0.23,44.0
2024-10-18 13:00:00,2.2,5.7,0.026,0.36,47.0
2024-10-18 14:00:00,1.8,6.3,0.025,0.24,48.0
2024-10-18 15:00:00,2.1,7.0,0.024,0.18,48.0
2024-10-18 16:00:00,1.6,7.1,0.023,0.13,48.0
2024-10-18 17:00:00,1.3,7.7,0.022,0.02,48.0
2024-10-18 18:00:00,0.4,10.3,0.017,0.0,47.0
2024-10-18 19:00:00,0.3,10.8,0.014,0.0,47.0
2024-10-18 20:00:00,0.5,9.0,0.012,0.0,47.0
2024-10-18 21:00:00,0.4,9.1,0.014,0.0,47.0
2024-10-18 22:00:00,0.3,7.5,0.014,0.0,47.0
2024-10-18 23:00:00,0.6,9.7,0.01,0.0,45.0
2024-10-19 00:00:00,0.5,10.2,0.01,0.0,44.0
2024-10-19 01:00:00,0.5,7.9,0.01,0.0,42.0
2024-10-19 02:00:00,0.6,8.7,0.009,0.0,42.0
2024-10-19 03:00:00,0.2,6.3,0.015,0.0,43.0
2024-10-19 04:00:00,0.5,8.3,,0.0,42.0
2024-10-19 05:00:00,1.4,12.0,0.008,0.0,42.0
2024-10-19 06:00:00,3.8,13.6,0.004,0.0,41.0
2024-10-19 07:00:00,6.6,12.3,0.008,0.13,44.0
2024-10-19 08:00:00,4.4,5.6,0.016,0.41,49.0
2024-10-19 09:00:00,1.8,3.0,0.024,0.63,54.0
2024-10-19 10:00:00,1.2,2.3,0.028,0.79,52.0
2024-10-19 11:00:00,1.0,2.1,0.031,0.88,55.0
2024-10-19 12:00:00,1.1,2.5,0.033,0.89,58.0
2024-10-19 13:00:00,0.9,2.6,0.036,0.81,59.0
2024-10-19 14:00:00,0.9,3.1,0.038,0.66,60.0
2024-10-19 15:00:00,0.9,3.6,0.039,0.08,60.0
2024-10-19 16:00:00,0.6,3.7,0.04,0.13,59.0
2024-10-19 17:00:00,0.2,4.2,0.037,0.04,56.0
2024-10-19 18:00:00,0.1,4.8,0.031,0.0,53.0
2024-10-19 19:00:00,1.3,14.2,0.019,0.0,52.0
2024-10-19 20:00:00,0.5,12.2,0.017,0.0,50.0
2024-10-19 21:00:00,0.3,11.5,0.016,0.0,49.0
2024-10-19 22:00:00,0.4,9.6,0.019,0.0,49.0
2024-10-19 23:00:00,0.4,10.7,0.014,0.0,48.0
2024-10-20 00:00:00,0.4,9.1,0.013,0.0,46.0
2024-10-20 01:00:00,1.6,10.5,0.01,0.0,46.0
2024-10-20 02:00:00,1.0,12.7,0.006,0.0,44.0
2024-10-20 03:00:00,0.6,11.0,0.008,0.0,44.0
2024-10-20 04:00:00,,,0.008,0.0,43.0
2024-10-20 05:00:00,1.8,11.5,0.004,0.0,43.0
2024-10-20 06:00:00,2.5,12.1,0.003,0.0,42.0
2024-10-20 07:00:00,7.4,10.8,0.004,0.06,43.0
2024-10-20 08:00:00,4.8,6.8,0.01,0.21,47.0
2024-10-20 09:00:00,4.1,6.6,0.018,0.4,51.0
2024-10-20 10:00:00,1.7,5.6,0.022,0.26,51.0
2024-10-20 11:00:00,2.0,7.9,0.02,0.19,52.0
2024-10-20 12:00:00,1.2,5.4,0.021,0.19,51.0
2024-10-20 13:00:00,1.3,5.7,0.022,0.21,53.0
2024-10-20 14:00:00,1.7,5.9,0.023,0.3,53.0
2024-10-20 15:00:00,3.0,8.6,0.023,0.29,56.0
2024-10-20 16:00:00,1.3,7.7,0.024,0.2,56.0
2024-10-20 17:00:00,0.3,8.2,0.023,0.03,55.0
2024-10-20 18:00:00,0.7,12.7,0.019,0.0,54.0
2024-10-20 19:00:00,0.6,16.5,0.011,0.0,53.0
2024-10-20 20:00:00,1.8,18.0,0.006,0.0,50.0
2024-10-20 21:00:00,0.8,12.4,0.012,0.0,50.0
2024-10-20 22:00:00,0.4,4.8,0.019,0.0,49.0
2024-10-20 23:00:00,0.3,5.9,0.02,0.0,49.0
2024-10-21 00:00:00,0.5,5.5,0.021,0.0,48.0
2024-10-21 01:00:00,0.6,3.5,0.022,0.0,47.0
2024-10-21 02:00:00,0.4,3.4,0.024,0.0,48.0
2024-10-21 03:00:00,0.6,3.7,0.023,0.0,48.0
2024-10-21 04:00:00,0.9,5.7,0.02,0.0,47.0
2024-10-21 05:00:00,2.1,7.8,0.017,0.0,46.0
2024-10-21 06:00:00,4.7,7.9,0.014,0.0,45.0
2024-10-21 07:00:00,8.5,8.4,0.016,0.12,47.0
2024-10-21 08:00:00,5.4,5.9,0.019,0.4,51.0
2024-10-21 09:00:00,3.5,5.0,0.025,0.62,54.0
2024-10-21 10:00:00,4.3,5.5,0.028,0.79,58.0
2024-10-21 11:00:00,2.2,3.9,0.035,0.74,63.0
2024-10-21 12:00:00,1.4,3.7,0.04,0.86,66.0
2024-10-21 13:00:00,1.5,4.1,0.041,0.81,69.0
2024-10-21 14:00:00,1.1,3.9,0.043,0.66,69.0
2024-10-21 15:00:00,1.3,4.4,0.042,0.05,69.0
2024-10-21 16:00:00,1.5,6.0,0.04,0.11,68.0
2024-10-21 17:00:00,0.8,9.0,0.035,0.03,65.0
2024-10-21 18:00:00,0.9,15.0,0.023,0.0,61.0
2024-10-21 19:00:00,0.4,6.4,0.03,0.0,58.0
2024-10-21 20:00:00,2.2,6.7,0.03,0.0,57.0
2024-10-21 21:00:00,0.3,4.5,0.031,0.0,57.0
2024-10-21 22:00:00,0.6,3.7,0.029,0.0,55.0
2024-10-21 23:00:00,0.3,2.9,0.03,0.0,55.0
2024-10-22 00:00:00,0.3,2.5,0.03,0.0,54.0
2024-10-22 01:00:00,0.3,2.1,0.029,0.0,53.0
2024-10-22 02:00:00,0.2,2.5,0.029,0.0,53.0
2024-10-22 03:00:00,0.3,2.8,0.028,0.0,52.0
2024-10-22 04:00:00,0.5,3.6,0.027,0.0,52.0
2024-10-22 05:00:00,1.3,6.1,0.023,0.0,51.0
2024-10-22 06:00:00,2.1,6.1,0.023,0.0,50.0
2024-10-22 07:00:00,6.3,8.2,0.021,0.11,51.0
2024-10-22 08:00:00,3.9,4.7,0.025,0.4,54.0
2024-10-22 09:00:00,3.9,5.7,0.025,0.6,57.0
2024-10-22 10:00:00,3.8,5.5,0.029,0.78,63.0
2024-10-22 11:00:00,1.3,2.8,0.036,0.84,66.0
2024-10-22 12:00:00,2.2,5.6,0.037,0.47,68.0
2024-10-22 13:00:00,2.6,6.1,0.04,0.84,71.0
2024-10-22 14:00:00,1.3,4.1,0.044,0.65,73.0
2024-10-22 15:00:00,1.0,4.1,0.045,0.07,72.0
2024-10-22 16:00:00,0.8,5.1,0.044,0.11,70.0
2024-10-22 17:00:00,1.9,17.4,0.027,0.02,67.0
2024-10-22 18:00:00,2.2,22.8,0.021,0.0,64.0
2024-10-22 19:00:00,0.6,9.9,0.03,0.0,61.0
2024-10-22 20:00:00,0.4,6.2,0.032,0.0,60.0
2024-10-22 21:00:00,0.4,5.3,0.032,0.0,59.0
2024-10-22 22:00:00,0.4,3.5,0.032,0.0,58.0
2024-10-22 23:00:00,0.3,5.3,0.03,0.0,58.0
2024-10-23 00:00:00,0.4,4.9,0.03,0.0,57.0
2024-10-23 01:00:00,0.5,4.3,0.029,0.0,56.0
2024-10-23 02:00:00,0.3,3.0,0.028,0.0,54.0
2024-10-23 03:00:00,0.5,4.3,0.025,0.0,53.0
2024-10-23 04:00:00,0.7,5.0,0.024,0.0,52.0
2024-10-23 05:00:00,2.1,6.3,0.023,0.0,52.0
2024-10-23 06:00:00,1.6,7.1,0.022,0.0,51.0
2024-10-23 07:00:00,2.9,6.5,0.022,0.11,52.0
2024-10-23 08:00:00,6.2,7.3,0.022,0.39,55.0
2024-10-23 09:00:00,3.8,5.4,0.026,0.61,59.0
2024-10-23 10:00:00,3.7,5.5,0.03,0.78,64.0
2024-10-23 11:00:00,3.4,5.8,0.032,0.86,69.0
2024-10-23 12:00:00,2.3,5.0,0.037,0.87,74.0
2024-10-23 13:00:00,2.5,3.4,0.043,0.8,76.0
2024-10-23 14:00:00,1.7,4.6,0.043,0.63,75.0
2024-10-23 15:00:00,2.7,5.7,0.042,0.04,76.0
2024-10-23 16:00:00,1.9,5.7,0.039,0.1,76.0
2024-10-23 17:00:00,1.7,13.7,0.026,0.02,71.0
2024-10-23 18:00:00,1.5,21.2,0.016,0.0,66.0
2024-10-23 19:00:00,2.2,13.7,0.024,0.0,64.0
2024-10-23 20:00:00,0.3,7.4,0.03,0.0,64.0
2024-10-23 21:00:00,0.3,4.1,0.033,0.0,64.0
2024-10-23 22:00:00,0.2,4.3,0.032,0.0,64.0
2024-10-23 23:00:00,0.2,3.5,0.032,0.0,63.0
2024-10-24 00:00:00,0.1,2.4,0.037,0.0,66.0
2024-10-24 01:00:00,0.2,1.2,0.04,0.0,66.0
2024-10-24 02:00:00,0.0,1.3,0.033,0.0,58.0
2024-10-24 03:00:00,0.1,0.9,0.037,0.0,56.0
2024-10-24 04:00:00,0.0,0.9,0.042,0.0,53.0
2024-10-24 05:00:00,0.1,1.1,0.043,0.0,51.0
2024-10-24 06:00:00,0.2,1.7,0.045,0.0,48.0
2024-10-24 07:00:00,0.8,2.8,0.046,0.1,47.0
2024-10-24 08:00:00,1.1,3.0,0.045,0.39,49.0
2024-10-24 09:00:00,1.3,3.0,0.045,0.61,50.0
2024-10-24 10:00:00,1.3,3.0,0.045,0.78,52.0
2024-10-24 11:00:00,0.8,2.0,0.046,0.87,54.0
2024-10-24 12:00:00,0.6,1.9,0.049,0.87,56.0
2024-10-24 13:00:00,0.6,2.0,0.052,0.81,57.0
2024-10-24 14:00:00,0.8,2.5,0.055,0.62,57.0
2024-10-24 15:00:00,0.5,2.5,0.057,0.04,56.0
2024-10-24 16:00:00,0.6,3.4,0.054,0.09,56.0
2024-10-24 17:00:00,1.4,7.0,0.042,0.03,52.0
2024-10-24 18:00:00,0.9,9.0,0.037,0.0,49.0
2024-10-24 19:00:00,0.7,18.0,0.025,0.0,48.0
2024-10-24 20:00:00,0.5,13.6,0.03,0.0,46.0
2024-10-24 21:00:00,0.8,17.9,0.022,0.0,45.0
2024-10-24 22:00:00,0.4,10.3,0.032,0.0,44.0
2024-10-24 23:00:00,0.3,7.4,0.034,0.0,43.0
2024-10-25 00:00:00,0.4,6.5,0.034,0.0,41.0
2024-10-25 01:00:00,0.3,5.0,0.038,0.0,43.0
2024-10-25 02:00:00,0.3,4.4,0.037,0.0,42.0
2024-10-25 03:00:00,0.4,4.0,0.036,0.0,41.0
2024-10-25 04:00:00,,,0.03,0.0,40.0
2024-10-25 05:00:00,1.3,9.1,0.03,0.0,40.0
2024-10-25 06:00:00,4.0,10.7,0.03,0.0,40.0
2024-10-25 07:00:00,6.3,10.8,0.029,0.1,41.0
2024-10-25 08:00:00,4.0,7.7,0.032,0.39,46.0
2024-10-25 09:00:00,4.0,7.4,0.034,0.61,49.0
2024-10-25 10:00:00,6.3,10.6,0.034,0.77,53.0
2024-10-25 11:00:00,5.1,9.5,0.037,0.86,57.0
2024-10-25 12:00:00,3.4,7.5,0.039,0.85,60.0
2024-10-25 13:00:00,4.2,9.7,0.038,0.79,64.0
2024-10-25 14:00:00,3.7,9.7,0.039,0.58,65.0
2024-10-25 15:00:00,2.2,7.9,0.041,0.12,64.0
2024-10-25 16:00:00,1.2,9.4,0.04,0.1,61.0
2024-10-25 17:00:00,1.6,13.6,0.033,0.01,56.0
2024-10-25 18:00:00,5.0,28.0,0.018,0.0,55.0
2024-10-25 19:00:00,10.5,40.5,0.001,0.0,54.0
2024-10-25 20:00:00,14.1,35.6,0.0,0.0,51.0
2024-10-25 21:00:00,2.8,27.6,0.011,0.0,51.0
2024-10-25 22:00:00,0.6,16.0,0.019,0.0,50.0
2024-10-25 23:00:00,0.4,12.2,0.024,0.0,50.0
2024-10-26 00:00:00,0.5,15.1,0.022,0.0,51.0
2024-10-26 01:00:00,0.4,10.4,0.026,0.0,53.0
2024-10-26 02:00:00,1.2,24.9,0.012,0.0,49.0
2024-10-26 03:00:00,0.6,7.0,0.031,0.0,51.0
2024-10-26 04:00:00,0.4,5.9,,0.0,50.0
2024-10-26 05:00:00,0.7,11.5,0.024,0.0,49.0
2024-10-26 06:00:00,2.6,7.9,0.028,0.0,49.0
2024-10-26 07:00:00,1.3,6.1,0.029,0.1,50.0
2024-10-26 08:00:00,3.2,7.6,0.027,0.38,54.0
2024-10-26 09:00:00,5.0,7.7,0.025,0.6,57.0
2024-10-26 10:00:00,3.6,6.4,0.029,0.77,60.0
2024-10-26 11:00:00,2.7,5.5,0.033,0.85,65.0
2024-10-26 12:00:00,2.4,5.8,0.035,0.86,68.0
2024-10-26 13:00:00,3.1,7.6,0.037,0.79,71.0
2024-10-26 14:00:00,3.7,9.3,0.038,0.55,73.0
2024-10-26 15:00:00,2.0,6.1,0.042,0.11,70.0
2024-10-26 16:00:00,0.6,4.9,0.044,0.07,68.0
2024-10-26 17:00:00,0.3,4.7,0.04,0.01,61.0
2024-10-26 18:00:00,0.8,10.2,0.032,0.0,59.0
2024-10-26 19:00:00,2.5,28.4,0.011,0.0,57.0
2024-10-26 20:00:00,8.5,30.1,0.009,0.0,56.0
2024-10-26 21:00:00,0.3,8.2,0.027,0.0,58.0
2024-10-26 22:00:00,0.3,6.1,0.029,0.0,57.0
2024-10-26 23:00:00,0.3,4.4,0.03,0.0,56.0
2024-10-27 00:00:00,0.2,3.2,0.032,0.0,56.0
2024-10-27 01:00:00,0.8,4.4,0.029,0.0,55.0
2024-10-27 02:00:00,0.2,3.1,0.031,0.0,55.0
2024-10-27 03:00:00,0.4,2.8,0.031,0.0,54.0
2024-10-27 04:00:00,,,0.029,0.0,52.0
2024-10-27 05:00:00,0.5,3.1,0.03,0.0,53.0
2024-10-27 06:00:00,0.6,3.2,0.03,0.0,53.0
2024-10-27 07:00:00,0.9,4.0,0.029,0.07,53.0
2024-10-27 08:00:00,1.4,4.2,0.029,0.18,55.0
2024-10-27 09:00:00,1.5,3.6,0.03,0.38,57.0
2024-10-27 10:00:00,2.4,5.2,0.028,0.21,60.0
2024-10-27 11:00:00,3.5,8.5,0.022,0.29,61.0
2024-10-27 12:00:00,1.3,4.9,0.03,0.3,64.0
2024-10-27 13:00:00,2.7,8.2,0.025,0.35,64.0
2024-10-27 14:00:00,2.2,7.9,0.029,0.33,68.0
2024-10-27 15:00:00,1.6,6.9,0.03,0.22,70.0
2024-10-27 16:00:00,2.9,16.5,0.02,0.08,68.0
2024-10-27 17:00:00,1.5,21.3,0.015,0.01,66.0
2024-10-27 18:00:00,5.4,24.8,0.009,0.0,62.0
2024-10-27 19:00:00,1.5,23.5,0.009,0.0,59.0
2024-10-27 20:00:00,0.6,8.4,0.023,0.0,59.0
2024-10-27 21:00:00,0.5,7.9,0.022,0.0,59.0
2024-10-27 22:00:00,0.5,7.5,0.022,0.0,58.0
2024-10-27 23:00:00,0.4,5.4,0.025,0.0,59.0
2024-10-28 00:00:00,0.5,4.9,0.025,0.0,59.0
2024-10-28 01:00:00,0.5,7.0,0.022,0.0,58.0
2024-10-28 02:00:00,0.6,7.3,0.021,0.0,58.0
2024-10-28 03:00:00,1.1,8.0,0.021,0.0,59.0
2024-10-28 04:00:00,1.7,12.5,0.017,0.0,59.0
2024-10-28 05:00:00,0.7,8.1,0.026,0.0,62.0
2024-10-28 06:00:00,1.9,4.9,0.032,0.0,65.0
2024-10-28 07:00:00,5.7,8.5,0.03,0.03,62.0
2024-10-28 08:00:00,2.7,4.4,0.032,0.3,61.0
2024-10-28 09:00:00,3.7,4.2,0.032,0.5,63.0
2024-10-28 10:00:00,2.0,3.3,0.035,0.7,67.0
2024-10-28 11:00:00,1.5,4.5,0.036,0.93,70.0
2024-10-28 12:00:00,1.4,2.7,0.036,0.78,70.0
2024-10-28 13:00:00,1.4,1.8,0.04,0.7,71.0
2024-10-28 14:00:00,1.3,2.6,0.039,0.54,70.0
2024-10-28 15:00:00,3.4,8.1,0.032,0.06,60.0
2024-10-28 16:00:00,1.2,6.2,0.033,0.04,58.0
2024-10-28 17:00:00,0.2,4.9,0.033,0.0,56.0
2024-10-28 18:00:00,0.2,3.7,0.035,0.0,56.0
2024-10-28 19:00:00,0.1,1.6,0.036,0.0,52.0
2024-10-28 20:00:00,0.1,1.7,0.037,0.0,49.0
2024-10-28 21:00:00,0.1,1.4,0.038,0.0,47.0
2024-10-28 22:00:00,0.1,1.4,0.04,0.0,46.0
2024-10-28 23:00:00,0.1,1.1,0.042,0.0,44.0
2024-10-29 00:00:00,0.1,1.0,0.041,0.0,43.0
2024-10-29 01:00:00,0.0,1.4,0.04,0.0,43.0
2024-10-29 02:00:00,0.1,1.4,0.037,0.0,42.0
2024-10-29 03:00:00,0.2,1.8,0.035,0.0,42.0
2024-10-29 04:00:00,0.0,1.5,0.036,0.0,41.0
2024-10-29 05:00:00,0.1,1.6,0.035,0.0,39.0
2024-10-29 06:00:00,1.7,3.3,0.032,0.0,38.0
2024-10-29 07:00:00,2.8,4.6,0.029,0.0,37.0
2024-10-29 08:00:00,1.4,4.8,0.028,0.02,37.0
2024-10-29 09:00:00,3.2,5.7,0.029,0.03,39.0
2024-10-29 10:00:00,1.7,3.8,0.028,0.05,38.0
2024-10-29 11:00:00,1.5,5.4,0.027,0.07,37.0
2024-10-29 12:00:00,1.7,6.1,0.025,0.07,37.0
2024-10-29 13:00:00,1.6,3.8,0.026,0.08,39.0
2024-10-29 14:00:00,0.2,1.6,0.03,0.07,40.0
2024-10-29 15:00:00,0.3,1.8,0.032,0.07,40.0
2024-10-29 16:00:00,0.9,3.1,0.029,0.07,41.0
2024-10-29 17:00:00,0.9,5.7,0.025,0.01,40.0
2024-10-29 18:00:00,0.3,5.2,0.024,0.0,40.0
2024-10-29 19:00:00,0.1,1.8,0.033,0.0,39.0
2024-10-29 20:00:00,0.1,2.2,0.031,0.0,39.0
2024-10-29 21:00:00,0.2,1.9,0.031,0.0,38.0
2024-10-29 22:00:00,0.1,2.7,0.029,0.0,37.0
2024-10-29 23:00:00,0.2,2.8,0.028,0.0,37.0
2024-10-30 00:00:00,0.3,4.3,0.03,0.0,35.0
2024-10-30 01:00:00,0.3,4.0,0.028,0.0,35.0
2024-10-30 02:00:00,0.7,7.6,0.023,0.0,36.0
2024-10-30 03:00:00,0.4,4.4,0.024,0.0,37.0
2024-10-30 04:00:00,0.7,6.7,0.023,0.0,37.0
2024-10-30 05:00:00,0.8,3.9,0.025,0.0,37.0
2024-10-30 06:00:00,1.1,11.6,0.017,0.0,37.0
2024-10-30 07:00:00,3.1,16.8,0.013,0.02,37.0
2024-10-30 08:00:00,3.8,10.1,0.019,0.08,38.0
2024-10-30 09:00:00,2.0,5.9,0.022,0.07,39.0
2024-10-30 10:00:00,5.2,10.1,0.021,0.19,39.0
2024-10-30 11:00:00,4.0,5.7,0.029,0.82,43.0
2024-10-30 12:00:00,1.5,3.7,0.032,0.51,45.0
2024-10-30 13:00:00,1.0,2.2,0.036,0.35,47.0
2024-10-30 14:00:00,1.1,3.2,0.035,0.39,45.0
2024-10-30 15:00:00,0.8,2.6,0.034,0.19,46.0
2024-10-30 16:00:00,1.1,5.1,0.032,0.1,45.0
2024-10-30 17:00:00,0.4,9.7,0.026,0.02,43.0
2024-10-30 18:00:00,0.9,10.9,0.021,0.0,41.0
2024-10-30 19:00:00,1.0,9.3,0.021,0.0,39.0
2024-10-30 20:00:00,1.3,12.3,0.019,0.0,38.0
2024-10-30 21:00:00,0.6,6.9,0.023,0.0,37.0
2024-10-30 22:00:00,1.6,6.1,0.022,0.0,37.0
2024-10-30 23:00:00,0.6,3.2,0.025,0.0,37.0
2024-10-31 00:00:00,0.6,4.4,0.025,0.0,37.0
2024-10-31 01:00:00,0.8,4.2,0.026,0.0,38.0
2024-10-31 02:00:00,0.5,4.8,0.027,0.0,38.0
2024-10-31 03:00:00,0.7,3.4,0.027,0.0,38.0
2024-10-31 04:00:00,0.5,3.8,0.03,0.0,39.0
2024-10-31 05:00:00,1.1,4.4,0.029,0.0,39.0
2024-10-31 06:00:00,1.4,5.2,0.028,0.0,40.0
2024-10-31 07:00:00,3.8,7.6,0.023,0.03,39.0
2024-10-31 08:00:00,2.6,5.4,0.029,0.21,41.0
2024-10-31 09:00:00,3.2,4.6,0.028,0.35,43.0
2024-10-31 10:00:00,,,0.028,0.45,45.0
2024-10-31 11:00:00,,,,0.82,50.0
2024-10-31 12:00:00,,,0.04,0.64,53.0
2024-10-31 13:00:00,,,0.039,0.29,53.0
2024-10-31 14:00:00,,,0.042,0.41,55.0
2024-10-31 15:00:00,,,0.041,0.21,55.0
2024-10-31 16:00:00,1.4,4.6,0.036,0.08,53.0
2024-10-31 17:00:00,1.1,6.6,0.029,0.01,50.0
2024-10-31 18:00:00,1.9,14.0,0.022,0.0,48.0
2024-10-31 19:00:00,0.4,9.1,0.027,0.0,47.0
2024-10-31 20:00:00,0.6,8.5,0.026,0.0,46.0
2024-10-31 21:00:00,0.4,7.9,0.026,0.0,43.0
2024-10-31 22:00:00,0.2,2.9,0.033,0.0,43.0
2024-10-31 23:00:00,0.4,5.6,0.028,0.0,41.0
2024-11-01 00:00:00,0.2,4.8,0.028,0.0,40.0
2024-11-01 01:00:00,0.3,6.6,0.027,0.0,40.0
2024-11-01 02:00:00,0.9,7.4,0.021,0.0,38.0
2024-11-01 03:00:00,0.9,6.5,0.023,0.0,37.0
2024-11-01 04:00:00,,,0.02,0.0,37.0
2024-11-01 05:00:00,1.7,11.5,0.018,0.0,37.0
2024-11-01 06:00:00,,,0.016,0.0,37.0
2024-11-01 07:00:00,,,0.018,0.05,38.0
2024-11-01 08:00:00,,,0.012,0.2,39.0
2024-11-01 09:00:00,3.5,6.0,0.026,0.5,43.0
2024-11-01 10:00:00,5.4,7.1,0.028,0.65,45.0
2024-11-01 11:00:00,3.7,6.2,0.032,0.72,49.0
2024-11-01 12:00:00,2.4,4.6,0.035,0.74,53.0
2024-11-01 13:00:00,5.1,8.7,0.033,0.72,57.0
2024-11-01 14:00:00,2.8,6.5,0.037,0.43,57.0
2024-11-01 15:00:00,1.2,4.9,0.039,0.2,55.0
2024-11-01 16:00:00,2.8,10.4,0.033,0.1,54.0
2024-11-01 17:00:00,1.1,20.5,0.022,0.01,52.0
2024-11-01 18:00:00,1.3,25.1,0.013,0.0,49.0
2024-11-01 19:00:00,0.9,14.5,0.023,0.0,48.0
2024-11-01 20:00:00,0.3,4.8,0.035,0.0,50.0
2024-11-01 21:00:00,0.3,4.4,0.034,0.0,50.0
2024-11-01 22:00:00,0.6,4.7,0.033,0.0,50.0
2024-11-01 23:00:00,0.4,3.6,0.034,0.0,50.0
2024-11-02 00:00:00,0.4,3.7,0.035,0.0,50.0
2024-11-02 01:00:00,0.5,3.5,0.035,0.0,50.0
2024-11-02 02:00:00,0.4,3.6,0.034,0.0,50.0
2024-11-02 03:00:00,0.7,3.4,0.033,0.0,49.0
2024-11-02 04:00:00,0.5,4.1,,0.0,49.0
2024-11-02 05:00:00,1.3,7.0,0.027,0.0,47.0
2024-11-02 06:00:00,0.9,7.2,0.026,0.0,45.0
2024-11-02 07:00:00,1.6,8.4,0.025,0.08,46.0
2024-11-02 08:00:00,4.0,7.9,0.024,0.2,47.0
2024-11-02 09:00:00,5.1,8.7,0.024,0.39,50.0
2024-11-02 10:00:00,3.6,8.3,0.027,0.47,53.0
2024-11-02 11:00:00,1.7,3.4,0.036,0.72,58.0
2024-11-02 12:00:00,0.6,1.9,0.043,0.35,56.0
2024-11-02 13:00:00,0.6,1.8,0.046,0.23,55.0
2024-11-02 14:00:00,0.5,2.6,0.042,0.13,53.0
2024-11-02 15:00:00,0.4,2.1,0.045,0.08,50.0
2024-11-02 16:00:00,0.2,1.4,0.044,0.06,47.0
2024-11-02 17:00:00,0.3,2.0,0.041,0.0,45.0
2024-11-02 18:00:00,0.1,4.0,0.041,0.0,44.0
2024-11-02 19:00:00,0.2,6.1,0.039,0.0,44.0
2024-11-02 20:00:00,0.3,5.1,0.039,0.0,43.0
2024-11-02 21:00:00,0.4,5.5,0.036,0.0,42.0
2024-11-02 22:00:00,0.4,3.5,0.039,0.0,42.0
2024-11-02 23:00:00,0.2,3.4,0.037,0.0,41.0
2024-11-03 00:00:00,0.5,4.2,0.036,0.0,42.0
2024-11-03 01:00:00,0.2,1.8,0.035,0.0,40.0
2024-11-03 02:00:00,0.1,1.4,0.038,0.0,37.0
2024-11-03 03:00:00,0.1,1.7,0.037,0.0,36.0
2024-11-03 04:00:00,,,0.036,0.0,35.0
2024-11-03 05:00:00,0.1,1.1,0.038,0.0,37.0
2024-11-03 06:00:00,0.1,1.7,0.034,0.0,37.0
2024-11-03 07:00:00,0.2,3.3,0.031,0.02,38.0
2024-11-03 08:00:00,0.4,3.6,0.032,0.08,38.0
2024-11-03 09:00:00,0.5,3.4,0.032,0.15,38.0
2024-11-03 10:00:00,1.4,4.3,0.031,0.26,38.0
2024-11-03 11:00:00,1.6,2.9,0.035,0.76,42.0
2024-11-03 12:00:00,0.9,2.2,0.036,0.58,43.0
2024-11-03 13:00:00,0.5,1.5,0.037,0.32,42.0
2024-11-03 14:00:00,0.3,0.9,0.038,0.26,42.0
2024-11-03 15:00:00,0.3,0.9,0.039,0.09,42.0
2024-11-03 16:00:00,0.2,1.1,0.038,0.1,42.0
2024-11-03 17:00:00,0.2,1.0,0.038,0.01,41.0
2024-11-03 18:00:00,0.1,1.9,0.036,0.0,39.0
2024-11-03 19:00:00,0.1,3.4,0.032,0.0,38.0
2024-11-03 20:00:00,0.2,5.9,0.027,0.0,37.0
2024-11-03 21:00:00,0.3,10.7,0.018,0.0,34.0
2024-11-03 22:00:00,0.4,10.9,0.018,0.0,34.0
2024-11-03 23:00:00,1.0,13.2,0.014,0.0,33.0
2024-11-04 00:00:00,0.4,13.1,0.014,0.0,33.0
2024-11-04 01:00:00,0.6,9.0,0.019,0.0,33.0
2024-11-04 02:00:00,0.5,11.9,0.016,0.0,33.0
2024-11-04 03:00:00,0.8,11.3,0.015,0.0,32.0
2024-11-04 04:00:00,1.2,14.2,0.012,0.0,31.0
2024-11-04 05:00:00,5.5,18.2,0.01,0.0,31.0
2024-11-04 06:00:00,9.9,26.6,0.002,0.0,31.0
2024-11-04 07:00:00,29.6,26.6,0.003,0.06,31.0
2024-11-04 08:00:00,21.7,16.8,0.014,0.33,37.0
2024-11-04 09:00:00,5.6,7.6,0.023,0.54,42.0
2024-11-04 10:00:00,5.1,5.9,0.026,0.69,42.0
2024-11-04 11:00:00,3.7,5.6,0.029,0.77,43.0
2024-11-04 12:00:00,2.9,4.9,0.032,0.78,44.0
2024-11-04 13:00:00,2.1,3.9,0.035,0.73,46.0
2024-11-04 14:00:00,1.8,3.8,0.036,0.44,46.0
2024-11-04 15:00:00,0.8,2.4,0.038,0.05,45.0
2024-11-04 16:00:00,0.6,3.7,0.036,0.04,44.0
2024-11-04 17:00:00,0.8,6.5,0.03,0.01,41.0
2024-11-04 18:00:00,1.2,6.8,0.028,0.0,39.0
2024-11-04 19:00:00,2.1,13.6,0.017,0.0,37.0
2024-11-04 20:00:00,2.3,22.9,0.007,0.0,36.0
2024-11-04 21:00:00,3.1,22.0,0.008,0.0,36.0
2024-11-04 22:00:00,2.4,21.3,0.01,0.0,35.0
2024-11-04 23:00:00,1.2,17.4,0.012,0.0,35.0
2024-11-05 00:00:00,0.6,9.8,0.017,0.0,36.0
2024-11-05 01:00:00,0.3,4.7,0.024,0.0,38.0
2024-11-05 02:00:00,0.7,9.0,0.019,0.0,38.0
2024-11-05 03:00:00,0.4,6.5,0.022,0.0,38.0
2024-11-05 04:00:00,0.6,8.3,0.021,0.0,38.0
2024-11-05 05:00:00,0.5,5.5,0.026,0.0,39.0
2024-11-05 06:00:00,0.8,4.0,0.025,0.0,38.0
2024-11-05 07:00:00,3.1,14.3,0.015,0.02,38.0
2024-11-05 08:00:00,7.6,18.3,0.013,0.1,40.0
2024-11-05 09:00:00,1.5,7.0,0.028,0.08,38.0
2024-11-05 10:00:00,4.0,6.1,0.03,0.08,37.0
2024-11-05 11:00:00,0.6,2.2,0.039,0.08,36.0
2024-11-05 12:00:00,0.4,1.6,0.039,0.14,37.0
2024-11-05 13:00:00,1.7,4.2,0.035,0.26,37.0
2024-11-05 14:00:00,2.0,4.8,0.036,0.17,37.0
2024-11-05 15:00:00,0.7,2.0,0.038,0.11,38.0
2024-11-05 16:00:00,0.7,2.6,0.036,0.07,34.0
2024-11-05 17:00:00,0.3,2.4,0.036,0.0,33.0
2024-11-05 18:00:00,0.2,3.2,0.034,0.0,33.0
2024-11-05 19:00:00,0.2,4.5,0.031,0.0,33.0
2024-11-05 20:00:00,0.3,8.0,0.026,0.0,32.0
2024-11-05 21:00:00,0.9,7.7,0.026,0.0,33.0
2024-11-05 22:00:00,0.5,5.8,0.028,0.0,33.0
2024-11-05 23:00:00,0.2,5.3,0.027,0.0,33.0
2024-11-06 00:00:00,0.4,6.1,0.025,0.0,33.0
2024-11-06 01:00:00,0.3,5.7,0.024,0.0,33.0
2024-11-06 02:00:00,0.5,9.0,0.022,0.0,33.0
2024-11-06 03:00:00,0.2,7.3,0.023,0.0,32.0
2024-11-06 04:00:00,0.3,8.8,0.021,0.0,32.0
2024-11-06 05:00:00,1.5,14.1,0.015,0.0,31.0
2024-11-06 06:00:00,3.9,19.6,0.009,0.0,31.0
2024-11-06 07:00:00,7.6,20.3,0.01,0.03,31.0
2024-11-06 08:00:00,13.9,15.4,0.014,0.31,35.0
2024-11-06 09:00:00,5.9,7.3,0.022,0.44,38.0
2024-11-06 10:00:00,3.4,5.3,0.027,0.64,38.0
2024-11-06 11:00:00,2.9,4.2,0.029,0.7,40.0
2024-11-06 12:00:00,2.6,4.4,0.03,0.72,41.0
2024-11-06 13:00:00,1.6,3.6,0.032,0.65,42.0
2024-11-06 14:00:00,1.7,4.1,0.032,0.41,43.0
2024-11-06 15:00:00,1.1,4.4,0.032,0.15,41.0
2024-11-06 16:00:00,0.6,3.8,0.032,0.06,41.0
2024-11-06 17:00:00,0.5,4.4,0.03,0.0,39.0
2024-11-06 18:00:00,0.4,6.3,0.025,0.0,37.0
2024-11-06 19:00:00,2.8,19.4,0.013,0.0,35.0
2024-11-06 20:00:00,2.3,15.2,0.019,0.0,35.0
2024-11-06 21:00:00,2.1,10.0,0.022,0.0,35.0
2024-11-06 22:00:00,1.7,9.9,0.022,0.0,33.0
2024-11-06 23:00:00,0.7,9.0,0.02,0.0,32.0
2024-11-07 00:00:00,1.0,5.3,0.025,0.0,31.0
2024-11-07 01:00:00,1.3,6.5,0.024,0.0,31.0
2024-11-07 02:00:00,1.5,7.0,0.022,0.0,30.0
2024-11-07 03:00:00,2.6,10.6,0.019,0.0,29.0
2024-11-07 04:00:00,2.4,10.1,0.018,0.0,28.0
2024-11-07 05:00:00,3.9,10.5,0.016,0.0,27.0
2024-11-07 06:00:00,10.9,22.4,0.007,0.0,26.0
2024-11-07 07:00:00,7.5,16.1,0.015,0.05,27.0
2024-11-07 08:00:00,9.7,11.8,0.018,0.32,32.0
2024-11-07 09:00:00,7.9,8.4,0.022,0.53,36.0
2024-11-07 10:00:00,5.9,7.1,0.025,0.69,38.0
2024-11-07 11:00:00,6.8,6.3,0.028,0.78,41.0
2024-11-07 12:00:00,4.0,5.5,0.03,0.79,43.0
2024-11-07 13:00:00,2.2,3.9,0.033,0.72,44.0
2024-11-07 14:00:00,1.9,3.6,0.034,0.4,46.0
2024-11-07 15:00:00,1.4,3.6,0.035,0.04,44.0
2024-11-07 16:00:00,1.6,5.9,0.032,0.03,43.0
2024-11-07 17:00:00,4.4,15.2,0.021,0.0,40.0
2024-11-07 18:00:00,9.8,19.9,0.015,0.0,37.0
2024-11-07 19:00:00,5.4,21.6,0.009,0.0,35.0
2024-11-07 20:00:00,13.3,31.0,0.001,0.0,34.0
2024-11-07 21:00:00,4.1,21.9,0.009,0.0,32.0
2024-11-07 22:00:00,1.4,13.8,0.015,0.0,31.0
2024-11-07 23:00:00,0.9,8.5,0.019,0.0,30.0
2024-11-08 00:00:00,0.8,7.3,0.019,0.0,30.0
2024-11-08 01:00:00,1.0,6.7,0.021,0.0,30.0
2024-11-08 02:00:00,1.3,8.7,0.018,0.0,28.0
2024-11-08 03:00:00,1.6,10.5,0.016,0.0,28.0
2024-11-08 04:00:00,,,0.016,0.0,27.0
2024-11-08 05:00:00,3.5,12.5,0.012,0.0,26.0
2024-11-08 06:00:00,4.9,17.3,0.009,0.0,27.0
2024-11-08 07:00:00,7.0,14.0,0.013,0.04,27.0
2024-11-08 08:00:00,14.3,13.6,0.016,0.3,32.0
2024-11-08 09:00:00,6.0,7.0,0.021,0.51,34.0
2024-11-08 10:00:00,5.7,6.8,0.024,0.68,39.0
2024-11-08 11:00:00,5.5,7.1,0.026,0.71,43.0
2024-11-08 12:00:00,2.8,5.0,0.031,0.77,45.0
2024-11-08 13:00:00,2.1,4.6,0.033,0.69,46.0
2024-11-08 14:00:00,1.3,3.9,0.035,0.38,48.0
2024-11-08 15:00:00,2.4,5.5,0.036,0.05,45.0
2024-11-08 16:00:00,0.7,5.3,0.035,0.03,44.0
2024-11-08 17:00:00,1.1,9.8,0.028,0.0,40.0
2024-11-08 18:00:00,0.3,11.7,0.024,0.0,39.0
2024-11-08 19:00:00,6.9,32.0,0.003,0.0,39.0
2024-11-08 20:00:00,2.6,28.6,0.003,0.0,37.0
2024-11-08 21:00:00,9.9,21.2,0.009,0.0,37.0
2024-11-08 22:00:00,12.6,29.4,0.0,0.0,35.0
2024-11-08 23:00:00,4.4,19.7,0.01,0.0,35.0
2024-11-09 00:00:00,1.4,12.7,0.014,0.0,33.0
2024-11-09 01:00:00,1.9,15.1,0.01,0.0,33.0
2024-11-09 02:00:00,1.5,13.2,0.014,0.0,33.0
2024-11-09 03:00:00,1.2,11.0,0.015,0.0,34.0
2024-11-09 04:00:00,1.0,12.1,,0.0,33.0
2024-11-09 05:00:00,1.7,15.3,0.006,0.0,32.0
2024-11-09 06:00:00,2.9,16.9,0.008,0.0,31.0
2024-11-09 07:00:00,3.8,13.8,0.011,0.02,32.0
2024-11-09 08:00:00,14.6,15.9,0.008,0.14,32.0
2024-11-09 09:00:00,7.6,9.3,0.018,0.48,40.0
2024-11-09 10:00:00,10.2,11.1,0.019,0.66,43.0
2024-11-09 11:00:00,4.6,7.5,0.027,0.75,46.0
2024-11-09 12:00:00,2.1,5.3,0.033,0.75,49.0
2024-11-09 13:00:00,2.3,5.9,0.033,0.69,53.0
2024-11-09 14:00:00,1.3,4.6,0.037,0.37,52.0
2024-11-09 15:00:00,0.6,3.6,0.04,0.04,51.0
2024-11-09 16:00:00,0.4,4.3,0.038,0.03,51.0
2024-11-09 17:00:00,0.7,7.5,0.03,0.0,45.0
2024-11-09 18:00:00,0.9,11.7,0.023,0.0,42.0
2024-11-09 19:00:00,1.7,20.2,0.015,0.0,42.0
2024-11-09 20:00:00,1.2,10.2,0.026,0.0,42.0
2024-11-09 21:00:00,0.5,6.9,0.027,0.0,41.0
2024-11-09 22:00:00,0.7,7.8,0.026,0.0,40.0
2024-11-09 23:00:00,0.7,6.0,0.028,0.0,41.0
2024-11-10 00:00:00,0.9,5.3,0.028,0.0,40.0
2024-11-10 01:00:00,1.0,4.9,0.028,0.0,40.0
2024-11-10 02:00:00,1.0,3.5,0.027,0.0,39.0
2024-11-10 03:00:00,1.3,6.3,0.025,0.0,38.0
2024-11-10 04:00:00,,,0.026,0.0,37.0
2024-11-10 05:00:00,0.9,3.0,0.027,0.0,38.0
2024-11-10 06:00:00,1.5,8.0,0.02,0.0,36.0
2024-11-10 07:00:00,1.5,7.0,0.024,0.03,36.0
2024-11-10 08:00:00,2.9,6.1,0.024,0.29,40.0
2024-11-10 09:00:00,5.9,7.6,0.024,0.5,43.0
2024-11-10 10:00:00,2.3,4.1,0.029,0.66,47.0
2024-11-10 11:00:00,1.3,3.2,0.032,0.74,52.0
2024-11-10 12:00:00,0.9,2.8,0.035,0.73,56.0
2024-11-10 13:00:00,1.9,4.9,0.037,0.68,61.0
2024-11-10 14:00:00,1.3,4.2,0.04,0.37,64.0
2024-11-10 15:00:00,1.0,4.7,0.04,0.05,62.0
2024-11-10 16:00:00,1.5,11.1,0.033,0.03,60.0
2024-11-10 17:00:00,1.2,17.9,0.019,0.0,55.0
2024-11-10 18:00:00,2.2,22.9,0.012,0.0,51.0
2024-11-10 19:00:00,1.0,9.8,0.026,0.0,52.0
2024-11-10 20:00:00,1.2,8.4,0.03,0.0,53.0
2024-11-10 21:00:00,0.5,3.6,0.036,0.0,53.0
2024-11-10 22:00:00,0.4,3.5,0.035,0.0,52.0
2024-11-10 23:00:00,0.4,2.8,0.034,0.0,50.0
2024-11-11 00:00:00,0.5,2.7,0.033,0.0,49.0
2024-11-11 01:00:00,0.7,3.8,0.031,0.0,48.0
2024-11-11 02:00:00,0.4,2.7,0.032,0.0,47.0
2024-11-11 03:00:00,0.5,3.0,0.032,0.0,46.0
2024-11-11 04:00:00,0.8,3.2,0.03,0.0,45.0
2024-11-11 05:00:00,0.9,4.1,0.029,0.0,44.0
2024-11-11 06:00:00,1.1,4.7,0.03,0.0,45.0
2024-11-11 07:00:00,2.2,6.1,0.028,0.02,46.0
2024-11-11 08:00:00,4.6,6.1,0.029,0.29,49.0
2024-11-11 09:00:00,5.6,5.9,0.029,0.5,51.0
2024-11-11 10:00:00,3.2,5.1,0.032,0.66,54.0
2024-11-11 11:00:00,3.5,5.3,0.034,0.75,59.0
2024-11-11 12:00:00,2.2,4.5,0.037,0.76,64.0
2024-11-11 13:00:00,1.9,4.0,0.038,0.69,66.0
2024-11-11 14:00:00,1.3,3.4,0.042,0.35,68.0
2024-11-11 15:00:00,2.0,3.8,0.042,0.04,68.0
2024-11-11 16:00:00,2.1,8.2,0.033,0.03,64.0
2024-11-11 17:00:00,1.0,6.0,0.034,0.0,59.0
2024-11-11 18:00:00,0.4,3.9,0.035,0.0,56.0
2024-11-11 19:00:00,0.7,3.6,0.035,0.0,55.0
2024-11-11 20:00:00,0.3,2.6,0.035,0.0,54.0
2024-11-11 21:00:00,0.3,2.3,0.035,0.0,53.0
2024-11-11 22:00:00,0.2,2.5,0.034,0.0,53.0
2024-11-11 23:00:00,0.5,3.6,0.034,0.0,53.0
2024-11-12 00:00:00,0.3,2.6,0.035,0.0,53.0
2024-11-12 01:00:00,0.3,2.0,0.034,0.0,52.0
2024-11-12 02:00:00,0.7,6.1,0.028,0.0,51.0
2024-11-12 03:00:00,0.1,2.0,0.04,0.0,52.0
2024-11-12 04:00:00,0.3,2.0,0.042,0.0,50.0
2024-11-12 05:00:00,0.5,3.5,0.04,0.0,47.0
2024-11-12 06:00:00,0.8,8.5,0.032,0.0,46.0
2024-11-12 07:00:00,0.9,5.4,0.036,0.01,43.0
2024-11-12 08:00:00,0.3,2.7,0.036,0.02,40.0
2024-11-12 09:00:00,0.5,3.0,0.033,0.05,37.0
2024-11-12 10:00:00,0.5,2.3,0.033,0.14,38.0
2024-11-12 11:00:00,0.9,3.5,0.031,0.18,38.0
2024-11-12 12:00:00,0.6,3.4,0.031,0.13,38.0
2024-11-12 13:00:00,0.6,3.0,0.032,0.15,39.0
2024-11-12 14:00:00,0.7,2.8,0.032,0.16,40.0
2024-11-12 15:00:00,0.7,3.6,0.032,0.11,40.0
2024-11-12 16:00:00,1.1,6.2,0.028,0.03,39.0
2024-11-12 17:00:00,2.2,11.6,0.021,0.0,38.0
2024-11-12 18:00:00,1.8,14.0,0.015,0.0,37.0
2024-11-12 19:00:00,3.5,25.3,0.006,0.0,37.0
2024-11-12 20:00:00,4.5,25.9,0.003,0.0,36.0
2024-11-12 21:00:00,13.5,23.9,0.0,0.0,33.0
2024-11-12 22:00:00,14.0,23.3,0.0,0.0,32.0
2024-11-12 23:00:00,13.0,27.0,0.001,0.0,32.0
2024-11-13 00:00:00,1.5,13.4,0.014,0.0,31.0
2024-11-13 01:00:00,1.3,6.7,0.022,0.0,32.0
2024-11-13 02:00:00,1.1,5.0,0.022,0.0,32.0
2024-11-13 03:00:00,1.3,5.4,0.023,0.0,31.0
2024-11-13 04:00:00,1.4,5.3,0.022,0.0,31.0
2024-11-13 05:00:00,3.0,8.3,0.019,0.0,31.0
2024-11-13 06:00:00,2.5,8.9,0.022,0.0,32.0
2024-11-13 07:00:00,6.1,10.2,0.023,0.04,33.0
2024-11-13 08:00:00,4.2,5.9,0.027,0.25,35.0
2024-11-13 09:00:00,4.9,6.0,0.03,0.46,39.0
2024-11-13 10:00:00,5.8,6.9,0.027,0.51,41.0
2024-11-13 11:00:00,4.5,6.9,0.027,0.63,44.0
2024-11-13 12:00:00,6.3,8.4,0.027,0.71,47.0
2024-11-13 13:00:00,4.6,6.4,0.027,0.67,49.0
2024-11-13 14:00:00,2.6,4.9,0.03,0.36,52.0
2024-11-13 15:00:00,2.3,6.1,0.03,0.07,50.0
2024-11-13 16:00:00,4.0,15.5,0.021,0.06,49.0
2024-11-13 17:00:00,10.9,34.1,0.003,0.0,47.0
2024-11-13 18:00:00,2.6,15.0,0.025,0.0,48.0
2024-11-13 19:00:00,0.6,5.3,0.034,0.0,48.0
2024-11-13 20:00:00,0.6,4.7,0.034,0.0,46.0
2024-11-13 21:00:00,0.8,5.4,0.033,0.0,46.0
2024-11-13 22:00:00,0.7,4.6,0.034,0.0,46.0
2024-11-13 23:00:00,0.6,4.2,0.034,0.0,45.0
2024-11-14 00:00:00,0.5,2.9,0.035,0.0,44.0
2024-11-14 01:00:00,0.5,2.9,0.035,0.0,44.0
2024-11-14 02:00:00,0.5,3.2,0.034,0.0,43.0
2024-11-14 03:00:00,0.7,3.9,0.032,0.0,42.0
2024-11-14 04:00:00,0.8,4.3,0.031,0.0,42.0
2024-11-14 05:00:00,1.1,5.0,0.029,0.0,40.0
2024-11-14 06:00:00,1.9,6.2,0.028,0.0,40.0
2024-11-14 07:00:00,3.2,8.3,0.027,0.02,40.0
2024-11-14 08:00:00,2.8,5.4,0.03,0.28,42.0
2024-11-14 09:00:00,2.7,4.2,0.033,0.49,45.0
2024-11-14 10:00:00,5.1,6.3,0.033,0.65,49.0
2024-11-14 11:00:00,4.0,5.3,0.034,0.73,53.0
2024-11-14 12:00:00,2.4,4.4,0.034,0.74,57.0
2024-11-14 13:00:00,2.2,4.5,0.034,0.67,58.0
2024-11-14 14:00:00,1.6,4.4,0.036,0.35,60.0
2024-11-14 15:00:00,1.5,5.5,0.035,0.07,58.0
2024-11-14 16:00:00,2.5,13.3,0.028,0.04,55.0
2024-11-14 17:00:00,21.4,39.4,0.004,0.0,52.0
2024-11-14 18:00:00,1.5,8.3,0.032,0.0,53.0
2024-11-14 19:00:00,0.8,5.9,0.033,0.0,51.0
2024-11-14 20:00:00,0.6,4.4,0.035,0.0,51.0
2024-11-14 21:00:00,0.6,4.1,0.036,0.0,50.0
2024-11-14 22:00:00,0.6,4.1,0.036,0.0,49.0
2024-11-14 23:00:00,0.6,3.5,0.036,0.0,49.0
2024-11-15 00:00:00,0.5,3.3,0.037,0.0,49.0
2024-11-15 01:00:00,0.5,3.5,0.037,0.0,48.0
2024-11-15 02:00:00,0.6,3.7,0.037,0.0,48.0
2024-11-15 03:00:00,0.6,3.5,0.037,0.0,48.0
2024-11-15 04:00:00,,,0.036,0.0,47.0
2024-11-15 05:00:00,1.0,4.3,0.034,0.0,46.0
2024-11-15 06:00:00,2.6,9.0,0.028,0.0,44.0
2024-11-15 07:00:00,5.7,10.9,0.027,0.02,44.0
2024-11-15 08:00:00,8.9,12.3,0.024,0.28,46.0
2024-11-15 09:00:00,5.0,9.4,0.026,0.44,50.0
2024-11-15 10:00:00,2.7,5.6,0.027,0.44,50.0
2024-11-15 11:00:00,1.9,5.9,0.028,0.22,47.0
2024-11-15 12:00:00,3.1,5.8,0.038,0.46,52.0
2024-11-15 13:00:00,1.4,2.3,0.042,0.51,54.0
2024-11-15 14:00:00,1.0,1.9,0.045,0.34,53.0
2024-11-15 15:00:00,0.6,1.8,0.046,0.15,51.0
2024-11-15 16:00:00,0.6,2.5,0.043,0.04,48.0
2024-11-15 17:00:00,0.4,4.3,0.038,0.0,45.0
2024-11-15 18:00:00,0.3,3.6,0.039,0.0,45.0
2024-11-15 19:00:00,0.2,2.8,0.039,0.0,44.0
2024-11-15 20:00:00,0.2,1.7,0.037,0.0,42.0
2024-11-15 21:00:00,0.1,1.4,0.036,0.0,42.0
2024-11-15 22:00:00,0.2,1.4,0.035,0.0,40.0
2024-11-15 23:00:00,0.5,2.4,0.032,0.0,38.0
2024-11-16 00:00:00,0.3,2.2,0.034,0.0,38.0
2024-11-16 01:00:00,0.2,1.4,0.034,0.0,38.0
2024-11-16 02:00:00,0.2,1.6,0.032,0.0,37.0
2024-11-16 03:00:00,0.1,2.0,0.032,0.0,36.0
2024-11-16 04:00:00,0.1,0.9,,0.0,36.0
2024-11-16 05:00:00,0.1,1.7,0.029,0.0,34.0
2024-11-16 06:00:00,0.3,1.7,0.03,0.0,32.0
2024-11-16 07:00:00,0.3,1.8,0.031,0.0,32.0
2024-11-16 08:00:00,3.4,9.6,0.023,0.05,33.0
2024-11-16 09:00:00,3.8,8.2,0.024,0.17,34.0
2024-11-16 10:00:00,3.3,6.4,0.026,0.25,35.0
2024-11-16 11:00:00,4.4,6.5,0.026,0.37,37.0
2024-11-16 12:00:00,2.7,5.7,0.028,0.33,39.0
2024-11-16 13:00:00,1.4,4.2,0.029,0.28,38.0
2024-11-16 14:00:00,1.1,4.9,0.027,0.12,37.0
2024-11-16 15:00:00,0.5,2.7,0.028,0.11,37.0
2024-11-16 16:00:00,0.5,3.4,0.027,0.04,37.0
2024-11-16 17:00:00,1.2,3.9,0.026,0.0,37.0
2024-11-16 18:00:00,0.1,3.6,0.026,0.0,36.0
2024-11-16 19:00:00,0.2,3.2,0.025,0.0,36.0
2024-11-16 20:00:00,0.5,5.3,0.023,0.0,36.0
2024-11-16 21:00:00,0.4,7.6,0.017,0.0,34.0
2024-11-16 22:00:00,2.6,20.3,0.007,0.0,35.0
2024-11-16 23:00:00,3.1,14.9,0.011,0.0,33.0
2024-11-17 00:00:00,1.1,9.6,0.017,0.0,32.0
2024-11-17 01:00:00,1.5,8.0,0.017,0.0,31.0
2024-11-17 02:00:00,1.6,8.9,0.016,0.0,31.0
2024-11-17 03:00:00,2.5,8.0,0.017,0.0,31.0
2024-11-17 04:00:00,,,0.021,0.0,31.0
2024-11-17 05:00:00,0.7,3.4,0.026,0.0,31.0
2024-11-17 06:00:00,0.6,2.9,0.028,0.0,31.0
2024-11-17 07:00:00,0.8,3.3,0.027,0.01,31.0
2024-11-17 08:00:00,1.8,4.1,0.027,0.26,33.0
2024-11-17 09:00:00,1.5,2.5,0.029,0.46,34.0
2024-11-17 10:00:00,1.9,2.7,0.028,0.62,36.0
2024-11-17 11:00:00,1.1,2.2,0.031,0.71,40.0
2024-11-17 12:00:00,1.1,2.6,0.032,0.62,44.0
2024-11-17 13:00:00,0.6,2.2,0.033,0.45,44.0
2024-11-17 14:00:00,1.0,3.2,0.034,0.35,43.0
2024-11-17 15:00:00,0.7,3.7,0.035,0.15,43.0
2024-11-17 16:00:00,0.5,5.6,0.033,0.04,42.0
2024-11-17 17:00:00,0.2,6.2,0.027,0.0,40.0
2024-11-17 18:00:00,1.1,16.2,0.018,0.0,39.0
2024-11-17 19:00:00,1.9,19.6,0.011,0.0,38.0
2024-11-17 20:00:00,1.3,17.4,0.012,0.0,37.0
2024-11-17 21:00:00,1.0,15.6,0.017,0.0,39.0
2024-11-17 22:00:00,1.0,9.0,0.024,0.0,39.0
2024-11-17 23:00:00,1.1,9.9,0.019,0.0,38.0
2024-11-18 00:00:00,1.0,8.2,0.023,0.0,39.0
2024-11-18 01:00:00,0.2,3.5,0.03,0.0,38.0
2024-11-18 02:00:00,0.3,2.7,0.037,0.0,37.0
2024-11-18 03:00:00,0.4,2.4,0.037,0.0,38.0
2024-11-18 04:00:00,0.5,2.6,0.037,0.0,39.0
2024-11-18 05:00:00,1.1,6.0,0.034,0.0,39.0
2024-11-18 06:00:00,1.6,11.0,0.026,0.0,38.0
2024-11-18 07:00:00,5.1,15.4,0.02,0.02,37.0
2024-11-18 08:00:00,10.1,16.0,0.022,0.21,39.0
2024-11-18 09:00:00,3.5,9.4,0.027,0.18,42.0
2024-11-18 10:00:00,3.2,10.7,0.023,0.09,42.0
2024-11-18 11:00:00,0.7,4.7,0.029,0.09,40.0
2024-11-18 12:00:00,0.7,3.5,0.036,0.12,38.0
2024-11-18 13:00:00,0.6,2.6,0.04,0.22,40.0
2024-11-18 14:00:00,1.0,3.5,0.039,0.18,39.0
2024-11-18 15:00:00,0.7,3.0,0.039,0.13,39.0
2024-11-18 16:00:00,0.4,3.0,0.038,0.04,38.0
2024-11-18 17:00:00,0.4,3.0,0.036,0.0,36.0
2024-11-18 18:00:00,0.1,2.7,0.036,0.0,35.0
2024-11-18 19:00:00,0.2,3.2,0.036,0.0,35.0
2024-11-18 20:00:00,0.3,3.6,0.033,0.0,34.0
2024-11-18 21:00:00,0.5,11.3,0.023,0.0,32.0
2024-11-18 22:00:00,1.0,15.2,0.019,0.0,31.0
2024-11-18 23:00:00,0.5,9.8,0.026,0.0,32.0
2024-11-19 00:00:00,0.2,6.6,0.031,0.0,32.0
2024-11-19 01:00:00,0.3,5.4,0.031,0.0,32.0
2024-11-19 02:00:00,0.3,5.1,0.027,0.0,30.0
2024-11-19 03:00:00,0.2,3.6,0.029,0.0,30.0
2024-11-19 04:00:00,0.3,6.2,0.025,0.0,29.0
2024-11-19 05:00:00,1.0,13.4,0.019,0.0,29.0
2024-11-19 06:00:00,3.3,8.9,0.023,0.0,29.0
2024-11-19 07:00:00,3.7,9.9,0.023,0.01,29.0
2024-11-19 08:00:00,11.9,16.1,0.019,0.08,29.0
2024-11-19 09:00:00,9.2,11.7,0.027,0.46,38.0
2024-11-19 10:00:00,1.4,2.1,0.038,0.62,39.0
2024-11-19 11:00:00,1.7,1.0,0.04,0.71,39.0
2024-11-19 12:00:00,0.5,1.0,0.041,0.65,39.0
2024-11-19 13:00:00,0.6,1.1,0.041,0.65,40.0
2024-11-19 14:00:00,0.7,1.3,0.041,0.33,42.0
2024-11-19 15:00:00,1.2,2.1,0.04,0.04,39.0
2024-11-19 16:00:00,0.5,2.8,0.039,0.02,38.0
2024-11-19 17:00:00,4.4,14.5,0.025,0.0,36.0
2024-11-19 18:00:00,2.2,15.5,0.024,0.0,33.0
2024-11-19 19:00:00,1.3,9.9,0.029,0.0,32.0
2024-11-19 20:00:00,0.8,5.1,0.032,0.0,31.0
2024-11-19 21:00:00,0.7,4.2,0.032,0.0,30.0
2024-11-19 22:00:00,0.8,4.5,0.032,0.0,30.0
2024-11-19 23:00:00,0.8,3.7,0.032,0.0,31.0
2024-11-20 00:00:00,0.9,3.6,0.033,0.0,30.0
2024-11-20 01:00:00,0.7,4.1,0.032,0.0,30.0
2024-11-20 02:00:00,0.9,3.6,0.031,0.0,29.0
2024-11-20 03:00:00,0.9,4.3,0.031,0.0,29.0
2024-11-20 04:00:00,0.9,3.4,0.032,0.0,30.0
2024-11-20 05:00:00,2.0,6.7,0.029,0.0,29.0
2024-11-20 06:00:00,2.9,7.9,0.028,0.0,31.0
2024-11-20 07:00:00,5.9,9.2,0.028,0.01,31.0
2024-11-20 08:00:00,5.7,8.2,0.03,0.24,33.0
2024-11-20 09:00:00,5.1,6.3,0.031,0.44,36.0
2024-11-20 10:00:00,,,,0.6,41.0
2024-11-20 11:00:00,4.4,5.6,0.035,0.69,45.0
2024-11-20 12:00:00,3.5,5.3,0.037,0.7,50.0
2024-11-20 13:00:00,2.5,3.8,0.039,0.64,53.0
2024-11-20 14:00:00,2.3,4.6,0.037,0.32,54.0
2024-11-20 15:00:00,2.3,6.5,0.035,0.04,55.0
2024-11-20 16:00:00,3.3,9.4,0.033,0.02,53.0
2024-11-20 17:00:00,1.9,9.6,0.032,0.0,50.0
2024-11-20 18:00:00,1.1,6.3,0.035,0.0,48.0
2024-11-20 19:00:00,0.6,4.9,0.036,0.0,46.0
2024-11-20 20:00:00,0.6,4.2,0.036,0.0,45.0
2024-11-20 21:00:00,1.3,4.5,0.036,0.0,44.0
2024-11-20 22:00:00,0.5,3.2,0.036,0.0,44.0
2024-11-20 23:00:00,0.5,2.9,0.036,0.0,43.0
2024-11-21 00:00:00,0.5,2.9,0.036,0.0,43.0
2024-11-21 01:00:00,0.6,3.4,0.035,0.0,42.0
2024-11-21 02:00:00,0.5,3.4,0.035,0.0,42.0
2024-11-21 03:00:00,0.6,3.6,0.034,0.0,42.0
2024-11-21 04:00:00,0.6,4.0,0.034,0.0,41.0
2024-11-21 05:00:00,0.8,3.9,0.033,0.0,40.0
2024-11-21 06:00:00,1.2,4.4,0.033,0.0,40.0
2024-11-21 07:00:00,1.9,5.5,0.032,0.02,40.0
2024-11-21 08:00:00,4.0,6.8,0.031,0.21,42.0
2024-11-21 09:00:00,3.2,4.9,0.032,0.49,44.0
2024-11-21 10:00:00,3.5,4.9,0.034,0.61,48.0
2024-11-21 11:00:00,4.5,6.0,0.034,0.69,52.0
2024-11-21 12:00:00,3.3,4.7,0.037,0.72,56.0
2024-11-21 13:00:00,2.3,4.8,0.039,0.64,60.0
2024-11-21 14:00:00,1.7,4.9,0.042,0.25,62.0
2024-11-21 15:00:00,2.6,9.3,0.039,0.04,63.0
2024-11-21 16:00:00,2.9,17.1,0.027,0.02,59.0
2024-11-21 17:00:00,7.1,28.6,0.013,0.0,53.0
2024-11-21 18:00:00,1.6,16.4,0.026,0.0,51.0
2024-11-21 19:00:00,0.8,9.3,0.031,0.0,50.0
2024-11-21 20:00:00,0.5,5.0,0.036,0.0,51.0
2024-11-21 21:00:00,0.6,4.6,0.036,0.0,50.0
2024-11-21 22:00:00,0.5,3.8,0.036,0.0,49.0
2024-11-21 23:00:00,0.4,3.4,0.035,0.0,47.0
2024-11-22 00:00:00,0.8,3.6,0.035,0.0,46.0
2024-11-22 01:00:00,0.4,2.9,0.036,0.0,46.0
2024-11-22 02:00:00,0.5,3.6,0.036,0.0,46.0
2024-11-22 03:00:00,0.5,2.5,0.035,0.0,44.0
2024-11-22 04:00:00,,,0.035,0.0,43.0
2024-11-22 05:00:00,0.8,3.3,0.034,0.0,43.0
2024-11-22 06:00:00,1.4,5.6,0.032,0.0,43.0
2024-11-22 07:00:00,2.4,5.3,0.033,0.02,43.0
2024-11-22 08:00:00,2.4,4.8,0.033,0.25,45.0
2024-11-22 09:00:00,2.8,4.7,0.033,0.4,47.0
2024-11-22 10:00:00,3.0,4.7,0.035,0.6,51.0
2024-11-22 11:00:00,6.0,8.8,0.033,0.54,54.0
2024-11-22 12:00:00,4.4,6.6,0.037,0.66,59.0
2024-11-22 13:00:00,2.7,6.1,0.04,0.56,62.0
2024-11-22 14:00:00,2.1,7.2,0.039,0.3,63.0
2024-11-22 15:00:00,3.7,12.7,0.033,0.13,62.0
2024-11-22 16:00:00,4.0,22.1,0.022,0.05,59.0
2024-11-22 17:00:00,4.1,18.2,0.029,0.0,58.0
2024-11-22 18:00:00,0.6,8.3,0.036,0.0,57.0
2024-11-22 19:00:00,0.5,4.9,0.039,0.0,55.0
2024-11-22 20:00:00,0.4,3.8,0.039,0.0,53.0
2024-11-22 21:00:00,0.6,4.3,0.037,0.0,52.0
2024-11-22 22:00:00,0.5,3.6,0.038,0.0,51.0
2024-11-22 23:00:00,0.4,3.6,0.038,0.0,51.0
2024-11-23 00:00:00,0.4,3.1,0.037,0.0,50.0
2024-11-23 01:00:00,0.4,3.3,0.036,0.0,49.0
2024-11-23 02:00:00,0.5,3.6,0.036,0.0,49.0
2024-11-23 03:00:00,0.5,3.2,0.036,0.0,48.0
2024-11-23 04:00:00,0.5,3.8,,0.0,48.0
2024-11-23 05:00:00,0.6,3.5,0.036,0.0,48.0
2024-11-23 06:00:00,0.5,3.0,0.037,0.0,48.0
2024-11-23 07:00:00,0.6,3.7,0.036,0.01,48.0
2024-11-23 08:00:00,0.9,5.2,0.034,0.03,48.0
2024-11-23 09:00:00,1.4,9.5,0.031,0.04,50.0
2024-11-23 10:00:00,1.9,11.3,0.029,0.04,51.0
2024-11-23 11:00:00,2.2,12.4,0.027,0.07,51.0
2024-11-23 12:00:00,1.9,12.0,0.028,0.05,52.0
2024-11-23 13:00:00,2.1,14.2,0.024,0.04,51.0
2024-11-23 14:00:00,1.7,12.8,0.027,0.04,53.0
2024-11-23 15:00:00,2.5,16.5,0.026,0.05,56.0
2024-11-23 16:00:00,1.4,14.5,0.026,0.01,55.0
2024-11-23 17:00:00,1.3,13.0,0.027,0.0,54.0
2024-11-23 18:00:00,1.0,17.7,0.023,0.0,54.0
2024-11-23 19:00:00,0.3,2.3,0.035,0.0,57.0
2024-11-23 20:00:00,0.2,2.5,0.032,0.0,47.0
2024-11-23 21:00:00,0.2,2.4,0.031,0.0,44.0
2024-11-23 22:00:00,0.2,2.8,0.031,0.0,43.0
2024-11-23 23:00:00,0.2,2.6,0.032,0.0,43.0
2024-11-24 00:00:00,0.2,2.6,0.035,0.0,41.0
2024-11-24 01:00:00,0.2,2.4,0.035,0.0,40.0
2024-11-24 02:00:00,0.1,1.7,0.037,0.0,38.0
2024-11-24 03:00:00,0.1,1.4,0.039,0.0,37.0
2024-11-24 04:00:00,,,0.039,0.0,37.0
2024-11-24 05:00:00,0.1,1.4,0.039,0.0,36.0
2024-11-24 06:00:00,0.1,1.5,0.038,0.0,34.0
2024-11-24 07:00:00,0.1,1.4,0.037,0.0,34.0
2024-11-24 08:00:00,0.7,5.4,0.033,0.04,33.0
2024-11-24 09:00:00,0.4,3.0,0.035,0.13,35.0
2024-11-24 10:00:00,0.5,1.4,0.035,0.23,36.0
2024-11-24 11:00:00,0.6,2.9,0.034,0.19,37.0
2024-11-24 12:00:00,1.1,4.3,0.033,0.23,38.0
2024-11-24 13:00:00,0.4,1.4,0.039,0.33,40.0
2024-11-24 14:00:00,0.5,1.1,0.04,0.41,44.0
2024-11-24 15:00:00,0.4,1.3,0.039,0.14,44.0
2024-11-24 16:00:00,0.4,3.1,0.032,0.03,38.0
2024-11-24 17:00:00,0.5,10.5,0.026,0.0,37.0
2024-11-24 18:00:00,1.0,18.2,0.019,0.0,37.0
2024-11-24 19:00:00,0.9,8.9,0.025,0.0,35.0
2024-11-24 20:00:00,0.6,5.9,0.028,0.0,34.0
2024-11-24 21:00:00,0.9,6.2,0.027,0.0,33.0
2024-11-24 22:00:00,1.1,5.3,0.027,0.0,32.0
2024-11-24 23:00:00,0.8,4.4,0.028,0.0,31.0
2024-11-25 00:00:00,0.8,4.1,0.029,0.0,30.0
2024-11-25 01:00:00,0.7,3.8,0.03,0.0,29.0
2024-11-25 02:00:00,0.8,3.4,0.031,0.0,29.0
2024-11-25 03:00:00,1.1,3.6,0.031,0.0,29.0
2024-11-25 04:00:00,0.9,3.9,0.032,0.0,28.0
2024-11-25 05:00:00,1.5,5.8,0.031,0.0,29.0
2024-11-25 06:00:00,1.5,6.4,0.031,0.0,28.0
2024-11-25 07:00:00,2.6,8.6,0.03,0.01,28.0
2024-11-25 08:00:00,4.5,8.3,0.031,0.22,31.0
2024-11-25 09:00:00,5.7,7.9,0.033,0.44,33.0
2024-11-25 10:00:00,4.7,5.8,0.034,0.6,36.0
2024-11-25 11:00:00,4.1,5.2,0.036,0.6,39.0
2024-11-25 12:00:00,4.5,7.2,0.032,0.56,42.0
2024-11-25 13:00:00,1.9,4.0,0.032,0.45,40.0
2024-11-25 14:00:00,1.6,5.7,0.032,0.25,40.0
2024-11-25 15:00:00,4.8,11.2,0.026,0.13,40.0
2024-11-25 16:00:00,0.9,9.4,0.027,0.04,38.0
2024-11-25 17:00:00,3.2,25.7,0.012,0.0,39.0
2024-11-25 18:00:00,4.3,30.5,0.009,0.0,39.0
2024-11-25 19:00:00,1.0,16.0,0.023,0.0,40.0
2024-11-25 20:00:00,0.5,4.5,0.029,0.0,41.0
2024-11-25 21:00:00,0.9,10.0,0.026,0.0,40.0
2024-11-25 22:00:00,0.7,3.3,0.036,0.0,41.0
2024-11-25 23:00:00,0.5,2.7,0.036,0.0,40.0
2024-11-26 00:00:00,0.7,3.5,0.035,0.0,39.0
2024-11-26 01:00:00,0.5,2.7,0.034,0.0,38.0
2024-11-26 02:00:00,0.6,2.8,0.033,0.0,36.0
2024-11-26 03:00:00,0.5,2.9,0.033,0.0,37.0
2024-11-26 04:00:00,0.8,5.6,0.03,0.0,37.0
2024-11-26 05:00:00,0.7,6.2,0.028,0.0,37.0
2024-11-26 06:00:00,1.3,6.6,0.028,0.0,37.0
2024-11-26 07:00:00,3.1,9.1,0.026,0.0,37.0
2024-11-26 08:00:00,2.3,9.4,0.026,0.03,37.0
2024-11-26 09:00:00,3.0,7.5,0.028,0.11,38.0
2024-11-26 10:00:00,4.4,10.3,0.025,0.13,40.0
2024-11-26 11:00:00,5.5,13.8,0.022,0.13,41.0
2024-11-26 12:00:00,5.4,14.8,0.021,0.12,40.0
2024-11-26 13:00:00,3.9,13.4,0.022,0.11,40.0
2024-11-26 14:00:00,2.8,10.8,0.025,0.1,40.0
2024-11-26 15:00:00,2.2,16.0,0.023,0.04,40.0
2024-11-26 16:00:00,4.5,22.8,0.017,0.01,39.0
2024-11-26 17:00:00,3.1,21.9,0.016,0.0,39.0
2024-11-26 18:00:00,1.7,12.7,0.024,0.0,38.0
2024-11-26 19:00:00,0.0,2.1,0.036,0.0,35.0
2024-11-26 20:00:00,0.3,6.2,0.031,0.0,35.0
2024-11-26 21:00:00,0.4,6.4,0.033,0.0,34.0
2024-11-26 22:00:00,0.3,5.8,0.033,0.0,35.0
2024-11-26 23:00:00,0.4,10.7,0.024,0.0,35.0
2024-11-27 00:00:00,0.2,10.3,0.021,0.0,34.0
2024-11-27 01:00:00,0.3,7.6,0.018,0.0,33.0
2024-11-27 02:00:00,0.4,6.2,0.021,0.0,33.0
2024-11-27 03:00:00,0.3,4.9,0.023,0.0,34.0
2024-11-27 04:00:00,0.1,7.0,0.027,0.0,34.0
2024-11-27 05:00:00,0.1,2.0,0.035,0.0,34.0
2024-11-27 06:00:00,0.1,2.2,0.033,0.0,34.0
2024-11-27 07:00:00,0.9,4.6,0.028,0.01,34.0
2024-11-27 08:00:00,1.5,5.9,0.027,0.06,34.0
2024-11-27 09:00:00,1.6,4.4,0.027,0.13,35.0
2024-11-27 10:00:00,2.2,5.7,0.027,0.15,35.0
2024-11-27 11:00:00,1.3,3.0,0.03,0.38,37.0
2024-11-27 12:00:00,0.8,2.3,0.031,0.25,38.0
2024-11-27 13:00:00,1.3,3.4,0.031,0.42,40.0
2024-11-27 14:00:00,0.8,2.4,0.033,0.4,42.0
2024-11-27 15:00:00,0.9,3.6,0.033,0.17,40.0
2024-11-27 16:00:00,1.8,5.2,0.031,0.05,39.0
2024-11-27 17:00:00,1.4,8.3,0.025,0.0,37.0
2024-11-27 18:00:00,0.3,5.0,0.027,0.0,37.0
2024-11-27 19:00:00,1.3,7.0,0.022,0.0,33.0
2024-11-27 20:00:00,1.9,10.2,0.019,0.0,32.0
2024-11-27 21:00:00,4.6,20.9,0.006,0.0,31.0
2024-11-27 22:00:00,4.4,22.6,0.009,0.0,31.0
2024-11-27 23:00:00,1.7,12.6,0.018,0.0,30.0
2024-11-28 00:00:00,2.5,10.3,0.021,0.0,30.0
2024-11-28 01:00:00,1.2,8.3,0.023,0.0,29.0
2024-11-28 02:00:00,1.2,7.8,0.024,0.0,28.0
2024-11-28 03:00:00,1.0,5.3,0.026,0.0,28.0
2024-11-28 04:00:00,1.1,5.7,0.024,0.0,26.0
2024-11-28 05:00:00,3.4,8.4,0.022,0.0,26.0
2024-11-28 06:00:00,1.2,5.5,0.025,0.0,25.0
2024-11-28 07:00:00,1.2,5.3,0.025,0.01,24.0
2024-11-28 08:00:00,2.0,5.5,0.024,0.22,26.0
2024-11-28 09:00:00,2.8,5.2,0.025,0.4,29.0
2024-11-28 10:00:00,2.8,4.3,0.027,0.56,31.0
2024-11-28 11:00:00,2.8,4.5,0.028,0.66,34.0
2024-11-28 12:00:00,2.4,4.5,0.03,0.68,38.0
2024-11-28 13:00:00,1.7,4.1,0.032,0.6,40.0
2024-11-28 14:00:00,1.0,3.4,0.031,0.31,39.0
2024-11-28 15:00:00,0.7,3.5,0.032,0.05,40.0
2024-11-28 16:00:00,0.3,3.4,0.033,0.03,37.0
2024-11-28 17:00:00,0.3,7.3,0.027,0.0,33.0
2024-11-28 18:00:00,1.6,12.6,0.023,0.0,32.0
2024-11-28 19:00:00,0.9,8.0,0.027,0.0,30.0
2024-11-28 20:00:00,2.1,7.6,0.026,0.0,29.0
2024-11-28 21:00:00,0.8,5.1,0.029,0.0,29.0
2024-11-28 22:00:00,1.0,4.2,0.029,0.0,28.0
2024-11-28 23:00:00,0.9,4.0,0.029,0.0,26.0
2024-11-29 00:00:00,0.7,3.7,0.031,0.0,26.0
2024-11-29 01:00:00,0.8,4.5,0.031,0.0,26.0
2024-11-29 02:00:00,0.8,3.1,0.033,0.0,24.0
2024-11-29 03:00:00,0.6,3.5,0.033,0.0,24.0
2024-11-29 04:00:00,,,0.033,0.0,23.0
2024-11-29 05:00:00,1.0,4.7,0.032,0.0,23.0
2024-11-29 06:00:00,1.2,5.0,0.032,0.0,22.0
2024-11-29 07:00:00,1.2,4.7,0.033,0.01,22.0
2024-11-29 08:00:00,2.9,5.5,0.033,0.19,24.0
2024-11-29 09:00:00,3.9,5.6,0.034,0.41,27.0
2024-11-29 10:00:00,2.6,4.0,0.035,0.57,31.0
2024-11-29 11:00:00,2.4,3.9,0.035,0.66,33.0
2024-11-29 12:00:00,2.0,3.8,0.036,0.68,37.0
2024-11-29 13:00:00,2.3,3.9,0.038,0.62,39.0
2024-11-29 14:00:00,1.6,4.0,0.037,0.32,43.0
2024-11-29 15:00:00,1.2,4.3,0.037,0.04,42.0
2024-11-29 16:00:00,0.7,4.9,0.032,0.02,37.0
2024-11-29 17:00:00,0.4,8.9,0.028,0.0,33.0
2024-11-29 18:00:00,3.3,27.9,0.011,0.0,32.0
2024-11-29 19:00:00,1.3,13.8,0.026,0.0,31.0
2024-11-29 20:00:00,0.9,7.4,0.03,0.0,30.0
2024-11-29 21:00:00,0.9,6.5,0.031,0.0,30.0
2024-11-29 22:00:00,0.9,7.1,0.029,0.0,28.0
2024-11-29 23:00:00,0.8,5.2,0.03,0.0,27.0
2024-11-30 00:00:00,0.8,5.1,0.03,0.0,26.0
2024-11-30 01:00:00,0.7,5.0,0.031,0.0,26.0
2024-11-30 02:00:00,0.8,3.9,0.032,0.0,25.0
2024-11-30 03:00:00,1.1,5.0,0.031,0.0,24.0
2024-11-30 04:00:00,0.8,3.0,,0.0,24.0
2024-11-30 05:00:00,3.3,6.4,0.031,0.0,24.0
2024-11-30 06:00:00,1.2,6.0,0.032,0.0,24.0
2024-11-30 07:00:00,1.1,4.6,0.034,0.01,23.0
2024-11-30 08:00:00,2.2,6.0,0.032,0.19,26.0
2024-11-30 09:00:00,3.0,5.2,0.033,0.41,29.0
2024-11-30 10:00:00,2.9,4.5,0.035,0.57,31.0
2024-11-30 11:00:00,2.3,3.5,0.038,0.66,34.0
2024-11-30 12:00:00,2.5,3.9,0.037,0.67,38.0
2024-11-30 13:00:00,1.8,3.3,0.037,0.61,42.0
2024-11-30 14:00:00,1.5,3.5,0.034,0.34,46.0
2024-11-30 15:00:00,2.0,4.3,0.032,0.05,42.0
2024-11-30 16:00:00,1.8,7.0,0.028,0.02,38.0
2024-11-30 17:00:00,1.0,10.0,0.023,0.0,34.0
2024-11-30 18:00:00,1.5,23.4,0.01,0.0,34.0
2024-11-30 19:00:00,5.4,27.1,0.005,0.0,33.0
2024-11-30 20:00:00,2.0,20.1,0.015,0.0,31.0
2024-11-30 21:00:00,1.0,9.9,0.027,0.0,32.0
2024-11-30 22:00:00,1.1,8.4,0.029,0.0,31.0
2024-11-30 23:00:00,1.0,7.5,0.031,0.0,31.0
2024-12-01 00:00:00,1.1,6.6,0.032,0.0,31.0
2024-12-01 01:00:00,0.7,4.5,0.033,0.0,30.0
2024-12-01 02:00:00,1.0,5.0,0.034,0.0,30.0
2024-12-01 03:00:00,0.8,3.9,0.035,0.0,30.0
2024-12-01 04:00:00,,,0.035,0.0,28.0
2024-12-01 05:00:00,1.0,5.4,0.033,0.0,28.0
2024-12-01 06:00:00,1.3,8.2,0.028,0.0,27.0
2024-12-01 07:00:00,1.1,8.2,0.028,0.01,27.0
2024-12-01 08:00:00,2.1,8.1,0.028,0.18,29.0
2024-12-01 09:00:00,4.1,8.2,0.029,0.4,34.0
2024-12-01 10:00:00,2.3,4.3,0.033,0.55,36.0
2024-12-01 11:00:00,2.7,4.6,0.032,0.65,40.0
2024-12-01 12:00:00,2.5,4.9,0.033,0.66,45.0
2024-12-01 13:00:00,1.7,3.8,0.033,0.6,45.0
2024-12-01 14:00:00,1.5,3.9,0.032,0.31,46.0
2024-12-01 15:00:00,1.1,4.4,0.032,0.06,44.0
2024-12-01 16:00:00,0.6,5.2,0.031,0.03,40.0
2024-12-01 17:00:00,0.6,8.7,0.027,0.0,35.0
2024-12-01 18:00:00,3.2,19.0,0.014,0.0,35.0
2024-12-01 19:00:00,8.9,30.8,0.005,0.0,34.0
2024-12-01 20:00:00,9.1,25.8,0.001,0.0,31.0
2024-12-01 21:00:00,2.9,21.0,0.007,0.0,31.0
2024-12-01 22:00:00,1.4,18.7,0.009,0.0,31.0
2024-12-01 23:00:00,7.5,26.3,0.0,0.0,29.0
2024-12-02 00:00:00,12.7,30.2,0.001,0.0,30.0
2024-12-02 01:00:00,1.5,20.8,0.012,0.0,29.0
2024-12-02 02:00:00,0.8,12.3,0.018,0.0,29.0
2024-12-02 03:00:00,2.8,23.0,0.004,0.0,28.0
2024-12-02 04:00:00,1.5,14.5,0.017,0.0,29.0
2024-12-02 05:00:00,7.2,25.5,0.007,0.0,29.0
2024-12-02 06:00:00,15.3,27.4,0.001,0.0,26.0
2024-12-02 07:00:00,28.9,29.7,0.005,0.01,28.0
2024-12-02 08:00:00,19.0,26.2,0.01,0.17,32.0
2024-12-02 09:00:00,25.3,21.3,0.011,0.39,36.0
2024-12-02 10:00:00,16.5,16.8,0.018,0.51,40.0
2024-12-02 11:00:00,6.5,11.1,0.026,0.62,43.0
2024-12-02 12:00:00,9.7,13.5,0.022,0.65,46.0
2024-12-02 13:00:00,8.3,13.9,0.023,0.57,48.0
2024-12-02 14:00:00,6.6,13.4,0.024,0.36,47.0
2024-12-02 15:00:00,4.0,13.2,0.024,0.15,45.0
2024-12-02 16:00:00,2.0,16.4,0.02,0.04,41.0
2024-12-02 17:00:00,5.7,21.3,0.016,0.0,36.0
2024-12-02 18:00:00,9.9,31.8,0.007,0.0,36.0
2024-12-02 19:00:00,15.1,32.9,0.001,0.0,35.0
2024-12-02 20:00:00,24.8,30.7,0.0,0.0,34.0
2024-12-02 21:00:00,32.6,30.0,0.0,0.0,33.0
2024-12-02 22:00:00,27.1,30.5,0.0,0.0,33.0
2024-12-02 23:00:00,13.4,27.7,0.002,0.0,33.0
2024-12-03 00:00:00,2.1,23.0,0.004,0.0,33.0
2024-12-03 01:00:00,11.1,23.9,0.0,0.0,31.0
2024-12-03 02:00:00,16.7,24.2,0.0,0.0,31.0
2024-12-03 03:00:00,18.9,24.7,0.0,0.0,31.0
2024-12-03 04:00:00,19.3,21.6,0.0,0.0,29.0
2024-12-03 05:00:00,30.5,25.1,0.0,0.0,29.0
2024-12-03 06:00:00,43.2,23.5,0.0,0.0,29.0
2024-12-03 07:00:00,76.2,24.7,0.0,0.01,28.0
2024-12-03 08:00:00,115.2,31.1,0.001,0.13,31.0
2024-12-03 09:00:00,46.5,26.5,0.006,0.37,38.0
2024-12-03 10:00:00,27.0,21.3,0.012,0.53,41.0
2024-12-03 11:00:00,25.2,22.7,0.015,0.62,45.0
2024-12-03 12:00:00,15.6,18.6,0.019,0.63,47.0
2024-12-03 13:00:00,9.3,14.1,0.022,0.57,49.0
2024-12-03 14:00:00,9.6,15.3,0.02,0.31,47.0
2024-12-03 15:00:00,6.5,16.8,0.021,0.05,47.0
2024-12-03 16:00:00,2.4,17.5,0.021,0.02,43.0
2024-12-03 17:00:00,16.3,30.3,0.008,0.0,40.0
2024-12-03 18:00:00,28.3,35.2,0.002,0.0,39.0
2024-12-03 19:00:00,14.9,37.5,0.0,0.0,38.0
2024-12-03 20:00:00,40.6,37.3,0.0,0.0,35.0
2024-12-03 21:00:00,64.6,34.4,0.0,0.0,35.0
2024-12-03 22:00:00,56.7,33.2,0.0,0.0,34.0
2024-12-03 23:00:00,39.8,34.4,0.0,0.0,33.0
2024-12-04 00:00:00,39.6,32.5,0.0,0.0,32.0
2024-12-04 01:00:00,17.9,26.0,0.0,0.0,30.0
2024-12-04 02:00:00,31.9,31.3,0.0,0.0,30.0
2024-12-04 03:00:00,23.9,26.6,0.001,0.0,29.0
2024-12-04 04:00:00,26.4,26.0,0.0,0.0,28.0
2024-12-04 05:00:00,12.3,23.6,0.005,0.0,29.0
2024-12-04 06:00:00,41.9,29.3,0.0,0.0,27.0
2024-12-04 07:00:00,51.7,30.2,0.0,0.01,27.0
2024-12-04 08:00:00,67.5,30.4,0.002,0.15,32.0
2024-12-04 09:00:00,47.9,27.5,0.007,0.35,38.0
2024-12-04 10:00:00,18.2,18.7,0.014,0.51,40.0
2024-12-04 11:00:00,11.2,15.5,0.019,0.6,43.0
2024-12-04 12:00:00,8.7,15.2,0.021,0.61,46.0
2024-12-04 13:00:00,8.4,15.6,0.021,0.55,47.0
2024-12-04 14:00:00,6.3,15.6,0.024,0.31,50.0
2024-12-04 15:00:00,5.9,17.0,0.021,0.06,46.0
2024-12-04 16:00:00,4.4,21.2,0.014,0.03,41.0
2024-12-04 17:00:00,15.2,36.9,0.003,0.0,38.0
2024-12-04 18:00:00,46.2,41.0,0.0,0.0,37.0
2024-12-04 19:00:00,55.1,38.3,0.0,0.0,36.0
2024-12-04 20:00:00,16.2,32.3,0.003,0.0,35.0
2024-12-04 21:00:00,10.2,32.8,0.001,0.0,34.0
2024-12-04 22:00:00,12.4,32.7,0.001,0.0,33.0
2024-12-04 23:00:00,8.5,28.8,0.002,0.0,32.0
2024-12-05 00:00:00,17.8,26.1,0.002,0.0,30.0
2024-12-05 01:00:00,2.7,14.4,0.018,0.0,32.0
2024-12-05 02:00:00,4.0,20.6,0.009,0.0,30.0
2024-12-05 03:00:00,5.4,25.7,0.004,0.0,30.0
2024-12-05 04:00:00,3.8,21.2,0.008,0.0,29.0
2024-12-05 05:00:00,6.4,23.8,0.007,0.0,29.0
2024-12-05 06:00:00,4.3,21.9,0.009,0.0,30.0
2024-12-05 07:00:00,17.5,27.6,0.002,0.01,29.0
2024-12-05 08:00:00,44.3,27.4,0.004,0.16,32.0
2024-12-05 09:00:00,18.3,19.0,0.014,0.4,38.0
2024-12-05 10:00:00,9.7,13.1,0.016,0.56,39.0
2024-12-05 11:00:00,9.0,11.7,0.016,0.6,41.0
2024-12-05 12:00:00,9.6,13.5,0.019,0.61,46.0
2024-12-05 13:00:00,5.8,12.2,0.023,0.55,46.0
2024-12-05 14:00:00,3.8,11.5,0.025,0.31,47.0
2024-12-05 15:00:00,2.5,12.8,0.03,0.07,47.0
2024-12-05 16:00:00,1.7,16.8,0.024,0.03,43.0
2024-12-05 17:00:00,5.0,25.6,0.014,0.0,37.0
2024-12-05 18:00:00,15.6,39.9,0.003,0.0,37.0
2024-12-05 19:00:00,2.9,27.6,0.012,0.0,37.0
2024-12-05 20:00:00,34.6,34.0,0.001,0.0,34.0
2024-12-05 21:00:00,36.6,34.5,0.0,0.0,33.0
2024-12-05 22:00:00,12.2,28.1,0.006,0.0,32.0
2024-12-05 23:00:00,2.3,19.4,0.015,0.0,32.0
2024-12-06 00:00:00,1.4,14.6,0.019,0.0,31.0
2024-12-06 01:00:00,1.7,14.6,0.022,0.0,32.0
2024-12-06 02:00:00,1.5,12.3,0.024,0.0,32.0
2024-12-06 03:00:00,1.3,16.0,0.017,0.0,30.0
2024-12-06 04:00:00,,,0.015,0.0,29.0
2024-12-06 05:00:00,5.8,18.7,0.013,0.0,28.0
2024-12-06 06:00:00,12.2,29.9,0.003,0.0,27.0
2024-12-06 07:00:00,7.3,23.7,0.011,0.01,28.0
2024-12-06 08:00:00,27.5,26.2,0.006,0.14,32.0
2024-12-06 09:00:00,24.8,19.5,0.015,0.36,36.0
2024-12-06 10:00:00,7.8,12.8,0.021,0.5,38.0
2024-12-06 11:00:00,9.1,13.4,0.021,0.59,42.0
2024-12-06 12:00:00,6.7,13.2,0.024,0.61,46.0
2024-12-06 13:00:00,5.9,14.1,0.025,0.55,48.0
2024-12-06 14:00:00,3.4,12.6,0.028,0.31,48.0
2024-12-06 15:00:00,2.2,12.3,0.029,0.08,45.0
2024-12-06 16:00:00,1.5,14.8,0.027,0.03,40.0
2024-12-06 17:00:00,4.4,23.6,0.017,0.0,36.0
2024-12-06 18:00:00,19.3,37.5,0.004,0.0,36.0
2024-12-06 19:00:00,26.6,38.2,0.0,0.0,34.0
2024-12-06 20:00:00,29.5,36.1,0.0,0.0,34.0
2024-12-06 21:00:00,11.8,33.6,0.002,0.0,32.0
2024-12-06 22:00:00,5.8,29.1,0.004,0.0,32.0
2024-12-06 23:00:00,6.2,28.1,0.004,0.0,30.0
2024-12-07 00:00:00,5.7,17.6,0.017,0.0,31.0
2024-12-07 01:00:00,2.4,12.6,0.022,0.0,31.0
2024-12-07 02:00:00,1.9,17.7,0.017,0.0,30.0
2024-12-07 03:00:00,1.7,13.6,0.021,0.0,30.0
2024-12-07 04:00:00,1.8,15.3,,0.0,29.0
2024-12-07 05:00:00,1.8,20.7,0.009,0.0,28.0
2024-12-07 06:00:00,2.3,19.1,0.013,0.0,27.0
2024-12-07 07:00:00,3.2,16.1,0.018,0.01,28.0
2024-12-07 08:00:00,5.6,16.1,0.017,0.16,31.0
2024-12-07 09:00:00,11.8,15.7,0.012,0.31,33.0
2024-12-07 10:00:00,7.8,12.5,0.021,0.5,38.0
2024-12-07 11:00:00,5.1,10.5,0.024,0.6,39.0
2024-12-07 12:00:00,5.4,10.9,0.022,0.61,43.0
2024-12-07 13:00:00,5.4,13.1,0.026,0.56,48.0
2024-12-07 14:00:00,3.3,11.4,0.027,0.31,46.0
2024-12-07 15:00:00,1.6,10.8,0.031,0.06,44.0
2024-12-07 16:00:00,1.5,13.1,0.027,0.04,41.0
2024-12-07 17:00:00,3.5,17.5,0.018,0.0,37.0
2024-12-07 18:00:00,1.2,22.6,0.01,0.0,35.0
2024-12-07 19:00:00,8.1,30.2,0.004,0.0,34.0
2024-12-07 20:00:00,6.0,28.0,0.011,0.0,36.0
2024-12-07 21:00:00,9.5,25.5,0.007,0.0,33.0
2024-12-07 22:00:00,10.5,28.0,0.004,0.0,32.0
2024-12-07 23:00:00,2.6,19.7,0.013,0.0,32.0
2024-12-08 00:00:00,1.7,16.3,0.019,0.0,33.0
2024-12-08 01:00:00,1.2,10.8,0.025,0.0,34.0
2024-12-08 02:00:00,1.4,12.9,0.025,0.0,34.0
2024-12-08 03:00:00,1.1,10.3,0.026,0.0,33.0
2024-12-08 04:00:00,,,0.021,0.0,32.0
2024-12-08 05:00:00,0.7,14.7,0.012,0.0,30.0
2024-12-08 06:00:00,2.1,15.8,0.007,0.0,29.0
2024-12-08 07:00:00,4.1,20.7,0.01,0.01,30.0
2024-12-08 08:00:00,6.0,17.0,0.012,0.1,31.0
2024-12-08 09:00:00,11.5,17.4,0.015,0.33,37.0
2024-12-08 10:00:00,7.1,11.8,0.02,0.51,40.0
2024-12-08 11:00:00,6.0,11.3,0.023,0.6,42.0
2024-12-08 12:00:00,5.1,12.1,0.026,0.62,46.0
2024-12-08 13:00:00,3.3,10.9,0.031,0.56,49.0
2024-12-08 14:00:00,1.7,8.9,0.032,0.32,47.0
2024-12-08 15:00:00,2.0,11.9,0.03,0.06,45.0
2024-12-08 16:00:00,1.0,12.4,0.03,0.05,44.0
2024-12-08 17:00:00,0.6,8.3,0.035,0.0,41.0
2024-12-08 18:00:00,0.3,8.3,0.033,0.0,40.0
2024-12-08 19:00:00,0.2,7.8,0.033,0.0,40.0
2024-12-08 20:00:00,0.2,12.7,0.026,0.0,38.0
2024-12-08 21:00:00,0.2,14.1,0.023,0.0,37.0
2024-12-08 22:00:00,0.2,10.3,0.027,0.0,37.0
2024-12-08 23:00:00,0.4,9.7,0.029,0.0,37.0
2024-12-09 00:00:00,0.2,7.7,0.032,0.0,37.0
2024-12-09 01:00:00,0.2,4.9,0.038,0.0,37.0
2024-12-09 02:00:00,0.2,6.0,0.036,0.0,36.0
2024-12-09 03:00:00,0.2,7.2,0.032,0.0,34.0
2024-12-09 04:00:00,0.2,4.5,0.034,0.0,33.0
2024-12-09 05:00:00,0.5,6.7,0.032,0.0,32.0
2024-12-09 06:00:00,0.3,7.0,0.032,0.0,31.0
2024-12-09 07:00:00,0.5,7.9,0.032,0.01,31.0
2024-12-09 08:00:00,1.4,7.6,0.033,0.04,31.0
2024-12-09 09:00:00,1.8,6.5,0.034,0.12,32.0
2024-12-09 10:00:00,1.3,4.9,0.035,0.17,33.0
2024-12-09 11:00:00,1.7,5.0,0.034,0.2,33.0
2024-12-09 12:00:00,2.4,6.6,0.034,0.26,35.0
2024-12-09 13:00:00,1.4,4.5,0.037,0.35,35.0
2024-12-09 14:00:00,1.3,3.3,0.038,0.33,37.0
2024-12-09 15:00:00,0.8,3.4,0.037,0.06,35.0
2024-12-09 16:00:00,0.5,4.4,0.035,0.03,34.0
2024-12-09 17:00:00,0.3,3.6,0.035,0.0,33.0
2024-12-09 18:00:00,0.2,3.2,0.035,0.0,32.0
2024-12-09 19:00:00,0.5,6.6,0.03,0.0,31.0
2024-12-09 20:00:00,1.9,20.6,0.015,0.0,31.0
2024-12-09 21:00:00,1.6,25.7,0.012,0.0,31.0
2024-12-09 22:00:00,1.1,20.5,0.013,0.0,30.0
2024-12-09 23:00:00,1.4,13.3,0.017,0.0,28.0
2024-12-10 00:00:00,1.5,16.6,0.017,0.0,29.0
2024-12-10 01:00:00,1.1,17.3,0.009,0.0,28.0
2024-12-10 02:00:00,1.9,10.5,0.019,0.0,26.0
2024-12-10 03:00:00,1.1,15.7,0.015,0.0,26.0
2024-12-10 04:00:00,0.8,12.5,0.017,0.0,26.0
2024-12-10 05:00:00,1.7,14.7,0.016,0.0,26.0
2024-12-10 06:00:00,9.3,27.1,0.005,0.0,25.0
2024-12-10 07:00:00,15.5,30.3,0.003,0.0,25.0
2024-12-10 08:00:00,20.7,26.6,0.007,0.11,26.0
2024-12-10 09:00:00,13.7,16.2,0.017,0.36,32.0
2024-12-10 10:00:00,5.2,7.9,0.027,0.52,35.0
2024-12-10 11:00:00,3.5,4.0,0.032,0.61,37.0
2024-12-10 12:00:00,0.9,2.0,0.036,0.64,38.0
2024-12-10 13:00:00,1.2,2.6,0.037,0.58,38.0
2024-12-10 14:00:00,0.8,2.1,0.039,0.32,38.0
2024-12-10 15:00:00,0.8,2.1,0.039,0.04,37.0
2024-12-10 16:00:00,0.4,3.4,0.037,0.02,36.0
2024-12-10 17:00:00,5.8,13.3,0.025,0.0,32.0
2024-12-10 18:00:00,4.8,25.0,0.011,0.0,31.0
2024-12-10 19:00:00,3.5,29.3,0.003,0.0,28.0
2024-12-10 20:00:00,6.2,27.1,0.009,0.0,29.0
2024-12-10 21:00:00,1.3,11.0,0.023,0.0,28.0
2024-12-10 22:00:00,1.2,8.4,0.026,0.0,27.0
2024-12-10 23:00:00,1.1,7.4,0.027,0.0,27.0
2024-12-11 00:00:00,1.0,5.9,0.027,0.0,27.0
2024-12-11 01:00:00,1.0,5.1,0.027,0.0,26.0
2024-12-11 02:00:00,1.4,6.0,0.026,0.0,26.0
2024-12-11 03:00:00,1.2,5.7,0.027,0.0,26.0
2024-12-11 04:00:00,1.4,6.5,0.027,0.0,25.0
2024-12-11 05:00:00,1.7,7.5,0.026,0.0,26.0
2024-12-11 06:00:00,2.3,8.8,0.024,0.0,25.0
2024-12-11 07:00:00,2.6,7.6,0.025,0.01,25.0
2024-12-11 08:00:00,3.6,8.6,0.027,0.12,26.0
2024-12-11 09:00:00,5.9,9.1,0.026,0.27,28.0
2024-12-11 10:00:00,4.5,6.6,0.03,0.42,31.0
2024-12-11 11:00:00,5.6,7.7,0.028,0.48,34.0
2024-12-11 12:00:00,8.6,10.4,0.027,0.56,37.0
2024-12-11 13:00:00,5.3,9.0,0.028,0.44,40.0
2024-12-11 14:00:00,4.5,8.5,0.028,0.37,45.0
2024-12-11 15:00:00,4.7,12.7,0.024,0.1,44.0
2024-12-11 16:00:00,3.8,17.3,0.018,0.04,38.0
2024-12-11 17:00:00,2.2,15.7,0.018,0.0,34.0
2024-12-11 18:00:00,9.4,24.6,0.009,0.0,33.0
2024-12-11 19:00:00,9.7,28.5,0.012,0.0,35.0
2024-12-11 20:00:00,2.9,15.1,0.021,0.0,36.0
2024-12-11 21:00:00,0.9,7.1,0.031,0.0,37.0
2024-12-11 22:00:00,0.8,6.2,0.031,0.0,36.0
2024-12-11 23:00:00,6.9,17.4,0.022,0.0,35.0
2024-12-12 00:00:00,0.8,5.5,0.033,0.0,36.0
2024-12-12 01:00:00,0.6,3.5,0.035,0.0,36.0
2024-12-12 02:00:00,0.7,3.4,0.035,0.0,36.0
2024-12-12 03:00:00,0.8,4.4,0.034,0.0,35.0
2024-12-12 04:00:00,0.9,3.5,0.034,0.0,35.0
2024-12-12 05:00:00,1.5,4.5,0.033,0.0,34.0
2024-12-12 06:00:00,1.7,5.5,0.033,0.0,35.0
2024-12-12 07:00:00,2.5,5.7,0.033,0.01,35.0
2024-12-12 08:00:00,3.3,6.2,0.033,0.18,37.0
2024-12-12 09:00:00,3.1,4.7,0.035,0.39,40.0
2024-12-12 10:00:00,3.7,4.2,0.036,0.52,42.0
2024-12-12 11:00:00,3.7,4.3,0.036,0.58,46.0
2024-12-12 12:00:00,3.0,4.3,0.037,0.53,48.0
2024-12-12 13:00:00,2.4,3.6,0.038,0.56,50.0
2024-12-12 14:00:00,2.8,4.5,0.038,0.31,50.0
2024-12-12 15:00:00,2.3,5.8,0.036,0.1,49.0
2024-12-12 16:00:00,2.2,7.1,0.034,0.03,47.0
2024-12-12 17:00:00,1.4,5.8,0.035,0.0,46.0
2024-12-12 18:00:00,2.1,5.7,0.035,0.0,44.0
2024-12-12 19:00:00,0.8,4.6,0.036,0.0,44.0
2024-12-12 20:00:00,0.6,4.1,0.035,0.0,43.0
2024-12-12 21:00:00,0.6,4.5,0.036,0.0,42.0
2024-12-12 22:00:00,0.6,4.7,0.036,0.0,42.0
2024-12-12 23:00:00,0.6,4.8,0.035,0.0,42.0
2024-12-13 00:00:00,0.5,4.4,0.037,0.0,42.0
2024-12-13 01:00:00,0.6,4.0,0.034,0.0,40.0
2024-12-13 02:00:00,0.5,3.5,0.034,0.0,40.0
2024-12-13 03:00:00,0.2,1.7,0.033,0.0,38.0
2024-12-13 04:00:00,,,0.034,0.0,35.0
2024-12-13 05:00:00,0.6,7.2,0.03,0.0,33.0
2024-12-13 06:00:00,1.2,17.6,0.019,0.0,33.0
2024-12-13 07:00:00,0.6,9.2,0.026,0.0,35.0
2024-12-13 08:00:00,2.0,5.5,0.03,0.03,35.0
2024-12-13 09:00:00,1.3,5.6,0.031,0.05,35.0
2024-12-13 10:00:00,2.3,7.2,0.03,0.11,35.0
2024-12-13 11:00:00,5.4,13.2,0.025,0.28,35.0
2024-12-13 12:00:00,3.6,8.7,0.03,0.38,38.0
2024-12-13 13:00:00,3.2,8.1,0.032,0.27,40.0
2024-12-13 14:00:00,2.3,8.2,0.032,0.17,40.0
2024-12-13 15:00:00,2.0,7.7,0.033,0.11,41.0
2024-12-13 16:00:00,3.1,13.1,0.028,0.05,41.0
2024-12-13 17:00:00,10.3,25.5,0.012,0.0,38.0
2024-12-13 18:00:00,6.1,28.3,0.008,0.0,36.0
2024-12-13 19:00:00,1.4,13.5,0.023,0.0,35.0
2024-12-13 20:00:00,1.0,6.9,0.028,0.0,34.0
2024-12-13 21:00:00,1.0,7.3,0.029,0.0,34.0
2024-12-13 22:00:00,0.9,6.3,0.03,0.0,34.0
2024-12-13 23:00:00,0.9,6.1,0.031,0.0,33.0
2024-12-14 00:00:00,0.7,4.4,0.033,0.0,33.0
2024-12-14 01:00:00,0.8,3.9,0.033,0.0,33.0
2024-12-14 02:00:00,0.9,4.3,0.033,0.0,33.0
2024-12-14 03:00:00,0.7,3.7,0.034,0.0,34.0
2024-12-14 04:00:00,1.0,3.2,,0.0,34.0
2024-12-14 05:00:00,0.9,3.5,0.033,0.0,34.0
2024-12-14 06:00:00,0.7,3.4,0.035,0.0,37.0
2024-12-14 07:00:00,0.8,3.5,0.034,0.0,37.0
2024-12-14 08:00:00,1.2,4.0,0.035,0.04,38.0
2024-12-14 09:00:00,1.3,3.9,0.035,0.08,40.0
2024-12-14 10:00:00,3.2,5.0,0.034,0.13,41.0
2024-12-14 11:00:00,1.5,4.1,0.035,0.28,44.0
2024-12-14 12:00:00,1.4,4.5,0.036,0.14,44.0
2024-12-14 13:00:00,0.9,4.4,0.036,0.06,43.0
2024-12-14 14:00:00,1.0,2.8,0.037,0.25,42.0
2024-12-14 15:00:00,0.7,1.9,0.038,0.05,44.0
2024-12-14 16:00:00,0.6,2.3,0.038,0.03,44.0
2024-12-14 17:00:00,0.6,3.1,0.036,0.0,44.0
2024-12-14 18:00:00,1.0,3.7,0.036,0.0,43.0
2024-12-14 19:00:00,0.7,4.2,0.035,0.0,46.0
2024-12-14 20:00:00,0.3,2.2,0.038,0.0,49.0
2024-12-14 21:00:00,0.2,1.9,0.039,0.0,48.0
2024-12-14 22:00:00,0.3,2.2,0.04,0.0,48.0
2024-12-14 23:00:00,0.2,1.8,0.04,0.0,48.0
2024-12-15 00:00:00,0.2,3.2,0.037,0.0,46.0
2024-12-15 01:00:00,0.2,1.5,0.036,0.0,44.0
2024-12-15 02:00:00,0.2,1.7,0.035,0.0,42.0
2024-12-15 03:00:00,0.2,2.0,0.036,0.0,43.0
2024-12-15 04:00:00,,,0.035,0.0,42.0
2024-12-15 05:00:00,0.2,1.6,0.036,0.0,42.0
2024-12-15 06:00:00,0.1,0.9,0.038,0.0,41.0
2024-12-15 07:00:00,0.4,1.6,0.037,0.0,40.0
2024-12-15 08:00:00,0.3,1.4,0.036,0.04,40.0
2024-12-15 09:00:00,0.2,1.4,0.036,0.11,39.0
2024-12-15 10:00:00,0.3,1.2,0.037,0.18,39.0
2024-12-15 11:00:00,0.4,1.0,0.038,0.54,41.0
2024-12-15 12:00:00,0.4,0.9,0.039,0.56,42.0
2024-12-15 13:00:00,0.5,1.1,0.039,0.55,44.0
2024-12-15 14:00:00,0.3,1.0,0.04,0.29,44.0
2024-12-15 15:00:00,0.5,1.5,0.039,0.06,42.0
2024-12-15 16:00:00,0.3,3.1,0.036,0.03,41.0
2024-12-15 17:00:00,0.2,2.9,0.035,0.0,37.0
2024-12-15 18:00:00,0.6,6.0,0.03,0.0,34.0
2024-12-15 19:00:00,1.2,15.6,0.021,0.0,34.0
2024-12-15 20:00:00,2.8,24.6,0.01,0.0,32.0
2024-12-15 21:00:00,1.9,14.7,0.018,0.0,30.0
2024-12-15 22:00:00,0.9,6.4,0.026,0.0,30.0
2024-12-15 23:00:00,0.7,5.1,0.027,0.0,29.0
2024-12-16 00:00:00,0.9,5.9,0.027,0.0,29.0
2024-12-16 01:00:00,0.8,3.6,0.03,0.0,29.0
2024-12-16 02:00:00,0.9,4.2,0.029,0.0,29.0
2024-12-16 03:00:00,0.7,3.3,0.032,0.0,30.0
2024-12-16 04:00:00,1.2,4.2,0.031,0.0,30.0
2024-12-16 05:00:00,1.4,5.5,0.03,0.0,31.0
2024-12-16 06:00:00,2.1,9.0,0.026,0.0,31.0
2024-12-16 07:00:00,3.4,9.1,0.026,0.0,30.0
2024-12-16 08:00:00,6.0,9.6,0.026,0.13,32.0
2024-12-16 09:00:00,9.0,11.9,0.026,0.22,35.0
2024-12-16 10:00:00,7.6,10.0,0.027,0.41,37.0
2024-12-16 11:00:00,5.6,7.2,0.031,0.59,41.0
2024-12-16 12:00:00,2.7,4.5,0.035,0.54,44.0
2024-12-16 13:00:00,5.7,11.7,0.028,0.34,47.0
2024-12-16 14:00:00,3.7,8.9,0.028,0.28,47.0
2024-12-16 15:00:00,3.2,14.3,0.021,0.11,44.0
2024-12-16 16:00:00,6.8,21.3,0.018,0.03,45.0
2024-12-16 17:00:00,4.8,22.5,0.013,0.0,43.0
2024-12-16 18:00:00,0.5,17.3,0.016,0.0,38.0
2024-12-16 19:00:00,0.2,12.3,0.019,0.0,37.0
2024-12-16 20:00:00,1.0,13.9,0.018,0.0,36.0
2024-12-16 21:00:00,1.6,20.7,0.011,0.0,37.0
2024-12-16 22:00:00,1.6,23.2,0.006,0.0,36.0
2024-12-16 23:00:00,1.4,21.1,0.009,0.0,37.0
2024-12-17 00:00:00,0.5,16.3,0.009,0.0,37.0
2024-12-17 01:00:00,1.0,19.3,0.006,0.0,37.0
2024-12-17 02:00:00,5.7,24.7,0.003,0.0,37.0
2024-12-17 03:00:00,3.2,23.2,0.002,0.0,37.0
2024-12-17 04:00:00,7.9,22.9,0.001,0.0,35.0
2024-12-17 05:00:00,23.8,27.9,0.0,0.0,35.0
2024-12-17 06:00:00,38.2,29.5,0.0,0.0,35.0
2024-12-17 07:00:00,41.0,29.9,0.001,0.0,35.0
2024-12-17 08:00:00,16.0,27.6,0.004,0.05,35.0
2024-12-17 09:00:00,21.3,26.1,0.008,0.17,38.0
2024-12-17 10:00:00,8.3,12.4,0.024,0.46,45.0
2024-12-17 11:00:00,2.2,5.9,0.035,0.43,48.0
2024-12-17 12:00:00,1.3,3.9,0.039,0.57,48.0
2024-12-17 13:00:00,1.2,3.5,0.04,0.63,50.0
2024-12-17 14:00:00,1.3,3.7,0.04,0.35,50.0
2024-12-17 15:00:00,0.9,3.4,0.041,0.06,49.0
2024-12-17 16:00:00,0.7,3.8,0.039,0.02,46.0
2024-12-17 17:00:00,0.2,3.5,0.038,0.0,42.0
2024-12-17 18:00:00,0.7,6.3,0.032,0.0,40.0
2024-12-17 19:00:00,1.0,14.6,0.024,0.0,39.0
2024-12-17 20:00:00,2.3,24.8,0.013,0.0,37.0
2024-12-17 21:00:00,1.3,15.7,0.022,0.0,36.0
2024-12-17 22:00:00,0.8,7.5,0.029,0.0,36.0
2024-12-17 23:00:00,0.8,6.9,0.029,0.0,35.0
2024-12-18 00:00:00,0.9,7.9,0.029,0.0,34.0
2024-12-18 01:00:00,0.7,4.7,0.031,0.0,34.0
2024-12-18 02:00:00,1.1,8.9,0.025,0.0,33.0
2024-12-18 03:00:00,0.8,5.3,0.03,0.0,34.0
2024-12-18 04:00:00,0.7,5.4,0.031,0.0,34.0
2024-12-18 05:00:00,2.6,8.0,0.03,0.0,34.0
2024-12-18 06:00:00,3.7,12.0,0.026,0.0,34.0
2024-12-18 07:00:00,5.5,12.4,0.025,0.0,33.0
2024-12-18 08:00:00,9.7,18.1,0.019,0.11,34.0
2024-12-18 09:00:00,10.6,18.0,0.019,0.18,36.0
2024-12-18 10:00:00,7.2,10.9,0.025,0.38,38.0
2024-12-18 11:00:00,9.1,10.1,0.025,0.59,42.0
2024-12-18 12:00:00,7.4,10.4,0.028,0.61,47.0
2024-12-18 13:00:00,5.4,8.9,0.028,0.58,49.0
2024-12-18 14:00:00,4.9,11.2,0.026,0.34,49.0
2024-12-18 15:00:00,4.0,12.5,0.024,0.1,47.0
2024-12-18 16:00:00,5.7,18.1,0.018,0.04,43.0
2024-12-18 17:00:00,14.2,27.8,0.007,0.0,41.0
2024-12-18 18:00:00,11.3,30.6,0.002,0.0,39.0
2024-12-18 19:00:00,9.1,30.7,0.0,0.0,37.0
2024-12-18 20:00:00,23.0,34.0,0.0,0.0,38.0
2024-12-18 21:00:00,25.2,27.5,0.0,0.0,34.0
2024-12-18 22:00:00,22.0,29.8,0.0,0.0,34.0
2024-12-18 23:00:00,10.6,28.2,0.006,0.0,35.0
2024-12-19 00:00:00,1.1,9.5,0.024,0.0,37.0
2024-12-19 01:00:00,11.8,27.3,0.0,0.0,31.0
2024-12-19 02:00:00,1.8,7.8,0.025,0.0,35.0
2024-12-19 03:00:00,2.7,13.1,0.016,0.0,34.0
2024-12-19 04:00:00,1.4,9.1,0.022,0.0,34.0
2024-12-19 05:00:00,7.7,15.2,0.014,0.0,33.0
2024-12-19 06:00:00,13.2,23.5,0.006,0.0,32.0
2024-12-19 07:00:00,31.4,26.1,0.001,0.0,30.0
2024-12-19 08:00:00,35.4,22.5,0.009,0.11,33.0
2024-12-19 09:00:00,11.8,14.0,0.018,0.32,38.0
2024-12-19 10:00:00,19.2,15.8,0.013,0.45,39.0
2024-12-19 11:00:00,14.4,13.2,0.016,0.56,44.0
2024-12-19 12:00:00,10.2,12.0,0.021,0.58,49.0
2024-12-19 13:00:00,10.6,13.0,0.02,0.48,48.0
2024-12-19 14:00:00,7.6,11.7,0.021,0.35,50.0
2024-12-19 15:00:00,7.7,13.8,0.018,0.06,49.0
2024-12-19 16:00:00,6.4,18.1,0.014,0.04,45.0
2024-12-19 17:00:00,7.2,24.0,0.007,0.0,40.0
2024-12-19 18:00:00,11.8,26.3,0.004,0.0,38.0
2024-12-19 19:00:00,6.9,26.5,0.004,0.0,36.0
2024-12-19 20:00:00,3.8,25.7,0.004,0.0,34.0
2024-12-19 21:00:00,13.6,29.1,0.002,0.0,34.0
2024-12-19 22:00:00,17.2,27.2,0.006,0.0,36.0
2024-12-19 23:00:00,21.4,25.8,0.003,0.0,33.0
2024-12-20 00:00:00,12.0,20.9,0.009,0.0,34.0
2024-12-20 01:00:00,13.9,20.5,0.014,0.0,36.0
2024-12-20 02:00:00,18.5,15.5,0.018,0.0,35.0
2024-12-20 03:00:00,1.9,7.3,0.025,0.0,37.0
2024-12-20 04:00:00,,,0.009,0.0,32.0
2024-12-20 05:00:00,14.9,16.9,0.016,0.0,33.0
2024-12-20 06:00:00,3.6,13.5,0.019,0.0,34.0
2024-12-20 07:00:00,18.0,18.4,0.015,0.0,33.0
2024-12-20 08:00:00,30.6,24.9,0.009,0.12,34.0
2024-12-20 09:00:00,11.0,14.1,0.018,0.34,38.0
2024-12-20 10:00:00,12.0,13.0,0.022,0.5,40.0
2024-12-20 11:00:00,10.9,11.5,0.023,0.61,45.0
2024-12-20 12:00:00,7.9,9.6,0.022,0.64,48.0
2024-12-20 13:00:00,9.8,11.8,0.021,0.61,50.0
2024-12-20 14:00:00,8.8,13.6,0.021,0.39,53.0
2024-12-20 15:00:00,4.7,12.4,0.024,0.14,51.0
2024-12-20 16:00:00,1.9,14.7,0.022,0.04,47.0
2024-12-20 17:00:00,8.9,27.4,0.008,0.0,43.0
2024-12-20 18:00:00,16.1,34.4,0.001,0.0,42.0
2024-12-20 19:00:00,9.6,33.3,0.003,0.0,40.0
2024-12-20 20:00:00,24.4,35.9,0.0,0.0,38.0
2024-12-20 21:00:00,24.1,33.4,0.0,0.0,37.0
2024-12-20 22:00:00,69.8,34.2,0.0,0.0,35.0
2024-12-20 23:00:00,48.4,34.2,0.001,0.0,36.0
2024-12-21 00:00:00,18.5,30.5,0.005,0.0,35.0
2024-12-21 01:00:00,4.5,18.8,0.014,0.0,36.0
2024-12-21 02:00:00,1.0,7.3,0.027,0.0,39.0
2024-12-21 03:00:00,1.0,7.7,0.027,0.0,38.0
2024-12-21 04:00:00,4.2,12.0,,0.0,37.0
2024-12-21 05:00:00,11.8,25.8,0.008,0.0,34.0
2024-12-21 06:00:00,4.1,15.9,0.014,0.0,35.0
2024-12-21 07:00:00,2.4,7.3,0.027,0.0,37.0
2024-12-21 08:00:00,1.8,6.8,0.028,0.12,39.0
2024-12-21 09:00:00,7.4,11.0,0.019,0.31,39.0
2024-12-21 10:00:00,15.6,15.5,0.018,0.48,43.0
2024-12-21 11:00:00,6.8,8.9,0.024,0.59,48.0
2024-12-21 12:00:00,7.4,11.9,0.021,0.49,49.0
2024-12-21 13:00:00,6.8,15.9,0.018,0.29,51.0
2024-12-21 14:00:00,6.1,13.0,0.019,0.23,51.0
2024-12-21 15:00:00,5.2,11.5,0.018,0.07,51.0
2024-12-21 16:00:00,3.4,14.0,0.015,0.02,48.0
2024-12-21 17:00:00,5.5,22.0,0.007,0.0,42.0
2024-12-21 18:00:00,6.3,24.5,0.008,0.0,45.0
2024-12-21 19:00:00,3.3,18.2,0.016,0.0,46.0
2024-12-21 20:00:00,6.1,15.5,0.018,0.0,43.0
2024-12-21 21:00:00,0.6,11.1,0.023,0.0,46.0
2024-12-21 22:00:00,3.6,15.1,0.016,0.0,42.0
2024-12-21 23:00:00,12.0,22.3,0.012,0.0,40.0
2024-12-22 00:00:00,1.3,6.0,0.031,0.0,45.0
2024-12-22 01:00:00,0.5,5.1,0.03,0.0,42.0
2024-12-22 02:00:00,0.7,4.3,0.03,0.0,42.0
2024-12-22 03:00:00,0.8,6.1,0.029,0.0,41.0
2024-12-22 04:00:00,,,0.028,0.0,42.0
2024-12-22 05:00:00,15.9,22.2,0.009,0.0,38.0
2024-12-22 06:00:00,3.4,11.2,0.022,0.0,39.0
2024-12-22 07:00:00,0.7,4.0,0.029,0.01,40.0
2024-12-22 08:00:00,1.0,4.1,0.029,0.08,40.0
2024-12-22 09:00:00,2.6,6.0,0.025,0.21,42.0
2024-12-22 10:00:00,2.8,4.9,0.028,0.56,46.0
2024-12-22 11:00:00,3.2,5.5,0.027,0.58,50.0
2024-12-22 12:00:00,2.9,6.0,0.027,0.47,53.0
2024-12-22 13:00:00,3.0,7.0,0.025,0.42,54.0
2024-12-22 14:00:00,2.4,9.0,0.023,0.23,51.0
2024-12-22 15:00:00,2.3,12.4,0.021,0.12,48.0
2024-12-22 16:00:00,1.7,20.6,0.014,0.02,46.0
2024-12-22 17:00:00,0.3,20.5,0.014,0.0,43.0
2024-12-22 18:00:00,0.2,15.8,0.018,0.0,43.0
2024-12-22 19:00:00,0.3,17.7,0.014,0.0,42.0
2024-12-22 20:00:00,0.4,17.0,0.014,0.0,41.0
2024-12-22 21:00:00,0.4,17.1,0.014,0.0,41.0
2024-12-22 22:00:00,1.3,22.9,0.007,0.0,42.0
2024-12-22 23:00:00,3.5,21.5,0.008,0.0,41.0
2024-12-23 00:00:00,1.2,22.6,0.007,0.0,41.0
2024-12-23 01:00:00,1.8,22.3,0.002,0.0,39.0
2024-12-23 02:00:00,10.3,25.3,0.0,0.0,38.0
2024-12-23 03:00:00,10.1,24.8,0.0,0.0,37.0
2024-12-23 04:00:00,14.7,24.0,0.0,0.0,35.0
2024-12-23 05:00:00,23.2,24.6,0.0,0.0,35.0
2024-12-23 06:00:00,32.4,24.3,0.0,0.0,34.0
2024-12-23 07:00:00,65.0,27.3,0.0,0.0,34.0
2024-12-23 08:00:00,66.4,25.3,0.0,0.07,35.0
2024-12-23 09:00:00,33.4,21.7,0.001,0.07,36.0
2024-12-23 10:00:00,19.4,19.3,0.003,0.1,37.0
2024-12-23 11:00:00,39.9,26.6,0.003,0.22,41.0
2024-12-23 12:00:00,18.4,19.1,0.008,0.29,42.0
2024-12-23 13:00:00,29.8,24.2,0.007,0.37,46.0
2024-12-23 14:00:00,16.0,24.7,0.006,0.17,44.0
2024-12-23 15:00:00,25.3,28.3,0.004,0.13,45.0
2024-12-23 16:00:00,20.1,30.9,0.002,0.08,46.0
2024-12-23 17:00:00,24.7,30.9,0.0,0.0,42.0
2024-12-23 18:00:00,41.8,30.6,0.0,0.0,40.0
2024-12-23 19:00:00,39.0,28.1,0.0,0.0,37.0
2024-12-23 20:00:00,38.1,23.8,0.003,0.0,37.0
2024-12-23 21:00:00,17.7,26.5,0.002,0.0,37.0
2024-12-23 22:00:00,4.1,17.6,0.009,0.0,37.0
2024-12-23 23:00:00,1.6,13.2,0.014,0.0,37.0
2024-12-24 00:00:00,6.9,17.9,0.006,0.0,34.0
2024-12-24 01:00:00,1.4,11.9,0.015,0.0,35.0
2024-12-24 02:00:00,1.0,7.5,0.02,0.0,37.0
2024-12-24 03:00:00,0.9,5.6,0.022,0.0,36.0
2024-12-24 04:00:00,1.3,7.9,0.019,0.0,35.0
2024-12-24 05:00:00,17.4,16.7,0.011,0.0,34.0
2024-12-24 06:00:00,22.2,24.2,0.004,0.0,33.0
2024-12-24 07:00:00,9.6,16.6,0.012,0.0,33.0
2024-12-24 08:00:00,15.6,15.0,0.018,0.05,37.0
2024-12-24 09:00:00,56.9,23.1,0.003,0.24,33.0
2024-12-24 10:00:00,16.1,14.1,0.01,0.39,36.0
2024-12-24 11:00:00,7.9,10.2,0.015,0.46,39.0
2024-12-24 12:00:00,4.3,8.3,0.018,0.4,41.0
2024-12-24 13:00:00,4.5,11.5,0.017,0.26,44.0
2024-12-24 14:00:00,7.0,19.5,0.012,0.14,44.0
2024-12-24 15:00:00,2.0,9.3,0.032,0.08,50.0
2024-12-24 16:00:00,0.5,4.4,0.039,0.02,52.0
2024-12-24 17:00:00,0.4,4.0,0.038,0.0,51.0
2024-12-24 18:00:00,0.4,3.7,0.038,0.0,50.0
2024-12-24 19:00:00,0.4,3.4,0.037,0.0,48.0
2024-12-24 20:00:00,0.3,2.7,0.039,0.0,49.0
2024-12-24 21:00:00,0.4,2.7,0.039,0.0,48.0
2024-12-24 22:00:00,0.4,2.5,0.038,0.0,48.0
2024-12-24 23:00:00,0.3,2.2,0.038,0.0,47.0
2024-12-25 00:00:00,0.4,2.1,0.037,0.0,46.0
2024-12-25 01:00:00,0.4,2.8,0.034,0.0,42.0
2024-12-25 02:00:00,0.5,2.8,0.034,0.0,42.0
2024-12-25 03:00:00,0.3,2.6,0.031,0.0,39.0
2024-12-25 04:00:00,0.4,3.2,0.029,0.0,37.0
2024-12-25 05:00:00,0.5,4.6,0.027,0.0,38.0
2024-12-25 06:00:00,0.6,6.1,0.027,0.0,38.0
2024-12-25 07:00:00,0.2,2.9,0.026,0.0,37.0
2024-12-25 08:00:00,0.2,2.5,0.026,0.01,35.0
2024-12-25 09:00:00,0.4,3.9,0.023,0.04,34.0
2024-12-25 10:00:00,0.6,4.0,0.023,0.07,35.0
2024-12-25 11:00:00,0.5,2.8,0.029,0.09,36.0
2024-12-25 12:00:00,0.3,1.8,0.033,0.09,36.0
2024-12-25 13:00:00,0.2,1.4,0.034,0.12,37.0
2024-12-25 14:00:00,0.2,1.7,0.033,0.09,38.0
2024-12-25 15:00:00,0.3,2.2,0.033,0.05,38.0
2024-12-25 16:00:00,0.1,2.6,0.031,0.01,38.0
2024-12-25 17:00:00,0.2,3.2,0.029,0.0,37.0
2024-12-25 18:00:00,0.6,4.8,0.028,0.0,36.0
2024-12-25 19:00:00,1.2,9.5,0.024,0.0,36.0
2024-12-25 20:00:00,0.8,14.0,0.016,0.0,35.0
2024-12-25 21:00:00,1.2,15.8,0.014,0.0,34.0
2024-12-25 22:00:00,1.6,21.3,0.006,0.0,33.0
2024-12-25 23:00:00,1.2,16.5,0.01,0.0,32.0
2024-12-26 00:00:00,1.6,17.3,0.008,0.0,32.0
2024-12-26 01:00:00,1.1,11.4,0.015,0.0,32.0
2024-12-26 02:00:00,2.0,8.8,0.02,0.0,33.0
2024-12-26 03:00:00,2.3,9.6,0.018,0.0,32.0
2024-12-26 04:00:00,1.5,5.7,0.023,0.0,33.0
2024-12-26 05:00:00,1.3,10.3,0.017,0.0,32.0
2024-12-26 06:00:00,3.6,11.8,0.018,0.0,34.0
2024-12-26 07:00:00,3.0,8.6,0.02,0.0,33.0
2024-12-26 08:00:00,5.9,16.1,0.013,0.02,32.0
2024-12-26 09:00:00,4.1,13.0,0.019,0.1,33.0
2024-12-26 10:00:00,2.6,6.7,0.028,0.26,36.0
2024-12-26 11:00:00,2.9,4.6,0.03,0.49,39.0
2024-12-26 12:00:00,2.7,4.6,0.031,0.62,40.0
2024-12-26 13:00:00,2.3,8.1,0.028,0.25,39.0
2024-12-26 14:00:00,5.1,10.5,0.028,0.42,44.0
2024-12-26 15:00:00,1.2,5.5,0.034,0.08,42.0
2024-12-26 16:00:00,1.5,7.7,0.029,0.01,40.0
2024-12-26 17:00:00,0.3,5.9,0.031,0.0,37.0
2024-12-26 18:00:00,0.3,6.5,0.031,0.0,32.0
2024-12-26 19:00:00,0.7,10.2,0.027,0.0,33.0
2024-12-26 20:00:00,0.5,9.2,0.027,0.0,34.0
2024-12-26 21:00:00,0.7,9.9,0.026,0.0,34.0
2024-12-26 22:00:00,0.7,11.0,0.025,0.0,35.0
2024-12-26 23:00:00,0.8,10.8,0.026,0.0,35.0
2024-12-27 00:00:00,0.5,12.1,0.016,0.0,33.0
2024-12-27 01:00:00,0.8,18.2,0.01,0.0,33.0
2024-12-27 02:00:00,1.2,13.2,0.025,0.0,35.0
2024-12-27 03:00:00,0.8,11.2,0.024,0.0,35.0
2024-12-27 04:00:00,,,0.023,0.0,35.0
2024-12-27 05:00:00,0.4,10.2,0.018,0.0,34.0
2024-12-27 06:00:00,1.9,19.7,0.013,0.0,34.0
2024-12-27 07:00:00,3.3,18.7,0.019,0.0,35.0
2024-12-27 08:00:00,4.5,18.7,0.011,0.03,34.0
2024-12-27 09:00:00,5.2,15.8,0.024,0.04,35.0
2024-12-27 10:00:00,3.7,13.2,0.023,0.12,35.0
2024-12-27 11:00:00,3.6,13.0,0.023,0.1,37.0
2024-12-27 12:00:00,0.8,6.8,0.031,0.04,39.0
2024-12-27 13:00:00,0.5,2.0,0.034,0.06,38.0
2024-12-27 14:00:00,0.6,1.8,0.033,0.04,40.0
2024-12-27 15:00:00,0.7,4.7,0.03,0.04,40.0
2024-12-27 16:00:00,0.6,9.3,0.027,0.02,39.0
2024-12-27 17:00:00,0.4,5.7,0.029,0.0,40.0
2024-12-27 18:00:00,0.6,8.1,0.022,0.0,37.0
2024-12-27 19:00:00,1.9,20.3,0.012,0.0,37.0
2024-12-27 20:00:00,1.8,23.5,0.01,0.0,39.0
2024-12-27 21:00:00,1.3,23.3,0.011,0.0,40.0
2024-12-27 22:00:00,0.3,8.5,0.022,0.0,39.0
2024-12-27 23:00:00,0.5,5.5,0.022,0.0,39.0
2024-12-28 00:00:00,3.0,18.1,0.013,0.0,39.0
2024-12-28 01:00:00,0.9,16.9,0.014,0.0,39.0
2024-12-28 02:00:00,0.8,11.7,0.018,0.0,39.0
2024-12-28 03:00:00,0.1,3.0,0.031,0.0,39.0
2024-12-28 04:00:00,0.6,11.3,,0.0,38.0
2024-12-28 05:00:00,0.4,7.1,0.031,0.0,38.0
2024-12-28 06:00:00,0.2,5.0,0.031,0.0,37.0
2024-12-28 07:00:00,1.4,12.0,0.027,0.0,36.0
2024-12-28 08:00:00,0.7,10.5,0.025,0.02,36.0
2024-12-28 09:00:00,1.7,10.9,0.024,0.07,38.0
2024-12-28 10:00:00,2.4,9.7,0.023,0.09,38.0
2024-12-28 11:00:00,2.2,9.2,0.029,0.13,41.0
2024-12-28 12:00:00,2.1,10.2,0.027,0.12,42.0
2024-12-28 13:00:00,1.5,10.9,0.026,0.06,43.0
2024-12-28 14:00:00,1.5,10.5,0.025,0.04,43.0
2024-12-28 15:00:00,1.8,10.1,0.026,0.04,44.0
2024-12-28 16:00:00,1.4,9.5,0.027,0.01,43.0
2024-12-28 17:00:00,1.4,10.0,0.026,0.0,43.0
2024-12-28 18:00:00,0.9,9.0,0.025,0.0,42.0
2024-12-28 19:00:00,1.4,8.5,0.025,0.0,42.0
2024-12-28 20:00:00,0.9,8.2,0.025,0.0,42.0
2024-12-28 21:00:00,1.6,11.1,0.023,0.0,42.0
2024-12-28 22:00:00,0.8,6.2,0.026,0.0,43.0
2024-12-28 23:00:00,1.0,7.0,0.026,0.0,43.0
2024-12-29 00:00:00,0.6,4.7,0.026,0.0,43.0
2024-12-29 01:00:00,0.5,5.3,0.024,0.0,42.0
2024-12-29 02:00:00,0.7,6.7,0.018,0.0,42.0
2024-12-29 03:00:00,0.6,8.5,0.011,0.0,39.0
2024-12-29 04:00:00,,,0.015,0.0,40.0
2024-12-29 05:00:00,1.5,9.8,0.013,0.0,39.0
2024-12-29 06:00:00,1.4,11.9,0.008,0.0,37.0
2024-12-29 07:00:00,1.1,8.8,0.015,0.0,39.0
2024-12-29 08:00:00,1.5,6.6,0.018,0.08,42.0
2024-12-29 09:00:00,2.5,5.9,0.021,0.19,44.0
2024-12-29 10:00:00,2.2,4.7,0.024,0.31,47.0
2024-12-29 11:00:00,2.4,5.9,0.023,0.22,48.0
2024-12-29 12:00:00,7.7,13.0,0.014,0.23,49.0
2024-12-29 13:00:00,3.8,13.1,0.015,0.11,49.0
2024-12-29 14:00:00,1.8,8.1,0.023,0.1,50.0
2024-12-29 15:00:00,1.1,7.8,0.025,0.06,52.0
2024-12-29 16:00:00,0.6,5.3,0.029,0.01,54.0
2024-12-29 17:00:00,0.2,3.9,0.028,0.0,45.0
2024-12-29 18:00:00,0.2,2.7,0.03,0.0,42.0
2024-12-29 19:00:00,0.2,3.5,0.028,0.0,42.0
2024-12-29 20:00:00,0.2,3.5,0.025,0.0,41.0
2024-12-29 21:00:00,0.3,5.0,0.021,0.0,40.0
2024-12-29 22:00:00,0.1,2.8,0.032,0.0,40.0
2024-12-29 23:00:00,0.4,5.4,0.026,0.0,39.0
2024-12-30 00:00:00,0.2,3.8,0.029,0.0,39.0
2024-12-30 01:00:00,0.2,2.6,0.03,0.0,40.0
2024-12-30 02:00:00,1.0,4.0,0.031,0.0,38.0
2024-12-30 03:00:00,0.9,3.5,0.03,0.0,37.0
2024-12-30 04:00:00,0.4,3.4,0.03,0.0,37.0
2024-12-30 05:00:00,0.2,3.1,0.033,0.0,37.0
2024-12-30 06:00:00,0.2,4.3,0.035,0.0,37.0
2024-12-30 07:00:00,0.5,5.4,0.031,0.0,37.0
2024-12-30 08:00:00,0.5,5.2,0.032,0.03,35.0
2024-12-30 09:00:00,0.7,5.3,0.032,0.07,36.0
2024-12-30 10:00:00,0.6,3.3,0.034,0.11,36.0
2024-12-30 11:00:00,1.0,2.8,0.036,0.25,36.0
2024-12-30 12:00:00,1.3,2.9,0.036,0.37,37.0
2024-12-30 13:00:00,2.0,2.6,0.037,0.47,38.0
2024-12-30 14:00:00,1.0,1.9,0.038,0.46,39.0
2024-12-30 15:00:00,1.3,2.6,0.037,0.1,38.0
2024-12-30 16:00:00,0.6,3.1,0.035,0.03,35.0
2024-12-30 17:00:00,0.6,3.9,0.033,0.0,33.0
2024-12-30 18:00:00,0.2,5.8,0.03,0.0,32.0
2024-12-30 19:00:00,0.8,11.5,0.023,0.0,31.0
2024-12-30 20:00:00,1.2,13.8,0.018,0.0,29.0
2024-12-30 21:00:00,2.3,19.3,0.014,0.0,29.0
2024-12-30 22:00:00,1.4,10.5,0.024,0.0,27.0
2024-12-30 23:00:00,0.8,3.9,0.03,0.0,27.0
2024-12-31 00:00:00,1.0,4.5,0.029,0.0,26.0
2024-12-31 01:00:00,0.9,3.4,0.031,0.0,25.0
2024-12-31 02:00:00,1.0,4.4,0.03,0.0,25.0
2024-12-31 03:00:00,1.4,6.2,0.028,0.0,24.0
2024-12-31 04:00:00,1.2,5.3,0.027,0.0,22.0
2024-12-31 05:00:00,1.5,6.7,0.026,0.0,21.0
2024-12-31 06:00:00,3.6,10.4,0.023,0.0,21.0
2024-12-31 07:00:00,3.6,14.3,0.019,0.0,20.0
2024-12-31 08:00:00,6.8,13.2,0.021,0.11,21.0
2024-12-31 09:00:00,5.3,7.7,0.026,0.33,25.0
2024-12-31 10:00:00,4.7,5.9,0.029,0.5,27.0
2024-12-31 11:00:00,4.4,5.7,0.032,0.61,31.0
2024-12-31 12:00:00,2.3,3.7,0.035,0.65,37.0
2024-12-31 13:00:00,1.6,2.7,0.037,0.6,38.0
2024-12-31 14:00:00,0.8,1.6,0.04,0.42,37.0
2024-12-31 15:00:00,1.1,2.4,0.039,0.07,37.0
2024-12-31 16:00:00,1.3,5.2,0.034,0.03,34.0
2024-12-31 17:00:00,2.1,10.6,0.028,0.0,31.0
2024-12-31 18:00:00,1.1,18.7,0.016,0.0,30.0
2024-12-31 19:00:00,1.1,12.8,0.023,0.0,29.0
2024-12-31 20:00:00,0.8,5.6,0.03,0.0,28.0
2024-12-31 21:00:00,0.8,4.6,0.031,0.0,27.0
2024-12-31 22:00:00,0.8,4.5,0.031,0.0,26.0
2024-12-31 23:00:00,0.8,4.0,0.032,0.0,25.0
2025-01-01 00:00:00,0.7,3.6,0.032,0.0,25.0
2025-01-01 01:00:00,0.8,3.2,0.033,0.0,24.0
2025-01-01 02:00:00,0.7,2.8,0.034,0.0,24.0
2025-01-01 03:00:00,0.8,2.7,0.034,0.0,25.0
2025-01-01 04:00:00,0.8,2.9,0.033,0.0,24.0
2025-01-01 05:00:00,0.9,2.5,0.035,0.0,25.0
2025-01-01 06:00:00,1.0,3.0,0.033,0.0,24.0
2025-01-01 07:00:00,1.0,3.4,0.032,0.0,24.0
2025-01-01 08:00:00,1.1,3.5,0.033,0.02,26.0
2025-01-01 09:00:00,1.2,3.7,0.032,0.09,26.0
2025-01-01 10:00:00,1.8,4.4,0.031,0.18,28.0
2025-01-01 11:00:00,2.1,4.5,0.033,0.34,32.0
2025-01-01 12:00:00,2.7,5.6,0.032,0.34,35.0
2025-01-01 13:00:00,2.1,5.9,0.031,0.26,37.0
2025-01-01 14:00:00,1.6,7.0,0.031,0.13,38.0
2025-01-01 15:00:00,1.9,9.3,0.03,0.09,39.0
2025-01-01 16:00:00,1.2,11.5,0.027,0.02,39.0
2025-01-01 17:00:00,1.8,13.0,0.027,0.0,39.0
2025-01-01 18:00:00,1.6,12.0,0.028,0.0,39.0
2025-01-01 19:00:00,1.0,10.4,0.028,0.0,39.0
2025-01-01 20:00:00,1.1,11.0,0.028,0.0,39.0
2025-01-01 21:00:00,0.8,5.8,0.032,0.0,39.0
2025-01-01 22:00:00,1.4,9.9,0.029,0.0,40.0
2025-01-01 23:00:00,1.3,7.4,0.03,0.0,40.0
2025-01-02 00:00:00,0.8,6.8,0.03,0.0,40.0
2025-01-02 01:00:00,0.8,5.4,0.03,0.0,41.0
2025-01-02 02:00:00,1.6,7.8,0.028,0.0,41.0
2025-01-02 03:00:00,0.8,5.5,0.031,0.0,41.0
2025-01-02 04:00:00,0.9,8.5,0.029,0.0,41.0
2025-01-02 05:00:00,1.1,9.4,0.026,0.0,41.0
2025-01-02 06:00:00,2.6,18.7,0.016,0.0,41.0
2025-01-02 07:00:00,6.5,29.1,0.006,0.0,41.0
2025-01-02 08:00:00,4.7,17.7,0.014,0.03,39.0
2025-01-02 09:00:00,13.5,25.0,0.01,0.14,41.0
2025-01-02 10:00:00,4.6,13.2,0.021,0.21,42.0
2025-01-02 11:00:00,6.5,10.0,0.026,0.56,47.0
2025-01-02 12:00:00,3.5,5.8,0.03,0.51,50.0
2025-01-02 13:00:00,4.0,7.1,0.03,0.57,52.0
2025-01-02 14:00:00,2.7,6.8,0.031,0.35,53.0
2025-01-02 15:00:00,2.2,7.6,0.031,0.13,51.0
2025-01-02 16:00:00,3.6,15.6,0.022,0.06,49.0
2025-01-02 17:00:00,5.0,17.0,0.015,0.0,44.0
2025-01-02 18:00:00,2.9,22.1,0.012,0.0,43.0
2025-01-02 19:00:00,2.6,7.8,0.031,0.0,44.0
2025-01-02 20:00:00,0.8,5.7,0.032,0.0,44.0
2025-01-02 21:00:00,0.8,5.3,0.033,0.0,44.0
2025-01-02 22:00:00,0.6,5.3,0.033,0.0,43.0
2025-01-02 23:00:00,0.6,5.0,0.034,0.0,42.0
2025-01-03 00:00:00,0.7,5.3,0.034,0.0,42.0
2025-01-03 01:00:00,0.5,3.0,0.033,0.0,40.0
2025-01-03 02:00:00,0.7,3.7,0.033,0.0,40.0
2025-01-03 03:00:00,0.7,3.6,0.034,0.0,40.0
2025-01-03 04:00:00,,,0.034,0.0,40.0
2025-01-03 05:00:00,0.7,3.5,0.034,0.0,40.0
2025-01-03 06:00:00,0.9,4.7,0.032,0.0,40.0
2025-01-03 07:00:00,1.6,5.6,0.03,0.0,39.0
2025-01-03 08:00:00,5.2,8.3,0.029,0.08,40.0
2025-01-03 09:00:00,2.9,5.5,0.03,0.23,42.0
2025-01-03 10:00:00,3.1,4.6,0.033,0.43,46.0
2025-01-03 11:00:00,3.3,4.6,0.034,0.51,49.0
2025-01-03 12:00:00,3.1,5.4,0.034,0.44,52.0
2025-01-03 13:00:00,2.4,4.8,0.036,0.42,54.0
2025-01-03 14:00:00,1.9,5.6,0.036,0.26,54.0
2025-01-03 15:00:00,1.8,6.4,0.036,0.14,54.0
2025-01-03 16:00:00,1.2,6.2,0.036,0.04,53.0
2025-01-03 17:00:00,1.2,6.6,0.035,0.0,52.0
2025-01-03 18:00:00,1.0,5.2,0.035,0.0,51.0
2025-01-03 19:00:00,0.7,4.0,0.036,0.0,49.0
2025-01-03 20:00:00,0.4,3.1,0.036,0.0,49.0
2025-01-03 21:00:00,0.8,3.9,0.036,0.0,48.0
2025-01-03 22:00:00,0.4,3.0,0.036,0.0,48.0
2025-01-03 23:00:00,1.4,4.1,0.035,0.0,47.0
2025-01-04 00:00:00,0.5,3.3,0.035,0.0,47.0
2025-01-04 01:00:00,0.8,4.0,0.035,0.0,47.0
2025-01-04 02:00:00,0.6,3.5,0.035,0.0,48.0
2025-01-04 03:00:00,0.3,3.8,0.035,0.0,49.0
2025-01-04 04:00:00,0.2,1.8,,0.0,47.0
2025-01-04 05:00:00,0.2,1.0,0.036,0.0,40.0
2025-01-04 06:00:00,0.1,0.8,0.044,0.0,37.0
2025-01-04 07:00:00,0.1,1.2,0.043,0.0,34.0
2025-01-04 08:00:00,0.2,1.4,0.041,0.01,34.0
2025-01-04 09:00:00,0.4,4.9,0.035,0.05,33.0
2025-01-04 10:00:00,0.2,1.9,0.039,0.1,34.0
2025-01-04 11:00:00,0.4,2.3,0.038,0.14,35.0
2025-01-04 12:00:00,1.1,3.3,0.035,0.21,36.0
2025-01-04 13:00:00,1.3,4.4,0.034,0.21,35.0
2025-01-04 14:00:00,0.6,2.8,0.036,0.15,37.0
2025-01-04 15:00:00,0.5,2.5,0.037,0.09,38.0
2025-01-04 16:00:00,0.6,2.9,0.035,0.04,37.0
2025-01-04 17:00:00,0.5,4.4,0.032,0.0,36.0
2025-01-04 18:00:00,0.4,3.1,0.035,0.0,37.0
2025-01-04 19:00:00,0.3,5.8,0.028,0.0,35.0
2025-01-04 20:00:00,0.7,13.7,0.017,0.0,33.0
2025-01-04 21:00:00,0.8,13.6,0.015,0.0,32.0
2025-01-04 22:00:00,1.9,23.4,0.008,0.0,31.0
2025-01-04 23:00:00,1.7,25.1,0.005,0.0,31.0
2025-01-05 00:00:00,2.2,25.8,0.005,0.0,30.0
2025-01-05 01:00:00,3.2,23.5,0.005,0.0,30.0
2025-01-05 02:00:00,3.2,24.8,0.006,0.0,31.0
2025-01-05 03:00:00,2.5,19.5,0.011,0.0,29.0
2025-01-05 04:00:00,,,0.016,0.0,29.0
2025-01-05 05:00:00,2.1,13.5,0.019,0.0,28.0
2025-01-05 06:00:00,1.8,13.2,0.019,0.0,27.0
2025-01-05 07:00:00,1.9,12.8,0.021,0.0,27.0
2025-01-05 08:00:00,1.5,7.7,0.025,0.08,28.0
2025-01-05 09:00:00,3.7,7.7,0.028,0.28,31.0
2025-01-05 10:00:00,4.2,7.9,0.025,0.31,32.0
2025-01-05 11:00:00,2.5,4.2,0.032,0.59,37.0
2025-01-05 12:00:00,2.6,4.6,0.032,0.59,42.0
2025-01-05 13:00:00,1.0,2.8,0.036,0.34,40.0
2025-01-05 14:00:00,0.8,2.9,0.035,0.23,39.0
2025-01-05 15:00:00,0.7,4.5,0.037,0.15,40.0
2025-01-05 16:00:00,0.6,6.6,0.034,0.04,39.0
2025-01-05 17:00:00,0.7,10.8,0.026,0.0,38.0
2025-01-05 18:00:00,0.7,14.2,0.019,0.0,36.0
2025-01-05 19:00:00,1.5,21.0,0.014,0.0,36.0
2025-01-05 20:00:00,1.0,23.8,0.012,0.0,36.0
2025-01-05 21:00:00,1.1,21.6,0.012,0.0,36.0
2025-01-05 22:00:00,2.0,22.4,0.008,0.0,36.0
2025-01-05 23:00:00,1.4,19.3,0.009,0.0,35.0
2025-01-06 00:00:00,1.7,11.1,0.024,0.0,36.0
2025-01-06 01:00:00,1.4,6.3,0.027,0.0,36.0
2025-01-06 02:00:00,3.6,13.9,0.02,0.0,35.0
2025-01-06 03:00:00,1.0,6.1,0.028,0.0,35.0
2025-01-06 04:00:00,0.8,5.7,0.03,0.0,36.0
2025-01-06 05:00:00,1.2,7.9,0.028,0.0,35.0
2025-01-06 06:00:00,1.6,9.3,0.028,0.0,36.0
2025-01-06 07:00:00,4.4,12.2,0.025,0.0,36.0
2025-01-06 08:00:00,6.3,15.1,0.023,0.04,36.0
2025-01-06 09:00:00,3.9,10.1,0.028,0.15,36.0
2025-01-06 10:00:00,4.5,9.4,0.027,0.3,36.0
2025-01-06 11:00:00,6.0,10.9,0.024,0.47,39.0
2025-01-06 12:00:00,3.6,10.4,0.027,0.28,40.0
2025-01-06 13:00:00,3.2,9.4,0.029,0.31,38.0
2025-01-06 14:00:00,3.0,9.9,0.029,0.27,40.0
2025-01-06 15:00:00,1.8,8.9,0.03,0.16,39.0
2025-01-06 16:00:00,0.8,9.1,0.031,0.07,38.0
2025-01-06 17:00:00,0.3,9.2,0.029,0.0,36.0
2025-01-06 18:00:00,2.6,13.4,0.023,0.0,35.0
2025-01-06 19:00:00,1.2,10.7,0.023,0.0,35.0
2025-01-06 20:00:00,0.2,12.3,0.022,0.0,36.0
2025-01-06 21:00:00,0.2,8.8,0.026,0.0,35.0
2025-01-06 22:00:00,0.8,13.8,0.021,0.0,34.0
2025-01-06 23:00:00,0.4,11.6,0.021,0.0,34.0
2025-01-07 00:00:00,0.4,10.7,0.019,0.0,34.0
2025-01-07 01:00:00,0.2,11.7,0.016,0.0,34.0
2025-01-07 02:00:00,0.2,6.3,0.026,0.0,34.0
2025-01-07 03:00:00,0.2,4.3,0.026,0.0,33.0
2025-01-07 04:00:00,0.2,5.5,0.025,0.0,33.0
2025-01-07 05:00:00,0.3,5.3,0.026,0.0,33.0
2025-01-07 06:00:00,0.1,6.2,0.023,0.0,32.0
2025-01-07 07:00:00,1.0,9.8,0.021,0.0,32.0
2025-01-07 08:00:00,1.9,9.5,0.022,0.07,32.0
2025-01-07 09:00:00,4.2,10.2,0.024,0.19,33.0
2025-01-07 10:00:00,4.5,8.3,0.027,0.36,35.0
2025-01-07 11:00:00,3.9,6.2,0.03,0.48,37.0
2025-01-07 12:00:00,2.7,4.0,0.034,0.65,39.0
2025-01-07 13:00:00,2.6,4.7,0.034,0.63,41.0
2025-01-07 14:00:00,2.0,4.1,0.035,0.43,40.0
2025-01-07 15:00:00,2.4,5.4,0.035,0.07,40.0
2025-01-07 16:00:00,1.3,6.0,0.035,0.04,39.0
2025-01-07 17:00:00,2.5,8.1,0.032,0.0,38.0
2025-01-07 18:00:00,1.2,7.9,0.033,0.0,36.0
2025-01-07 19:00:00,0.7,6.7,0.033,0.0,34.0
2025-01-07 20:00:00,0.7,4.3,0.035,0.0,33.0
2025-01-07 21:00:00,0.5,2.7,0.037,0.0,33.0
2025-01-07 22:00:00,0.5,2.7,0.036,0.0,32.0
2025-01-07 23:00:00,0.8,4.3,0.035,0.0,32.0
2025-01-08 00:00:00,0.4,4.3,0.035,0.0,31.0
2025-01-08 01:00:00,0.5,3.2,0.036,0.0,30.0
2025-01-08 02:00:00,0.9,6.7,0.032,0.0,29.0
2025-01-08 03:00:00,1.4,8.4,0.031,0.0,28.0
2025-01-08 04:00:00,1.5,7.8,0.031,0.0,26.0
2025-01-08 05:00:00,1.6,8.5,0.03,0.0,25.0
2025-01-08 06:00:00,2.3,12.2,0.027,0.0,23.0
2025-01-08 07:00:00,7.2,13.8,0.027,0.01,23.0
2025-01-08 08:00:00,5.0,12.5,0.028,0.12,24.0
2025-01-08 09:00:00,5.3,10.7,0.03,0.28,26.0
2025-01-08 10:00:00,6.1,9.3,0.03,0.44,29.0
2025-01-08 11:00:00,5.3,6.2,0.034,0.56,31.0
2025-01-08 12:00:00,2.3,4.3,0.035,0.57,36.0
2025-01-08 13:00:00,2.8,5.0,0.035,0.58,38.0
2025-01-08 14:00:00,3.4,6.6,0.033,0.42,38.0
2025-01-08 15:00:00,2.7,8.5,0.032,0.17,38.0
2025-01-08 16:00:00,2.1,11.4,0.029,0.04,37.0
2025-01-08 17:00:00,0.5,10.2,0.027,0.0,32.0
2025-01-08 18:00:00,1.1,13.5,0.021,0.0,31.0
2025-01-08 19:00:00,1.9,11.9,0.021,0.0,31.0
2025-01-08 20:00:00,1.6,9.8,0.023,0.0,31.0
2025-01-08 21:00:00,1.1,15.8,0.019,0.0,31.0
2025-01-08 22:00:00,1.1,18.9,0.013,0.0,30.0
2025-01-08 23:00:00,1.0,17.8,0.015,0.0,29.0
2025-01-09 00:00:00,0.8,13.8,0.015,0.0,28.0
2025-01-09 01:00:00,0.6,16.3,0.016,0.0,29.0
2025-01-09 02:00:00,0.5,12.6,0.022,0.0,29.0
2025-01-09 03:00:00,0.6,8.6,0.026,0.0,29.0
2025-01-09 04:00:00,1.4,10.0,0.025,0.0,28.0
2025-01-09 05:00:00,1.1,12.2,0.021,0.0,28.0
2025-01-09 06:00:00,7.9,23.3,0.011,0.0,27.0
2025-01-09 07:00:00,6.8,24.0,0.01,0.0,25.0
2025-01-09 08:00:00,15.7,27.5,0.006,0.04,25.0
2025-01-09 09:00:00,29.0,26.6,0.008,0.24,29.0
2025-01-09 10:00:00,17.0,17.0,0.019,0.48,36.0
2025-01-09 11:00:00,5.9,8.9,0.028,0.61,35.0
2025-01-09 12:00:00,4.6,7.6,0.031,0.66,38.0
2025-01-09 13:00:00,3.3,6.9,0.033,0.57,38.0
2025-01-09 14:00:00,2.5,6.4,0.034,0.47,39.0
2025-01-09 15:00:00,2.0,6.6,0.034,0.05,38.0
2025-01-09 16:00:00,1.5,8.4,0.032,0.04,36.0
2025-01-09 17:00:00,4.2,13.4,0.025,0.01,33.0
2025-01-09 18:00:00,0.5,6.5,0.03,0.0,32.0
2025-01-09 19:00:00,0.4,7.9,0.026,0.0,31.0
2025-01-09 20:00:00,1.2,18.2,0.018,0.0,30.0
2025-01-09 21:00:00,2.5,21.6,0.014,0.0,28.0
2025-01-09 22:00:00,1.8,16.0,0.017,0.0,26.0
2025-01-09 23:00:00,1.6,15.8,0.017,0.0,25.0
2025-01-10 00:00:00,1.4,10.1,0.022,0.0,24.0
2025-01-10 01:00:00,1.4,9.1,0.023,0.0,24.0
2025-01-10 02:00:00,2.2,12.4,0.021,0.0,24.0
2025-01-10 03:00:00,1.6,8.8,0.026,0.0,24.0
2025-01-10 04:00:00,,,0.026,0.0,24.0
2025-01-10 05:00:00,2.3,15.0,0.02,0.0,23.0
2025-01-10 06:00:00,4.0,18.2,0.017,0.0,22.0
2025-01-10 07:00:00,4.3,18.6,0.017,0.0,22.0
2025-01-10 08:00:00,9.2,19.5,0.017,0.1,24.0
2025-01-10 09:00:00,7.8,13.0,0.023,0.28,27.0
2025-01-10 10:00:00,5.1,8.0,0.029,0.52,29.0
2025-01-10 11:00:00,3.4,6.4,0.032,0.63,33.0
2025-01-10 12:00:00,2.9,5.9,0.033,0.65,37.0
2025-01-10 13:00:00,2.8,6.2,0.033,0.58,40.0
2025-01-10 14:00:00,2.7,7.2,0.035,0.43,40.0
2025-01-10 15:00:00,2.6,7.7,0.035,0.12,40.0
2025-01-10 16:00:00,1.4,8.9,0.034,0.08,38.0
2025-01-10 17:00:00,6.6,19.5,0.024,0.0,37.0
2025-01-10 18:00:00,1.5,13.7,0.029,0.0,37.0
2025-01-10 19:00:00,0.9,7.1,0.036,0.0,38.0
2025-01-10 20:00:00,0.8,11.1,0.028,0.0,37.0
2025-01-10 21:00:00,0.8,14.9,0.024,0.0,37.0
2025-01-10 22:00:00,0.9,12.3,0.028,0.0,37.0
2025-01-10 23:00:00,0.8,6.7,0.035,0.0,37.0
2025-01-11 00:00:00,0.6,4.9,0.036,0.0,37.0
2025-01-11 01:00:00,0.3,10.0,0.023,0.0,35.0
2025-01-11 02:00:00,0.5,10.2,0.021,0.0,34.0
2025-01-11 03:00:00,0.2,4.4,0.035,0.0,32.0
2025-01-11 04:00:00,0.7,6.3,,0.0,31.0
2025-01-11 05:00:00,0.4,5.9,0.025,0.0,31.0
2025-01-11 06:00:00,0.4,3.6,0.031,0.0,32.0
2025-01-11 07:00:00,0.2,2.3,0.034,0.0,32.0
2025-01-11 08:00:00,0.4,6.1,0.03,0.02,32.0
2025-01-11 09:00:00,0.7,5.4,0.031,0.09,32.0
2025-01-11 10:00:00,0.7,2.8,0.035,0.27,33.0
2025-01-11 11:00:00,0.7,2.7,0.034,0.24,34.0
2025-01-11 12:00:00,0.9,3.4,0.033,0.2,34.0
2025-01-11 13:00:00,0.7,2.2,0.035,0.38,35.0
2025-01-11 14:00:00,0.6,1.6,0.035,0.26,35.0
2025-01-11 15:00:00,0.6,2.4,0.034,0.08,34.0
2025-01-11 16:00:00,1.1,3.9,0.032,0.06,33.0
2025-01-11 17:00:00,0.5,4.3,0.031,0.0,32.0
2025-01-11 18:00:00,0.5,4.9,0.03,0.0,32.0
2025-01-11 19:00:00,0.3,4.0,0.032,0.0,32.0
2025-01-11 20:00:00,0.3,5.2,0.03,0.0,31.0
2025-01-11 21:00:00,0.3,7.9,0.026,0.0,31.0
2025-01-11 22:00:00,0.4,8.4,0.025,0.0,31.0
2025-01-11 23:00:00,0.5,7.1,0.027,0.0,31.0
2025-01-12 00:00:00,0.5,5.9,0.027,0.0,31.0
2025-01-12 01:00:00,0.4,5.0,0.027,0.0,31.0
2025-01-12 02:00:00,0.4,4.2,0.029,0.0,31.0
2025-01-12 03:00:00,0.2,3.6,0.029,0.0,30.0
2025-01-12 04:00:00,,,0.03,0.0,30.0
2025-01-12 05:00:00,0.3,4.2,0.029,0.0,29.0
2025-01-12 06:00:00,0.2,4.6,0.027,0.0,29.0
2025-01-12 07:00:00,0.2,2.7,0.032,0.0,29.0
2025-01-12 08:00:00,0.4,3.0,0.031,0.02,29.0
2025-01-12 09:00:00,1.1,5.1,0.028,0.15,30.0
2025-01-12 10:00:00,1.5,6.0,0.028,0.21,31.0
2025-01-12 11:00:00,1.7,4.5,0.03,0.47,33.0
2025-01-12 12:00:00,1.4,4.4,0.031,0.25,33.0
2025-01-12 13:00:00,1.1,4.0,0.033,0.28,33.0
2025-01-12 14:00:00,1.4,4.2,0.033,0.36,33.0
2025-01-12 15:00:00,1.4,5.6,0.032,0.13,34.0
2025-01-12 16:00:00,0.5,3.4,0.033,0.12,33.0
2025-01-12 17:00:00,0.3,3.5,0.031,0.01,31.0
2025-01-12 18:00:00,0.3,3.0,0.031,0.0,30.0
2025-01-12 19:00:00,0.2,3.9,0.028,0.0,30.0
2025-01-12 20:00:00,1.1,14.2,0.017,0.0,28.0
2025-01-12 21:00:00,1.1,12.5,0.018,0.0,27.0
2025-01-12 22:00:00,1.4,8.6,0.023,0.0,25.0
2025-01-12 23:00:00,1.1,6.8,0.024,0.0,24.0
2025-01-13 00:00:00,0.8,4.8,0.026,0.0,23.0
2025-01-13 01:00:00,1.1,4.9,0.026,0.0,23.0
2025-01-13 02:00:00,1.0,6.8,0.025,0.0,23.0
2025-01-13 03:00:00,1.5,7.5,0.024,0.0,22.0
2025-01-13 04:00:00,1.6,7.0,0.023,0.0,22.0
2025-01-13 05:00:00,1.6,9.8,0.021,0.0,22.0
2025-01-13 06:00:00,4.3,13.6,0.017,0.0,22.0
2025-01-13 07:00:00,13.3,22.8,,0.0,23.0
2025-01-13 08:00:00,8.3,18.4,0.014,0.06,22.0
2025-01-13 09:00:00,8.0,15.4,0.017,0.17,24.0
2025-01-13 10:00:00,7.9,9.9,0.021,0.47,28.0
2025-01-13 11:00:00,5.3,6.6,0.025,0.69,32.0
2025-01-13 12:00:00,2.9,5.8,0.025,0.39,31.0
2025-01-13 13:00:00,1.2,3.0,0.032,0.44,32.0
2025-01-13 14:00:00,1.5,3.1,0.034,0.48,34.0
2025-01-13 15:00:00,1.0,4.1,0.032,0.15,31.0
2025-01-13 16:00:00,1.6,6.2,0.03,0.05,29.0
2025-01-13 17:00:00,2.8,11.0,0.022,0.01,28.0
2025-01-13 18:00:00,1.2,9.0,0.024,0.0,28.0
2025-01-13 19:00:00,0.7,8.5,0.025,0.0,28.0
2025-01-13 20:00:00,0.8,10.3,0.024,0.0,28.0
2025-01-13 21:00:00,0.5,9.1,0.023,0.0,27.0
2025-01-13 22:00:00,0.5,12.9,0.018,0.0,26.0
2025-01-13 23:00:00,0.6,13.1,0.019,0.0,26.0
2025-01-14 00:00:00,0.4,8.7,0.023,0.0,26.0
2025-01-14 01:00:00,0.5,12.0,0.02,0.0,26.0
2025-01-14 02:00:00,0.7,13.7,0.017,0.0,25.0
2025-01-14 03:00:00,1.8,14.9,0.016,0.0,25.0
2025-01-14 04:00:00,2.0,15.2,0.015,0.0,25.0
2025-01-14 05:00:00,2.1,17.1,0.012,0.0,25.0
2025-01-14 06:00:00,2.3,12.8,0.017,0.0,24.0
2025-01-14 07:00:00,4.8,16.5,0.015,0.0,24.0
2025-01-14 08:00:00,7.3,17.8,0.015,0.03,25.0
2025-01-14 09:00:00,5.4,11.9,0.022,0.18,26.0
2025-01-14 10:00:00,7.8,9.9,0.024,0.22,27.0
2025-01-14 11:00:00,4.5,6.9,0.028,0.66,32.0
2025-01-14 12:00:00,2.7,6.0,0.029,0.41,33.0
2025-01-14 13:00:00,1.8,6.1,0.029,0.24,31.0
2025-01-14 14:00:00,3.0,7.2,0.029,0.32,31.0
2025-01-14 15:00:00,2.5,8.0,0.031,0.18,33.0
2025-01-14 16:00:00,1.3,6.3,0.032,0.08,34.0
2025-01-14 17:00:00,3.6,13.0,0.026,0.01,30.0
2025-01-14 18:00:00,2.9,16.5,0.02,0.0,28.0
2025-01-14 19:00:00,3.4,19.6,0.017,0.0,27.0
2025-01-14 20:00:00,2.0,10.1,0.025,0.0,26.0
2025-01-14 21:00:00,1.4,8.6,0.026,0.0,24.0
2025-01-14 22:00:00,1.9,9.9,0.025,0.0,24.0
2025-01-14 23:00:00,1.5,10.1,0.024,0.0,23.0
2025-01-15 00:00:00,1.7,11.4,0.022,0.0,22.0
2025-01-15 01:00:00,1.9,8.3,0.025,0.0,22.0
2025-01-15 02:00:00,1.1,7.3,0.026,0.0,21.0
2025-01-15 03:00:00,2.0,10.0,0.024,0.0,21.0
2025-01-15 04:00:00,1.8,10.2,0.025,0.0,20.0
2025-01-15 05:00:00,2.2,12.5,0.023,0.0,20.0
2025-01-15 06:00:00,2.4,13.1,0.022,0.0,20.0
2025-01-15 07:00:00,5.5,15.5,0.02,0.0,20.0
2025-01-15 08:00:00,15.8,19.8,0.019,0.1,21.0
2025-01-15 09:00:00,7.2,11.6,0.024,0.34,26.0
2025-01-15 10:00:00,6.2,9.3,0.026,0.52,29.0
2025-01-15 11:00:00,6.2,9.6,0.026,0.63,32.0
2025-01-15 12:00:00,5.2,8.7,0.029,0.67,37.0
2025-01-15 13:00:00,4.4,8.3,0.029,0.64,37.0
2025-01-15 14:00:00,4.9,10.3,0.029,0.51,40.0
2025-01-15 15:00:00,4.2,10.8,0.029,0.06,41.0
2025-01-15 16:00:00,1.9,9.4,0.03,0.04,36.0
2025-01-15 17:00:00,1.3,14.9,0.025,0.01,32.0
2025-01-15 18:00:00,7.2,19.4,0.019,0.0,29.0
2025-01-15 19:00:00,8.4,35.7,0.004,0.0,30.0
2025-01-15 20:00:00,26.7,36.6,0.001,0.0,29.0
2025-01-15 21:00:00,7.7,29.5,0.001,0.0,27.0
2025-01-15 22:00:00,7.2,27.8,0.001,0.0,27.0
2025-01-15 23:00:00,1.7,16.3,0.017,0.0,26.0
2025-01-16 00:00:00,1.5,13.5,0.018,0.0,26.0
2025-01-16 01:00:00,1.3,13.1,0.017,0.0,25.0
2025-01-16 02:00:00,3.1,20.3,0.012,0.0,25.0
2025-01-16 03:00:00,2.1,12.5,0.021,0.0,25.0
2025-01-16 04:00:00,2.0,12.6,0.022,0.0,25.0
2025-01-16 05:00:00,2.8,18.1,0.015,0.0,25.0
2025-01-16 06:00:00,3.9,20.1,0.014,0.0,25.0
2025-01-16 07:00:00,15.5,29.7,0.006,0.0,24.0
2025-01-16 08:00:00,22.4,27.1,0.011,0.11,26.0
2025-01-16 09:00:00,8.6,12.6,0.022,0.35,30.0
2025-01-16 10:00:00,11.0,12.2,0.022,0.53,32.0
2025-01-16 11:00:00,6.5,9.4,0.026,0.65,37.0
2025-01-16 12:00:00,6.0,9.5,0.029,0.69,42.0
2025-01-16 13:00:00,6.4,11.3,0.028,0.66,44.0
2025-01-16 14:00:00,6.0,11.7,0.028,0.53,44.0
2025-01-16 15:00:00,5.8,12.0,0.027,0.05,42.0
2025-01-16 16:00:00,2.1,9.6,0.031,0.03,40.0
2025-01-16 17:00:00,3.6,19.2,0.022,0.01,36.0
2025-01-16 18:00:00,6.8,30.7,0.009,0.0,35.0
2025-01-16 19:00:00,11.0,36.2,0.003,0.0,33.0
2025-01-16 20:00:00,36.7,40.4,0.0,0.0,31.0
2025-01-16 21:00:00,28.8,32.8,0.006,0.0,31.0
2025-01-16 22:00:00,9.6,34.4,0.002,0.0,30.0
2025-01-16 23:00:00,10.8,30.4,0.004,0.0,30.0
2025-01-17 00:00:00,2.7,15.7,0.024,0.0,30.0
2025-01-17 01:00:00,1.3,16.5,0.016,0.0,28.0
2025-01-17 02:00:00,1.1,10.0,0.028,0.0,28.0
2025-01-17 03:00:00,1.9,16.8,0.017,0.0,27.0
2025-01-17 04:00:00,,,0.018,0.0,25.0
2025-01-17 05:00:00,2.8,22.2,0.012,0.0,26.0
2025-01-17 06:00:00,2.6,21.1,0.014,0.0,25.0
2025-01-17 07:00:00,15.4,28.5,0.007,0.0,27.0
2025-01-17 08:00:00,13.2,25.4,0.013,0.11,28.0
2025-01-17 09:00:00,17.2,21.7,0.016,0.31,34.0
2025-01-17 10:00:00,10.7,13.5,0.02,0.49,36.0
2025-01-17 11:00:00,12.3,13.9,0.022,0.66,42.0
2025-01-17 12:00:00,5.9,13.5,0.02,0.33,40.0
2025-01-17 13:00:00,6.2,18.4,0.016,0.15,37.0
2025-01-17 14:00:00,3.7,14.8,0.021,0.14,36.0
2025-01-17 15:00:00,6.4,18.2,0.022,0.17,38.0
2025-01-17 16:00:00,1.8,14.8,0.025,0.05,37.0
2025-01-17 17:00:00,0.8,17.6,0.022,0.0,36.0
2025-01-17 18:00:00,0.5,13.2,0.026,0.0,35.0
2025-01-17 19:00:00,0.2,5.4,0.038,0.0,35.0
2025-01-17 20:00:00,0.2,5.2,0.037,0.0,33.0
2025-01-17 21:00:00,0.3,7.0,0.033,0.0,32.0
2025-01-17 22:00:00,0.4,4.8,0.036,0.0,31.0
2025-01-17 23:00:00,0.2,3.3,0.036,0.0,29.0
2025-01-18 00:00:00,0.1,3.2,0.035,0.0,28.0
2025-01-18 01:00:00,0.3,2.4,0.037,0.0,28.0
2025-01-18 02:00:00,0.3,3.0,0.036,0.0,27.0
2025-01-18 03:00:00,0.3,4.1,0.034,0.0,25.0
2025-01-18 04:00:00,0.2,2.9,,0.0,25.0
2025-01-18 05:00:00,0.1,2.4,0.036,0.0,25.0
2025-01-18 06:00:00,0.2,2.9,0.034,0.0,24.0
2025-01-18 07:00:00,0.2,2.9,0.035,0.0,25.0
2025-01-18 08:00:00,0.2,2.9,0.034,0.03,23.0
2025-01-18 09:00:00,1.1,3.3,0.034,0.08,23.0
2025-01-18 10:00:00,0.8,3.6,0.034,0.07,23.0
2025-01-18 11:00:00,2.3,4.0,0.033,0.2,25.0
2025-01-18 12:00:00,3.0,3.8,0.035,0.62,31.0
2025-01-18 13:00:00,3.0,3.6,0.036,0.71,36.0
2025-01-18 14:00:00,1.8,2.8,0.037,0.59,32.0
2025-01-18 15:00:00,0.7,1.4,0.038,0.06,29.0
2025-01-18 16:00:00,0.3,1.4,0.037,0.04,28.0
2025-01-18 17:00:00,0.5,2.8,0.034,0.01,25.0
2025-01-18 18:00:00,0.7,5.4,0.032,0.0,24.0
2025-01-18 19:00:00,0.2,4.1,0.032,0.0,24.0
2025-01-18 20:00:00,0.4,7.0,0.028,0.0,22.0
2025-01-18 21:00:00,1.8,17.5,0.018,0.0,19.0
2025-01-18 22:00:00,1.4,8.2,0.028,0.0,17.0
2025-01-18 23:00:00,1.5,6.4,0.03,0.0,16.0
2025-01-19 00:00:00,0.9,5.0,0.031,0.0,16.0
2025-01-19 01:00:00,1.7,7.9,0.028,0.0,15.0
2025-01-19 02:00:00,1.1,4.2,0.031,0.0,14.0
2025-01-19 03:00:00,1.2,4.6,0.03,0.0,13.0
2025-01-19 04:00:00,,,0.027,0.0,13.0
2025-01-19 05:00:00,1.8,8.4,0.027,0.0,13.0
2025-01-19 06:00:00,1.4,5.6,0.029,0.0,13.0
2025-01-19 07:00:00,1.6,7.8,0.029,0.0,14.0
2025-01-19 08:00:00,2.3,8.1,0.028,0.06,15.0
2025-01-19 09:00:00,3.7,8.4,0.029,0.23,17.0
2025-01-19 10:00:00,3.8,5.3,0.032,0.47,21.0
2025-01-19 11:00:00,2.7,4.4,0.034,0.45,23.0
2025-01-19 12:00:00,2.2,4.3,0.034,0.51,29.0
2025-01-19 13:00:00,1.6,3.7,0.034,0.37,29.0
2025-01-19 14:00:00,1.3,3.2,0.033,0.36,30.0
2025-01-19 15:00:00,1.2,3.2,0.034,0.16,31.0
2025-01-19 16:00:00,0.9,5.1,0.032,0.09,29.0
2025-01-19 17:00:00,1.4,6.5,0.029,0.01,27.0
2025-01-19 18:00:00,0.6,4.6,0.032,0.0,26.0
2025-01-19 19:00:00,0.2,5.8,0.03,0.0,26.0
2025-01-19 20:00:00,0.4,4.9,0.035,0.0,27.0
2025-01-19 21:00:00,0.2,5.5,0.032,0.0,27.0
2025-01-19 22:00:00,0.2,4.8,0.032,0.0,26.0
2025-01-19 23:00:00,0.3,4.0,0.033,0.0,25.0
2025-01-20 00:00:00,0.2,4.4,0.033,0.0,24.0
2025-01-20 01:00:00,0.3,3.9,0.032,0.0,23.0
2025-01-20 02:00:00,0.2,4.7,0.031,0.0,23.0
2025-01-20 03:00:00,0.2,4.7,0.03,0.0,22.0
2025-01-20 04:00:00,0.2,4.4,0.03,0.0,20.0
2025-01-20 05:00:00,0.2,3.3,0.033,0.0,19.0
2025-01-20 06:00:00,0.3,4.4,0.031,0.0,19.0
2025-01-20 07:00:00,0.4,5.9,0.029,0.0,17.0
2025-01-20 08:00:00,1.7,7.9,0.028,0.1,17.0
2025-01-20 09:00:00,3.5,7.3,0.03,0.34,20.0
2025-01-20 10:00:00,4.5,7.1,0.032,0.54,22.0
2025-01-20 11:00:00,3.6,5.1,0.037,0.68,22.0
2025-01-20 12:00:00,4.2,5.4,0.036,0.7,23.0
2025-01-20 13:00:00,2.9,4.7,0.038,0.67,23.0
2025-01-20 14:00:00,3.1,5.1,0.038,0.55,24.0
2025-01-20 15:00:00,2.6,5.3,0.04,0.09,23.0
2025-01-20 16:00:00,1.3,4.9,0.041,0.05,22.0
2025-01-20 17:00:00,0.7,6.6,0.039,0.01,20.0
2025-01-20 18:00:00,0.7,5.9,0.038,0.0,18.0
2025-01-20 19:00:00,0.8,8.6,0.032,0.0,17.0
2025-01-20 20:00:00,0.8,14.0,0.028,0.0,16.0
2025-01-20 21:00:00,0.9,10.0,0.03,0.0,14.0
2025-01-20 22:00:00,1.4,10.2,0.031,0.0,13.0
2025-01-20 23:00:00,1.1,8.4,0.032,0.0,12.0
2025-01-21 00:00:00,1.1,7.0,0.034,0.0,11.0
2025-01-21 01:00:00,1.2,6.4,0.033,0.0,10.0
2025-01-21 02:00:00,1.1,6.5,0.033,0.0,10.0
2025-01-21 03:00:00,1.1,6.2,0.033,0.0,10.0
2025-01-21 04:00:00,1.3,7.5,0.032,0.0,9.0
2025-01-21 05:00:00,1.6,9.6,0.03,0.0,9.0
2025-01-21 06:00:00,2.8,12.4,0.029,0.0,9.0
2025-01-21 07:00:00,5.1,13.1,0.027,0.0,9.0
2025-01-21 08:00:00,12.3,17.8,0.026,0.13,10.0
2025-01-21 09:00:00,8.3,11.8,0.03,0.31,13.0
2025-01-21 10:00:00,7.2,8.4,0.034,0.57,18.0
2025-01-21 11:00:00,8.4,8.5,0.035,0.69,22.0
2025-01-21 12:00:00,5.8,6.3,0.038,0.74,27.0
2025-01-21 13:00:00,3.5,5.2,0.041,0.71,32.0
2025-01-21 14:00:00,3.0,5.9,0.041,0.55,34.0
2025-01-21 15:00:00,3.0,7.6,0.038,0.23,35.0
2025-01-21 16:00:00,3.5,14.7,0.031,0.09,35.0
2025-01-21 17:00:00,1.9,18.4,0.026,0.01,32.0
2025-01-21 18:00:00,0.9,11.5,0.03,0.0,27.0
2025-01-21 19:00:00,4.6,25.2,0.017,0.0,28.0
2025-01-21 20:00:00,6.1,34.5,0.008,0.0,26.0
2025-01-21 21:00:00,2.0,23.6,0.018,0.0,24.0
2025-01-21 22:00:00,7.6,30.1,0.011,0.0,23.0
2025-01-21 23:00:00,1.3,23.2,0.013,0.0,21.0
2025-01-22 00:00:00,1.4,27.8,0.005,0.0,20.0
2025-01-22 01:00:00,2.2,20.6,0.011,0.0,19.0
2025-01-22 02:00:00,2.2,24.5,0.008,0.0,18.0
2025-01-22 03:00:00,9.7,32.3,0.001,0.0,17.0
2025-01-22 04:00:00,15.7,33.1,0.0,0.0,17.0
2025-01-22 05:00:00,25.4,31.5,0.0,0.0,17.0
2025-01-22 06:00:00,52.8,36.0,0.0,0.0,18.0
2025-01-22 07:00:00,73.8,39.6,0.0,0.0,18.0
2025-01-22 08:00:00,103.1,38.3,0.002,0.12,22.0
2025-01-22 09:00:00,21.1,17.2,0.015,0.37,29.0
2025-01-22 10:00:00,9.1,13.1,0.027,0.56,30.0
2025-01-22 11:00:00,5.5,9.1,0.034,0.68,31.0
2025-01-22 12:00:00,3.5,6.2,0.038,0.73,33.0
2025-01-22 13:00:00,1.6,3.5,0.041,0.7,34.0
2025-01-22 14:00:00,1.4,3.4,0.041,0.58,35.0
2025-01-22 15:00:00,1.3,3.6,0.04,0.06,34.0
2025-01-22 16:00:00,1.1,4.7,0.038,0.04,32.0
2025-01-22 17:00:00,3.8,7.3,0.035,0.01,29.0
2025-01-22 18:00:00,2.0,10.1,0.031,0.0,27.0
2025-01-22 19:00:00,1.8,11.9,0.027,0.0,26.0
2025-01-22 20:00:00,1.7,16.6,0.022,0.0,25.0
2025-01-22 21:00:00,2.7,25.3,0.013,0.0,24.0
2025-01-22 22:00:00,2.5,27.7,0.009,0.0,22.0
2025-01-22 23:00:00,1.8,16.7,0.021,0.0,21.0
2025-01-23 00:00:00,4.3,17.6,0.02,0.0,19.0
2025-01-23 01:00:00,1.7,14.0,0.022,0.0,18.0
2025-01-23 02:00:00,1.6,11.1,0.024,0.0,18.0
2025-01-23 03:00:00,2.0,12.9,0.023,0.0,17.0
2025-01-23 04:00:00,2.0,12.8,0.025,0.0,17.0
2025-01-23 05:00:00,2.3,14.0,0.021,0.0,15.0
2025-01-23 06:00:00,3.2,15.5,0.019,0.0,14.0
2025-01-23 07:00:00,5.7,16.1,0.021,0.0,15.0
2025-01-23 08:00:00,9.0,15.7,0.023,0.12,17.0
2025-01-23 09:00:00,6.4,9.9,0.028,0.38,20.0
2025-01-23 10:00:00,6.1,8.4,0.031,0.57,24.0
2025-01-23 11:00:00,9.7,11.0,0.029,0.69,30.0
2025-01-23 12:00:00,4.2,6.8,0.035,0.73,32.0
2025-01-23 13:00:00,2.0,3.6,0.04,0.7,35.0
2025-01-23 14:00:00,1.4,3.3,0.041,0.59,37.0
2025-01-23 15:00:00,1.5,4.3,0.041,0.06,36.0
2025-01-23 16:00:00,1.1,5.2,0.039,0.04,33.0
2025-01-23 17:00:00,1.3,9.0,0.032,0.01,30.0
2025-01-23 18:00:00,3.9,19.0,0.021,0.0,27.0
2025-01-23 19:00:00,3.0,26.6,0.016,0.0,27.0
2025-01-23 20:00:00,1.5,14.7,0.03,0.0,27.0
2025-01-23 21:00:00,1.7,14.3,0.028,0.0,26.0
2025-01-23 22:00:00,1.5,10.5,0.032,0.0,25.0
2025-01-23 23:00:00,1.0,5.9,0.035,0.0,25.0
2025-01-24 00:00:00,1.0,5.8,0.034,0.0,24.0
2025-01-24 01:00:00,2.8,5.0,0.035,0.0,25.0
2025-01-24 02:00:00,0.9,5.0,0.036,0.0,25.0
2025-01-24 03:00:00,0.9,4.5,0.037,0.0,25.0
2025-01-24 04:00:00,,,0.037,0.0,25.0
2025-01-24 05:00:00,1.3,5.4,0.035,0.0,24.0
2025-01-24 06:00:00,1.7,7.2,0.034,0.0,25.0
2025-01-24 07:00:00,2.4,8.8,0.033,0.0,25.0
2025-01-24 08:00:00,8.6,13.4,0.029,0.07,25.0
2025-01-24 09:00:00,4.2,9.4,0.032,0.16,28.0
2025-01-24 10:00:00,5.4,11.6,0.03,0.2,31.0
2025-01-24 11:00:00,7.4,19.2,0.024,0.17,34.0
2025-01-24 12:00:00,7.2,21.5,0.02,0.17,35.0
2025-01-24 13:00:00,7.2,18.2,0.024,0.21,37.0
2025-01-24 14:00:00,6.7,23.4,0.017,0.1,35.0
2025-01-24 15:00:00,15.2,30.1,0.011,0.09,35.0
2025-01-24 16:00:00,3.6,19.5,0.02,0.06,34.0
2025-01-24 17:00:00,10.1,28.0,0.012,0.01,33.0
2025-01-24 18:00:00,10.9,36.5,0.003,0.0,32.0
2025-01-24 19:00:00,4.8,33.8,0.002,0.0,32.0
2025-01-24 20:00:00,15.3,36.0,0.0,0.0,32.0
2025-01-24 21:00:00,12.7,34.2,0.0,0.0,31.0
2025-01-24 22:00:00,4.6,36.6,0.001,0.0,31.0
2025-01-24 23:00:00,2.0,34.3,0.003,0.0,30.0
2025-01-25 00:00:00,0.8,24.5,0.008,0.0,30.0
2025-01-25 01:00:00,2.2,24.6,0.01,0.0,30.0
2025-01-25 02:00:00,1.1,18.8,0.015,0.0,31.0
2025-01-25 03:00:00,1.2,25.5,0.009,0.0,29.0
2025-01-25 04:00:00,0.6,26.7,,0.0,27.0
2025-01-25 05:00:00,0.7,21.1,0.014,0.0,27.0
2025-01-25 06:00:00,0.3,9.9,0.025,0.0,26.0
2025-01-25 07:00:00,0.3,8.0,0.024,0.0,26.0
2025-01-25 08:00:00,1.0,8.8,0.024,0.03,27.0
2025-01-25 09:00:00,2.7,9.6,0.025,0.09,28.0
2025-01-25 10:00:00,6.1,11.2,0.024,0.14,29.0
2025-01-25 11:00:00,8.5,12.9,0.026,0.2,30.0
2025-01-25 12:00:00,6.8,11.0,0.028,0.23,30.0
2025-01-25 13:00:00,4.8,9.9,0.029,0.23,30.0
2025-01-25 14:00:00,3.3,8.7,0.031,0.23,29.0
2025-01-25 15:00:00,1.6,7.5,0.032,0.12,28.0
2025-01-25 16:00:00,1.8,11.1,0.028,0.07,29.0
2025-01-25 17:00:00,1.0,11.8,0.026,0.01,27.0
2025-01-25 18:00:00,0.3,10.4,0.027,0.0,26.0
2025-01-25 19:00:00,0.4,12.5,0.024,0.0,26.0
2025-01-25 20:00:00,0.2,9.6,0.028,0.0,26.0
2025-01-25 21:00:00,0.9,16.7,0.02,0.0,26.0
2025-01-25 22:00:00,1.1,16.0,0.02,0.0,25.0
2025-01-25 23:00:00,0.5,14.7,0.02,0.0,24.0
2025-01-26 00:00:00,1.1,16.3,0.018,0.0,24.0
2025-01-26 01:00:00,0.8,16.0,0.019,0.0,24.0
2025-01-26 02:00:00,1.0,14.3,0.02,0.0,24.0
2025-01-26 03:00:00,0.8,16.5,0.018,0.0,24.0
2025-01-26 04:00:00,,,0.019,0.0,21.0
2025-01-26 05:00:00,1.5,15.8,0.02,0.0,24.0
2025-01-26 06:00:00,0.9,15.8,0.018,0.0,23.0
2025-01-26 07:00:00,0.8,13.5,0.02,0.0,21.0
2025-01-26 08:00:00,2.5,10.6,0.023,0.08,21.0
2025-01-26 09:00:00,3.8,9.8,0.026,0.23,25.0
2025-01-26 10:00:00,4.7,7.8,0.028,0.47,30.0
2025-01-26 11:00:00,4.4,6.6,0.031,0.69,34.0
2025-01-26 12:00:00,4.3,6.7,0.032,0.7,35.0
2025-01-26 13:00:00,3.7,6.7,0.034,0.71,36.0
2025-01-26 14:00:00,2.7,7.4,0.035,0.39,35.0
2025-01-26 15:00:00,2.6,8.2,0.035,0.25,35.0
2025-01-26 16:00:00,1.8,10.4,0.032,0.06,32.0
2025-01-26 17:00:00,1.2,14.9,0.025,0.01,27.0
2025-01-26 18:00:00,1.1,18.4,0.02,0.0,26.0
2025-01-26 19:00:00,1.2,29.5,0.008,0.0,25.0
2025-01-26 20:00:00,2.6,31.5,0.005,0.0,24.0
2025-01-26 21:00:00,8.8,33.2,0.003,0.0,21.0
2025-01-26 22:00:00,16.4,37.3,0.0,0.0,21.0
2025-01-26 23:00:00,12.6,34.7,0.001,0.0,20.0
2025-01-27 00:00:00,13.7,32.9,0.001,0.0,19.0
2025-01-27 01:00:00,24.2,35.1,0.0,0.0,18.0
2025-01-27 02:00:00,37.5,34.7,0.0,0.0,17.0
2025-01-27 03:00:00,23.7,30.2,0.0,0.0,14.0
2025-01-27 04:00:00,35.3,32.5,0.0,0.0,14.0
2025-01-27 05:00:00,52.0,34.7,0.0,0.0,15.0
2025-01-27 06:00:00,71.2,33.9,0.0,0.0,12.0
2025-01-27 07:00:00,91.5,35.5,0.0,0.0,11.0
2025-01-27 08:00:00,136.9,38.6,0.002,0.11,14.0
2025-01-27 09:00:00,124.7,40.3,0.005,0.36,26.0
2025-01-27 10:00:00,47.8,30.2,0.014,0.57,30.0
2025-01-27 11:00:00,29.6,23.4,0.019,0.7,31.0
2025-01-27 12:00:00,17.8,17.7,0.025,0.75,34.0
2025-01-27 13:00:00,8.3,11.9,0.031,0.72,34.0
2025-01-27 14:00:00,5.5,11.8,0.036,0.6,35.0
2025-01-27 15:00:00,5.3,13.1,0.035,0.11,36.0
2025-01-27 16:00:00,4.0,15.9,0.032,0.06,32.0
2025-01-27 17:00:00,9.3,24.2,0.022,0.02,29.0
2025-01-27 18:00:00,5.9,31.7,0.011,0.0,26.0
2025-01-27 19:00:00,18.2,42.9,0.0,0.0,25.0
2025-01-27 20:00:00,20.2,43.4,0.0,0.0,24.0
2025-01-27 21:00:00,15.0,41.6,0.001,0.0,23.0
2025-01-27 22:00:00,13.7,37.0,0.0,0.0,20.0
2025-01-27 23:00:00,12.3,33.7,0.0,0.0,19.0
2025-01-28 00:00:00,9.5,32.8,0.0,0.0,16.0
2025-01-28 01:00:00,18.3,34.4,0.0,0.0,16.0
2025-01-28 02:00:00,24.1,33.1,0.0,0.0,16.0
2025-01-28 03:00:00,28.2,30.9,0.0,0.0,15.0
2025-01-28 04:00:00,31.0,33.1,0.0,0.0,13.0
2025-01-28 05:00:00,46.2,34.3,0.0,0.0,13.0
2025-01-28 06:00:00,53.4,35.2,0.0,0.0,13.0
2025-01-28 07:00:00,39.1,32.0,0.0,0.0,11.0
2025-01-28 08:00:00,61.8,31.5,0.003,0.11,14.0
2025-01-28 09:00:00,66.2,32.9,0.008,0.36,24.0
2025-01-28 10:00:00,40.1,25.7,0.017,0.57,28.0
2025-01-28 11:00:00,19.0,18.6,0.023,0.7,32.0
2025-01-28 12:00:00,10.3,15.0,0.03,0.75,35.0
2025-01-28 13:00:00,4.5,11.1,0.036,0.72,35.0
2025-01-28 14:00:00,3.3,10.7,0.037,0.61,39.0
2025-01-28 15:00:00,3.2,12.1,0.038,0.11,36.0
2025-01-28 16:00:00,3.5,17.3,0.032,0.06,34.0
2025-01-28 17:00:00,8.1,25.6,0.024,0.02,30.0
2025-01-28 18:00:00,6.3,31.7,0.014,0.0,28.0
2025-01-28 19:00:00,2.2,31.1,0.01,0.0,26.0
2025-01-28 20:00:00,22.9,42.2,0.002,0.0,25.0
2025-01-28 21:00:00,40.8,43.5,0.0,0.0,24.0
2025-01-28 22:00:00,10.7,33.3,0.004,0.0,20.0
2025-01-28 23:00:00,7.9,36.0,0.001,0.0,19.0
2025-01-29 00:00:00,15.5,36.5,0.0,0.0,19.0
2025-01-29 01:00:00,30.7,36.8,0.0,0.0,18.0
2025-01-29 02:00:00,29.0,34.5,0.0,0.0,17.0
2025-01-29 03:00:00,27.2,31.6,0.0,0.0,16.0
2025-01-29 04:00:00,18.3,31.5,0.0,0.0,15.0
2025-01-29 05:00:00,5.4,24.5,0.005,0.0,14.0
2025-01-29 06:00:00,20.4,31.4,0.001,0.0,14.0
2025-01-29 07:00:00,46.4,31.5,0.0,0.01,13.0
2025-01-29 08:00:00,89.4,35.1,0.002,0.14,16.0
2025-01-29 09:00:00,66.0,35.0,0.009,0.39,27.0
2025-01-29 10:00:00,21.2,19.6,0.02,0.58,31.0
2025-01-29 11:00:00,15.8,16.4,0.023,0.71,35.0
2025-01-29 12:00:00,8.5,12.8,0.031,0.76,38.0
2025-01-29 13:00:00,5.6,11.1,0.035,0.73,37.0
2025-01-29 14:00:00,4.1,10.5,0.038,0.62,39.0
2025-01-29 15:00:00,3.6,11.4,0.038,0.11,38.0
2025-01-29 16:00:00,3.6,14.5,0.035,0.06,36.0
2025-01-29 17:00:00,2.7,21.1,0.028,0.02,32.0
2025-01-29 18:00:00,7.7,33.3,0.015,0.0,30.0
2025-01-29 19:00:00,5.4,36.3,0.008,0.0,28.0
2025-01-29 20:00:00,10.8,33.2,0.004,0.0,26.0
2025-01-29 21:00:00,0.8,28.5,0.009,0.0,24.0
2025-01-29 22:00:00,11.2,36.8,0.004,0.0,25.0
2025-01-29 23:00:00,1.6,23.2,0.018,0.0,26.0
2025-01-30 00:00:00,2.5,21.8,0.017,0.0,24.0
2025-01-30 01:00:00,1.8,18.2,0.021,0.0,24.0
2025-01-30 02:00:00,2.6,20.5,0.021,0.0,24.0
2025-01-30 03:00:00,2.7,19.7,0.019,0.0,23.0
2025-01-30 04:00:00,17.1,33.0,0.001,0.0,19.0
2025-01-30 05:00:00,5.4,21.7,0.013,0.0,20.0
2025-01-30 06:00:00,15.7,27.4,0.006,0.0,19.0
2025-01-30 07:00:00,25.7,29.6,0.003,0.01,17.0
2025-01-30 08:00:00,60.0,29.0,0.004,0.14,20.0
2025-01-30 09:00:00,21.0,19.5,0.016,0.4,29.0
2025-01-30 10:00:00,24.1,18.2,0.016,0.59,33.0
2025-01-30 11:00:00,15.1,16.6,0.024,0.73,38.0
2025-01-30 12:00:00,6.7,10.9,0.03,0.78,39.0
2025-01-30 13:00:00,4.2,8.6,0.034,0.74,40.0
2025-01-30 14:00:00,3.0,8.6,0.036,0.63,42.0
2025-01-30 15:00:00,2.4,9.7,0.039,0.11,41.0
2025-01-30 16:00:00,1.8,10.0,0.038,0.04,39.0
2025-01-30 17:00:00,1.9,14.2,0.033,0.02,35.0
2025-01-30 18:00:00,12.6,35.7,0.01,0.0,32.0
2025-01-30 19:00:00,13.6,39.8,0.002,0.0,30.0
2025-01-30 20:00:00,11.5,40.6,0.003,0.0,29.0
2025-01-30 21:00:00,2.0,20.0,0.024,0.0,30.0
2025-01-30 22:00:00,1.1,13.6,0.029,0.0,30.0
2025-01-30 23:00:00,1.1,11.4,0.032,0.0,30.0
2025-01-31 00:00:00,1.1,10.3,0.033,0.0,28.0
2025-01-31 01:00:00,1.2,9.0,0.034,0.0,28.0
2025-01-31 02:00:00,4.1,19.5,0.023,0.0,27.0
2025-01-31 03:00:00,1.0,9.8,0.031,0.0,27.0
2025-01-31 04:00:00,,,0.03,0.0,26.0
2025-01-31 05:00:00,1.4,9.5,0.032,0.0,26.0
2025-01-31 06:00:00,16.2,22.7,0.018,0.0,24.0
2025-01-31 07:00:00,7.1,17.3,0.023,0.01,24.0
2025-01-31 08:00:00,10.1,16.8,0.024,0.16,26.0
2025-01-31 09:00:00,32.0,23.7,0.02,0.45,31.0
2025-01-31 10:00:00,15.8,14.8,0.024,0.59,33.0
2025-01-31 11:00:00,4.0,7.6,0.037,0.76,39.0
2025-01-31 12:00:00,6.2,9.7,0.029,0.71,40.0
2025-01-31 13:00:00,6.9,14.4,0.028,0.49,44.0
2025-01-31 14:00:00,5.3,15.0,0.026,0.34,41.0
2025-01-31 15:00:00,6.2,16.7,0.026,0.23,41.0
2025-01-31 16:00:00,4.1,19.7,0.022,0.11,39.0
2025-01-31 17:00:00,1.8,21.0,0.018,0.01,37.0
2025-01-31 18:00:00,10.7,33.0,0.006,0.0,37.0
2025-01-31 19:00:00,9.6,32.9,0.005,0.0,38.0
2025-01-31 20:00:00,2.1,29.8,0.007,0.0,40.0
2025-01-31 21:00:00,6.8,31.2,0.003,0.0,38.0
2025-01-31 22:00:00,5.7,25.9,0.017,0.0,44.0
2025-01-31 23:00:00,0.7,10.1,0.034,0.0,47.0
2025-02-01 00:00:00,0.9,9.9,0.034,0.0,47.0
2025-02-01 01:00:00,0.4,11.2,0.024,0.0,43.0
2025-02-01 02:00:00,0.6,16.6,0.02,0.0,42.0
2025-02-01 03:00:00,0.6,12.7,0.023,0.0,42.0
2025-02-01 04:00:00,0.4,7.2,,0.0,45.0
2025-02-01 05:00:00,0.6,10.0,0.033,0.0,44.0
2025-02-01 06:00:00,0.4,5.5,0.037,0.0,44.0
2025-02-01 07:00:00,0.5,4.6,0.036,0.0,41.0
2025-02-01 08:00:00,1.0,11.4,0.029,0.04,40.0
2025-02-01 09:00:00,1.7,9.0,0.031,0.12,40.0
2025-02-01 10:00:00,1.7,9.6,0.031,0.17,42.0
2025-02-01 11:00:00,1.9,6.5,0.035,0.35,44.0
2025-02-01 12:00:00,0.9,3.8,0.04,0.37,46.0
2025-02-01 13:00:00,0.9,5.5,0.038,0.24,47.0
2025-02-01 14:00:00,0.7,4.9,0.039,0.2,48.0
2025-02-01 15:00:00,0.8,5.1,0.037,0.1,46.0
2025-02-01 16:00:00,0.9,7.7,0.034,0.05,44.0
2025-02-01 17:00:00,2.5,18.1,0.023,0.01,44.0
2025-02-01 18:00:00,0.9,12.4,0.026,0.0,43.0
2025-02-01 19:00:00,0.7,12.2,0.025,0.0,43.0
2025-02-01 20:00:00,0.5,6.6,0.031,0.0,43.0
2025-02-01 21:00:00,0.6,5.3,0.031,0.0,43.0
2025-02-01 22:00:00,1.3,18.5,0.014,0.0,40.0
2025-02-01 23:00:00,0.8,14.1,0.021,0.0,40.0
2025-02-02 00:00:00,0.5,7.4,0.027,0.0,41.0
2025-02-02 01:00:00,0.7,11.5,0.018,0.0,38.0
2025-02-02 02:00:00,0.8,12.2,0.02,0.0,42.0
2025-02-02 03:00:00,0.6,9.8,0.017,0.0,42.0
2025-02-02 04:00:00,,,0.015,0.0,40.0
2025-02-02 05:00:00,2.9,12.6,0.017,0.0,44.0
2025-02-02 06:00:00,0.7,10.6,0.017,0.0,44.0
2025-02-02 07:00:00,1.1,10.9,0.018,0.0,46.0
2025-02-02 08:00:00,1.3,10.1,0.019,0.02,47.0
2025-02-02 09:00:00,0.4,4.4,0.027,0.05,51.0
2025-02-02 10:00:00,0.5,3.4,0.03,0.09,54.0
2025-02-02 11:00:00,0.6,3.7,0.03,0.13,56.0
2025-02-02 12:00:00,0.7,4.2,0.029,0.13,56.0
2025-02-02 13:00:00,1.0,4.5,0.03,0.1,56.0
2025-02-02 14:00:00,1.7,9.2,0.025,0.09,56.0
2025-02-02 15:00:00,2.6,12.0,0.021,0.1,55.0
2025-02-02 16:00:00,2.0,10.3,0.022,0.07,55.0
2025-02-02 17:00:00,3.0,14.4,0.019,0.02,55.0
2025-02-02 18:00:00,1.9,13.4,,0.0,55.0
2025-02-02 19:00:00,0.5,2.9,0.032,0.0,56.0
2025-02-02 20:00:00,0.3,2.4,0.032,0.0,55.0
2025-02-02 21:00:00,0.2,1.7,0.033,0.0,55.0
2025-02-02 22:00:00,0.2,1.1,0.035,0.0,56.0
2025-02-02 23:00:00,0.2,1.1,0.035,0.0,56.0
2025-02-03 00:00:00,0.2,1.1,0.035,0.0,56.0
2025-02-03 01:00:00,0.2,1.2,0.033,0.0,54.0
2025-02-03 02:00:00,0.4,3.6,0.033,0.0,56.0
2025-02-03 03:00:00,0.2,4.6,0.029,0.0,53.0
2025-02-03 04:00:00,0.2,3.8,0.031,0.0,53.0
2025-02-03 05:00:00,0.3,3.3,0.032,0.0,56.0
2025-02-03 06:00:00,1.5,14.2,0.024,0.0,55.0
2025-02-03 07:00:00,2.2,14.0,0.023,0.0,54.0
2025-02-03 08:00:00,9.9,26.4,0.01,0.05,52.0
2025-02-03 09:00:00,12.9,23.1,0.013,0.16,52.0
2025-02-03 10:00:00,8.1,18.7,0.017,0.24,55.0
2025-02-03 11:00:00,9.1,17.2,0.02,0.28,58.0
2025-02-03 12:00:00,5.1,12.5,0.025,0.27,60.0
2025-02-03 13:00:00,3.4,8.5,0.03,0.27,62.0
2025-02-03 14:00:00,3.6,11.8,0.026,0.21,62.0
2025-02-03 15:00:00,3.7,12.3,0.026,0.13,61.0
2025-02-03 16:00:00,2.1,11.7,0.024,0.06,59.0
2025-02-03 17:00:00,5.7,17.5,0.02,0.01,59.0
2025-02-03 18:00:00,1.5,14.3,0.022,0.0,57.0
2025-02-03 19:00:00,1.3,12.4,0.025,0.0,58.0
2025-02-03 20:00:00,1.2,9.6,0.026,0.0,57.0
2025-02-03 21:00:00,1.0,8.6,0.028,0.0,58.0
2025-02-03 22:00:00,0.2,4.7,0.033,0.0,59.0
2025-02-03 23:00:00,0.5,2.9,0.036,0.0,61.0
2025-02-04 00:00:00,0.5,3.1,0.036,0.0,62.0
2025-02-04 01:00:00,0.3,3.2,0.034,0.0,59.0
2025-02-04 02:00:00,0.3,3.9,0.031,0.0,56.0
2025-02-04 03:00:00,0.3,4.2,0.031,0.0,55.0
2025-02-04 04:00:00,0.3,3.6,0.032,0.0,55.0
2025-02-04 05:00:00,1.3,10.0,0.025,0.0,54.0
2025-02-04 06:00:00,3.2,17.5,0.018,0.0,52.0
2025-02-04 07:00:00,7.8,24.0,0.011,0.0,51.0
2025-02-04 08:00:00,8.0,20.3,0.015,0.08,52.0
2025-02-04 09:00:00,11.1,19.6,0.016,0.34,56.0
2025-02-04 10:00:00,5.3,8.6,0.029,0.57,63.0
2025-02-04 11:00:00,1.3,1.9,0.036,0.65,66.0
2025-02-04 12:00:00,1.4,2.2,0.034,0.25,65.0
2025-02-04 13:00:00,0.9,1.4,0.035,0.45,66.0
2025-02-04 14:00:00,1.0,1.6,0.035,0.63,67.0
2025-02-04 15:00:00,0.9,1.6,0.035,0.29,68.0
2025-02-04 16:00:00,0.9,2.7,0.034,0.11,65.0
2025-02-04 17:00:00,2.3,5.5,0.032,0.03,64.0
2025-02-04 18:00:00,2.5,14.5,0.022,0.0,62.0
2025-02-04 19:00:00,1.4,8.8,0.025,0.0,58.0
2025-02-04 20:00:00,0.2,4.4,0.028,0.0,56.0
2025-02-04 21:00:00,0.2,3.6,0.035,0.0,58.0
2025-02-04 22:00:00,0.2,2.7,0.035,0.0,57.0
2025-02-04 23:00:00,0.1,1.1,0.039,0.0,59.0
2025-02-05 00:00:00,0.1,1.3,0.038,0.0,57.0
2025-02-05 01:00:00,0.2,1.1,0.039,0.0,56.0
2025-02-05 02:00:00,0.1,0.9,0.04,0.0,57.0
2025-02-05 03:00:00,0.1,0.9,0.04,0.0,56.0
2025-02-05 04:00:00,0.2,2.0,0.037,0.0,55.0
2025-02-05 05:00:00,0.1,1.2,0.037,0.0,54.0
2025-02-05 06:00:00,0.8,2.3,0.036,0.0,54.0
2025-02-05 07:00:00,0.5,3.7,0.035,0.01,53.0
2025-02-05 08:00:00,1.4,5.6,0.033,0.06,53.0
2025-02-05 09:00:00,1.1,2.2,0.036,0.38,55.0
2025-02-05 10:00:00,0.7,1.7,0.036,0.62,56.0
2025-02-05 11:00:00,1.0,1.3,0.036,0.74,57.0
2025-02-05 12:00:00,0.8,1.1,0.037,0.79,59.0
2025-02-05 13:00:00,0.8,1.3,0.038,0.79,61.0
2025-02-05 14:00:00,0.8,1.8,0.038,0.66,61.0
2025-02-05 15:00:00,2.0,5.9,0.031,0.13,49.0
2025-02-05 16:00:00,2.0,6.9,0.031,0.05,47.0
2025-02-05 17:00:00,0.6,4.4,0.035,0.03,45.0
2025-02-05 18:00:00,0.2,3.5,0.037,0.0,44.0
2025-02-05 19:00:00,0.2,2.9,0.037,0.0,43.0
2025-02-05 20:00:00,0.2,4.6,0.033,0.0,41.0
2025-02-05 21:00:00,0.2,5.7,0.031,0.0,38.0
2025-02-05 22:00:00,0.2,7.8,0.028,0.0,37.0
2025-02-05 23:00:00,0.2,4.7,0.032,0.0,35.0
2025-02-06 00:00:00,0.2,3.1,0.034,0.0,34.0
2025-02-06 01:00:00,0.2,5.3,0.03,0.0,33.0
2025-02-06 02:00:00,0.2,5.5,0.029,0.0,31.0
2025-02-06 03:00:00,0.3,8.4,0.025,0.0,30.0
2025-02-06 04:00:00,0.4,10.3,0.022,0.0,29.0
2025-02-06 05:00:00,0.6,7.6,0.026,0.0,29.0
2025-02-06 06:00:00,1.0,9.8,0.024,0.0,30.0
2025-02-06 07:00:00,2.4,16.2,0.019,0.01,29.0
2025-02-06 08:00:00,14.8,26.0,0.012,0.21,33.0
2025-02-06 09:00:00,10.4,14.8,0.023,0.45,39.0
2025-02-06 10:00:00,11.7,13.9,0.022,0.63,43.0
2025-02-06 11:00:00,9.7,11.6,0.024,0.76,46.0
2025-02-06 12:00:00,7.2,10.5,0.027,0.67,48.0
2025-02-06 13:00:00,6.0,9.5,0.031,0.78,53.0
2025-02-06 14:00:00,3.0,6.3,0.034,0.7,56.0
2025-02-06 15:00:00,1.4,5.3,0.037,0.26,56.0
2025-02-06 16:00:00,1.1,9.6,0.03,0.06,54.0
2025-02-06 17:00:00,0.6,11.7,0.028,0.01,43.0
2025-02-06 18:00:00,1.2,16.5,0.02,0.0,41.0
2025-02-06 19:00:00,2.5,15.2,0.019,0.0,40.0
2025-02-06 20:00:00,1.4,25.3,0.009,0.0,42.0
2025-02-06 21:00:00,0.8,16.8,0.023,0.0,48.0
2025-02-06 22:00:00,0.2,1.9,0.042,0.0,53.0
2025-02-06 23:00:00,0.2,1.8,0.042,0.0,54.0
2025-02-07 00:00:00,0.1,1.9,0.041,0.0,52.0
2025-02-07 01:00:00,0.1,1.4,0.041,0.0,53.0
2025-02-07 02:00:00,0.2,1.4,0.041,0.0,53.0
2025-02-07 03:00:00,0.2,1.3,0.04,0.0,53.0
2025-02-07 04:00:00,,,0.04,0.0,53.0
2025-02-07 05:00:00,0.2,1.5,0.04,0.0,53.0
2025-02-07 06:00:00,0.3,1.9,0.039,0.0,53.0
2025-02-07 07:00:00,0.6,2.7,0.037,0.01,53.0
2025-02-07 08:00:00,1.3,3.9,0.036,0.05,54.0
2025-02-07 09:00:00,0.9,2.2,0.037,0.23,55.0
2025-02-07 10:00:00,1.1,2.0,0.037,0.64,57.0
2025-02-07 11:00:00,1.0,1.8,0.037,0.47,57.0
2025-02-07 12:00:00,0.6,1.8,0.038,0.25,55.0
2025-02-07 13:00:00,0.7,2.0,0.037,0.24,55.0
2025-02-07 14:00:00,0.6,2.3,0.036,0.1,51.0
2025-02-07 15:00:00,0.5,3.6,0.033,0.05,40.0
2025-02-07 16:00:00,0.4,3.3,0.037,0.02,39.0
2025-02-07 17:00:00,0.3,2.6,0.039,0.0,37.0
2025-02-07 18:00:00,0.2,2.1,0.039,0.0,36.0
2025-02-07 19:00:00,0.3,2.6,0.038,0.0,36.0
2025-02-07 20:00:00,0.2,1.6,0.04,0.0,36.0
2025-02-07 21:00:00,0.1,2.4,0.037,0.0,35.0
2025-02-07 22:00:00,0.2,2.5,0.037,0.0,34.0
2025-02-07 23:00:00,0.2,3.3,0.039,0.0,32.0
2025-02-08 00:00:00,0.3,6.5,0.035,0.0,32.0
2025-02-08 01:00:00,0.2,4.6,0.031,0.0,31.0
2025-02-08 02:00:00,0.9,8.3,0.029,0.0,30.0
2025-02-08 03:00:00,1.2,12.0,0.027,0.0,30.0
2025-02-08 04:00:00,0.6,12.0,,0.0,27.0
2025-02-08 05:00:00,2.0,15.2,0.02,0.0,27.0
2025-02-08 06:00:00,1.1,9.7,0.027,0.0,27.0
2025-02-08 07:00:00,1.4,10.3,0.027,0.01,27.0
2025-02-08 08:00:00,2.7,7.6,0.031,0.21,28.0
2025-02-08 09:00:00,2.6,4.6,0.035,0.47,31.0
2025-02-08 10:00:00,2.5,3.9,0.036,0.66,34.0
2025-02-08 11:00:00,1.8,2.5,0.039,0.79,36.0
2025-02-08 12:00:00,1.3,2.3,0.041,0.83,41.0
2025-02-08 13:00:00,0.8,2.0,0.042,0.71,43.0
2025-02-08 14:00:00,0.8,1.8,0.042,0.64,44.0
2025-02-08 15:00:00,0.5,1.7,0.042,0.25,42.0
2025-02-08 16:00:00,0.4,1.4,0.042,0.14,42.0
2025-02-08 17:00:00,0.6,3.2,0.036,0.02,36.0
2025-02-08 18:00:00,0.2,2.1,0.037,0.0,32.0
2025-02-08 19:00:00,0.2,2.3,0.036,0.0,31.0
2025-02-08 20:00:00,0.3,2.4,0.036,0.0,31.0
2025-02-08 21:00:00,0.1,2.3,0.035,0.0,31.0
2025-02-08 22:00:00,0.1,6.1,0.029,0.0,30.0
2025-02-08 23:00:00,0.3,12.8,0.023,0.0,29.0
2025-02-09 00:00:00,0.4,15.3,0.021,0.0,28.0
2025-02-09 01:00:00,0.3,7.7,0.026,0.0,28.0
2025-02-09 02:00:00,0.4,8.6,0.021,0.0,26.0
2025-02-09 03:00:00,1.8,13.0,0.018,0.0,24.0
2025-02-09 04:00:00,,,0.021,0.0,23.0
2025-02-09 05:00:00,1.5,8.3,0.023,0.0,23.0
2025-02-09 06:00:00,1.1,6.6,0.024,0.0,22.0
2025-02-09 07:00:00,2.0,7.6,0.024,0.01,22.0
2025-02-09 08:00:00,1.7,4.2,0.03,0.21,25.0
2025-02-09 09:00:00,1.4,2.8,0.034,0.48,29.0
2025-02-09 10:00:00,3.2,5.3,0.032,0.67,32.0
2025-02-09 11:00:00,2.1,3.9,0.035,0.8,35.0
2025-02-09 12:00:00,1.3,2.1,0.041,0.86,38.0
2025-02-09 13:00:00,1.2,2.6,0.039,0.82,38.0
2025-02-09 14:00:00,0.9,2.1,0.042,0.71,38.0
2025-02-09 15:00:00,0.3,1.0,0.045,0.21,38.0
2025-02-09 16:00:00,0.5,1.3,0.044,0.04,38.0
2025-02-09 17:00:00,0.3,1.6,0.04,0.05,35.0
2025-02-09 18:00:00,0.3,5.6,0.035,0.0,32.0
2025-02-09 19:00:00,1.5,13.2,0.027,0.0,31.0
2025-02-09 20:00:00,0.8,12.6,0.027,0.0,29.0
2025-02-09 21:00:00,1.2,17.0,0.021,0.0,28.0
2025-02-09 22:00:00,1.0,10.9,0.025,0.0,26.0
2025-02-09 23:00:00,1.4,7.3,0.029,0.0,25.0
2025-02-10 00:00:00,0.9,4.0,0.03,0.0,24.0
2025-02-10 01:00:00,0.7,3.8,0.031,0.0,24.0
2025-02-10 02:00:00,0.8,5.1,0.029,0.0,22.0
2025-02-10 03:00:00,1.3,5.5,0.027,0.0,21.0
2025-02-10 04:00:00,1.2,7.5,0.024,0.0,20.0
2025-02-10 05:00:00,2.6,8.8,0.024,0.0,21.0
2025-02-10 06:00:00,2.6,14.2,0.02,0.0,20.0
2025-02-10 07:00:00,5.5,14.1,0.021,0.01,20.0
2025-02-10 08:00:00,6.7,11.9,0.025,0.22,23.0
2025-02-10 09:00:00,5.2,7.1,0.03,0.48,27.0
2025-02-10 10:00:00,4.1,6.1,0.032,0.67,33.0
2025-02-10 11:00:00,4.8,6.8,0.032,0.8,37.0
2025-02-10 12:00:00,3.3,5.2,0.034,0.85,37.0
2025-02-10 13:00:00,2.6,4.6,0.036,0.82,38.0
2025-02-10 14:00:00,2.0,4.0,0.04,0.71,40.0
2025-02-10 15:00:00,1.6,4.0,0.041,0.22,40.0
2025-02-10 16:00:00,0.8,2.6,0.043,0.05,38.0
2025-02-10 17:00:00,0.5,5.3,0.038,0.05,37.0
2025-02-10 18:00:00,0.4,12.1,0.029,0.0,34.0
2025-02-10 19:00:00,0.3,6.2,0.033,0.0,31.0
2025-02-10 20:00:00,0.5,8.3,0.028,0.0,29.0
2025-02-10 21:00:00,1.2,12.2,0.023,0.0,28.0
2025-02-10 22:00:00,0.6,13.3,0.021,0.0,27.0
2025-02-10 23:00:00,0.9,14.4,0.02,0.0,26.0
2025-02-11 00:00:00,0.8,13.6,0.02,0.0,25.0
2025-02-11 01:00:00,0.5,9.8,0.024,0.0,25.0
2025-02-11 02:00:00,1.4,12.4,0.018,0.0,23.0
2025-02-11 03:00:00,1.5,10.6,0.02,0.0,22.0
2025-02-11 04:00:00,2.5,16.0,0.016,0.0,22.0
2025-02-11 05:00:00,1.8,15.9,0.016,0.0,24.0
2025-02-11 06:00:00,4.2,20.0,0.011,0.0,24.0
2025-02-11 07:00:00,5.7,17.2,0.013,0.01,23.0
2025-02-11 08:00:00,6.4,17.2,0.015,0.12,24.0
2025-02-11 09:00:00,4.8,13.9,0.019,0.15,26.0
2025-02-11 10:00:00,2.5,10.0,0.024,0.24,27.0
2025-02-11 11:00:00,3.5,9.0,0.028,0.35,29.0
2025-02-11 12:00:00,3.3,9.7,0.029,0.32,28.0
2025-02-11 13:00:00,1.9,6.6,0.034,0.28,28.0
2025-02-11 14:00:00,1.1,4.5,0.036,0.24,26.0
2025-02-11 15:00:00,0.9,3.5,0.037,0.14,26.0
2025-02-11 16:00:00,0.6,3.6,0.038,0.07,26.0
2025-02-11 17:00:00,0.4,3.6,0.038,0.05,25.0
2025-02-11 18:00:00,0.3,4.3,0.037,0.0,23.0
2025-02-11 19:00:00,0.3,3.1,0.038,0.0,23.0
2025-02-11 20:00:00,0.2,3.6,0.037,0.0,22.0
2025-02-11 21:00:00,0.2,5.1,0.035,0.0,22.0
2025-02-11 22:00:00,0.2,5.5,0.035,0.0,21.0
2025-02-11 23:00:00,0.2,4.5,0.035,0.0,20.0
2025-02-12 00:00:00,0.2,3.9,0.036,0.0,20.0
2025-02-12 01:00:00,0.2,3.7,0.035,0.0,19.0
2025-02-12 02:00:00,0.4,6.0,0.03,0.0,18.0
2025-02-12 03:00:00,0.3,6.8,0.029,0.0,17.0
2025-02-12 04:00:00,0.2,4.9,0.032,0.0,17.0
2025-02-12 05:00:00,0.7,10.4,0.026,0.0,15.0
2025-02-12 06:00:00,11.0,22.3,0.011,0.0,14.0
2025-02-12 07:00:00,18.8,30.3,0.007,0.01,11.0
2025-02-12 08:00:00,57.5,36.0,0.008,0.22,20.0
2025-02-12 09:00:00,30.5,22.4,0.021,0.51,31.0
2025-02-12 10:00:00,7.8,10.4,0.032,0.42,26.0
2025-02-12 11:00:00,3.2,4.9,0.037,0.72,26.0
2025-02-12 12:00:00,2.3,3.8,0.039,0.88,28.0
2025-02-12 13:00:00,1.1,2.4,0.04,0.71,28.0
2025-02-12 14:00:00,0.8,2.4,0.04,0.36,27.0
2025-02-12 15:00:00,1.0,2.5,0.04,0.16,29.0
2025-02-12 16:00:00,0.9,2.4,0.04,0.08,30.0
2025-02-12 17:00:00,0.8,3.2,0.039,0.07,28.0
2025-02-12 18:00:00,1.6,9.9,0.031,0.0,26.0
2025-02-12 19:00:00,0.6,9.7,0.031,0.0,24.0
2025-02-12 20:00:00,0.9,13.6,0.024,0.0,23.0
2025-02-12 21:00:00,1.8,19.2,0.015,0.0,20.0
2025-02-12 22:00:00,1.3,11.8,0.027,0.0,20.0
2025-02-12 23:00:00,1.2,8.9,0.029,0.0,20.0
2025-02-13 00:00:00,1.0,4.9,0.032,0.0,19.0
2025-02-13 01:00:00,0.9,3.7,0.034,0.0,19.0
2025-02-13 02:00:00,1.3,6.0,0.033,0.0,20.0
2025-02-13 03:00:00,1.0,5.0,0.034,0.0,20.0
2025-02-13 04:00:00,1.1,4.4,0.036,0.0,22.0
2025-02-13 05:00:00,1.6,6.0,0.034,0.0,22.0
2025-02-13 06:00:00,2.0,7.3,0.033,0.0,22.0
2025-02-13 07:00:00,3.3,6.9,0.035,0.01,24.0
2025-02-13 08:00:00,1.9,5.7,0.037,0.08,27.0
2025-02-13 09:00:00,3.7,8.0,0.035,0.13,29.0
2025-02-13 10:00:00,3.2,8.4,0.035,0.17,31.0
2025-02-13 11:00:00,2.7,6.1,0.039,0.11,31.0
2025-02-13 12:00:00,1.8,4.7,0.039,0.1,29.0
2025-02-13 13:00:00,2.7,5.4,0.039,0.1,28.0
2025-02-13 14:00:00,2.0,5.2,0.038,0.08,28.0
2025-02-13 15:00:00,2.2,5.3,0.038,0.09,29.0
2025-02-13 16:00:00,1.9,4.7,0.037,0.04,31.0
2025-02-13 17:00:00,1.6,4.9,0.037,0.01,31.0
2025-02-13 18:00:00,1.2,4.6,0.036,0.0,30.0
2025-02-13 19:00:00,1.2,4.8,0.036,0.0,30.0
2025-02-13 20:00:00,1.2,5.1,0.035,0.0,31.0
2025-02-13 21:00:00,2.1,6.5,0.033,0.0,32.0
2025-02-13 22:00:00,1.2,5.3,0.034,0.0,32.0
2025-02-13 23:00:00,1.9,6.5,0.032,0.0,31.0
2025-02-14 00:00:00,1.4,5.1,0.033,0.0,33.0
2025-02-14 01:00:00,1.0,5.6,0.033,0.0,34.0
2025-02-14 02:00:00,1.4,6.0,0.033,0.0,36.0
2025-02-14 03:00:00,0.7,4.5,0.034,0.0,36.0
2025-02-14 04:00:00,,,0.032,0.0,37.0
2025-02-14 05:00:00,1.1,9.2,0.029,0.0,36.0
2025-02-14 06:00:00,2.0,17.2,0.021,0.0,36.0
2025-02-14 07:00:00,3.2,18.1,0.019,0.02,36.0
2025-02-14 08:00:00,17.1,26.5,0.011,0.21,40.0
2025-02-14 09:00:00,17.4,18.4,0.022,0.56,48.0
2025-02-14 10:00:00,1.9,3.8,0.034,0.42,45.0
2025-02-14 11:00:00,0.8,2.4,0.036,0.43,45.0
2025-02-14 12:00:00,0.7,2.5,0.036,0.28,45.0
2025-02-14 13:00:00,0.9,1.6,0.038,0.46,46.0
2025-02-14 14:00:00,1.2,1.3,0.039,0.65,49.0
2025-02-14 15:00:00,1.1,1.5,0.04,0.41,49.0
2025-02-14 16:00:00,0.3,1.3,0.04,0.09,46.0
2025-02-14 17:00:00,0.5,3.9,0.037,0.04,38.0
2025-02-14 18:00:00,1.1,10.0,0.031,0.0,38.0
2025-02-14 19:00:00,0.8,14.5,0.025,0.0,38.0
2025-02-14 20:00:00,0.3,8.3,0.03,0.0,37.0
2025-02-14 21:00:00,0.3,6.8,0.029,0.0,35.0
2025-02-14 22:00:00,0.4,8.3,0.028,0.0,33.0
2025-02-14 23:00:00,0.2,9.7,0.025,0.0,32.0
2025-02-15 00:00:00,0.2,6.7,0.029,0.0,33.0
2025-02-15 01:00:00,0.3,3.2,0.031,0.0,33.0
2025-02-15 02:00:00,0.3,3.2,0.032,0.0,33.0
2025-02-15 03:00:00,0.3,2.5,0.03,0.0,33.0
2025-02-15 04:00:00,0.2,3.6,,0.0,32.0
2025-02-15 05:00:00,0.3,3.8,0.027,0.0,33.0
2025-02-15 06:00:00,0.2,3.6,0.028,0.0,32.0
2025-02-15 07:00:00,1.1,3.9,0.033,0.01,32.0
2025-02-15 08:00:00,0.4,2.8,0.034,0.05,33.0
2025-02-15 09:00:00,0.7,2.9,0.036,0.17,33.0
2025-02-15 10:00:00,1.0,2.5,0.038,0.4,35.0
2025-02-15 11:00:00,0.7,1.4,0.041,0.53,37.0
2025-02-15 12:00:00,0.6,1.3,0.043,0.47,37.0
2025-02-15 13:00:00,0.5,1.0,0.044,0.81,38.0
2025-02-15 14:00:00,0.8,1.4,0.043,0.72,39.0
2025-02-15 15:00:00,0.6,1.3,0.044,0.35,38.0
2025-02-15 16:00:00,0.7,1.7,0.043,0.05,38.0
2025-02-15 17:00:00,0.3,3.0,0.04,0.08,37.0
2025-02-15 18:00:00,2.2,4.5,0.036,0.0,33.0
2025-02-15 19:00:00,0.4,5.1,0.032,0.0,32.0
2025-02-15 20:00:00,0.5,13.5,0.023,0.0,30.0
2025-02-15 21:00:00,0.9,21.0,0.015,0.0,30.0
2025-02-15 22:00:00,1.6,24.1,0.009,0.0,29.0
2025-02-15 23:00:00,2.9,24.3,0.013,0.0,28.0
2025-02-16 00:00:00,1.0,7.6,0.031,0.0,28.0
2025-02-16 01:00:00,0.7,8.1,0.031,0.0,27.0
2025-02-16 02:00:00,1.3,9.1,0.03,0.0,26.0
2025-02-16 03:00:00,1.0,7.6,0.032,0.0,26.0
2025-02-16 04:00:00,,,0.032,0.0,26.0
2025-02-16 05:00:00,2.7,7.8,0.034,0.0,27.0
2025-02-16 06:00:00,1.1,7.2,0.034,0.0,29.0
2025-02-16 07:00:00,0.9,3.9,0.038,0.03,29.0
2025-02-16 08:00:00,1.4,4.0,0.037,0.15,30.0
2025-02-16 09:00:00,2.4,4.5,0.037,0.56,35.0
2025-02-16 10:00:00,2.2,4.8,0.038,0.28,36.0
2025-02-16 11:00:00,1.7,7.3,0.034,0.18,37.0
2025-02-16 12:00:00,1.5,4.7,0.038,0.3,39.0
2025-02-16 13:00:00,1.7,6.3,0.037,0.19,40.0
2025-02-16 14:00:00,2.7,8.0,0.036,0.17,41.0
2025-02-16 15:00:00,0.9,4.1,0.038,0.13,40.0
2025-02-16 16:00:00,1.0,4.9,0.037,0.09,39.0
2025-02-16 17:00:00,1.0,6.0,0.035,0.04,39.0
2025-02-16 18:00:00,0.8,6.0,0.035,0.0,40.0
2025-02-16 19:00:00,1.6,7.4,0.034,0.0,40.0
2025-02-16 20:00:00,0.8,10.4,0.027,0.0,39.0
2025-02-16 21:00:00,0.8,6.5,0.032,0.0,38.0
2025-02-16 22:00:00,0.7,7.1,0.03,0.0,37.0
2025-02-16 23:00:00,0.6,6.5,0.028,0.0,37.0
2025-02-17 00:00:00,0.8,15.1,0.015,0.0,35.0
2025-02-17 01:00:00,0.6,10.3,0.017,0.0,35.0
2025-02-17 02:00:00,0.8,14.8,0.011,0.0,34.0
2025-02-17 03:00:00,1.8,17.2,0.012,0.0,35.0
2025-02-17 04:00:00,2.3,21.0,0.008,0.0,34.0
2025-02-17 05:00:00,1.8,16.9,0.006,0.0,32.0
2025-02-17 06:00:00,12.3,21.8,0.003,0.0,32.0
2025-02-17 07:00:00,48.4,30.3,0.0,0.01,32.0
2025-02-17 08:00:00,71.4,29.8,0.003,0.21,35.0
2025-02-17 09:00:00,33.4,22.6,0.011,0.51,43.0
2025-02-17 10:00:00,6.5,8.3,0.023,0.72,43.0
2025-02-17 11:00:00,5.1,7.6,0.028,0.84,45.0
2025-02-17 12:00:00,3.6,7.1,0.033,0.73,48.0
2025-02-17 13:00:00,1.0,4.5,0.04,0.44,44.0
2025-02-17 14:00:00,1.1,4.0,0.04,0.4,44.0
2025-02-17 15:00:00,1.2,5.3,0.038,0.32,44.0
2025-02-17 16:00:00,1.4,6.9,0.035,0.19,42.0
2025-02-17 17:00:00,1.1,7.1,0.034,0.1,41.0
2025-02-17 18:00:00,0.4,7.2,0.033,0.0,39.0
2025-02-17 19:00:00,0.7,6.2,0.032,0.0,38.0
2025-02-17 20:00:00,0.3,8.7,0.028,0.0,38.0
2025-02-17 21:00:00,1.1,11.1,0.026,0.0,38.0
2025-02-17 22:00:00,0.3,8.5,0.028,0.0,36.0
2025-02-17 23:00:00,0.2,3.8,0.035,0.0,33.0
2025-02-18 00:00:00,0.3,4.5,0.033,0.0,34.0
2025-02-18 01:00:00,0.2,3.6,0.03,0.0,32.0
2025-02-18 02:00:00,0.4,4.9,0.03,0.0,33.0
2025-02-18 03:00:00,0.3,5.8,0.029,0.0,33.0
2025-02-18 04:00:00,0.5,10.3,0.022,0.0,33.0
2025-02-18 05:00:00,1.6,12.7,0.015,0.0,32.0
2025-02-18 06:00:00,11.0,24.5,0.006,0.0,32.0
2025-02-18 07:00:00,7.3,20.0,0.008,0.02,31.0
2025-02-18 08:00:00,3.6,8.6,0.02,0.11,33.0
2025-02-18 09:00:00,5.2,10.9,0.023,0.17,35.0
2025-02-18 10:00:00,3.3,5.5,0.033,0.64,40.0
2025-02-18 11:00:00,1.6,4.1,0.038,0.52,40.0
2025-02-18 12:00:00,1.2,3.1,0.039,0.48,41.0
2025-02-18 13:00:00,1.2,3.2,0.039,0.49,41.0
2025-02-18 14:00:00,1.1,2.5,0.041,0.65,43.0
2025-02-18 15:00:00,1.0,2.9,0.04,0.4,43.0
2025-02-18 16:00:00,0.7,4.1,0.038,0.1,41.0
2025-02-18 17:00:00,0.5,5.3,0.035,0.03,40.0
2025-02-18 18:00:00,1.2,6.7,0.032,0.0,38.0
2025-02-18 19:00:00,0.8,10.7,0.024,0.0,36.0
2025-02-18 20:00:00,0.6,15.8,0.016,0.0,33.0
2025-02-18 21:00:00,1.1,18.6,0.014,0.0,32.0
2025-02-18 22:00:00,4.9,26.7,0.005,0.0,32.0
2025-02-18 23:00:00,4.5,27.1,0.006,0.0,31.0
2025-02-19 00:00:00,1.2,13.6,0.021,0.0,30.0
2025-02-19 01:00:00,1.2,7.9,0.029,0.0,30.0
2025-02-19 02:00:00,2.3,12.7,0.024,0.0,29.0
2025-02-19 03:00:00,0.6,6.0,0.028,0.0,28.0
2025-02-19 04:00:00,1.1,6.3,0.027,0.0,27.0
2025-02-19 05:00:00,2.8,8.9,0.025,0.0,27.0
2025-02-19 06:00:00,2.8,11.9,0.025,0.0,27.0
2025-02-19 07:00:00,7.7,13.2,0.022,0.03,26.0
2025-02-19 08:00:00,8.7,12.4,0.025,0.25,28.0
2025-02-19 09:00:00,7.1,10.0,0.027,0.46,31.0
2025-02-19 10:00:00,4.2,6.5,0.033,0.58,35.0
2025-02-19 11:00:00,6.3,6.6,0.034,0.72,39.0
2025-02-19 12:00:00,3.5,7.4,0.032,0.49,43.0
2025-02-19 13:00:00,4.2,10.9,0.028,0.36,42.0
2025-02-19 14:00:00,4.0,13.9,0.026,0.26,43.0
2025-02-19 15:00:00,2.2,9.5,0.03,0.19,41.0
2025-02-19 16:00:00,1.5,5.7,0.034,0.2,42.0
2025-02-19 17:00:00,1.1,8.0,0.034,0.08,42.0
2025-02-19 18:00:00,2.6,9.3,0.034,0.0,42.0
2025-02-19 19:00:00,0.8,6.1,0.038,0.0,42.0
2025-02-19 20:00:00,0.5,4.4,0.038,0.0,42.0
2025-02-19 21:00:00,0.8,4.9,0.039,0.0,41.0
2025-02-19 22:00:00,0.6,5.3,0.038,0.0,41.0
2025-02-19 23:00:00,0.8,5.8,0.036,0.0,41.0
2025-02-20 00:00:00,0.6,13.1,0.024,0.0,39.0
2025-02-20 01:00:00,0.4,7.5,0.028,0.0,38.0
2025-02-20 02:00:00,0.6,7.4,0.029,0.0,35.0
2025-02-20 03:00:00,0.6,6.4,0.028,0.0,33.0
2025-02-20 04:00:00,0.3,4.8,0.027,0.0,33.0
2025-02-20 05:00:00,0.8,10.3,0.023,0.0,33.0
2025-02-20 06:00:00,1.3,14.3,0.016,0.0,32.0
2025-02-20 07:00:00,7.7,25.6,0.009,0.01,33.0
2025-02-20 08:00:00,8.6,24.9,0.01,0.09,34.0
2025-02-20 09:00:00,4.0,9.9,0.024,0.13,33.0
2025-02-20 10:00:00,2.0,4.7,0.026,0.19,33.0
2025-02-20 11:00:00,3.5,7.8,0.026,0.28,35.0
2025-02-20 12:00:00,0.7,2.8,0.032,0.25,35.0
2025-02-20 13:00:00,0.9,2.6,0.032,0.31,34.0
2025-02-20 14:00:00,1.0,3.0,0.032,0.31,34.0
2025-02-20 15:00:00,1.0,4.0,0.03,0.15,33.0
2025-02-20 16:00:00,1.0,4.9,0.031,0.15,33.0
2025-02-20 17:00:00,0.5,4.9,0.031,0.03,33.0
2025-02-20 18:00:00,0.3,4.9,0.031,0.0,33.0
2025-02-20 19:00:00,0.2,4.1,0.031,0.0,33.0
2025-02-20 20:00:00,0.2,4.8,0.031,0.0,32.0
2025-02-20 21:00:00,0.4,3.5,0.031,0.0,32.0
2025-02-20 22:00:00,0.2,2.2,0.035,0.0,33.0
2025-02-20 23:00:00,0.2,5.5,0.028,0.0,33.0
2025-02-21 00:00:00,0.2,3.9,0.032,0.0,33.0
2025-02-21 01:00:00,0.2,3.4,0.029,0.0,33.0
2025-02-21 02:00:00,0.2,4.9,0.029,0.0,33.0
2025-02-21 03:00:00,0.1,4.5,0.029,0.0,33.0
2025-02-21 04:00:00,,,0.028,0.0,33.0
2025-02-21 05:00:00,0.3,5.5,0.028,0.0,33.0
2025-02-21 06:00:00,1.0,4.4,0.028,0.0,33.0
2025-02-21 07:00:00,0.4,5.8,0.029,0.03,33.0
2025-02-21 08:00:00,1.0,5.6,0.03,0.12,33.0
2025-02-21 09:00:00,2.5,5.6,0.03,0.2,34.0
2025-02-21 10:00:00,0.9,3.6,0.033,0.29,34.0
2025-02-21 11:00:00,1.0,2.9,0.034,0.5,35.0
2025-02-21 12:00:00,0.9,2.7,0.036,0.59,38.0
2025-02-21 13:00:00,0.7,2.6,0.038,0.53,39.0
2025-02-21 14:00:00,0.8,2.9,0.038,0.36,39.0
2025-02-21 15:00:00,0.9,3.8,0.038,0.3,41.0
2025-02-21 16:00:00,0.7,4.8,0.037,0.21,40.0
2025-02-21 17:00:00,0.5,5.6,0.036,0.07,39.0
2025-02-21 18:00:00,0.6,8.1,0.034,0.0,38.0
2025-02-21 19:00:00,1.7,17.9,0.022,0.0,35.0
2025-02-21 20:00:00,1.0,10.1,0.028,0.0,33.0
2025-02-21 21:00:00,1.0,12.6,0.027,0.0,33.0
2025-02-21 22:00:00,1.0,8.4,0.029,0.0,32.0
2025-02-21 23:00:00,0.9,8.2,0.03,0.0,31.0
2025-02-22 00:00:00,1.0,8.2,0.028,0.0,29.0
2025-02-22 01:00:00,0.7,5.2,0.031,0.0,28.0
2025-02-22 02:00:00,1.6,7.8,0.031,0.0,28.0
2025-02-22 03:00:00,1.9,9.9,0.028,0.0,27.0
2025-02-22 04:00:00,0.9,5.3,,0.0,26.0
2025-02-22 05:00:00,0.9,6.3,0.031,0.0,25.0
2025-02-22 06:00:00,1.5,8.6,0.03,0.0,24.0
2025-02-22 07:00:00,1.3,6.4,0.033,0.03,24.0
2025-02-22 08:00:00,2.7,6.0,0.034,0.32,26.0
2025-02-22 09:00:00,5.4,8.5,0.032,0.58,30.0
2025-02-22 10:00:00,3.3,5.3,0.036,0.72,32.0
2025-02-22 11:00:00,2.5,5.1,0.037,0.8,37.0
2025-02-22 12:00:00,2.4,4.9,0.039,0.95,41.0
2025-02-22 13:00:00,1.6,4.0,0.042,0.81,44.0
2025-02-22 14:00:00,1.6,4.2,0.042,0.68,47.0
2025-02-22 15:00:00,1.2,3.9,0.043,0.36,45.0
2025-02-22 16:00:00,1.0,3.2,0.044,0.1,46.0
2025-02-22 17:00:00,0.5,5.2,0.04,0.13,44.0
2025-02-22 18:00:00,0.2,8.5,0.033,0.0,38.0
2025-02-22 19:00:00,0.8,13.9,0.028,0.0,37.0
2025-02-22 20:00:00,2.7,26.8,0.017,0.0,37.0
2025-02-22 21:00:00,1.5,16.1,0.028,0.0,36.0
2025-02-22 22:00:00,1.5,11.2,0.031,0.0,35.0
2025-02-22 23:00:00,0.8,7.2,0.034,0.0,34.0
2025-02-23 00:00:00,0.8,7.8,0.034,0.0,34.0
2025-02-23 01:00:00,1.0,8.4,0.033,0.0,33.0
2025-02-23 02:00:00,0.8,6.0,0.036,0.0,32.0
2025-02-23 03:00:00,0.8,4.8,0.037,0.0,32.0
2025-02-23 04:00:00,,,0.038,0.0,32.0
2025-02-23 05:00:00,1.5,7.3,0.035,0.0,32.0
2025-02-23 06:00:00,1.7,8.0,0.034,0.0,31.0
2025-02-23 07:00:00,0.8,4.1,0.039,0.03,32.0
2025-02-23 08:00:00,2.6,5.7,0.037,0.32,35.0
2025-02-23 09:00:00,2.3,4.2,0.039,0.57,37.0
2025-02-23 10:00:00,2.1,3.8,0.04,0.65,41.0
2025-02-23 11:00:00,2.1,5.3,0.04,0.41,44.0
2025-02-23 12:00:00,1.6,3.7,0.042,0.6,47.0
2025-02-23 13:00:00,1.7,4.7,0.041,0.44,50.0
2025-02-23 14:00:00,1.2,4.5,0.041,0.38,53.0
2025-02-23 15:00:00,0.9,4.7,0.042,0.32,55.0
2025-02-23 16:00:00,1.3,10.0,0.033,0.15,53.0
2025-02-23 17:00:00,0.6,6.2,0.04,0.06,49.0
2025-02-23 18:00:00,0.3,10.3,0.03,0.0,47.0
2025-02-23 19:00:00,0.8,11.7,0.027,0.0,44.0
2025-02-23 20:00:00,0.3,13.6,0.025,0.0,44.0
2025-02-23 21:00:00,0.9,24.4,0.012,0.0,44.0
2025-02-23 22:00:00,0.9,23.3,0.01,0.0,42.0
2025-02-23 23:00:00,1.3,17.0,0.02,0.0,42.0
2025-02-24 00:00:00,0.5,11.1,0.023,0.0,41.0
2025-02-24 01:00:00,3.8,24.7,0.006,0.0,39.0
2025-02-24 02:00:00,2.2,22.7,0.01,0.0,39.0
2025-02-24 03:00:00,1.0,13.7,0.017,0.0,39.0
2025-02-24 04:00:00,1.3,18.1,0.008,0.0,38.0
2025-02-24 05:00:00,1.6,17.6,0.012,0.0,39.0
2025-02-24 06:00:00,14.5,29.1,0.005,0.0,38.0
2025-02-24 07:00:00,33.2,26.5,0.002,0.04,36.0
2025-02-24 08:00:00,32.1,26.4,0.01,0.32,44.0
2025-02-24 09:00:00,17.0,18.8,0.018,0.57,52.0
2025-02-24 10:00:00,5.8,8.0,0.028,0.77,55.0
2025-02-24 11:00:00,7.1,9.5,0.023,0.9,56.0
2025-02-24 12:00:00,5.8,9.6,0.028,0.95,61.0
2025-02-24 13:00:00,2.6,5.4,0.034,0.91,64.0
2025-02-24 14:00:00,1.9,4.1,0.037,0.78,64.0
2025-02-24 15:00:00,1.5,4.2,0.039,0.48,64.0
2025-02-24 16:00:00,1.4,4.2,0.041,0.18,64.0
2025-02-24 17:00:00,3.0,6.1,0.035,0.14,63.0
2025-02-24 18:00:00,2.5,15.8,0.025,0.01,58.0
2025-02-24 19:00:00,0.5,7.3,0.035,0.0,55.0
2025-02-24 20:00:00,0.3,5.3,0.035,0.0,53.0
2025-02-24 21:00:00,0.4,7.2,0.034,0.0,53.0
2025-02-24 22:00:00,0.5,6.2,0.035,0.0,52.0
2025-02-24 23:00:00,0.4,6.0,0.035,0.0,53.0
2025-02-25 00:00:00,0.3,3.7,0.035,0.0,51.0
2025-02-25 01:00:00,0.4,5.2,0.036,0.0,51.0
2025-02-25 02:00:00,0.4,5.5,0.034,0.0,50.0
2025-02-25 03:00:00,0.3,4.4,0.035,0.0,51.0
2025-02-25 04:00:00,0.7,9.6,0.029,0.0,48.0
2025-02-25 05:00:00,0.9,13.3,0.022,0.0,45.0
2025-02-25 06:00:00,4.9,25.9,0.013,0.0,44.0
2025-02-25 07:00:00,10.0,26.9,0.011,0.05,45.0
2025-02-25 08:00:00,13.9,19.2,0.016,0.27,53.0
2025-02-25 09:00:00,4.6,7.4,0.033,0.57,57.0
2025-02-25 10:00:00,2.8,5.6,0.034,0.56,54.0
2025-02-25 11:00:00,2.4,4.5,0.037,0.83,49.0
2025-02-25 12:00:00,1.3,2.6,0.042,0.96,51.0
2025-02-25 13:00:00,1.0,2.1,0.045,0.94,54.0
2025-02-25 14:00:00,0.7,1.8,0.047,0.82,55.0
2025-02-25 15:00:00,0.9,2.3,0.046,0.43,53.0
2025-02-25 16:00:00,0.8,2.2,0.044,0.14,49.0
2025-02-25 17:00:00,0.4,2.8,0.043,0.15,47.0
2025-02-25 18:00:00,0.4,4.2,0.039,0.0,42.0
2025-02-25 19:00:00,0.2,3.9,0.038,0.0,41.0
2025-02-25 20:00:00,0.1,4.8,0.036,0.0,39.0
2025-02-25 21:00:00,0.1,5.7,0.035,0.0,38.0
2025-02-25 22:00:00,0.2,5.4,0.035,0.0,38.0
2025-02-25 23:00:00,0.6,8.9,0.029,0.0,37.0
2025-02-26 00:00:00,0.5,14.5,0.022,0.0,36.0
2025-02-26 01:00:00,0.3,8.6,0.024,0.0,32.0
2025-02-26 02:00:00,1.0,14.7,0.021,0.0,33.0
2025-02-26 03:00:00,1.5,24.0,0.011,0.0,32.0
2025-02-26 04:00:00,3.8,26.2,0.005,0.0,30.0
2025-02-26 05:00:00,4.0,24.8,0.01,0.0,30.0
2025-02-26 06:00:00,7.2,26.5,0.014,0.0,30.0
2025-02-26 07:00:00,29.3,31.8,0.004,0.05,29.0
2025-02-26 08:00:00,16.8,20.3,0.021,0.34,36.0
2025-02-26 09:00:00,5.2,8.8,0.032,0.59,42.0
2025-02-26 10:00:00,2.5,4.9,0.038,0.79,44.0
2025-02-26 11:00:00,2.0,3.7,0.04,0.92,44.0
2025-02-26 12:00:00,2.2,4.5,0.041,0.97,44.0
2025-02-26 13:00:00,2.5,5.1,0.042,0.94,46.0
2025-02-26 14:00:00,1.3,3.1,0.045,0.83,48.0
2025-02-26 15:00:00,1.0,2.8,0.046,0.45,48.0
2025-02-26 16:00:00,1.1,4.0,0.044,0.15,47.0
2025-02-26 17:00:00,0.8,4.7,0.042,0.16,45.0
2025-02-26 18:00:00,0.2,4.4,0.039,0.01,42.0
2025-02-26 19:00:00,1.0,12.5,0.028,0.0,40.0
2025-02-26 20:00:00,1.2,10.8,0.029,0.0,38.0
2025-02-26 21:00:00,0.9,17.7,0.019,0.0,36.0
2025-02-26 22:00:00,2.7,23.3,0.015,0.0,35.0
2025-02-26 23:00:00,1.5,18.7,0.02,0.0,34.0
2025-02-27 00:00:00,1.3,13.0,0.026,0.0,34.0
2025-02-27 01:00:00,2.3,12.0,0.028,0.0,33.0
2025-02-27 02:00:00,0.7,7.1,0.032,0.0,33.0
2025-02-27 03:00:00,1.0,5.5,0.034,0.0,33.0
2025-02-27 04:00:00,0.9,7.0,0.033,0.0,32.0
2025-02-27 05:00:00,1.4,10.1,0.03,0.0,32.0
2025-02-27 06:00:00,2.6,12.9,0.027,0.0,31.0
2025-02-27 07:00:00,6.4,14.9,0.027,0.06,31.0
2025-02-27 08:00:00,8.1,14.0,0.027,0.36,35.0
2025-02-27 09:00:00,4.5,6.7,0.034,0.61,39.0
2025-02-27 10:00:00,3.8,5.7,0.035,0.81,41.0
2025-02-27 11:00:00,3.1,5.6,0.037,0.94,46.0
2025-02-27 12:00:00,2.9,5.5,0.039,0.99,48.0
2025-02-27 13:00:00,3.0,6.4,0.041,0.95,51.0
2025-02-27 14:00:00,2.0,5.5,0.045,0.83,53.0
2025-02-27 15:00:00,1.7,5.3,0.048,0.47,54.0
2025-02-27 16:00:00,0.9,4.1,0.047,0.17,53.0
2025-02-27 17:00:00,0.7,5.5,0.044,0.17,50.0
2025-02-27 18:00:00,0.4,7.7,0.04,0.01,45.0
2025-02-27 19:00:00,2.9,29.9,0.019,0.0,44.0
2025-02-27 20:00:00,1.4,16.4,0.027,0.0,42.0
2025-02-27 21:00:00,0.9,22.5,0.014,0.0,39.0
2025-02-27 22:00:00,1.8,20.5,0.017,0.0,37.0
2025-02-27 23:00:00,4.2,28.7,0.012,0.0,37.0
2025-02-28 00:00:00,0.8,8.7,0.032,0.0,38.0
2025-02-28 01:00:00,0.7,9.8,0.028,0.0,36.0
2025-02-28 02:00:00,0.8,8.2,0.032,0.0,37.0
2025-02-28 03:00:00,0.8,8.6,0.03,0.0,35.0
2025-02-28 04:00:00,,,0.028,0.0,34.0
2025-02-28 05:00:00,1.3,15.1,0.022,0.0,33.0
2025-02-28 06:00:00,2.9,19.3,0.018,0.0,32.0
2025-02-28 07:00:00,12.0,26.7,0.013,0.07,32.0
2025-02-28 08:00:00,13.0,19.2,0.022,0.36,40.0
2025-02-28 09:00:00,6.5,11.2,0.029,0.62,42.0
2025-02-28 10:00:00,5.1,9.1,0.033,0.82,45.0
2025-02-28 11:00:00,5.4,9.3,0.034,0.95,50.0
2025-02-28 12:00:00,3.9,7.9,0.036,1.0,53.0
2025-02-28 13:00:00,1.5,5.0,0.046,0.96,55.0
2025-02-28 14:00:00,1.4,5.1,0.051,0.85,56.0
2025-02-28 15:00:00,1.2,4.8,0.053,0.49,57.0
2025-02-28 16:00:00,1.9,8.1,0.047,0.19,56.0
2025-02-28 17:00:00,0.7,9.3,0.047,0.16,53.0
2025-02-28 18:00:00,0.4,12.3,0.04,0.01,48.0
2025-02-28 19:00:00,0.2,10.5,0.04,0.0,45.0
2025-02-28 20:00:00,2.1,16.5,0.026,0.0,43.0
2025-02-28 21:00:00,1.9,30.1,0.014,0.0,40.0
2025-02-28 22:00:00,2.1,27.3,0.018,0.0,40.0
2025-02-28 23:00:00,0.7,13.5,0.031,0.0,40.0
2025-03-01 00:00:00,0.7,11.1,0.033,0.0,39.0
2025-03-01 01:00:00,0.8,11.2,0.03,0.0,37.0
2025-03-01 02:00:00,1.3,14.7,0.024,0.0,35.0
2025-03-01 03:00:00,0.9,9.9,0.03,0.0,35.0
2025-03-01 04:00:00,1.1,10.7,,0.0,34.0
2025-03-01 05:00:00,1.3,12.5,0.026,0.0,33.0
2025-03-01 06:00:00,1.3,13.1,0.028,0.0,33.0
2025-03-01 07:00:00,3.6,16.4,0.022,0.07,34.0
2025-03-01 08:00:00,5.1,11.4,0.027,0.37,41.0
2025-03-01 09:00:00,4.5,8.6,0.03,0.63,45.0
2025-03-01 10:00:00,3.5,8.3,0.037,0.83,47.0
2025-03-01 11:00:00,4.0,9.3,0.038,0.95,51.0
2025-03-01 12:00:00,3.1,8.3,0.04,1.0,53.0
2025-03-01 13:00:00,2.9,8.6,0.042,0.96,55.0
2025-03-01 14:00:00,1.4,6.4,0.05,0.84,58.0
2025-03-01 15:00:00,1.3,6.9,0.05,0.46,58.0
2025-03-01 16:00:00,1.0,7.9,0.052,0.17,58.0
2025-03-01 17:00:00,0.7,11.5,0.048,0.09,55.0
2025-03-01 18:00:00,0.3,18.5,0.04,0.0,52.0
2025-03-01 19:00:00,0.5,17.4,0.036,0.0,48.0
2025-03-01 20:00:00,0.3,13.5,0.036,0.0,46.0
2025-03-01 21:00:00,0.3,14.9,0.031,0.0,44.0
2025-03-01 22:00:00,1.0,23.1,0.022,0.0,44.0
2025-03-01 23:00:00,0.9,23.3,0.017,0.0,43.0
2025-03-02 00:00:00,1.7,30.8,0.011,0.0,42.0
2025-03-02 01:00:00,0.5,11.7,0.028,0.0,42.0
2025-03-02 02:00:00,0.6,13.6,0.025,0.0,40.0
2025-03-02 03:00:00,0.5,14.4,0.023,0.0,39.0
2025-03-02 04:00:00,,,0.03,0.0,41.0
2025-03-02 05:00:00,0.6,8.3,0.029,0.0,40.0
2025-03-02 06:00:00,1.0,20.1,0.016,0.0,35.0
2025-03-02 07:00:00,1.5,11.4,0.026,0.08,38.0
2025-03-02 08:00:00,2.4,7.5,0.033,0.36,45.0
2025-03-02 09:00:00,2.0,5.3,0.037,0.61,49.0
2025-03-02 10:00:00,1.9,5.0,0.04,0.81,54.0
2025-03-02 11:00:00,1.2,4.0,0.045,0.94,59.0
2025-03-02 12:00:00,0.9,3.3,0.046,0.99,63.0
2025-03-02 13:00:00,0.5,2.3,0.05,0.95,65.0
2025-03-02 14:00:00,0.4,2.1,0.051,0.66,66.0
2025-03-02 15:00:00,0.4,2.1,0.051,0.27,63.0
2025-03-02 16:00:00,0.4,2.6,0.048,0.12,62.0
2025-03-02 17:00:00,1.0,6.0,0.044,0.04,61.0
2025-03-02 18:00:00,0.2,2.3,0.046,0.0,57.0
2025-03-02 19:00:00,0.1,2.6,0.045,0.0,55.0
2025-03-02 20:00:00,0.2,1.2,0.048,0.0,54.0
2025-03-02 21:00:00,0.2,1.8,0.049,0.0,51.0
2025-03-02 22:00:00,0.1,1.5,0.047,0.0,48.0
2025-03-02 23:00:00,0.1,1.5,0.045,0.0,47.0
2025-03-03 00:00:00,0.3,3.1,0.045,0.0,46.0
2025-03-03 01:00:00,0.3,1.3,0.048,0.0,45.0
2025-03-03 02:00:00,0.4,3.1,0.043,0.0,44.0
2025-03-03 03:00:00,0.2,5.1,0.04,0.0,42.0
2025-03-03 04:00:00,0.4,3.5,0.044,0.0,42.0
2025-03-03 05:00:00,0.5,3.8,0.043,0.0,41.0
2025-03-03 06:00:00,0.8,5.8,0.041,0.0,38.0
2025-03-03 07:00:00,1.6,6.7,0.041,0.04,40.0
2025-03-03 08:00:00,2.4,8.1,0.039,0.06,40.0
2025-03-03 09:00:00,2.3,8.3,0.038,0.09,40.0
2025-03-03 10:00:00,1.4,4.6,0.041,0.25,38.0
2025-03-03 11:00:00,1.3,5.1,0.04,0.31,35.0
2025-03-03 12:00:00,0.6,2.5,0.043,0.39,37.0
2025-03-03 13:00:00,1.3,3.7,0.043,0.49,40.0
2025-03-03 14:00:00,1.4,3.5,0.043,0.55,42.0
2025-03-03 15:00:00,1.6,3.7,0.043,0.33,43.0
2025-03-03 16:00:00,0.9,2.4,0.044,0.32,45.0
2025-03-03 17:00:00,1.1,3.5,0.043,0.17,46.0
2025-03-03 18:00:00,0.9,6.6,0.036,0.0,42.0
2025-03-03 19:00:00,0.2,5.6,0.039,0.0,41.0
2025-03-03 20:00:00,0.1,3.3,0.041,0.0,41.0
2025-03-03 21:00:00,0.1,2.7,0.04,0.0,41.0
2025-03-03 22:00:00,0.2,2.9,0.04,0.0,40.0
2025-03-03 23:00:00,0.1,2.2,0.039,0.0,38.0
2025-03-04 00:00:00,0.1,2.5,0.036,0.0,37.0
2025-03-04 01:00:00,0.1,3.4,0.035,0.0,36.0
2025-03-04 02:00:00,0.2,6.3,0.033,0.0,35.0
2025-03-04 03:00:00,0.2,3.2,0.036,0.0,36.0
2025-03-04 04:00:00,0.3,9.4,0.027,0.0,37.0
2025-03-04 05:00:00,0.1,7.2,0.028,0.0,37.0
2025-03-04 06:00:00,0.1,3.9,0.029,0.0,38.0
2025-03-04 07:00:00,1.1,8.5,0.025,0.01,38.0
2025-03-04 08:00:00,2.2,8.5,0.025,0.07,38.0
2025-03-04 09:00:00,3.3,9.6,0.024,0.17,39.0
2025-03-04 10:00:00,2.2,4.3,0.03,0.37,42.0
2025-03-04 11:00:00,2.0,4.5,0.032,0.61,45.0
2025-03-04 12:00:00,2.0,3.6,0.035,0.81,46.0
2025-03-04 13:00:00,1.0,2.4,0.04,0.9,48.0
2025-03-04 14:00:00,0.7,2.3,0.041,0.49,47.0
2025-03-04 15:00:00,0.8,2.4,0.043,0.53,48.0
2025-03-04 16:00:00,0.6,2.9,0.043,0.22,48.0
2025-03-04 17:00:00,0.4,3.5,0.042,0.11,47.0
2025-03-04 18:00:00,0.2,2.9,0.042,0.01,45.0
2025-03-04 19:00:00,0.4,6.4,0.035,0.0,44.0
2025-03-04 20:00:00,0.5,10.6,0.025,0.0,40.0
2025-03-04 21:00:00,0.6,16.8,0.021,0.0,39.0
2025-03-04 22:00:00,0.5,8.4,0.029,0.0,40.0
2025-03-04 23:00:00,0.6,10.5,0.026,0.0,40.0
2025-03-05 00:00:00,1.0,10.3,0.024,0.0,39.0
2025-03-05 01:00:00,0.7,5.5,0.029,0.0,38.0
2025-03-05 02:00:00,0.7,7.6,0.028,0.0,38.0
2025-03-05 03:00:00,0.6,6.7,0.026,0.0,38.0
2025-03-05 04:00:00,0.6,5.6,0.027,0.0,38.0
2025-03-05 05:00:00,1.4,10.7,0.021,0.0,37.0
2025-03-05 06:00:00,2.9,18.4,0.016,0.0,36.0
2025-03-05 07:00:00,7.0,15.5,0.018,0.08,37.0
2025-03-05 08:00:00,9.4,13.0,0.025,0.36,41.0
2025-03-05 09:00:00,4.1,6.1,0.032,0.53,44.0
2025-03-05 10:00:00,4.4,6.3,0.034,0.58,47.0
2025-03-05 11:00:00,2.8,4.1,0.038,0.88,51.0
2025-03-05 12:00:00,1.6,4.5,0.038,0.41,50.0
2025-03-05 13:00:00,1.0,4.8,0.037,0.24,48.0
2025-03-05 14:00:00,1.2,4.2,0.039,0.17,48.0
2025-03-05 15:00:00,1.2,5.5,0.036,0.11,45.0
2025-03-05 16:00:00,1.7,9.2,0.032,0.05,43.0
2025-03-05 17:00:00,2.5,11.7,0.03,0.02,42.0
2025-03-05 18:00:00,0.2,5.0,0.035,0.0,41.0
2025-03-05 19:00:00,0.3,6.4,0.032,0.0,40.0
2025-03-05 20:00:00,0.9,5.5,0.034,0.0,41.0
2025-03-05 21:00:00,0.4,3.6,0.035,0.0,41.0
2025-03-05 22:00:00,0.4,6.0,0.03,0.0,40.0
2025-03-05 23:00:00,0.4,5.7,0.03,0.0,40.0
2025-03-06 00:00:00,0.7,5.6,0.031,0.0,40.0
2025-03-06 01:00:00,0.7,4.2,0.032,0.0,39.0
2025-03-06 02:00:00,0.5,5.9,0.028,0.0,39.0
2025-03-06 03:00:00,0.6,9.5,0.024,0.0,39.0
2025-03-06 04:00:00,0.4,9.9,0.023,0.0,39.0
2025-03-06 05:00:00,0.9,9.4,0.023,0.0,38.0
2025-03-06 06:00:00,1.5,11.4,0.022,0.0,38.0
2025-03-06 07:00:00,1.6,12.0,0.02,0.02,38.0
2025-03-06 08:00:00,6.1,18.1,0.018,0.09,40.0
2025-03-06 09:00:00,2.5,11.1,0.023,0.09,40.0
2025-03-06 10:00:00,0.7,4.7,0.036,0.2,40.0
2025-03-06 11:00:00,0.5,2.0,0.039,0.19,38.0
2025-03-06 12:00:00,1.1,3.8,0.039,0.15,38.0
2025-03-06 13:00:00,0.8,2.1,0.042,0.76,41.0
2025-03-06 14:00:00,0.4,1.6,0.044,0.18,42.0
2025-03-06 15:00:00,1.4,3.3,0.044,0.53,42.0
2025-03-06 16:00:00,0.6,2.3,0.044,0.19,44.0
2025-03-06 17:00:00,0.9,2.4,0.041,0.07,41.0
2025-03-06 18:00:00,0.8,4.3,0.038,0.0,40.0
2025-03-06 19:00:00,0.2,1.2,0.036,0.0,37.0
2025-03-06 20:00:00,0.4,2.3,0.033,0.0,36.0
2025-03-06 21:00:00,0.4,3.4,0.033,0.0,37.0
2025-03-06 22:00:00,0.3,1.8,0.033,0.0,38.0
2025-03-06 23:00:00,0.2,1.2,0.036,0.0,36.0
2025-03-07 00:00:00,0.2,1.2,0.035,0.0,33.0
2025-03-07 01:00:00,0.2,1.5,0.034,0.0,32.0
2025-03-07 02:00:00,0.2,1.1,0.034,0.0,32.0
2025-03-07 03:00:00,0.2,1.0,0.034,0.0,32.0
2025-03-07 04:00:00,,,0.034,0.0,32.0
2025-03-07 05:00:00,0.7,2.2,0.034,0.0,31.0
2025-03-07 06:00:00,0.5,1.4,0.035,0.0,31.0
2025-03-07 07:00:00,1.2,3.8,0.033,0.05,32.0
2025-03-07 08:00:00,1.2,3.6,0.035,0.15,32.0
2025-03-07 09:00:00,1.8,3.5,0.035,0.35,34.0
2025-03-07 10:00:00,1.7,3.3,0.036,0.37,35.0
2025-03-07 11:00:00,1.8,3.2,0.037,0.59,37.0
2025-03-07 12:00:00,2.0,3.7,0.036,0.65,38.0
2025-03-07 13:00:00,2.0,3.7,0.035,0.39,38.0
2025-03-07 14:00:00,1.4,3.3,0.038,0.44,39.0
2025-03-07 15:00:00,1.3,3.3,0.038,0.39,40.0
2025-03-07 16:00:00,0.9,4.8,0.035,0.18,40.0
2025-03-07 17:00:00,0.6,6.0,0.035,0.06,39.0
2025-03-07 18:00:00,0.2,4.8,0.035,0.0,38.0
2025-03-07 19:00:00,0.1,3.3,0.037,0.0,38.0
2025-03-07 20:00:00,0.1,3.1,0.037,0.0,37.0
2025-03-07 21:00:00,0.1,3.4,0.037,0.0,37.0
2025-03-07 22:00:00,0.2,3.9,0.036,0.0,36.0
2025-03-07 23:00:00,0.1,3.6,0.034,0.0,35.0
2025-03-08 00:00:00,0.3,8.9,0.026,0.0,33.0
2025-03-08 01:00:00,0.4,15.0,0.014,0.0,31.0
2025-03-08 02:00:00,1.0,13.2,0.021,0.0,31.0
2025-03-08 03:00:00,1.2,11.7,0.023,0.0,31.0
2025-03-08 04:00:00,1.5,14.4,,0.0,31.0
2025-03-08 05:00:00,1.2,15.2,0.017,0.0,29.0
2025-03-08 06:00:00,2.0,17.3,0.019,0.0,29.0
2025-03-08 07:00:00,3.9,15.4,0.02,0.12,31.0
2025-03-08 08:00:00,6.1,10.6,0.023,0.41,34.0
2025-03-08 09:00:00,3.8,6.5,0.03,0.6,38.0
2025-03-08 10:00:00,2.4,4.5,0.033,0.84,40.0
2025-03-08 11:00:00,1.6,3.6,0.037,1.04,43.0
2025-03-08 12:00:00,0.9,2.8,0.041,1.06,44.0
2025-03-08 13:00:00,0.8,2.2,0.044,1.01,46.0
2025-03-08 14:00:00,1.0,3.0,0.044,0.88,46.0
2025-03-08 15:00:00,1.1,3.7,0.044,0.6,46.0
2025-03-08 16:00:00,0.8,4.2,0.045,0.34,46.0
2025-03-08 17:00:00,0.5,4.6,0.045,0.19,46.0
2025-03-08 18:00:00,1.6,8.5,0.039,0.02,43.0
2025-03-08 19:00:00,0.4,10.9,0.031,0.0,40.0
2025-03-08 20:00:00,0.7,13.8,0.027,0.0,38.0
2025-03-08 21:00:00,0.5,9.1,0.031,0.0,37.0
2025-03-08 22:00:00,0.6,8.5,0.032,0.0,37.0
2025-03-08 23:00:00,0.6,7.5,0.031,0.0,35.0
2025-03-09 00:00:00,1.0,11.3,0.028,0.0,35.0
2025-03-09 01:00:00,0.9,7.8,0.031,0.0,34.0
2025-03-09 02:00:00,0.9,7.6,0.031,0.0,34.0
2025-03-09 03:00:00,0.9,6.6,0.032,0.0,33.0
2025-03-09 04:00:00,,,0.031,0.0,33.0
2025-03-09 05:00:00,0.9,6.4,0.032,0.0,32.0
2025-03-09 06:00:00,1.0,8.0,0.032,0.0,33.0
2025-03-09 07:00:00,1.3,5.9,0.034,0.14,34.0
2025-03-09 08:00:00,1.7,4.3,0.036,0.42,37.0
2025-03-09 09:00:00,1.8,3.7,0.037,0.68,39.0
2025-03-09 10:00:00,1.7,3.6,0.039,0.89,43.0
2025-03-09 11:00:00,1.1,2.7,0.041,1.01,47.0
2025-03-09 12:00:00,1.0,3.1,0.041,1.06,50.0
2025-03-09 13:00:00,1.1,3.6,0.042,1.02,52.0
2025-03-09 14:00:00,1.3,4.4,0.045,0.89,55.0
2025-03-09 15:00:00,1.0,4.4,0.047,0.62,58.0
2025-03-09 16:00:00,0.9,4.7,0.047,0.33,59.0
2025-03-09 17:00:00,0.6,5.4,0.045,0.2,57.0
2025-03-09 18:00:00,0.6,11.0,0.034,0.02,53.0
2025-03-09 19:00:00,1.3,13.9,0.026,0.0,49.0
2025-03-09 20:00:00,0.4,8.6,0.031,0.0,47.0
2025-03-09 21:00:00,0.4,5.1,0.033,0.0,46.0
2025-03-09 22:00:00,0.4,4.2,0.033,0.0,45.0
2025-03-09 23:00:00,0.7,7.6,0.031,0.0,45.0
2025-03-10 00:00:00,0.6,4.9,0.033,0.0,44.0
2025-03-10 01:00:00,0.6,4.7,0.033,0.0,43.0
2025-03-10 02:00:00,0.7,5.4,0.032,0.0,42.0
2025-03-10 03:00:00,0.9,6.1,0.031,0.0,41.0
2025-03-10 04:00:00,1.2,7.2,0.029,0.0,40.0
2025-03-10 05:00:00,1.5,8.3,0.028,0.0,39.0
2025-03-10 06:00:00,3.4,10.6,0.027,0.0,39.0
2025-03-10 07:00:00,5.0,9.7,0.027,0.15,40.0
2025-03-10 08:00:00,4.2,6.0,0.03,0.44,44.0
2025-03-10 09:00:00,4.4,5.8,0.033,0.69,47.0
2025-03-10 10:00:00,5.5,7.0,0.034,0.87,53.0
2025-03-10 11:00:00,2.7,4.7,0.04,0.97,57.0
2025-03-10 12:00:00,1.6,3.1,0.044,1.05,61.0
2025-03-10 13:00:00,1.4,3.0,0.047,1.02,62.0
2025-03-10 14:00:00,0.7,1.9,0.049,0.88,62.0
2025-03-10 15:00:00,0.7,1.5,0.05,0.63,63.0
2025-03-10 16:00:00,0.3,1.2,0.05,0.4,62.0
2025-03-10 17:00:00,0.3,1.5,0.047,0.19,61.0
2025-03-10 18:00:00,0.4,4.7,0.042,0.01,57.0
2025-03-10 19:00:00,0.6,14.7,0.028,0.0,54.0
2025-03-10 20:00:00,0.3,7.6,0.036,0.0,50.0
2025-03-10 21:00:00,1.0,9.6,0.033,0.0,49.0
2025-03-10 22:00:00,0.3,7.6,0.034,0.0,47.0
2025-03-10 23:00:00,0.4,5.2,0.036,0.0,46.0
2025-03-11 00:00:00,0.6,6.2,0.035,0.0,45.0
2025-03-11 01:00:00,0.6,7.5,0.034,0.0,44.0
2025-03-11 02:00:00,0.7,8.1,0.032,0.0,42.0
2025-03-11 03:00:00,0.6,8.6,0.03,0.0,42.0
2025-03-11 04:00:00,1.7,15.1,0.023,0.0,41.0
2025-03-11 05:00:00,3.4,19.5,0.021,0.0,41.0
2025-03-11 06:00:00,4.7,25.4,0.013,0.0,40.0
2025-03-11 07:00:00,11.8,20.8,0.02,0.16,42.0
2025-03-11 08:00:00,4.4,8.7,0.033,0.45,46.0
2025-03-11 09:00:00,5.7,11.6,0.035,0.63,51.0
2025-03-11 10:00:00,2.3,4.3,0.042,0.83,58.0
2025-03-11 11:00:00,2.1,4.5,0.044,0.82,61.0
2025-03-11 12:00:00,2.0,3.1,0.047,0.81,61.0
2025-03-11 13:00:00,0.9,1.8,0.049,1.05,62.0
2025-03-11 14:00:00,1.0,2.1,0.051,0.91,64.0
2025-03-11 15:00:00,0.8,1.5,0.052,0.65,63.0
2025-03-11 16:00:00,0.9,1.6,0.051,0.34,62.0
2025-03-11 17:00:00,0.9,1.7,0.05,0.21,60.0
2025-03-11 18:00:00,0.5,3.7,0.044,0.01,56.0
2025-03-11 19:00:00,0.9,20.7,0.026,0.0,55.0
2025-03-11 20:00:00,2.2,29.3,0.02,0.0,53.0
2025-03-11 21:00:00,0.7,15.9,0.031,0.0,51.0
2025-03-11 22:00:00,0.3,6.3,,0.0,49.0
2025-03-11 23:00:00,0.3,3.8,,0.0,48.0
2025-03-12 00:00:00,0.2,4.5,,0.0,46.0
2025-03-12 01:00:00,0.4,7.9,,0.0,43.0
2025-03-12 02:00:00,0.6,8.6,,0.0,41.0
2025-03-12 03:00:00,1.0,11.5,,0.0,40.0
2025-03-12 04:00:00,2.2,21.8,,0.0,40.0
2025-03-12 05:00:00,,,,0.0,39.0
2025-03-12 06:00:00,,,,0.0,38.0
2025-03-12 07:00:00,18.2,29.1,0.011,0.16,42.0
2025-03-12 08:00:00,8.2,14.2,0.027,0.44,45.0
2025-03-12 09:00:00,3.8,6.8,0.037,0.69,48.0
2025-03-12 10:00:00,2.4,4.4,0.043,0.89,52.0
2025-03-12 11:00:00,1.1,2.2,0.046,1.01,55.0
2025-03-12 12:00:00,1.2,2.1,0.047,1.01,58.0
2025-03-12 13:00:00,1.0,1.7,0.048,1.0,60.0
2025-03-12 14:00:00,1.0,2.1,0.046,0.9,60.0
2025-03-12 15:00:00,0.9,1.3,0.046,0.52,60.0
2025-03-12 16:00:00,0.7,0.9,0.042,0.21,58.0
2025-03-12 17:00:00,0.6,0.8,0.041,0.06,56.0
2025-03-12 18:00:00,0.3,1.3,0.039,0.01,53.0
2025-03-12 19:00:00,0.3,1.8,0.039,0.0,52.0
2025-03-12 20:00:00,0.1,1.2,0.04,0.0,51.0
2025-03-12 21:00:00,0.2,2.1,0.038,0.0,51.0
2025-03-12 22:00:00,0.2,3.8,0.034,0.0,50.0
2025-03-12 23:00:00,0.3,7.1,0.032,0.0,50.0
2025-03-13 00:00:00,0.2,4.0,0.037,0.0,50.0
2025-03-13 01:00:00,0.2,3.1,0.035,0.0,49.0
2025-03-13 02:00:00,0.4,3.3,0.033,0.0,48.0
2025-03-13 03:00:00,0.4,2.9,0.037,0.0,50.0
2025-03-13 04:00:00,0.3,3.7,0.034,0.0,49.0
2025-03-13 05:00:00,3.1,9.1,0.028,0.0,47.0
2025-03-13 06:00:00,3.4,20.7,0.02,0.0,48.0
2025-03-13 07:00:00,1.4,6.9,0.037,0.04,50.0
2025-03-13 08:00:00,2.2,6.7,0.036,0.14,50.0
2025-03-13 09:00:00,1.8,5.7,0.038,0.14,50.0
2025-03-13 10:00:00,2.4,4.2,0.036,0.16,48.0
2025-03-13 11:00:00,2.2,4.3,0.031,0.56,47.0
2025-03-13 12:00:00,1.2,4.2,0.037,0.39,48.0
2025-03-13 13:00:00,0.7,2.6,0.04,0.28,49.0
2025-03-13 14:00:00,0.7,2.3,0.04,0.36,50.0
2025-03-13 15:00:00,0.9,2.3,0.038,0.06,46.0
2025-03-13 16:00:00,1.2,3.4,0.037,0.02,41.0
2025-03-13 17:00:00,0.3,1.9,0.038,0.02,38.0
2025-03-13 18:00:00,0.4,2.4,0.041,0.0,37.0
2025-03-13 19:00:00,0.2,1.4,0.041,0.0,36.0
2025-03-13 20:00:00,0.1,1.9,0.043,0.0,33.0
2025-03-13 21:00:00,0.2,3.2,0.043,0.0,33.0
2025-03-13 22:00:00,0.2,1.9,0.044,0.0,32.0
2025-03-13 23:00:00,0.2,2.4,0.042,0.0,32.0
2025-03-14 00:00:00,0.2,1.3,0.047,0.0,33.0
2025-03-14 01:00:00,0.2,1.3,0.045,0.0,33.0
2025-03-14 02:00:00,0.2,1.8,0.042,0.0,33.0
2025-03-14 03:00:00,0.4,3.0,0.038,0.0,32.0
2025-03-14 04:00:00,,,0.037,0.0,33.0
2025-03-14 05:00:00,0.5,1.6,0.037,0.0,32.0
2025-03-14 06:00:00,0.6,2.3,0.028,0.0,31.0
2025-03-14 07:00:00,3.4,6.5,0.032,0.05,31.0
2025-03-14 08:00:00,2.5,6.4,0.033,0.23,33.0
2025-03-14 09:00:00,1.7,3.0,,0.65,36.0
2025-03-14 10:00:00,1.3,2.1,,0.59,38.0
2025-03-14 11:00:00,0.6,1.4,,0.7,39.0
2025-03-14 12:00:00,0.9,1.4,,0.54,39.0
2025-03-14 13:00:00,1.2,1.6,0.045,1.04,41.0
2025-03-14 14:00:00,1.1,1.6,0.045,0.52,40.0
2025-03-14 15:00:00,0.7,2.0,0.044,0.38,40.0
2025-03-14 16:00:00,0.4,1.9,0.045,0.28,41.0
2025-03-14 17:00:00,0.3,1.2,0.044,0.12,40.0
2025-03-14 18:00:00,0.7,2.4,0.042,0.01,38.0
2025-03-14 19:00:00,0.7,1.5,0.041,0.0,35.0
2025-03-14 20:00:00,0.2,1.1,0.041,0.0,33.0
2025-03-14 21:00:00,0.2,3.4,0.04,0.0,32.0
2025-03-14 22:00:00,0.3,4.6,0.04,0.0,32.0
2025-03-14 23:00:00,0.2,6.2,0.035,0.0,32.0
2025-03-15 00:00:00,0.2,5.5,0.034,0.0,33.0
2025-03-15 01:00:00,0.1,2.0,0.036,0.0,33.0
2025-03-15 02:00:00,0.2,1.3,0.035,0.0,33.0
2025-03-15 03:00:00,0.1,1.2,0.035,0.0,34.0
2025-03-15 04:00:00,0.2,1.9,,0.0,33.0
2025-03-15 05:00:00,0.4,2.0,,0.0,33.0
2025-03-15 06:00:00,0.6,2.5,0.034,0.0,32.0
2025-03-15 07:00:00,0.9,2.9,0.033,0.06,34.0
2025-03-15 08:00:00,0.9,2.5,0.033,0.08,34.0
2025-03-15 09:00:00,1.0,1.8,0.037,0.11,35.0
2025-03-15 10:00:00,1.3,2.0,0.038,0.36,37.0
2025-03-15 11:00:00,0.7,1.5,0.04,0.37,37.0
2025-03-15 12:00:00,0.7,2.6,0.04,0.34,34.0
2025-03-15 13:00:00,1.8,3.0,0.041,0.88,35.0
2025-03-15 14:00:00,1.3,2.1,0.043,0.97,39.0
2025-03-15 15:00:00,0.4,1.4,0.044,0.38,40.0
2025-03-15 16:00:00,0.3,1.4,0.044,0.2,38.0
2025-03-15 17:00:00,0.5,1.6,0.042,0.15,40.0
2025-03-15 18:00:00,0.4,6.5,0.037,0.01,38.0
2025-03-15 19:00:00,0.4,12.7,0.03,0.0,38.0
2025-03-15 20:00:00,1.2,18.6,0.022,0.0,37.0
2025-03-15 21:00:00,0.6,11.5,0.028,0.0,37.0
2025-03-15 22:00:00,0.4,9.2,0.027,0.0,36.0
2025-03-15 23:00:00,0.4,8.0,0.03,0.0,35.0
2025-03-16 00:00:00,0.8,12.7,0.024,0.0,35.0
2025-03-16 01:00:00,0.9,8.7,0.029,0.0,34.0
2025-03-16 02:00:00,0.7,11.3,0.025,0.0,33.0
2025-03-16 03:00:00,0.8,7.9,0.031,0.0,33.0
2025-03-16 04:00:00,,,0.032,0.0,33.0
2025-03-16 05:00:00,0.7,7.3,0.031,0.0,34.0
2025-03-16 06:00:00,0.8,7.3,0.031,0.01,34.0
2025-03-16 07:00:00,1.8,6.7,0.033,0.2,38.0
2025-03-16 08:00:00,2.0,5.3,0.034,0.4,42.0
2025-03-16 09:00:00,1.2,3.9,0.037,0.35,44.0
2025-03-16 10:00:00,1.1,2.9,0.04,0.46,47.0
2025-03-16 11:00:00,0.9,2.3,0.04,0.58,50.0
2025-03-16 12:00:00,0.9,1.9,0.041,0.8,52.0
2025-03-16 13:00:00,1.5,3.2,0.04,0.75,56.0
2025-03-16 14:00:00,0.9,1.8,0.041,0.82,57.0
2025-03-16 15:00:00,0.6,1.3,0.041,0.77,60.0
2025-03-16 16:00:00,0.4,1.1,0.04,0.44,62.0
2025-03-16 17:00:00,0.5,2.8,0.037,0.16,61.0
2025-03-16 18:00:00,0.3,4.8,0.034,0.02,58.0
2025-03-16 19:00:00,0.4,10.7,0.027,0.0,56.0
2025-03-16 20:00:00,0.3,7.0,0.032,0.0,54.0
2025-03-16 21:00:00,0.2,3.4,0.037,0.0,55.0
2025-03-16 22:00:00,0.2,2.0,0.035,0.0,53.0
2025-03-16 23:00:00,0.4,5.3,0.031,0.0,51.0
2025-03-17 00:00:00,0.8,11.8,0.024,0.0,49.0
2025-03-17 01:00:00,0.4,5.7,0.031,0.0,51.0
2025-03-17 02:00:00,0.7,9.7,0.028,0.0,49.0
2025-03-17 03:00:00,0.5,7.8,0.031,0.0,49.0
2025-03-17 04:00:00,1.2,10.6,0.03,0.0,50.0
2025-03-17 05:00:00,1.1,12.4,0.028,0.0,50.0
2025-03-17 06:00:00,4.8,24.4,0.016,0.0,48.0
2025-03-17 07:00:00,19.1,32.0,0.01,0.08,48.0
2025-03-17 08:00:00,10.1,23.7,0.017,0.22,51.0
2025-03-17 09:00:00,7.2,17.1,0.025,0.35,54.0
2025-03-17 10:00:00,3.5,8.0,0.034,0.51,57.0
2025-03-17 11:00:00,2.2,3.7,0.041,0.94,59.0
2025-03-17 12:00:00,1.2,2.2,0.043,0.83,61.0
2025-03-17 13:00:00,1.0,1.9,0.043,0.62,60.0
2025-03-17 14:00:00,0.9,1.6,0.045,0.74,61.0
2025-03-17 15:00:00,0.8,1.3,0.046,0.88,63.0
2025-03-17 16:00:00,0.9,1.7,0.046,0.5,62.0
2025-03-17 17:00:00,0.7,1.9,0.045,0.24,62.0
2025-03-17 18:00:00,0.4,1.9,0.039,0.02,58.0
2025-03-17 19:00:00,0.2,2.1,0.04,0.0,56.0
2025-03-17 20:00:00,0.2,1.2,0.04,0.0,55.0
2025-03-17 21:00:00,0.1,1.8,0.038,0.0,53.0
2025-03-17 22:00:00,0.2,1.3,0.038,0.0,53.0
2025-03-17 23:00:00,0.2,1.1,0.04,0.0,46.0
2025-03-18 00:00:00,0.2,1.1,0.046,0.0,34.0
2025-03-18 01:00:00,0.1,1.3,0.046,0.0,33.0
2025-03-18 02:00:00,0.2,1.2,0.045,0.0,34.0
2025-03-18 03:00:00,0.1,1.6,0.047,0.0,35.0
2025-03-18 04:00:00,0.3,1.6,0.046,0.0,35.0
2025-03-18 05:00:00,0.2,1.5,0.044,0.0,35.0
2025-03-18 06:00:00,0.2,3.0,0.041,0.0,34.0
2025-03-18 07:00:00,,,,0.04,33.0
2025-03-18 08:00:00,,,,0.2,32.0
2025-03-18 09:00:00,,,0.038,0.38,33.0
2025-03-18 10:00:00,,,0.039,0.52,34.0
2025-03-18 11:00:00,,,0.041,0.45,35.0
2025-03-18 12:00:00,0.4,1.0,0.041,0.5,36.0
2025-03-18 13:00:00,0.4,0.8,0.041,0.46,36.0
2025-03-18 14:00:00,0.3,0.9,0.041,0.3,37.0
2025-03-18 15:00:00,1.0,2.3,0.04,0.37,33.0
2025-03-18 16:00:00,0.7,2.8,0.038,0.22,33.0
2025-03-18 17:00:00,0.3,2.1,0.039,0.08,32.0
2025-03-18 18:00:00,0.3,2.1,0.04,0.03,33.0
2025-03-18 19:00:00,0.2,2.9,0.039,0.0,31.0
2025-03-18 20:00:00,0.3,3.1,0.035,0.0,31.0
2025-03-18 21:00:00,0.2,2.5,0.04,0.0,30.0
2025-03-18 22:00:00,0.1,2.9,0.038,0.0,30.0
2025-03-18 23:00:00,0.1,2.1,0.038,0.0,29.0
2025-03-19 00:00:00,0.3,3.2,0.036,0.0,29.0
2025-03-19 01:00:00,0.2,3.3,0.035,0.0,29.0
2025-03-19 02:00:00,0.2,3.6,0.035,0.0,29.0
2025-03-19 03:00:00,0.5,6.0,0.033,0.0,29.0
2025-03-19 04:00:00,0.8,8.8,0.028,0.0,29.0
2025-03-19 05:00:00,1.4,14.1,0.022,0.0,28.0
2025-03-19 06:00:00,2.4,22.1,0.017,0.01,29.0
2025-03-19 07:00:00,7.1,19.4,0.02,0.1,29.0
2025-03-19 08:00:00,6.5,11.5,0.027,0.2,30.0
2025-03-19 09:00:00,5.3,7.8,0.032,0.66,33.0
2025-03-19 10:00:00,2.7,3.4,0.038,1.01,37.0
2025-03-19 11:00:00,2.1,2.3,0.041,1.13,40.0
2025-03-19 12:00:00,1.3,2.4,0.042,1.15,41.0
2025-03-19 13:00:00,1.3,1.7,0.043,1.11,43.0
2025-03-19 14:00:00,0.7,1.5,0.043,0.67,41.0
2025-03-19 15:00:00,1.5,2.6,0.043,0.77,42.0
2025-03-19 16:00:00,1.3,3.2,0.044,0.52,43.0
2025-03-19 17:00:00,0.8,3.3,0.044,0.25,42.0
2025-03-19 18:00:00,0.4,4.7,0.042,0.02,40.0
2025-03-19 19:00:00,0.6,8.1,0.036,0.0,38.0
2025-03-19 20:00:00,0.4,4.6,0.038,0.0,36.0
2025-03-19 21:00:00,0.4,3.6,0.039,0.0,35.0
2025-03-19 22:00:00,0.5,5.5,0.037,0.0,36.0
2025-03-19 23:00:00,0.5,4.7,0.038,0.0,36.0
2025-03-20 00:00:00,0.6,4.2,0.04,0.0,37.0
2025-03-20 01:00:00,0.7,3.9,0.038,0.0,36.0
2025-03-20 02:00:00,0.6,4.3,0.038,0.0,37.0
2025-03-20 03:00:00,0.7,4.5,0.038,0.0,38.0
2025-03-20 04:00:00,1.0,7.0,0.034,0.0,38.0
2025-03-20 05:00:00,1.4,8.4,0.034,0.0,39.0
2025-03-20 06:00:00,2.4,8.9,0.034,0.01,39.0
2025-03-20 07:00:00,11.7,15.8,0.028,0.19,40.0
2025-03-20 08:00:00,4.3,10.0,0.032,0.29,41.0
2025-03-20 09:00:00,4.7,8.1,0.035,0.59,45.0
2025-03-20 10:00:00,2.4,3.9,0.039,0.77,50.0
2025-03-20 11:00:00,1.5,2.4,0.041,0.89,51.0
2025-03-20 12:00:00,0.7,1.1,0.044,0.97,52.0
2025-03-20 13:00:00,0.9,2.3,0.043,0.7,51.0
2025-03-20 14:00:00,1.0,2.6,0.044,0.75,49.0
2025-03-20 15:00:00,0.7,2.3,0.044,0.45,48.0
2025-03-20 16:00:00,0.7,1.8,0.045,0.47,48.0
2025-03-20 17:00:00,0.4,1.8,0.045,0.24,47.0
2025-03-20 18:00:00,0.2,2.4,0.044,0.02,44.0
2025-03-20 19:00:00,0.1,4.8,0.042,0.0,42.0
2025-03-20 20:00:00,0.4,9.0,0.032,0.0,39.0
2025-03-20 21:00:00,0.3,8.7,0.026,0.0,37.0
2025-03-20 22:00:00,0.7,17.2,0.02,0.0,36.0
2025-03-20 23:00:00,0.8,16.2,0.024,0.0,36.0
2025-03-21 00:00:00,0.6,8.6,0.031,0.0,35.0
2025-03-21 01:00:00,0.8,8.1,0.03,0.0,34.0
2025-03-21 02:00:00,1.0,6.8,0.029,0.0,33.0
2025-03-21 03:00:00,0.8,6.9,0.029,0.0,33.0
2025-03-21 04:00:00,,,0.027,0.0,33.0
2025-03-21 05:00:00,1.4,12.4,0.025,0.0,34.0
2025-03-21 06:00:00,9.3,16.4,0.021,0.01,34.0
2025-03-21 07:00:00,6.1,16.7,0.022,0.09,35.0
2025-03-21 08:00:00,7.4,13.6,0.027,0.24,37.0
2025-03-21 09:00:00,4.6,9.3,0.033,0.43,40.0
2025-03-21 10:00:00,4.0,6.6,0.037,0.6,46.0
2025-03-21 11:00:00,1.8,4.2,0.042,0.7,50.0
2025-03-21 12:00:00,2.2,4.7,0.044,0.86,51.0
2025-03-21 13:00:00,1.1,2.4,0.048,0.98,53.0
2025-03-21 14:00:00,0.9,1.9,0.048,0.76,53.0
2025-03-21 15:00:00,0.9,2.8,0.048,0.49,53.0
2025-03-21 16:00:00,0.8,2.7,0.048,0.48,55.0
2025-03-21 17:00:00,1.0,2.7,0.047,0.14,53.0
2025-03-21 18:00:00,0.2,2.3,0.045,0.01,51.0
2025-03-21 19:00:00,0.1,3.9,0.04,0.0,49.0
2025-03-21 20:00:00,0.2,6.5,0.037,0.0,48.0
2025-03-21 21:00:00,0.3,5.6,0.037,0.0,48.0
2025-03-21 22:00:00,0.9,7.7,0.033,0.0,47.0
2025-03-21 23:00:00,0.2,4.2,0.036,0.0,46.0
2025-03-22 00:00:00,0.3,3.7,0.037,0.0,45.0
2025-03-22 01:00:00,0.4,2.8,0.037,0.0,42.0
2025-03-22 02:00:00,0.1,3.7,0.036,0.0,40.0
2025-03-22 03:00:00,0.2,3.2,0.036,0.0,40.0
2025-03-22 04:00:00,0.3,5.0,,0.0,40.0
2025-03-22 05:00:00,0.2,5.5,0.03,0.0,40.0
2025-03-22 06:00:00,0.5,6.7,0.028,0.01,40.0
2025-03-22 07:00:00,1.3,9.6,0.024,0.07,41.0
2025-03-22 08:00:00,4.0,10.6,0.026,0.35,44.0
2025-03-22 09:00:00,1.9,4.4,0.037,0.61,49.0
2025-03-22 10:00:00,1.2,3.0,0.035,0.52,49.0
2025-03-22 11:00:00,1.4,4.1,0.034,0.48,50.0
2025-03-22 12:00:00,1.0,2.4,0.036,0.69,53.0
2025-03-22 13:00:00,0.3,1.0,0.037,0.45,54.0
2025-03-22 14:00:00,0.5,1.1,0.037,0.66,55.0
2025-03-22 15:00:00,0.6,0.9,0.039,0.88,57.0
2025-03-22 16:00:00,0.6,1.7,0.039,0.51,56.0
2025-03-22 17:00:00,0.5,2.2,0.039,0.17,54.0
2025-03-22 18:00:00,0.2,3.1,0.037,0.03,52.0
2025-03-22 19:00:00,0.2,3.7,0.032,0.0,48.0
2025-03-22 20:00:00,0.3,3.7,0.03,0.0,45.0
2025-03-22 21:00:00,0.2,3.4,0.03,0.0,44.0
2025-03-22 22:00:00,0.3,3.2,0.031,0.0,44.0
2025-03-22 23:00:00,0.4,4.6,0.027,0.0,42.0
2025-03-23 00:00:00,0.2,3.2,0.028,0.0,41.0
2025-03-23 01:00:00,0.2,3.1,0.03,0.0,42.0
2025-03-23 02:00:00,0.2,3.6,0.029,0.0,40.0
2025-03-23 03:00:00,0.3,5.8,0.028,0.0,41.0
2025-03-23 04:00:00,,,0.018,0.0,40.0
2025-03-23 05:00:00,0.7,15.4,0.015,0.0,40.0
2025-03-23 06:00:00,2.5,14.8,0.012,0.02,39.0
2025-03-23 07:00:00,5.3,12.9,0.015,0.16,41.0
2025-03-23 08:00:00,5.5,8.4,0.027,0.57,50.0
2025-03-23 09:00:00,1.8,3.8,0.035,0.66,52.0
2025-03-23 10:00:00,0.8,1.7,0.04,0.91,54.0
2025-03-23 11:00:00,0.5,1.3,0.042,1.09,55.0
2025-03-23 12:00:00,0.3,0.7,0.044,1.14,56.0
2025-03-23 13:00:00,0.3,0.7,0.046,1.09,57.0
2025-03-23 14:00:00,0.2,0.6,0.047,0.97,57.0
2025-03-23 15:00:00,0.2,0.7,0.047,0.78,57.0
2025-03-23 16:00:00,0.3,1.3,0.049,0.53,57.0
2025-03-23 17:00:00,0.3,1.8,0.049,0.26,57.0
2025-03-23 18:00:00,0.5,3.3,0.04,0.05,54.0
2025-03-23 19:00:00,0.2,5.1,0.033,0.0,49.0
2025-03-23 20:00:00,0.2,8.6,0.03,0.0,49.0
2025-03-23 21:00:00,0.4,10.0,0.029,0.0,49.0
2025-03-23 22:00:00,1.0,18.5,0.019,0.0,48.0
2025-03-23 23:00:00,0.7,12.2,0.024,0.0,46.0
2025-03-24 00:00:00,0.6,7.8,0.024,0.0,44.0
2025-03-24 01:00:00,0.9,13.4,0.016,0.0,43.0
2025-03-24 02:00:00,0.7,7.8,0.023,0.0,43.0
2025-03-24 03:00:00,0.6,6.6,0.025,0.0,45.0
2025-03-24 04:00:00,0.8,8.8,0.021,0.0,44.0
2025-03-24 05:00:00,2.9,17.8,0.012,0.0,44.0
2025-03-24 06:00:00,4.6,17.2,0.013,0.01,45.0
2025-03-24 07:00:00,20.9,20.8,0.005,0.09,44.0
2025-03-24 08:00:00,16.1,18.1,0.014,0.43,50.0
2025-03-24 09:00:00,6.6,9.1,0.027,0.79,57.0
2025-03-24 10:00:00,4.4,6.6,0.031,0.98,59.0
2025-03-24 11:00:00,2.2,3.7,0.035,1.1,62.0
2025-03-24 12:00:00,0.9,2.0,0.038,1.13,64.0
2025-03-24 13:00:00,0.6,1.7,0.044,1.08,65.0
2025-03-24 14:00:00,0.8,2.3,0.045,0.96,65.0
2025-03-24 15:00:00,0.8,2.1,0.044,0.77,65.0
2025-03-24 16:00:00,0.5,1.8,0.043,0.5,65.0
2025-03-24 17:00:00,0.5,2.3,0.039,0.27,63.0
2025-03-24 18:00:00,0.3,3.4,0.034,0.05,60.0
2025-03-24 19:00:00,0.3,4.6,0.031,0.0,58.0
2025-03-24 20:00:00,0.7,10.0,0.021,0.0,55.0
2025-03-24 21:00:00,1.0,11.5,0.019,0.0,53.0
2025-03-24 22:00:00,0.5,6.1,0.024,0.0,51.0
2025-03-24 23:00:00,0.5,5.6,0.025,0.0,50.0
2025-03-25 00:00:00,0.5,4.5,0.025,0.0,49.0
2025-03-25 01:00:00,0.5,3.1,0.027,0.0,49.0
2025-03-25 02:00:00,0.6,4.8,0.025,0.0,47.0
2025-03-25 03:00:00,0.9,5.3,0.025,0.0,47.0
2025-03-25 04:00:00,0.9,5.7,0.023,0.0,46.0
2025-03-25 05:00:00,2.0,8.5,0.019,0.0,44.0
2025-03-25 06:00:00,9.1,14.2,0.014,0.03,44.0
2025-03-25 07:00:00,7.0,10.5,0.019,0.27,48.0
2025-03-25 08:00:00,5.7,6.7,0.023,0.54,51.0
2025-03-25 09:00:00,5.7,5.3,0.026,0.78,55.0
2025-03-25 10:00:00,5.6,6.7,0.026,0.96,60.0
2025-03-25 11:00:00,3.4,4.8,0.029,1.08,63.0
2025-03-25 12:00:00,1.7,2.8,0.039,1.12,65.0
2025-03-25 13:00:00,0.8,1.8,0.042,1.08,69.0
2025-03-25 14:00:00,0.7,1.7,0.042,0.96,69.0
2025-03-25 15:00:00,1.0,2.5,0.044,0.78,70.0
2025-03-25 16:00:00,0.8,3.1,0.047,0.54,69.0
2025-03-25 17:00:00,0.5,3.5,0.049,0.28,69.0
2025-03-25 18:00:00,0.3,6.8,0.044,0.05,66.0
2025-03-25 19:00:00,0.4,10.8,0.034,0.0,61.0
2025-03-25 20:00:00,0.4,10.6,0.032,0.0,58.0
2025-03-25 21:00:00,0.4,12.9,0.025,0.0,55.0
2025-03-25 22:00:00,0.3,8.2,0.032,0.0,55.0
2025-03-25 23:00:00,0.4,6.3,0.032,0.0,54.0
2025-03-26 00:00:00,0.2,4.6,0.034,0.0,54.0
2025-03-26 01:00:00,0.3,3.9,0.033,0.0,53.0
2025-03-26 02:00:00,0.3,4.1,0.033,0.0,52.0
2025-03-26 03:00:00,0.7,6.8,0.028,0.0,49.0
2025-03-26 04:00:00,0.9,7.6,0.028,0.0,49.0
2025-03-26 05:00:00,1.0,6.4,0.029,0.0,49.0
2025-03-26 06:00:00,5.4,10.6,0.024,0.03,49.0
2025-03-26 07:00:00,8.9,10.4,0.025,0.28,51.0
2025-03-26 08:00:00,10.4,11.4,0.024,0.55,54.0
2025-03-26 09:00:00,4.8,7.7,0.03,0.79,60.0
2025-03-26 10:00:00,4.5,8.0,0.033,0.97,64.0
2025-03-26 11:00:00,5.8,10.7,0.036,1.08,68.0
2025-03-26 12:00:00,4.6,10.1,0.04,1.12,71.0
2025-03-26 13:00:00,3.2,7.9,0.043,1.09,75.0
2025-03-26 14:00:00,1.9,4.9,0.046,0.96,78.0
2025-03-26 15:00:00,1.2,3.4,0.046,0.75,79.0
2025-03-26 16:00:00,0.8,2.4,0.047,0.48,79.0
2025-03-26 17:00:00,0.6,3.6,0.045,0.15,76.0
2025-03-26 18:00:00,0.4,7.3,0.037,0.05,74.0
2025-03-26 19:00:00,0.4,6.4,0.039,0.0,70.0
2025-03-26 20:00:00,0.3,3.9,0.042,0.0,69.0
2025-03-26 21:00:00,0.2,2.5,0.041,0.0,66.0
2025-03-26 22:00:00,0.2,3.3,0.039,0.0,64.0
2025-03-26 23:00:00,0.2,3.4,0.036,0.0,61.0
2025-03-27 00:00:00,0.2,3.8,0.035,0.0,58.0
2025-03-27 01:00:00,0.3,2.4,0.035,0.0,57.0
2025-03-27 02:00:00,0.3,2.4,0.035,0.0,55.0
2025-03-27 03:00:00,0.4,3.4,0.034,0.0,54.0
2025-03-27 04:00:00,0.6,5.0,0.032,0.0,52.0
2025-03-27 05:00:00,1.0,6.8,0.031,0.0,52.0
2025-03-27 06:00:00,2.3,9.0,0.029,0.04,52.0
2025-03-27 07:00:00,5.3,10.2,0.029,0.28,54.0
2025-03-27 08:00:00,3.5,6.8,0.033,0.56,58.0
2025-03-27 09:00:00,4.8,7.2,0.036,0.68,62.0
2025-03-27 10:00:00,2.7,5.1,0.042,0.93,69.0
2025-03-27 11:00:00,2.2,4.2,0.05,0.98,74.0
2025-03-27 12:00:00,0.9,2.1,0.052,0.64,74.0
2025-03-27 13:00:00,1.2,2.1,0.052,0.47,73.0
2025-03-27 14:00:00,1.0,2.1,0.051,0.6,74.0
2025-03-27 15:00:00,1.3,2.4,0.05,0.39,74.0
2025-03-27 16:00:00,1.1,3.8,0.048,0.2,73.0
2025-03-27 17:00:00,0.6,2.9,0.051,0.09,72.0
2025-03-27 18:00:00,0.3,3.7,0.05,0.01,71.0
2025-03-27 19:00:00,0.2,5.2,0.045,0.0,68.0
2025-03-27 20:00:00,0.2,4.7,0.042,0.0,66.0
2025-03-27 21:00:00,0.2,4.4,0.044,0.0,66.0
2025-03-27 22:00:00,0.1,2.2,0.047,0.0,66.0
2025-03-27 23:00:00,0.1,1.0,0.049,0.0,66.0
2025-03-28 00:00:00,0.2,1.3,0.044,0.0,60.0
2025-03-28 01:00:00,0.1,1.3,0.042,0.0,55.0
2025-03-28 02:00:00,0.1,1.2,0.043,0.0,54.0
2025-03-28 03:00:00,0.1,1.5,0.044,0.0,51.0
2025-03-28 04:00:00,,,0.042,0.0,50.0
2025-03-28 05:00:00,0.6,11.8,0.034,0.0,50.0
2025-03-28 06:00:00,6.1,30.6,0.016,0.02,49.0
2025-03-28 07:00:00,10.0,26.0,0.023,0.13,51.0
2025-03-28 08:00:00,1.5,7.3,0.038,0.25,52.0
2025-03-28 09:00:00,1.9,6.6,0.039,0.45,54.0
2025-03-28 10:00:00,3.2,7.3,0.04,0.71,56.0
2025-03-28 11:00:00,1.9,4.8,0.044,0.76,59.0
2025-03-28 12:00:00,1.6,4.8,0.045,0.61,58.0
2025-03-28 13:00:00,1.0,3.2,0.049,0.67,60.0
2025-03-28 14:00:00,0.6,2.2,0.051,0.49,61.0
2025-03-28 15:00:00,0.6,3.1,0.048,0.36,57.0
2025-03-28 16:00:00,0.4,2.9,0.048,0.17,56.0
2025-03-28 17:00:00,0.4,3.7,0.044,0.16,55.0
2025-03-28 18:00:00,0.3,5.3,0.041,0.04,54.0
2025-03-28 19:00:00,0.2,6.6,0.039,0.0,53.0
2025-03-28 20:00:00,0.1,6.2,0.036,0.0,51.0
2025-03-28 21:00:00,0.2,7.7,0.03,0.0,49.0
2025-03-28 22:00:00,0.4,10.5,0.027,0.0,48.0
2025-03-28 23:00:00,0.5,6.0,0.032,0.0,48.0
2025-03-29 00:00:00,0.4,4.8,0.032,0.0,47.0
2025-03-29 01:00:00,0.5,5.3,0.031,0.0,46.0
2025-03-29 02:00:00,0.6,5.1,0.03,0.0,46.0
2025-03-29 03:00:00,0.5,7.1,0.024,0.0,45.0
2025-03-29 04:00:00,0.4,8.3,,0.0,45.0
2025-03-29 05:00:00,1.1,14.1,0.015,0.0,44.0
2025-03-29 06:00:00,1.2,9.7,0.021,0.02,45.0
2025-03-29 07:00:00,2.0,8.4,0.027,0.12,47.0
2025-03-29 08:00:00,2.9,6.6,0.03,0.39,50.0
2025-03-29 09:00:00,1.2,4.3,0.035,0.39,52.0
2025-03-29 10:00:00,0.9,2.7,0.043,0.76,56.0
2025-03-29 11:00:00,0.7,2.8,0.042,0.36,51.0
2025-03-29 12:00:00,0.4,1.3,0.039,0.12,45.0
2025-03-29 13:00:00,0.3,1.3,0.044,0.37,47.0
2025-03-29 14:00:00,0.5,2.3,0.044,0.27,48.0
2025-03-29 15:00:00,0.4,3.1,0.04,0.08,44.0
2025-03-29 16:00:00,0.5,2.0,0.035,0.03,41.0
2025-03-29 17:00:00,0.4,3.0,0.032,0.04,41.0
2025-03-29 18:00:00,0.4,3.3,0.034,0.01,42.0
2025-03-29 19:00:00,0.1,1.7,0.037,0.0,42.0
2025-03-29 20:00:00,0.1,2.7,0.036,0.0,41.0
2025-03-29 21:00:00,0.1,2.4,0.039,0.0,41.0
2025-03-29 22:00:00,0.1,1.0,0.035,0.0,41.0
2025-03-29 23:00:00,0.2,1.3,0.035,0.0,40.0
2025-03-30 00:00:00,0.1,2.4,0.035,0.0,40.0
2025-03-30 01:00:00,0.2,2.9,0.035,0.0,39.0
2025-03-30 02:00:00,1.0,12.6,0.018,0.0,37.0
2025-03-30 03:00:00,0.3,8.6,0.019,0.0,35.0
2025-03-30 04:00:00,,,0.018,0.0,36.0
2025-03-30 05:00:00,1.3,10.5,0.021,0.0,37.0
2025-03-30 06:00:00,1.0,5.3,0.03,0.03,38.0
2025-03-30 07:00:00,1.5,4.0,0.033,0.2,40.0
2025-03-30 08:00:00,1.9,3.6,0.033,0.47,43.0
2025-03-30 09:00:00,1.2,3.6,0.036,0.41,45.0
2025-03-30 10:00:00,1.1,2.5,0.039,0.53,46.0
2025-03-30 11:00:00,0.8,2.0,0.04,0.74,50.0
2025-03-30 12:00:00,1.0,2.1,0.041,1.1,53.0
2025-03-30 13:00:00,0.9,2.2,0.044,0.88,56.0
2025-03-30 14:00:00,0.6,1.8,0.048,0.61,57.0
2025-03-30 15:00:00,0.3,1.4,0.051,0.56,58.0
2025-03-30 16:00:00,0.2,1.2,0.052,0.47,59.0
2025-03-30 17:00:00,0.2,1.2,0.05,0.21,58.0
2025-03-30 18:00:00,0.1,2.1,0.05,0.03,56.0
2025-03-30 19:00:00,0.6,6.0,0.043,0.0,55.0
2025-03-30 20:00:00,0.2,6.0,0.044,0.0,54.0
2025-03-30 21:00:00,0.5,8.4,0.036,0.0,50.0
2025-03-30 22:00:00,0.5,4.8,0.042,0.0,51.0
2025-03-30 23:00:00,0.3,4.6,0.042,0.0,50.0
2025-03-31 00:00:00,0.4,5.4,0.037,0.0,49.0
2025-03-31 01:00:00,0.4,3.4,0.041,0.0,49.0
2025-03-31 02:00:00,0.4,3.6,0.041,0.0,49.0
2025-03-31 03:00:00,0.5,3.8,0.04,0.0,49.0
2025-03-31 04:00:00,0.5,5.7,0.038,0.0,49.0
2025-03-31 05:00:00,1.1,11.1,0.031,0.0,47.0
2025-03-31 06:00:00,2.4,12.2,0.031,0.02,48.0
2025-03-31 07:00:00,7.5,17.3,0.027,0.09,48.0
2025-03-31 08:00:00,2.5,10.3,0.034,0.17,50.0
2025-03-31 09:00:00,2.6,10.5,0.034,0.25,52.0
2025-03-31 10:00:00,1.9,5.3,0.04,0.32,54.0
2025-03-31 11:00:00,1.4,2.4,0.043,0.51,56.0
2025-03-31 12:00:00,1.1,2.0,0.044,0.85,58.0
2025-03-31 13:00:00,0.8,1.4,0.048,0.73,60.0
2025-03-31 14:00:00,0.9,2.3,0.048,0.58,61.0
2025-03-31 15:00:00,0.6,0.9,0.053,0.51,62.0
2025-03-31 16:00:00,0.4,1.7,0.051,0.16,60.0
2025-03-31 17:00:00,0.2,4.2,0.044,0.05,55.0
2025-03-31 18:00:00,0.2,3.0,0.045,0.0,52.0
2025-03-31 19:00:00,0.2,2.3,0.044,0.0,46.0
2025-03-31 20:00:00,0.2,1.3,0.046,0.0,39.0
2025-03-31 21:00:00,0.1,0.9,0.05,0.0,38.0
2025-03-31 22:00:00,0.1,0.6,0.053,0.0,37.0
2025-03-31 23:00:00,0.1,1.3,0.052,0.0,35.0
2025-04-01 00:00:00,0.2,2.0,0.051,0.0,34.0
2025-04-01 01:00:00,0.2,2.1,0.05,0.0,35.0
2025-04-01 02:00:00,0.2,2.7,0.047,0.0,35.0
2025-04-01 03:00:00,0.3,2.8,0.045,0.0,34.0
2025-04-01 04:00:00,0.2,5.3,0.045,0.0,34.0
2025-04-01 05:00:00,0.5,3.7,0.044,0.0,35.0
2025-04-01 06:00:00,0.7,3.8,0.044,0.01,33.0
2025-04-01 07:00:00,2.9,7.4,0.04,0.05,33.0
2025-04-01 08:00:00,1.0,4.9,0.043,0.04,32.0
2025-04-01 09:00:00,1.1,3.8,0.044,0.11,32.0
2025-04-01 10:00:00,1.5,5.9,0.043,0.1,33.0
2025-04-01 11:00:00,1.6,3.6,0.045,0.47,34.0
2025-04-01 12:00:00,1.2,2.8,0.045,0.41,38.0
2025-04-01 13:00:00,3.3,7.6,0.041,0.33,37.0
2025-04-01 14:00:00,1.3,3.3,0.045,0.19,37.0
2025-04-01 15:00:00,4.4,6.4,0.041,0.33,34.0
2025-04-01 16:00:00,1.5,5.1,0.043,0.16,34.0
2025-04-01 17:00:00,1.8,6.6,0.043,0.28,35.0
2025-04-01 18:00:00,0.8,7.3,0.04,0.05,35.0
2025-04-01 19:00:00,0.6,9.5,0.037,0.0,35.0
2025-04-01 20:00:00,0.6,4.9,0.041,0.0,33.0
2025-04-01 21:00:00,0.8,8.7,0.036,0.0,32.0
2025-04-01 22:00:00,0.7,6.6,0.039,0.0,32.0
2025-04-01 23:00:00,0.6,4.1,0.038,0.0,30.0
2025-04-02 00:00:00,0.8,5.6,0.037,0.0,30.0
2025-04-02 01:00:00,0.9,6.1,0.036,0.0,29.0
2025-04-02 02:00:00,1.1,5.3,0.036,0.0,28.0
2025-04-02 03:00:00,0.9,4.0,0.038,0.0,27.0
2025-04-02 04:00:00,1.2,6.4,0.036,0.0,27.0
2025-04-02 05:00:00,1.5,8.3,0.035,0.0,27.0
2025-04-02 06:00:00,4.5,11.3,0.033,0.07,27.0
2025-04-02 07:00:00,6.3,12.5,0.033,0.21,29.0
2025-04-02 08:00:00,5.4,7.8,0.037,0.57,32.0
2025-04-02 09:00:00,5.8,7.6,0.038,0.78,34.0
2025-04-02 10:00:00,4.2,4.8,0.041,1.02,38.0
2025-04-02 11:00:00,2.7,4.2,0.044,1.12,44.0
2025-04-02 12:00:00,2.5,4.4,0.044,0.93,46.0
2025-04-02 13:00:00,2.2,4.0,0.044,1.14,48.0
2025-04-02 14:00:00,1.1,2.8,0.047,0.96,47.0
2025-04-02 15:00:00,1.5,4.2,0.045,0.61,46.0
2025-04-02 16:00:00,1.1,5.0,0.044,0.34,44.0
2025-04-02 17:00:00,0.6,4.8,0.045,0.13,44.0
2025-04-02 18:00:00,0.6,7.7,0.04,0.01,40.0
2025-04-02 19:00:00,0.5,6.6,0.041,0.0,37.0
2025-04-02 20:00:00,0.5,6.2,0.041,0.0,37.0
2025-04-02 21:00:00,0.4,3.8,0.042,0.0,38.0
2025-04-02 22:00:00,0.6,4.1,0.04,0.0,38.0
2025-04-02 23:00:00,0.4,4.1,0.041,0.0,38.0
2025-04-03 00:00:00,0.5,3.4,0.041,0.0,37.0
2025-04-03 01:00:00,0.5,2.5,0.042,0.0,37.0
2025-04-03 02:00:00,0.5,3.7,0.041,0.0,34.0
2025-04-03 03:00:00,0.3,2.9,0.034,0.0,34.0
2025-04-03 04:00:00,0.7,4.4,0.034,0.0,34.0
2025-04-03 05:00:00,0.8,13.1,0.029,0.0,34.0
2025-04-03 06:00:00,5.2,18.2,0.026,0.02,35.0
2025-04-03 07:00:00,3.1,12.4,0.028,0.11,35.0
2025-04-03 08:00:00,1.6,6.4,0.036,0.23,37.0
2025-04-03 09:00:00,1.7,5.2,0.038,0.52,41.0
2025-04-03 10:00:00,1.5,5.3,0.039,0.37,41.0
2025-04-03 11:00:00,1.5,5.4,0.04,0.39,42.0
2025-04-03 12:00:00,3.0,6.3,0.04,0.91,43.0
2025-04-03 13:00:00,2.4,6.0,0.043,0.59,45.0
2025-04-03 14:00:00,1.3,3.8,0.044,0.41,43.0
2025-04-03 15:00:00,1.3,5.0,0.043,0.34,42.0
2025-04-03 16:00:00,1.7,3.9,0.045,0.45,44.0
2025-04-03 17:00:00,1.0,4.6,0.045,0.21,45.0
2025-04-03 18:00:00,0.8,5.3,0.043,0.08,44.0
2025-04-03 19:00:00,0.5,4.7,0.035,0.0,40.0
2025-04-03 20:00:00,0.3,5.4,0.039,0.0,40.0
2025-04-03 21:00:00,0.3,5.5,0.042,0.0,39.0
2025-04-03 22:00:00,0.4,5.8,0.04,0.0,39.0
2025-04-03 23:00:00,0.1,4.9,0.039,0.0,38.0
2025-04-04 00:00:00,0.1,2.2,0.045,0.0,38.0
2025-04-04 01:00:00,0.5,6.6,0.037,0.0,38.0
2025-04-04 02:00:00,0.5,7.4,0.027,0.0,36.0
2025-04-04 03:00:00,0.3,6.1,0.027,0.0,36.0
2025-04-04 04:00:00,,,0.019,0.0,36.0
2025-04-04 05:00:00,1.8,23.3,0.009,0.0,36.0
2025-04-04 06:00:00,2.9,21.7,0.014,0.03,37.0
2025-04-04 07:00:00,5.5,17.9,0.022,0.14,38.0
2025-04-04 08:00:00,5.0,12.1,0.03,0.36,42.0
2025-04-04 09:00:00,3.9,7.5,0.036,0.82,45.0
2025-04-04 10:00:00,2.0,4.9,0.041,0.87,47.0
2025-04-04 11:00:00,2.0,4.3,0.043,1.06,49.0
2025-04-04 12:00:00,1.4,4.6,0.044,0.71,49.0
2025-04-04 13:00:00,1.8,5.2,0.044,0.63,48.0
2025-04-04 14:00:00,1.3,4.2,0.046,0.48,47.0
2025-04-04 15:00:00,1.0,4.0,0.046,0.4,43.0
2025-04-04 16:00:00,1.4,5.3,0.044,0.27,43.0
2025-04-04 17:00:00,1.1,4.3,0.045,0.31,45.0
2025-04-04 18:00:00,0.3,3.8,0.043,0.06,45.0
2025-04-04 19:00:00,0.4,10.0,0.036,0.0,42.0
2025-04-04 20:00:00,0.6,14.7,0.03,0.0,41.0
2025-04-04 21:00:00,0.8,12.0,0.031,0.0,39.0
2025-04-04 22:00:00,0.8,12.2,0.03,0.0,38.0
2025-04-04 23:00:00,1.0,9.3,0.031,0.0,38.0
2025-04-05 00:00:00,0.3,11.6,0.023,0.0,36.0
2025-04-05 01:00:00,1.0,13.6,0.017,0.0,35.0
2025-04-05 02:00:00,1.0,8.6,0.028,0.0,36.0
2025-04-05 03:00:00,0.8,6.5,0.03,0.0,36.0
2025-04-05 04:00:00,0.8,6.1,,0.0,37.0
2025-04-05 05:00:00,1.1,7.7,0.028,0.0,36.0
2025-04-05 06:00:00,1.7,12.7,0.019,0.08,36.0
2025-04-05 07:00:00,4.2,8.2,0.027,0.35,40.0
2025-04-05 08:00:00,2.4,3.5,0.032,0.64,41.0
2025-04-05 09:00:00,1.8,2.7,0.035,0.89,45.0
2025-04-05 10:00:00,1.0,2.1,0.039,1.08,48.0
2025-04-05 11:00:00,0.8,2.0,0.041,1.2,50.0
2025-04-05 12:00:00,0.4,1.6,0.045,1.23,52.0
2025-04-05 13:00:00,0.4,1.5,0.047,1.18,53.0
2025-04-05 14:00:00,0.4,1.5,0.051,1.04,55.0
2025-04-05 15:00:00,0.5,2.0,0.051,0.75,55.0
2025-04-05 16:00:00,0.5,2.2,0.052,0.59,54.0
2025-04-05 17:00:00,0.3,2.4,0.053,0.32,54.0
2025-04-05 18:00:00,0.3,3.9,0.047,0.08,51.0
2025-04-05 19:00:00,0.1,4.1,0.044,0.0,48.0
2025-04-05 20:00:00,0.2,5.6,0.04,0.0,46.0
2025-04-05 21:00:00,0.3,6.1,0.037,0.0,44.0
2025-04-05 22:00:00,0.6,11.2,0.029,0.0,42.0
2025-04-05 23:00:00,0.8,7.2,0.032,0.0,40.0
2025-04-06 00:00:00,0.4,6.0,0.032,0.0,39.0
2025-04-06 01:00:00,0.7,5.4,0.029,0.0,37.0
2025-04-06 02:00:00,0.7,5.8,0.028,0.0,36.0
2025-04-06 03:00:00,3.6,10.0,0.027,0.0,36.0
2025-04-06 04:00:00,,,0.028,0.0,35.0
2025-04-06 05:00:00,1.1,6.3,0.028,0.0,34.0
2025-04-06 06:00:00,1.4,6.1,0.028,0.08,35.0
2025-04-06 07:00:00,2.1,5.0,0.03,0.35,39.0
2025-04-06 08:00:00,2.1,4.2,0.035,0.64,43.0
2025-04-06 09:00:00,1.9,4.1,0.04,0.89,48.0
2025-04-06 10:00:00,2.1,4.9,0.043,1.08,53.0
2025-04-06 11:00:00,1.2,3.5,0.048,1.19,55.0
2025-04-06 12:00:00,0.7,2.2,0.05,1.22,57.0
2025-04-06 13:00:00,1.6,4.1,0.049,1.17,58.0
2025-04-06 14:00:00,1.1,3.7,0.052,1.03,59.0
2025-04-06 15:00:00,0.4,2.3,0.058,0.84,61.0
2025-04-06 16:00:00,0.3,2.2,0.058,0.6,61.0
2025-04-06 17:00:00,0.2,2.0,0.057,0.32,60.0
2025-04-06 18:00:00,0.4,2.6,0.052,0.08,57.0
2025-04-06 19:00:00,0.1,4.6,0.045,0.0,53.0
2025-04-06 20:00:00,0.4,15.0,0.032,0.0,51.0
2025-04-06 21:00:00,0.5,9.0,0.038,0.0,48.0
2025-04-06 22:00:00,0.5,7.2,0.038,0.0,46.0
2025-04-06 23:00:00,0.4,3.9,0.038,0.0,44.0
2025-04-07 00:00:00,1.4,9.2,0.036,0.0,45.0
2025-04-07 01:00:00,0.5,3.8,0.04,0.0,44.0
2025-04-07 02:00:00,0.7,6.1,0.039,0.0,43.0
2025-04-07 03:00:00,0.6,5.3,0.038,0.0,42.0
2025-04-07 04:00:00,0.7,6.3,0.036,0.0,41.0
2025-04-07 05:00:00,1.4,9.5,0.034,0.0,40.0
2025-04-07 06:00:00,3.2,10.5,0.032,0.09,41.0
2025-04-07 07:00:00,4.6,8.2,0.035,0.37,44.0
2025-04-07 08:00:00,4.0,6.4,0.039,0.65,49.0
2025-04-07 09:00:00,6.5,8.5,0.04,0.86,54.0
2025-04-07 10:00:00,2.4,5.0,0.043,1.07,59.0
2025-04-07 11:00:00,2.9,4.5,0.045,0.99,63.0
2025-04-07 12:00:00,2.0,4.8,0.047,1.03,66.0
2025-04-07 13:00:00,1.5,4.3,0.052,1.03,68.0
2025-04-07 14:00:00,1.7,4.0,0.053,0.97,70.0
2025-04-07 15:00:00,1.1,2.4,0.051,0.59,70.0
2025-04-07 16:00:00,1.2,1.6,0.049,0.61,70.0
2025-04-07 17:00:00,0.8,2.5,0.047,0.31,70.0
2025-04-07 18:00:00,0.6,5.7,0.041,0.05,67.0
2025-04-07 19:00:00,0.3,6.2,0.039,0.0,63.0
2025-04-07 20:00:00,0.2,5.7,0.039,0.0,61.0
2025-04-07 21:00:00,0.3,5.2,0.038,0.0,60.0
2025-04-07 22:00:00,0.2,5.9,0.035,0.0,57.0
2025-04-07 23:00:00,0.3,5.0,0.033,0.0,54.0
2025-04-08 00:00:00,0.4,5.7,0.033,0.0,55.0
2025-04-08 01:00:00,0.2,6.5,0.034,0.0,56.0
2025-04-08 02:00:00,0.3,6.8,0.03,0.0,52.0
2025-04-08 03:00:00,0.5,10.2,0.027,0.0,50.0
2025-04-08 04:00:00,0.9,13.0,0.025,0.0,49.0
2025-04-08 05:00:00,1.6,15.8,0.022,0.0,48.0
2025-04-08 06:00:00,5.0,15.6,0.021,0.06,47.0
2025-04-08 07:00:00,13.4,16.2,0.021,0.35,52.0
2025-04-08 08:00:00,7.1,11.9,0.029,0.59,59.0
2025-04-08 09:00:00,3.1,6.7,0.037,0.78,65.0
2025-04-08 10:00:00,0.9,2.1,0.043,1.0,64.0
2025-04-08 11:00:00,0.5,1.4,0.042,1.16,68.0
2025-04-08 12:00:00,0.8,1.1,0.043,1.19,69.0
2025-04-08 13:00:00,0.5,1.3,0.047,1.14,69.0
2025-04-08 14:00:00,0.8,1.9,0.049,1.01,69.0
2025-04-08 15:00:00,0.5,1.9,0.048,0.81,68.0
2025-04-08 16:00:00,0.4,1.7,0.048,0.56,68.0
2025-04-08 17:00:00,0.4,1.9,0.048,0.3,67.0
2025-04-08 18:00:00,0.3,3.5,0.044,0.07,64.0
2025-04-08 19:00:00,0.5,4.7,0.037,0.0,58.0
2025-04-08 20:00:00,0.4,5.3,0.034,0.0,58.0
2025-04-08 21:00:00,0.5,8.6,0.024,0.0,54.0
2025-04-08 22:00:00,0.4,15.8,0.021,0.0,53.0
2025-04-08 23:00:00,0.4,11.0,0.022,0.0,51.0
2025-04-09 00:00:00,0.4,10.2,0.024,0.0,49.0
2025-04-09 01:00:00,0.8,7.2,0.026,0.0,48.0
2025-04-09 02:00:00,1.7,9.9,0.024,0.0,47.0
2025-04-09 03:00:00,0.5,4.6,0.027,0.0,46.0
2025-04-09 04:00:00,1.6,9.5,0.022,0.0,45.0
2025-04-09 05:00:00,3.5,13.0,0.022,0.0,45.0
2025-04-09 06:00:00,5.1,12.1,0.021,0.09,46.0
2025-04-09 07:00:00,10.7,11.9,0.024,0.36,49.0
2025-04-09 08:00:00,4.4,7.4,0.032,0.64,54.0
2025-04-09 09:00:00,4.5,7.2,0.033,0.88,58.0
2025-04-09 10:00:00,2.9,4.6,0.039,1.08,63.0
2025-04-09 11:00:00,2.8,5.6,0.041,1.17,66.0
2025-04-09 12:00:00,0.6,2.1,0.055,1.22,68.0
2025-04-09 13:00:00,0.5,1.7,0.059,1.17,70.0
2025-04-09 14:00:00,0.4,1.6,0.058,1.03,70.0
2025-04-09 15:00:00,0.4,1.5,0.057,0.84,71.0
2025-04-09 16:00:00,0.3,1.8,0.061,0.59,71.0
2025-04-09 17:00:00,0.5,3.6,0.062,0.32,68.0
2025-04-09 18:00:00,0.3,4.8,0.051,0.08,64.0
2025-04-09 19:00:00,0.2,6.0,0.047,0.0,60.0
2025-04-09 20:00:00,0.1,6.5,0.042,0.0,59.0
2025-04-09 21:00:00,0.5,12.2,0.033,0.0,56.0
2025-04-09 22:00:00,0.3,11.2,0.034,0.0,54.0
2025-04-09 23:00:00,0.3,7.8,0.037,0.0,52.0
2025-04-10 00:00:00,0.3,6.7,0.038,0.0,51.0
2025-04-10 01:00:00,0.8,8.7,0.037,0.0,51.0
2025-04-10 02:00:00,0.7,6.4,0.038,0.0,50.0
2025-04-10 03:00:00,0.4,7.2,0.039,0.0,50.0
2025-04-10 04:00:00,0.4,6.8,0.039,0.0,49.0
2025-04-10 05:00:00,1.0,7.6,0.038,0.0,49.0
2025-04-10 06:00:00,4.6,10.5,0.033,0.1,48.0
2025-04-10 07:00:00,4.2,8.7,0.037,0.37,51.0
2025-04-10 08:00:00,6.3,9.9,0.036,0.66,56.0
2025-04-10 09:00:00,5.0,8.7,0.038,0.91,60.0
2025-04-10 10:00:00,2.1,4.9,0.044,1.09,64.0
2025-04-10 11:00:00,2.7,7.1,0.046,1.2,67.0
2025-04-10 12:00:00,2.3,7.8,0.056,1.23,72.0
2025-04-10 13:00:00,1.7,7.0,0.06,1.19,74.0
2025-04-10 14:00:00,0.8,4.9,0.063,0.75,76.0
2025-04-10 15:00:00,0.4,2.7,0.066,0.6,76.0
2025-04-10 16:00:00,0.5,2.4,0.064,0.54,80.0
2025-04-10 17:00:00,1.0,8.4,0.058,0.21,76.0
2025-04-10 18:00:00,0.7,10.5,0.052,0.12,74.0
2025-04-10 19:00:00,0.2,7.9,0.05,0.0,69.0
2025-04-10 20:00:00,0.2,4.7,0.051,0.0,66.0
2025-04-10 21:00:00,0.2,3.5,0.051,0.0,64.0
2025-04-10 22:00:00,0.4,5.5,0.049,0.0,64.0
2025-04-10 23:00:00,0.2,4.0,0.052,0.0,64.0
2025-04-11 00:00:00,0.3,4.9,0.05,0.0,62.0
2025-04-11 01:00:00,0.2,4.5,0.049,0.0,61.0
2025-04-11 02:00:00,0.2,4.4,0.049,0.0,60.0
2025-04-11 03:00:00,0.3,5.1,0.046,0.0,58.0
2025-04-11 04:00:00,,,0.045,0.0,57.0
2025-04-11 05:00:00,1.3,10.3,0.038,0.0,56.0
2025-04-11 06:00:00,3.8,9.6,0.04,0.11,56.0
2025-04-11 07:00:00,5.1,10.7,0.037,0.39,58.0
2025-04-11 08:00:00,5.2,9.8,0.038,0.67,61.0
2025-04-11 09:00:00,3.2,6.9,0.044,0.92,67.0
2025-04-11 10:00:00,2.2,5.2,0.046,1.11,74.0
2025-04-11 11:00:00,1.6,4.6,0.047,1.2,77.0
2025-04-11 12:00:00,1.3,3.7,0.053,1.13,81.0
2025-04-11 13:00:00,1.0,2.3,0.054,1.22,82.0
2025-04-11 14:00:00,1.4,1.7,0.055,0.99,83.0
2025-04-11 15:00:00,0.7,1.9,0.054,0.63,82.0
2025-04-11 16:00:00,0.9,1.8,0.053,0.64,83.0
2025-04-11 17:00:00,0.4,1.7,0.052,0.25,81.0
2025-04-11 18:00:00,0.8,4.6,0.046,0.05,77.0
2025-04-11 19:00:00,0.8,19.8,0.029,0.0,74.0
2025-04-11 20:00:00,0.7,13.3,0.035,0.0,69.0
2025-04-11 21:00:00,0.2,6.5,0.039,0.0,67.0
2025-04-11 22:00:00,0.3,6.3,0.038,0.0,65.0
2025-04-11 23:00:00,0.3,3.3,0.04,0.0,63.0
2025-04-12 00:00:00,0.3,4.0,0.039,0.0,61.0
2025-04-12 01:00:00,0.4,7.6,0.034,0.0,60.0
2025-04-12 02:00:00,0.2,4.4,0.037,0.0,58.0
2025-04-12 03:00:00,0.3,7.4,0.035,0.0,59.0
2025-04-12 04:00:00,0.3,5.5,,0.0,58.0
2025-04-12 05:00:00,0.3,5.5,0.039,0.0,58.0
2025-04-12 06:00:00,0.6,6.4,0.039,0.1,58.0
2025-04-12 07:00:00,1.2,5.5,0.038,0.28,60.0
2025-04-12 08:00:00,1.6,5.6,0.04,0.39,63.0
2025-04-12 09:00:00,2.0,6.2,0.041,0.53,68.0
2025-04-12 10:00:00,1.5,3.6,0.05,0.5,73.0
2025-04-12 11:00:00,0.3,1.3,0.054,0.76,75.0
2025-04-12 12:00:00,0.4,1.1,0.055,0.77,75.0
2025-04-12 13:00:00,0.4,1.2,0.054,0.6,75.0
2025-04-12 14:00:00,0.6,2.2,0.053,0.39,73.0
2025-04-12 15:00:00,0.3,2.0,0.051,0.26,72.0
2025-04-12 16:00:00,0.4,2.6,0.049,0.38,71.0
2025-04-12 17:00:00,0.3,1.9,0.046,0.3,70.0
2025-04-12 18:00:00,0.2,2.5,0.042,0.05,66.0
2025-04-12 19:00:00,0.3,3.8,0.037,0.0,63.0
2025-04-12 20:00:00,0.3,2.8,0.038,0.0,62.0
2025-04-12 21:00:00,0.1,2.2,0.034,0.0,58.0
2025-04-12 22:00:00,0.1,1.8,0.034,0.0,56.0
2025-04-12 23:00:00,0.2,3.0,0.032,0.0,54.0
2025-04-13 00:00:00,0.1,2.3,0.034,0.0,53.0
2025-04-13 01:00:00,0.1,2.3,0.036,0.0,52.0
2025-04-13 02:00:00,0.1,1.8,0.039,0.0,50.0
2025-04-13 03:00:00,0.2,2.0,0.039,0.0,49.0
2025-04-13 04:00:00,,,0.039,0.0,47.0
2025-04-13 05:00:00,0.1,2.5,0.042,0.0,46.0
2025-04-13 06:00:00,0.4,4.1,0.042,0.12,47.0
2025-04-13 07:00:00,0.5,2.4,0.047,0.41,49.0
2025-04-13 08:00:00,0.6,1.9,0.047,0.67,51.0
2025-04-13 09:00:00,0.7,1.9,0.048,0.94,52.0
2025-04-13 10:00:00,0.5,1.9,0.052,0.54,52.0
2025-04-13 11:00:00,0.4,1.4,0.056,1.15,55.0
2025-04-13 12:00:00,0.3,1.1,0.057,1.26,59.0
2025-04-13 13:00:00,0.3,1.2,0.057,1.18,59.0
2025-04-13 14:00:00,0.4,1.5,0.059,1.07,60.0
2025-04-13 15:00:00,0.4,1.4,0.058,0.85,59.0
2025-04-13 16:00:00,0.4,1.5,0.06,0.63,59.0
2025-04-13 17:00:00,0.3,1.9,0.056,0.34,58.0
2025-04-13 18:00:00,0.3,2.8,0.051,0.1,56.0
2025-04-13 19:00:00,0.1,2.6,0.051,0.0,53.0
2025-04-13 20:00:00,0.1,2.6,0.05,0.0,51.0
2025-04-13 21:00:00,0.1,4.3,0.045,0.0,49.0
2025-04-13 22:00:00,0.2,3.2,0.042,0.0,46.0
2025-04-13 23:00:00,0.3,7.5,0.035,0.0,44.0
2025-04-14 00:00:00,0.3,4.1,0.038,0.0,43.0
2025-04-14 01:00:00,0.5,7.2,0.036,0.0,42.0
2025-04-14 02:00:00,1.8,7.5,0.035,0.0,40.0
2025-04-14 03:00:00,0.6,6.0,0.034,0.0,40.0
2025-04-14 04:00:00,1.1,11.4,0.029,0.0,39.0
2025-04-14 05:00:00,1.4,12.9,0.028,0.0,39.0
2025-04-14 06:00:00,4.1,15.9,0.026,0.14,40.0
2025-04-14 07:00:00,7.1,11.1,0.031,0.42,43.0
2025-04-14 08:00:00,3.7,6.7,0.04,0.71,48.0
2025-04-14 09:00:00,3.1,6.4,0.042,0.95,52.0
2025-04-14 10:00:00,2.8,6.0,0.044,1.13,56.0
2025-04-14 11:00:00,2.1,4.8,0.048,1.23,59.0
2025-04-14 12:00:00,1.2,3.5,0.053,1.27,59.0
2025-04-14 13:00:00,1.1,2.4,0.058,1.22,62.0
2025-04-14 14:00:00,0.9,2.5,0.059,1.08,65.0
2025-04-14 15:00:00,0.7,2.3,0.06,0.89,66.0
2025-04-14 16:00:00,0.6,2.7,0.063,0.64,67.0
2025-04-14 17:00:00,0.6,2.6,0.064,0.36,67.0
2025-04-14 18:00:00,0.7,3.1,0.059,0.11,64.0
2025-04-14 19:00:00,0.8,6.6,0.052,0.0,59.0
2025-04-14 20:00:00,0.4,9.6,0.046,0.0,56.0
2025-04-14 21:00:00,0.3,10.1,0.041,0.0,53.0
2025-04-14 22:00:00,0.2,15.8,0.036,0.0,52.0
2025-04-14 23:00:00,0.2,5.7,0.045,0.0,52.0
2025-04-15 00:00:00,0.2,5.4,0.041,0.0,49.0
2025-04-15 01:00:00,0.3,4.8,0.043,0.0,49.0
2025-04-15 02:00:00,0.3,6.3,0.041,0.0,49.0
2025-04-15 03:00:00,0.4,7.8,0.039,0.0,49.0
2025-04-15 04:00:00,0.5,8.8,0.035,0.0,47.0
2025-04-15 05:00:00,3.1,22.1,0.024,0.0,46.0
2025-04-15 06:00:00,5.3,14.3,0.034,0.15,48.0
2025-04-15 07:00:00,3.9,8.7,0.036,0.42,51.0
2025-04-15 08:00:00,7.7,13.7,0.033,0.67,56.0
2025-04-15 09:00:00,4.8,9.9,0.039,0.95,60.0
2025-04-15 10:00:00,4.7,10.9,0.044,1.09,65.0
2025-04-15 11:00:00,2.2,8.6,0.06,1.2,68.0
2025-04-15 12:00:00,1.1,5.0,0.059,0.95,70.0
2025-04-15 13:00:00,0.9,3.4,0.055,0.72,73.0
2025-04-15 14:00:00,1.0,3.1,0.054,0.85,74.0
2025-04-15 15:00:00,0.6,2.1,0.054,0.77,75.0
2025-04-15 16:00:00,0.6,2.1,0.054,0.32,73.0
2025-04-15 17:00:00,0.3,1.6,0.053,0.32,72.0
2025-04-15 18:00:00,0.1,2.0,0.049,0.11,71.0
2025-04-15 19:00:00,0.4,10.1,0.036,0.0,67.0
2025-04-15 20:00:00,0.3,10.0,0.036,0.0,63.0
2025-04-15 21:00:00,0.3,6.1,0.037,0.0,60.0
2025-04-15 22:00:00,0.3,6.9,0.034,0.0,57.0
2025-04-15 23:00:00,0.2,3.2,0.037,0.0,57.0
2025-04-16 00:00:00,0.3,3.1,0.036,0.0,55.0
2025-04-16 01:00:00,0.3,6.0,0.035,0.0,55.0
2025-04-16 02:00:00,0.3,4.8,0.035,0.0,53.0
2025-04-16 03:00:00,0.5,5.3,0.035,0.0,54.0
2025-04-16 04:00:00,0.4,4.9,0.035,0.0,53.0
2025-04-16 05:00:00,0.9,8.0,0.031,0.0,51.0
2025-04-16 06:00:00,2.8,9.3,0.028,0.07,51.0
2025-04-16 07:00:00,5.9,8.9,0.029,0.35,54.0
2025-04-16 08:00:00,4.4,8.6,0.032,0.47,58.0
2025-04-16 09:00:00,3.1,6.3,0.038,0.96,65.0
2025-04-16 10:00:00,3.2,7.6,0.044,0.94,68.0
2025-04-16 11:00:00,2.1,7.2,0.04,0.73,68.0
2025-04-16 12:00:00,1.7,3.1,0.041,0.9,71.0
2025-04-16 13:00:00,1.1,2.0,0.044,1.04,73.0
2025-04-16 14:00:00,0.7,2.5,0.044,0.32,69.0
2025-04-16 15:00:00,0.7,2.4,0.044,0.41,66.0
2025-04-16 16:00:00,0.7,2.0,0.045,0.34,65.0
2025-04-16 17:00:00,0.4,1.5,0.042,0.24,64.0
2025-04-16 18:00:00,0.3,2.3,0.044,0.1,65.0
2025-04-16 19:00:00,0.6,9.1,0.036,0.0,61.0
2025-04-16 20:00:00,0.2,4.0,0.038,0.0,59.0
2025-04-16 21:00:00,0.4,5.1,0.037,0.0,58.0
2025-04-16 22:00:00,0.3,3.9,0.036,0.0,57.0
2025-04-16 23:00:00,0.2,3.8,0.035,0.0,56.0
2025-04-17 00:00:00,0.3,3.7,0.033,0.0,55.0
2025-04-17 01:00:00,0.2,2.2,0.032,0.0,53.0
2025-04-17 02:00:00,0.4,4.8,0.028,0.0,53.0
2025-04-17 03:00:00,0.2,3.8,0.034,0.0,53.0
2025-04-17 04:00:00,0.5,6.7,0.035,0.0,54.0
2025-04-17 05:00:00,1.2,10.9,0.029,0.0,53.0
2025-04-17 06:00:00,1.3,12.3,0.027,0.01,53.0
2025-04-17 07:00:00,2.2,7.8,0.035,0.02,53.0
2025-04-17 08:00:00,0.9,4.2,0.034,0.02,48.0
2025-04-17 09:00:00,0.8,6.0,0.034,0.06,45.0
2025-04-17 10:00:00,0.6,4.7,0.039,0.07,41.0
2025-04-17 11:00:00,0.4,2.6,0.046,0.14,39.0
2025-04-17 12:00:00,0.6,3.8,0.047,0.09,38.0
2025-04-17 13:00:00,0.4,3.6,0.047,0.12,37.0
2025-04-17 14:00:00,1.9,6.1,0.044,0.48,38.0
2025-04-17 15:00:00,1.9,4.3,0.046,0.37,42.0
2025-04-17 16:00:00,0.8,3.2,0.046,0.24,43.0
2025-04-17 17:00:00,0.3,1.6,0.05,0.3,44.0
2025-04-17 18:00:00,0.2,2.7,0.047,0.07,41.0
2025-04-17 19:00:00,0.2,4.9,0.043,0.0,40.0
2025-04-17 20:00:00,0.4,4.3,0.04,0.0,38.0
2025-04-17 21:00:00,0.2,3.2,0.043,0.0,38.0
2025-04-17 22:00:00,0.2,4.8,0.039,0.0,38.0
2025-04-17 23:00:00,0.2,3.7,0.04,0.0,37.0
2025-04-18 00:00:00,0.2,4.1,0.04,0.0,36.0
2025-04-18 01:00:00,0.2,3.2,0.037,0.0,34.0
2025-04-18 02:00:00,0.2,4.6,0.036,0.0,35.0
2025-04-18 03:00:00,0.4,5.3,0.041,0.0,33.0
2025-04-18 04:00:00,,,0.046,0.0,33.0
2025-04-18 05:00:00,0.3,3.5,0.047,0.0,33.0
2025-04-18 06:00:00,0.5,10.1,0.041,0.01,32.0
2025-04-18 07:00:00,0.8,8.4,0.042,0.02,32.0
2025-04-18 08:00:00,3.5,12.1,0.042,0.05,32.0
2025-04-18 09:00:00,4.9,8.6,0.044,0.47,36.0
2025-04-18 10:00:00,0.9,1.8,0.047,0.77,38.0
2025-04-18 11:00:00,1.1,2.5,0.042,0.86,42.0
2025-04-18 12:00:00,1.3,3.8,0.04,0.47,43.0
2025-04-18 13:00:00,1.6,3.0,0.042,0.88,44.0
2025-04-18 14:00:00,1.2,2.6,0.045,1.19,47.0
2025-04-18 15:00:00,0.8,2.3,0.046,0.86,49.0
2025-04-18 16:00:00,0.4,1.9,0.046,0.5,48.0
2025-04-18 17:00:00,0.3,1.7,0.045,0.33,48.0
2025-04-18 18:00:00,0.3,2.8,0.044,0.12,48.0
2025-04-18 19:00:00,0.5,3.9,0.039,0.0,44.0
2025-04-18 20:00:00,0.4,2.9,0.038,0.0,42.0
2025-04-18 21:00:00,0.5,2.5,0.039,0.0,41.0
2025-04-18 22:00:00,0.5,2.7,0.038,0.0,40.0
2025-04-18 23:00:00,0.4,2.7,0.036,0.0,39.0
2025-04-19 00:00:00,0.5,2.5,0.036,0.0,38.0
2025-04-19 01:00:00,0.6,3.4,0.036,0.0,38.0
2025-04-19 02:00:00,0.7,3.5,0.036,0.0,36.0
2025-04-19 03:00:00,0.9,5.4,0.032,0.0,35.0
2025-04-19 04:00:00,1.9,6.8,,0.0,34.0
2025-04-19 05:00:00,0.9,4.8,0.027,0.0,32.0
2025-04-19 06:00:00,1.8,4.4,0.029,0.18,34.0
2025-04-19 07:00:00,2.6,4.3,0.031,0.46,38.0
2025-04-19 08:00:00,2.1,3.2,0.034,0.74,42.0
2025-04-19 09:00:00,1.2,2.0,0.038,0.99,46.0
2025-04-19 10:00:00,1.1,1.8,0.04,1.16,48.0
2025-04-19 11:00:00,0.8,1.6,0.042,1.26,50.0
2025-04-19 12:00:00,0.4,1.1,0.048,1.29,51.0
2025-04-19 13:00:00,0.6,1.3,0.051,1.24,54.0
2025-04-19 14:00:00,0.6,2.3,0.052,1.09,54.0
2025-04-19 15:00:00,0.5,2.3,0.055,0.89,56.0
2025-04-19 16:00:00,0.3,1.8,0.056,0.66,56.0
2025-04-19 17:00:00,0.4,1.7,0.054,0.38,55.0
2025-04-19 18:00:00,0.2,2.7,0.05,0.13,53.0
2025-04-19 19:00:00,0.5,4.5,0.043,0.0,49.0
2025-04-19 20:00:00,0.6,11.0,0.038,0.0,48.0
2025-04-19 21:00:00,0.6,11.8,0.035,0.0,46.0
2025-04-19 22:00:00,0.6,8.0,0.035,0.0,44.0
2025-04-19 23:00:00,0.6,6.1,0.035,0.0,43.0
2025-04-20 00:00:00,0.5,4.3,0.036,0.0,43.0
2025-04-20 01:00:00,0.6,4.5,0.035,0.0,41.0
2025-04-20 02:00:00,0.6,4.7,0.034,0.0,41.0
2025-04-20 03:00:00,0.7,5.2,0.031,0.0,40.0
2025-04-20 04:00:00,,,0.031,0.0,40.0
2025-04-20 05:00:00,0.8,6.2,0.03,0.0,40.0
2025-04-20 06:00:00,0.9,3.9,0.031,0.1,41.0
2025-04-20 07:00:00,1.5,4.3,0.031,0.26,44.0
2025-04-20 08:00:00,1.9,3.6,0.034,0.69,48.0
2025-04-20 09:00:00,0.8,2.0,0.043,0.9,55.0
2025-04-20 10:00:00,0.6,1.6,0.047,1.14,60.0
2025-04-20 11:00:00,0.4,1.4,0.048,1.15,63.0
2025-04-20 12:00:00,0.4,1.4,0.049,1.3,64.0
2025-04-20 13:00:00,0.3,1.0,0.049,1.24,64.0
2025-04-20 14:00:00,0.4,1.1,0.049,1.09,67.0
2025-04-20 15:00:00,0.3,1.0,0.049,0.73,67.0
2025-04-20 16:00:00,0.2,0.8,0.05,0.62,68.0
2025-04-20 17:00:00,0.4,0.9,0.05,0.37,67.0
2025-04-20 18:00:00,0.2,1.5,0.045,0.11,64.0
2025-04-20 19:00:00,0.5,8.0,0.037,0.0,60.0
2025-04-20 20:00:00,2.5,12.3,0.034,0.0,58.0
2025-04-20 21:00:00,0.2,5.3,0.039,0.0,56.0
2025-04-20 22:00:00,0.3,2.6,0.041,0.0,55.0
2025-04-20 23:00:00,0.3,2.4,0.04,0.0,54.0
2025-04-21 00:00:00,0.3,2.5,0.039,0.0,53.0
2025-04-21 01:00:00,0.3,4.6,0.034,0.0,52.0
2025-04-21 02:00:00,1.3,5.9,0.034,0.0,51.0
2025-04-21 03:00:00,0.4,8.7,0.027,0.0,50.0
2025-04-21 04:00:00,0.3,5.2,0.034,0.0,50.0
2025-04-21 05:00:00,0.9,12.8,0.028,0.01,49.0
2025-04-21 06:00:00,5.2,15.7,0.027,0.14,53.0
2025-04-21 07:00:00,9.1,15.4,0.028,0.26,54.0
2025-04-21 08:00:00,1.9,5.6,0.039,0.49,56.0
2025-04-21 09:00:00,1.4,3.3,0.044,0.97,58.0
2025-04-21 10:00:00,0.6,1.7,0.049,1.15,61.0
2025-04-21 11:00:00,0.5,1.2,0.053,1.26,64.0
2025-04-21 12:00:00,0.6,1.5,0.056,1.28,63.0
2025-04-21 13:00:00,0.4,1.4,0.057,1.23,66.0
2025-04-21 14:00:00,0.4,1.4,0.059,1.09,65.0
2025-04-21 15:00:00,0.8,1.9,0.06,0.89,67.0
2025-04-21 16:00:00,0.4,1.8,0.061,0.65,67.0
2025-04-21 17:00:00,0.4,2.0,0.059,0.37,66.0
2025-04-21 18:00:00,0.3,2.5,0.056,0.12,63.0
2025-04-21 19:00:00,0.2,4.3,0.05,0.0,59.0
2025-04-21 20:00:00,0.2,5.0,0.044,0.0,57.0
2025-04-21 21:00:00,0.3,10.3,0.035,0.0,54.0
2025-04-21 22:00:00,0.3,10.0,0.034,0.0,52.0
2025-04-21 23:00:00,0.3,4.1,0.04,0.0,51.0
2025-04-22 00:00:00,0.3,4.4,0.039,0.0,49.0
2025-04-22 01:00:00,0.5,5.7,0.038,0.0,49.0
2025-04-22 02:00:00,0.4,5.2,0.037,0.0,48.0
2025-04-22 03:00:00,0.5,5.7,0.035,0.0,47.0
2025-04-22 04:00:00,1.0,11.9,0.026,0.0,45.0
2025-04-22 05:00:00,3.0,21.2,0.015,0.01,43.0
2025-04-22 06:00:00,10.1,18.9,0.018,0.17,46.0
2025-04-22 07:00:00,5.6,10.1,0.03,0.45,50.0
2025-04-22 08:00:00,4.5,7.8,0.033,0.74,57.0
2025-04-22 09:00:00,3.4,6.8,0.037,0.98,60.0
2025-04-22 10:00:00,3.6,7.4,0.041,1.16,61.0
2025-04-22 11:00:00,5.0,5.8,0.046,1.27,66.0
2025-04-22 12:00:00,0.8,1.9,0.054,1.29,68.0
2025-04-22 13:00:00,0.9,3.4,0.054,1.24,69.0
2025-04-22 14:00:00,0.5,1.6,0.055,1.1,71.0
2025-04-22 15:00:00,0.8,1.5,0.054,0.92,71.0
2025-04-22 16:00:00,0.4,1.1,0.054,0.69,72.0
2025-04-22 17:00:00,0.2,0.7,0.055,0.33,69.0
2025-04-22 18:00:00,0.2,1.6,0.053,0.1,67.0
2025-04-22 19:00:00,0.4,7.8,0.041,0.0,64.0
2025-04-22 20:00:00,0.2,10.4,0.037,0.0,61.0
2025-04-22 21:00:00,0.4,3.9,0.043,0.0,59.0
2025-04-22 22:00:00,0.3,3.5,0.044,0.0,58.0
2025-04-22 23:00:00,0.3,2.6,0.043,0.0,56.0
2025-04-23 00:00:00,0.3,3.6,0.039,0.0,55.0
2025-04-23 01:00:00,0.2,3.2,0.039,0.0,53.0
2025-04-23 02:00:00,0.4,4.4,0.037,0.0,52.0
2025-04-23 03:00:00,0.4,4.8,0.035,0.0,51.0
2025-04-23 04:00:00,0.6,6.2,0.034,0.0,50.0
2025-04-23 05:00:00,1.9,10.2,0.028,0.01,49.0
2025-04-23 06:00:00,3.9,12.1,0.028,0.1,50.0
2025-04-23 07:00:00,7.9,12.4,0.028,0.44,54.0
2025-04-23 08:00:00,4.4,9.8,0.029,0.47,57.0
2025-04-23 09:00:00,8.1,14.6,0.026,0.72,62.0
2025-04-23 10:00:00,5.7,9.7,0.038,1.07,69.0
2025-04-23 11:00:00,2.7,5.7,0.048,1.26,72.0
2025-04-23 12:00:00,2.2,6.1,0.045,0.76,71.0
2025-04-23 13:00:00,0.8,2.9,0.055,0.59,73.0
2025-04-23 14:00:00,0.7,1.8,0.056,0.7,73.0
2025-04-23 15:00:00,0.9,1.7,0.056,0.72,74.0
2025-04-23 16:00:00,1.6,2.3,0.053,0.48,74.0
2025-04-23 17:00:00,0.9,4.1,0.044,0.18,71.0
2025-04-23 18:00:00,0.4,4.1,0.044,0.1,70.0
2025-04-23 19:00:00,0.5,4.9,0.044,0.0,66.0
2025-04-23 20:00:00,0.2,3.0,0.046,0.0,61.0
2025-04-23 21:00:00,0.1,2.7,0.043,0.0,59.0
2025-04-23 22:00:00,0.1,2.4,0.044,0.0,57.0
2025-04-23 23:00:00,0.1,2.3,0.045,0.0,56.0
2025-04-24 00:00:00,0.2,2.9,0.046,0.0,55.0
2025-04-24 01:00:00,0.2,2.2,0.045,0.0,53.0
2025-04-24 02:00:00,0.2,2.8,0.041,0.0,50.0
2025-04-24 03:00:00,0.3,7.2,0.035,0.0,49.0
2025-04-24 04:00:00,0.4,5.3,0.034,0.0,49.0
2025-04-24 05:00:00,1.0,11.9,0.029,0.01,50.0
2025-04-24 06:00:00,2.8,15.0,0.025,0.09,50.0
2025-04-24 07:00:00,6.3,14.3,0.024,0.27,51.0
2025-04-24 08:00:00,3.7,6.7,0.035,0.7,56.0
2025-04-24 09:00:00,1.8,4.2,0.041,0.97,59.0
2025-04-24 10:00:00,2.5,5.5,0.043,1.14,61.0
2025-04-24 11:00:00,1.9,5.1,0.046,1.28,64.0
2025-04-24 12:00:00,1.4,3.9,0.052,1.37,65.0
2025-04-24 13:00:00,0.7,3.4,0.053,0.4,64.0
2025-04-24 14:00:00,0.6,1.6,0.056,0.98,67.0
2025-04-24 15:00:00,0.4,1.3,0.054,0.65,67.0
2025-04-24 16:00:00,0.4,2.0,0.053,0.45,65.0
2025-04-24 17:00:00,0.4,2.8,0.05,0.23,63.0
2025-04-24 18:00:00,0.2,2.4,0.05,0.08,60.0
2025-04-24 19:00:00,0.3,4.2,0.045,0.0,58.0
2025-04-24 20:00:00,0.2,4.0,0.043,0.0,55.0
2025-04-24 21:00:00,0.5,4.3,0.043,0.0,54.0
2025-04-24 22:00:00,0.1,7.1,0.041,0.0,55.0
2025-04-24 23:00:00,0.1,11.8,0.028,0.0,54.0
2025-04-25 00:00:00,0.2,15.3,0.027,0.0,53.0
2025-04-25 01:00:00,0.3,6.9,0.035,0.0,53.0
2025-04-25 02:00:00,0.3,7.6,0.027,0.0,50.0
2025-04-25 03:00:00,0.2,6.5,0.035,0.0,52.0
2025-04-25 04:00:00,,,0.045,0.0,57.0
2025-04-25 05:00:00,0.4,3.4,0.046,0.01,57.0
2025-04-25 06:00:00,1.8,5.6,0.044,0.11,58.0
2025-04-25 07:00:00,1.3,4.6,0.045,0.28,60.0
2025-04-25 08:00:00,2.1,5.3,0.045,0.49,62.0
2025-04-25 09:00:00,3.6,4.5,0.046,0.55,64.0
2025-04-25 10:00:00,1.5,3.2,0.048,0.85,68.0
2025-04-25 11:00:00,1.6,2.4,0.049,1.16,70.0
2025-04-25 12:00:00,0.6,1.7,0.052,0.86,70.0
2025-04-25 13:00:00,1.3,3.6,0.052,0.77,71.0
2025-04-25 14:00:00,0.7,3.3,0.053,0.43,72.0
2025-04-25 15:00:00,0.7,3.0,0.05,0.44,72.0
2025-04-25 16:00:00,0.6,1.7,0.049,0.29,71.0
2025-04-25 17:00:00,0.5,2.7,0.048,0.14,71.0
2025-04-25 18:00:00,0.5,5.0,0.044,0.06,71.0
2025-04-25 19:00:00,0.7,9.4,0.035,0.0,67.0
2025-04-25 20:00:00,0.4,11.0,0.029,0.0,64.0
2025-04-25 21:00:00,0.4,12.0,0.032,0.0,64.0
2025-04-25 22:00:00,0.1,8.0,0.038,0.0,62.0
2025-04-25 23:00:00,0.2,7.5,0.038,0.0,61.0
2025-04-26 00:00:00,0.1,3.3,0.044,0.0,60.0
2025-04-26 01:00:00,0.1,3.4,0.038,0.0,57.0
2025-04-26 02:00:00,0.2,9.1,0.03,0.0,56.0
2025-04-26 03:00:00,0.5,7.5,0.033,0.0,55.0
2025-04-26 04:00:00,0.3,5.0,,0.0,55.0
2025-04-26 05:00:00,0.5,6.9,0.031,0.02,53.0
2025-04-26 06:00:00,1.5,7.9,0.03,0.19,54.0
2025-04-26 07:00:00,1.9,4.8,0.035,0.47,56.0
2025-04-26 08:00:00,2.2,4.1,0.039,0.78,63.0
2025-04-26 09:00:00,0.6,1.4,0.045,0.98,68.0
2025-04-26 10:00:00,0.6,0.9,0.048,1.18,69.0
2025-04-26 11:00:00,0.6,0.8,0.048,1.27,72.0
2025-04-26 12:00:00,0.4,0.9,0.049,1.31,74.0
2025-04-26 13:00:00,0.4,0.7,0.049,1.22,74.0
2025-04-26 14:00:00,0.4,0.9,0.049,1.03,75.0
2025-04-26 15:00:00,1.6,3.2,0.049,0.65,75.0
2025-04-26 16:00:00,0.5,2.2,0.051,0.44,75.0
2025-04-26 17:00:00,0.4,2.5,0.051,0.18,74.0
2025-04-26 18:00:00,0.2,2.4,0.051,0.08,72.0
2025-04-26 19:00:00,0.1,3.2,0.051,0.0,71.0
2025-04-26 20:00:00,0.3,7.1,0.045,0.0,67.0
2025-04-26 21:00:00,0.2,5.1,0.047,0.0,65.0
2025-04-26 22:00:00,0.2,2.8,0.042,0.0,61.0
2025-04-26 23:00:00,0.2,2.0,0.043,0.0,58.0
2025-04-27 00:00:00,0.1,1.0,0.05,0.0,58.0
2025-04-27 01:00:00,0.1,0.7,0.051,0.0,55.0
2025-04-27 02:00:00,0.1,1.2,0.05,0.0,53.0
2025-04-27 03:00:00,0.1,1.2,0.048,0.0,51.0
2025-04-27 04:00:00,,,0.04,0.0,48.0
2025-04-27 05:00:00,0.3,6.1,0.037,0.01,48.0
2025-04-27 06:00:00,0.9,8.4,0.03,0.12,48.0
2025-04-27 07:00:00,0.9,3.9,0.039,0.3,52.0
2025-04-27 08:00:00,0.2,0.9,0.046,0.33,52.0
2025-04-27 09:00:00,0.3,0.9,0.048,0.43,50.0
2025-04-27 10:00:00,0.2,0.6,0.052,0.86,55.0
2025-04-27 11:00:00,0.2,0.5,0.052,0.4,54.0
2025-04-27 12:00:00,0.2,0.5,0.052,1.2,56.0
2025-04-27 13:00:00,0.3,1.0,0.053,0.72,56.0
2025-04-27 14:00:00,0.2,0.5,0.056,1.04,60.0
2025-04-27 15:00:00,0.3,0.8,0.054,0.53,58.0
2025-04-27 16:00:00,0.2,0.8,0.054,0.27,57.0
2025-04-27 17:00:00,0.3,1.4,0.052,0.14,55.0
2025-04-27 18:00:00,0.3,2.3,0.051,0.06,54.0
2025-04-27 19:00:00,0.6,5.1,0.049,0.0,50.0
2025-04-27 20:00:00,0.3,2.7,0.047,0.0,49.0
2025-04-27 21:00:00,0.3,3.0,0.045,0.0,47.0
2025-04-27 22:00:00,0.2,2.7,0.044,0.0,46.0
2025-04-27 23:00:00,0.2,1.5,0.043,0.0,44.0
2025-04-28 00:00:00,0.1,1.1,0.048,0.0,45.0
2025-04-28 01:00:00,0.3,3.5,0.036,0.0,44.0
2025-04-28 02:00:00,0.4,3.0,0.037,0.0,44.0
2025-04-28 03:00:00,0.3,3.7,0.037,0.0,44.0
2025-04-28 04:00:00,0.6,6.1,0.033,0.0,44.0
2025-04-28 05:00:00,1.3,11.8,0.028,0.03,43.0
2025-04-28 06:00:00,3.1,9.5,0.03,0.28,47.0
2025-04-28 07:00:00,5.1,11.0,0.031,0.41,47.0
2025-04-28 08:00:00,1.6,2.7,0.042,0.7,51.0
2025-04-28 09:00:00,0.7,1.8,0.044,0.74,52.0
2025-04-28 10:00:00,0.7,1.3,0.046,1.0,52.0
2025-04-28 11:00:00,1.1,1.9,0.046,1.32,55.0
2025-04-28 12:00:00,0.6,1.1,0.048,0.97,56.0
2025-04-28 13:00:00,0.2,0.9,0.05,1.21,57.0
2025-04-28 14:00:00,0.4,1.1,0.052,1.11,59.0
2025-04-28 15:00:00,0.4,1.6,0.056,0.73,58.0
2025-04-28 16:00:00,0.5,2.5,0.059,0.45,58.0
2025-04-28 17:00:00,0.3,2.6,0.056,0.23,58.0
2025-04-28 18:00:00,0.2,3.0,0.054,0.09,56.0
2025-04-28 19:00:00,0.3,5.1,0.051,0.0,52.0
2025-04-28 20:00:00,0.3,3.6,0.051,0.0,49.0
2025-04-28 21:00:00,0.2,3.2,0.049,0.0,49.0
2025-04-28 22:00:00,0.2,3.2,0.044,0.0,47.0
2025-04-28 23:00:00,0.4,4.8,0.041,0.0,46.0
2025-04-29 00:00:00,1.7,5.2,0.038,0.0,45.0
2025-04-29 01:00:00,0.4,3.5,0.037,0.0,44.0
2025-04-29 02:00:00,0.5,4.5,0.033,0.0,43.0
2025-04-29 03:00:00,0.8,5.0,0.032,0.0,42.0
2025-04-29 04:00:00,1.0,7.8,0.03,0.0,42.0
2025-04-29 05:00:00,4.8,13.7,0.026,0.02,42.0
2025-04-29 06:00:00,9.0,16.5,0.022,0.16,44.0
2025-04-29 07:00:00,3.1,6.6,0.035,0.49,49.0
2025-04-29 08:00:00,2.5,5.4,0.04,0.76,56.0
2025-04-29 09:00:00,2.4,5.4,0.043,0.99,59.0
2025-04-29 10:00:00,1.3,3.2,0.049,1.16,58.0
2025-04-29 11:00:00,0.4,1.7,0.057,1.27,61.0
2025-04-29 12:00:00,0.4,1.5,0.056,1.29,64.0
2025-04-29 13:00:00,0.4,1.3,0.056,1.23,65.0
2025-04-29 14:00:00,0.3,1.1,0.059,1.1,66.0
2025-04-29 15:00:00,0.4,1.1,0.06,0.92,68.0
2025-04-29 16:00:00,0.2,0.8,0.06,0.68,68.0
2025-04-29 17:00:00,0.3,1.0,0.059,0.4,67.0
2025-04-29 18:00:00,0.4,2.8,0.055,0.08,64.0
2025-04-29 19:00:00,0.4,4.6,0.048,0.0,60.0
2025-04-29 20:00:00,0.3,2.9,0.044,0.0,60.0
2025-04-29 21:00:00,0.2,6.2,0.035,0.0,57.0
2025-04-29 22:00:00,0.4,9.3,0.029,0.0,54.0
2025-04-29 23:00:00,0.3,6.9,0.035,0.0,52.0
2025-04-30 00:00:00,0.3,3.7,0.037,0.0,52.0
2025-04-30 01:00:00,0.4,4.9,0.035,0.0,51.0
2025-04-30 02:00:00,0.4,5.6,0.034,0.0,50.0
2025-04-30 03:00:00,0.5,7.2,0.031,0.0,49.0
2025-04-30 04:00:00,1.1,12.0,0.026,0.0,50.0
2025-04-30 05:00:00,2.2,18.3,0.019,0.01,50.0
2025-04-30 06:00:00,6.6,25.3,0.01,0.03,51.0
2025-04-30 07:00:00,5.5,11.3,0.024,0.17,53.0
2025-04-30 08:00:00,1.5,4.9,0.033,0.46,55.0
2025-04-30 09:00:00,0.7,3.9,0.032,0.17,51.0
2025-04-30 10:00:00,1.9,7.0,0.029,0.23,49.0
2025-04-30 11:00:00,0.8,2.6,0.034,0.34,50.0
2025-04-30 12:00:00,1.4,3.0,0.036,0.47,53.0
2025-04-30 13:00:00,1.5,2.9,0.038,0.67,57.0
2025-04-30 14:00:00,4.6,3.6,0.038,0.7,58.0
2025-04-30 15:00:00,1.2,2.5,0.04,0.85,60.0
2025-04-30 16:00:00,0.7,2.0,0.043,0.49,61.0
2025-04-30 17:00:00,0.7,2.4,0.044,0.31,60.0
2025-04-30 18:00:00,0.3,2.5,0.041,0.12,59.0
2025-04-30 19:00:00,0.7,3.8,0.034,0.01,56.0
2025-04-30 20:00:00,0.7,5.1,0.033,0.0,53.0
2025-04-30 21:00:00,0.3,7.9,0.026,0.0,51.0
2025-04-30 22:00:00,0.8,11.9,0.025,0.0,49.0
2025-04-30 23:00:00,0.4,4.4,0.031,0.0,48.0
2025-05-01 00:00:00,0.3,6.2,0.029,0.0,47.0
2025-05-01 01:00:00,0.6,3.7,0.026,0.0,45.0
2025-05-01 02:00:00,2.1,7.7,0.022,0.0,44.0
2025-05-01 03:00:00,0.9,6.6,0.024,0.0,44.0
2025-05-01 04:00:00,1.3,6.1,0.022,0.0,42.0
2025-05-01 05:00:00,3.1,9.5,0.019,0.02,42.0
2025-05-01 06:00:00,5.2,9.5,0.02,0.22,46.0
2025-05-01 07:00:00,7.2,8.2,0.024,0.5,49.0
2025-05-01 08:00:00,4.8,5.6,0.031,0.78,54.0
2025-05-01 09:00:00,2.1,3.7,0.036,1.01,58.0
2025-05-01 10:00:00,1.5,3.4,0.041,1.18,61.0
2025-05-01 11:00:00,0.8,2.3,0.046,1.27,62.0
2025-05-01 12:00:00,0.5,1.5,0.053,1.3,64.0
2025-05-01 13:00:00,0.3,1.2,0.054,1.24,65.0
2025-05-01 14:00:00,0.3,1.2,0.058,1.11,66.0
2025-05-01 15:00:00,0.5,2.1,0.064,0.92,68.0
2025-05-01 16:00:00,0.5,2.5,0.065,0.68,68.0
2025-05-01 17:00:00,0.4,2.6,0.063,0.41,67.0
2025-05-01 18:00:00,0.3,3.5,0.059,0.16,65.0
2025-05-01 19:00:00,0.1,4.8,0.052,0.01,62.0
2025-05-01 20:00:00,0.2,5.1,0.046,0.0,58.0
2025-05-01 21:00:00,0.2,6.3,0.041,0.0,57.0
2025-05-01 22:00:00,0.5,11.6,0.035,0.0,54.0
2025-05-01 23:00:00,0.3,6.4,0.039,0.0,51.0
2025-05-02 00:00:00,0.5,10.2,0.037,0.0,51.0
2025-05-02 01:00:00,0.4,7.0,0.036,0.0,49.0
2025-05-02 02:00:00,0.3,5.1,0.042,0.0,50.0
2025-05-02 03:00:00,0.3,4.4,0.043,0.0,51.0
2025-05-02 04:00:00,,,0.04,0.0,53.0
2025-05-02 05:00:00,1.6,8.0,0.038,0.02,53.0
2025-05-02 06:00:00,2.5,7.4,0.038,0.24,56.0
2025-05-02 07:00:00,4.8,7.2,0.039,0.52,59.0
2025-05-02 08:00:00,2.6,5.4,0.041,0.79,62.0
2025-05-02 09:00:00,2.9,6.3,0.042,1.01,62.0
2025-05-02 10:00:00,1.2,3.0,0.05,1.19,64.0
2025-05-02 11:00:00,0.8,2.6,0.054,1.29,67.0
2025-05-02 12:00:00,0.5,1.9,0.055,1.31,72.0
2025-05-02 13:00:00,0.4,1.6,0.057,1.25,74.0
2025-05-02 14:00:00,0.3,1.1,0.059,1.11,74.0
2025-05-02 15:00:00,0.2,1.1,0.061,0.92,74.0
2025-05-02 16:00:00,0.3,1.1,0.06,0.69,75.0
2025-05-02 17:00:00,0.2,1.0,0.06,0.43,75.0
2025-05-02 18:00:00,0.2,1.1,0.059,0.17,74.0
2025-05-02 19:00:00,0.8,5.7,0.05,0.01,71.0
2025-05-02 20:00:00,0.4,13.7,0.035,0.0,66.0
2025-05-02 21:00:00,0.1,5.7,0.042,0.0,62.0
2025-05-02 22:00:00,0.3,6.5,0.04,0.0,60.0
2025-05-02 23:00:00,0.2,4.0,0.042,0.0,58.0
2025-05-03 00:00:00,0.3,5.0,0.042,0.0,58.0
2025-05-03 01:00:00,0.3,4.5,0.043,0.0,57.0
2025-05-03 02:00:00,0.2,2.8,0.041,0.0,55.0
2025-05-03 03:00:00,0.2,3.4,0.041,0.0,55.0
2025-05-03 04:00:00,0.9,6.3,,0.0,52.0
2025-05-03 05:00:00,0.3,4.6,0.037,0.02,52.0
2025-05-03 06:00:00,2.4,8.0,0.033,0.24,55.0
2025-05-03 07:00:00,1.8,4.8,0.039,0.52,58.0
2025-05-03 08:00:00,1.4,3.6,0.043,0.8,63.0
2025-05-03 09:00:00,1.9,4.8,0.044,1.02,67.0
2025-05-03 10:00:00,1.4,4.1,0.049,1.2,74.0
2025-05-03 11:00:00,0.9,2.8,0.053,1.3,76.0
2025-05-03 12:00:00,0.3,1.3,0.056,1.32,79.0
2025-05-03 13:00:00,0.3,0.9,0.057,1.26,79.0
2025-05-03 14:00:00,0.2,0.7,0.056,1.11,79.0
2025-05-03 15:00:00,0.2,0.9,0.057,0.42,79.0
2025-05-03 16:00:00,0.2,1.1,0.056,0.48,80.0
2025-05-03 17:00:00,0.2,0.8,0.055,0.3,78.0
2025-05-03 18:00:00,0.2,1.7,0.053,0.16,78.0
2025-05-03 19:00:00,0.2,4.5,0.042,0.0,73.0
2025-05-03 20:00:00,0.2,10.2,0.036,0.0,69.0
2025-05-03 21:00:00,0.2,6.0,0.038,0.0,67.0
2025-05-03 22:00:00,0.1,3.2,0.04,0.0,64.0
2025-05-03 23:00:00,0.1,2.7,0.036,0.0,63.0
2025-05-04 00:00:00,0.2,7.7,0.031,0.0,60.0
2025-05-04 01:00:00,2.7,5.1,0.035,0.0,60.0
2025-05-04 02:00:00,0.2,2.8,0.037,0.0,60.0
2025-05-04 03:00:00,0.2,4.2,0.035,0.0,60.0
2025-05-04 04:00:00,,,0.027,0.0,58.0
2025-05-04 05:00:00,0.1,4.8,0.036,0.01,58.0
2025-05-04 06:00:00,1.6,10.0,0.026,0.1,56.0
2025-05-04 07:00:00,1.0,5.3,0.027,0.16,57.0
2025-05-04 08:00:00,1.2,5.7,0.031,0.25,60.0
2025-05-04 09:00:00,1.0,3.9,0.04,0.4,64.0
2025-05-04 10:00:00,0.4,1.6,0.046,0.64,65.0
2025-05-04 11:00:00,0.3,1.7,0.052,0.57,66.0
2025-05-04 12:00:00,0.8,4.8,0.055,0.48,59.0
2025-05-04 13:00:00,0.7,2.4,0.059,1.1,65.0
2025-05-04 14:00:00,0.5,2.1,0.059,0.67,68.0
2025-05-04 15:00:00,0.3,1.2,0.059,0.61,70.0
2025-05-04 16:00:00,0.2,1.2,0.051,0.06,60.0
2025-05-04 17:00:00,0.3,2.1,0.047,0.02,52.0
2025-05-04 18:00:00,0.2,3.3,0.048,0.05,52.0
2025-05-04 19:00:00,0.3,7.8,0.042,0.01,52.0
2025-05-04 20:00:00,0.2,8.9,0.035,0.0,52.0
2025-05-04 21:00:00,0.3,6.7,0.033,0.0,51.0
2025-05-04 22:00:00,0.2,6.1,0.034,0.0,51.0
2025-05-04 23:00:00,0.2,3.9,0.032,0.0,50.0
2025-05-05 00:00:00,0.2,7.1,0.024,0.0,49.0
2025-05-05 01:00:00,0.2,6.7,0.028,0.0,49.0
2025-05-05 02:00:00,0.3,7.5,0.028,0.0,50.0
2025-05-05 03:00:00,0.5,6.9,0.021,0.0,49.0
2025-05-05 04:00:00,0.4,10.8,0.018,0.0,50.0
2025-05-05 05:00:00,3.5,21.3,0.01,0.01,51.0
2025-05-05 06:00:00,4.0,19.4,0.012,0.07,51.0
2025-05-05 07:00:00,2.8,9.8,0.024,0.17,53.0
2025-05-05 08:00:00,2.1,8.3,0.028,0.27,54.0
2025-05-05 09:00:00,1.6,5.6,0.031,0.34,55.0
2025-05-05 10:00:00,1.6,4.9,0.034,0.42,56.0
2025-05-05 11:00:00,1.0,4.5,0.037,0.41,56.0
2025-05-05 12:00:00,1.7,4.5,0.038,0.8,59.0
2025-05-05 13:00:00,1.0,3.5,0.044,0.89,61.0
2025-05-05 14:00:00,1.0,5.1,0.042,0.26,59.0
2025-05-05 15:00:00,0.8,8.0,0.042,0.03,49.0
2025-05-05 16:00:00,1.6,10.5,0.037,0.05,49.0
2025-05-05 17:00:00,0.7,8.2,0.037,0.05,50.0
2025-05-05 18:00:00,0.2,4.1,0.04,0.02,50.0
2025-05-05 19:00:00,0.4,6.8,0.035,0.0,49.0
2025-05-05 20:00:00,0.3,5.6,0.039,0.0,49.0
2025-05-05 21:00:00,0.1,5.2,0.034,0.0,49.0
2025-05-05 22:00:00,0.2,2.4,0.035,0.0,48.0
2025-05-05 23:00:00,0.2,3.5,0.029,0.0,48.0
2025-05-06 00:00:00,0.2,4.1,0.027,0.0,48.0
2025-05-06 01:00:00,0.1,2.5,0.028,0.0,48.0
2025-05-06 02:00:00,0.2,3.2,0.024,0.0,48.0
2025-05-06 03:00:00,0.4,3.4,0.024,0.0,48.0
2025-05-06 04:00:00,0.3,2.8,0.026,0.0,48.0
2025-05-06 05:00:00,1.2,7.0,0.021,0.0,47.0
2025-05-06 06:00:00,2.0,9.1,0.02,0.02,46.0
2025-05-06 07:00:00,0.9,5.9,0.023,0.08,46.0
2025-05-06 08:00:00,1.0,4.5,0.027,0.17,46.0
2025-05-06 09:00:00,0.8,3.9,0.036,0.27,47.0
2025-05-06 10:00:00,1.1,2.7,0.038,0.73,49.0
2025-05-06 11:00:00,1.9,3.2,0.037,1.15,55.0
2025-05-06 12:00:00,1.2,2.8,0.039,0.8,57.0
2025-05-06 13:00:00,1.1,3.1,0.041,1.12,59.0
2025-05-06 14:00:00,1.0,2.9,0.048,1.05,62.0
2025-05-06 15:00:00,0.7,3.4,0.049,0.77,62.0
2025-05-06 16:00:00,0.8,4.8,0.047,0.29,61.0
2025-05-06 17:00:00,1.0,4.9,0.046,0.18,59.0
2025-05-06 18:00:00,0.5,4.7,0.045,0.12,59.0
2025-05-06 19:00:00,0.2,6.7,0.04,0.01,59.0
2025-05-06 20:00:00,0.5,8.5,0.033,0.0,58.0
2025-05-06 21:00:00,0.5,5.1,0.033,0.0,57.0
2025-05-06 22:00:00,0.3,2.2,0.034,0.0,56.0
2025-05-06 23:00:00,0.3,2.5,0.034,0.0,55.0
2025-05-07 00:00:00,0.5,2.4,0.033,0.0,54.0
2025-05-07 01:00:00,0.3,2.8,0.031,0.0,53.0
2025-05-07 02:00:00,0.4,2.9,0.03,0.0,52.0
2025-05-07 03:00:00,0.4,2.6,0.03,0.0,51.0
2025-05-07 04:00:00,0.6,2.8,0.03,0.0,51.0
2025-05-07 05:00:00,1.2,4.6,0.028,0.03,51.0
2025-05-07 06:00:00,1.9,4.5,0.03,0.26,53.0
2025-05-07 07:00:00,3.3,4.7,0.031,0.54,56.0
2025-05-07 08:00:00,2.3,3.8,0.035,0.81,59.0
2025-05-07 09:00:00,1.8,3.3,0.038,1.03,61.0
2025-05-07 10:00:00,1.0,2.6,0.042,1.2,63.0
2025-05-07 11:00:00,0.6,1.9,0.046,1.31,66.0
2025-05-07 12:00:00,0.6,2.3,0.047,1.35,67.0
2025-05-07 13:00:00,0.8,1.7,0.048,1.28,70.0
2025-05-07 14:00:00,0.8,1.7,0.05,1.14,71.0
2025-05-07 15:00:00,0.5,1.3,0.05,0.95,72.0
2025-05-07 16:00:00,1.1,1.8,0.05,0.71,73.0
2025-05-07 17:00:00,1.0,2.0,0.05,0.44,73.0
2025-05-07 18:00:00,0.6,2.6,0.048,0.19,71.0
2025-05-07 19:00:00,0.6,5.0,0.041,0.01,66.0
2025-05-07 20:00:00,1.6,8.3,0.032,0.0,62.0
2025-05-07 21:00:00,0.3,10.8,0.031,0.0,60.0
2025-05-07 22:00:00,0.3,5.3,0.035,0.0,58.0
2025-05-07 23:00:00,0.2,3.0,0.035,0.0,56.0
2025-05-08 00:00:00,0.3,3.5,0.034,0.0,55.0
2025-05-08 01:00:00,0.2,3.5,0.033,0.0,54.0
2025-05-08 02:00:00,0.3,4.3,0.032,0.0,53.0
2025-05-08 03:00:00,1.5,6.1,0.031,0.0,53.0
2025-05-08 04:00:00,2.0,9.9,0.025,0.0,51.0
2025-05-08 05:00:00,1.5,10.2,0.023,0.03,51.0
2025-05-08 06:00:00,4.3,9.2,0.026,0.26,54.0
2025-05-08 07:00:00,4.6,7.4,0.03,0.53,57.0
2025-05-08 08:00:00,3.2,5.6,0.031,0.81,62.0
2025-05-08 09:00:00,2.9,5.7,0.038,1.03,68.0
2025-05-08 10:00:00,1.8,4.5,0.046,1.21,71.0
2025-05-08 11:00:00,1.3,3.5,0.05,1.3,73.0
2025-05-08 12:00:00,0.6,2.2,0.054,1.32,76.0
2025-05-08 13:00:00,0.5,2.1,0.056,1.27,78.0
2025-05-08 14:00:00,0.6,1.6,0.057,1.14,78.0
2025-05-08 15:00:00,0.5,1.8,0.057,0.83,77.0
2025-05-08 16:00:00,0.7,1.9,0.054,0.5,77.0
2025-05-08 17:00:00,0.5,2.5,0.052,0.33,76.0
2025-05-08 18:00:00,0.6,2.4,0.053,0.16,76.0
2025-05-08 19:00:00,1.5,5.6,0.044,0.02,72.0
2025-05-08 20:00:00,0.5,11.2,0.039,0.0,68.0
2025-05-08 21:00:00,0.2,4.3,0.047,0.0,65.0
2025-05-08 22:00:00,0.3,5.0,0.044,0.0,63.0
2025-05-08 23:00:00,0.2,4.1,0.041,0.0,61.0
2025-05-09 00:00:00,0.8,10.1,0.036,0.0,60.0
2025-05-09 01:00:00,0.3,3.3,0.039,0.0,58.0
2025-05-09 02:00:00,1.8,9.1,0.034,0.0,57.0
2025-05-09 03:00:00,1.6,12.8,0.03,0.0,56.0
2025-05-09 04:00:00,,,0.036,0.0,55.0
2025-05-09 05:00:00,1.2,7.9,0.032,0.04,54.0
2025-05-09 06:00:00,2.7,7.3,0.032,0.25,56.0
2025-05-09 07:00:00,5.5,10.2,0.032,0.53,60.0
2025-05-09 08:00:00,2.9,6.3,0.038,0.81,67.0
2025-05-09 09:00:00,3.2,6.9,0.041,1.04,70.0
2025-05-09 10:00:00,2.2,5.5,0.047,1.21,73.0
2025-05-09 11:00:00,1.4,4.4,0.053,1.31,77.0
2025-05-09 12:00:00,0.6,2.5,0.062,1.33,78.0
2025-05-09 13:00:00,0.4,1.2,0.062,1.28,80.0
2025-05-09 14:00:00,0.3,1.2,0.063,1.15,81.0
2025-05-09 15:00:00,0.3,1.1,0.064,0.95,82.0
2025-05-09 16:00:00,0.3,1.1,0.064,0.72,83.0
2025-05-09 17:00:00,0.5,1.5,0.06,0.44,82.0
2025-05-09 18:00:00,0.8,3.6,0.053,0.18,79.0
2025-05-09 19:00:00,1.1,9.3,0.042,0.01,73.0
2025-05-09 20:00:00,0.6,15.0,0.035,0.0,70.0
2025-05-09 21:00:00,0.3,7.2,0.047,0.0,67.0
2025-05-09 22:00:00,0.2,3.3,0.05,0.0,65.0
2025-05-09 23:00:00,0.2,5.3,0.046,0.0,64.0
2025-05-10 00:00:00,0.1,2.8,0.05,0.0,64.0
2025-05-10 01:00:00,0.2,4.8,0.046,0.0,64.0
2025-05-10 02:00:00,0.4,8.2,0.042,0.0,62.0
2025-05-10 03:00:00,0.2,5.2,0.043,0.0,60.0
2025-05-10 04:00:00,0.2,3.8,,0.0,60.0
2025-05-10 05:00:00,0.5,5.6,0.041,0.03,59.0
2025-05-10 06:00:00,1.2,6.1,0.04,0.26,60.0
2025-05-10 07:00:00,1.9,6.2,0.042,0.54,65.0
2025-05-10 08:00:00,4.2,10.2,0.04,0.81,69.0
2025-05-10 09:00:00,2.6,5.8,0.046,1.04,71.0
2025-05-10 10:00:00,1.7,5.8,0.052,1.21,77.0
2025-05-10 11:00:00,1.1,4.3,0.059,1.32,82.0
2025-05-10 12:00:00,0.5,2.4,0.064,1.34,86.0
2025-05-10 13:00:00,0.4,1.6,0.063,1.29,87.0
2025-05-10 14:00:00,0.2,0.9,0.061,1.17,87.0
2025-05-10 15:00:00,0.2,0.9,0.061,0.96,86.0
2025-05-10 16:00:00,0.2,0.8,0.061,0.72,86.0
2025-05-10 17:00:00,0.2,1.3,0.059,0.45,86.0
2025-05-10 18:00:00,0.4,2.8,0.05,0.19,84.0
2025-05-10 19:00:00,0.4,7.9,0.043,0.02,79.0
2025-05-10 20:00:00,1.2,10.9,0.041,0.0,74.0
2025-05-10 21:00:00,0.1,4.3,0.045,0.0,72.0
2025-05-10 22:00:00,0.1,3.5,0.046,0.0,73.0
2025-05-10 23:00:00,0.1,2.3,0.047,0.0,73.0
2025-05-11 00:00:00,0.1,3.4,0.042,0.0,72.0
2025-05-11 01:00:00,0.1,3.0,0.042,0.0,71.0
2025-05-11 02:00:00,0.1,2.5,0.044,0.0,69.0
2025-05-11 03:00:00,0.3,2.6,0.045,0.0,70.0
2025-05-11 04:00:00,,,0.045,0.0,69.0
2025-05-11 05:00:00,0.8,3.9,0.041,0.02,68.0
2025-05-11 06:00:00,0.4,3.2,0.04,0.13,67.0
2025-05-11 07:00:00,0.9,4.9,0.04,0.24,69.0
2025-05-11 08:00:00,0.6,2.8,0.046,0.4,72.0
2025-05-11 09:00:00,2.1,4.8,0.047,0.41,74.0
2025-05-11 10:00:00,0.7,2.6,0.054,1.03,79.0
2025-05-11 11:00:00,0.3,1.1,0.06,1.21,82.0
2025-05-11 12:00:00,2.1,1.5,0.061,1.04,82.0
2025-05-11 13:00:00,0.3,1.1,0.06,0.97,83.0
2025-05-11 14:00:00,0.3,1.2,0.061,1.12,85.0
2025-05-11 15:00:00,0.3,1.3,0.06,0.41,82.0
2025-05-11 16:00:00,0.3,1.7,0.06,0.47,82.0
2025-05-11 17:00:00,0.2,1.0,0.063,0.5,83.0
2025-05-11 18:00:00,0.4,2.2,0.062,0.2,82.0
2025-05-11 19:00:00,0.1,2.6,0.059,0.01,78.0
2025-05-11 20:00:00,0.1,2.7,0.056,0.0,75.0
2025-05-11 21:00:00,0.1,5.1,0.05,0.0,72.0
2025-05-11 22:00:00,0.1,2.8,0.049,0.0,69.0
2025-05-11 23:00:00,0.1,2.8,0.047,0.0,69.0
2025-05-12 00:00:00,0.2,1.9,0.048,0.0,68.0
2025-05-12 01:00:00,0.2,2.5,0.047,0.0,65.0
2025-05-12 02:00:00,0.2,2.8,0.046,0.0,65.0
2025-05-12 03:00:00,0.2,8.4,0.037,0.0,64.0
2025-05-12 04:00:00,0.3,7.6,0.044,0.0,65.0
2025-05-12 05:00:00,0.5,7.4,0.048,0.06,67.0
2025-05-12 06:00:00,1.4,8.8,0.046,0.25,70.0
2025-05-12 07:00:00,3.9,10.3,0.045,0.59,74.0
2025-05-12 08:00:00,1.5,4.3,0.055,0.84,78.0
2025-05-12 09:00:00,1.1,2.2,0.059,0.91,78.0
2025-05-12 10:00:00,1.4,2.9,0.058,1.2,81.0
2025-05-12 11:00:00,1.2,2.0,0.059,1.18,81.0
2025-05-12 12:00:00,2.7,4.1,0.057,1.36,83.0
2025-05-12 13:00:00,0.8,1.7,0.059,1.27,85.0
2025-05-12 14:00:00,0.7,1.9,0.058,1.14,86.0
2025-05-12 15:00:00,0.5,1.5,0.06,0.94,86.0
2025-05-12 16:00:00,0.6,1.5,0.061,0.7,85.0
2025-05-12 17:00:00,0.7,1.9,0.06,0.44,83.0
2025-05-12 18:00:00,0.4,1.9,0.057,0.19,80.0
2025-05-12 19:00:00,0.3,3.8,0.056,0.01,75.0
2025-05-12 20:00:00,0.2,4.2,0.057,0.0,74.0
2025-05-12 21:00:00,0.2,1.7,0.061,0.0,74.0
2025-05-12 22:00:00,0.2,1.7,0.059,0.0,71.0
2025-05-12 23:00:00,0.3,4.1,0.055,0.0,69.0
2025-05-13 00:00:00,0.1,3.1,0.053,0.0,66.0
2025-05-13 01:00:00,0.2,1.8,0.047,0.0,61.0
2025-05-13 02:00:00,0.2,2.2,0.044,0.0,55.0
2025-05-13 03:00:00,0.1,1.5,0.046,0.0,52.0
2025-05-13 04:00:00,0.1,1.5,0.046,0.0,51.0
2025-05-13 05:00:00,0.3,2.2,0.044,0.04,49.0
2025-05-13 06:00:00,0.9,4.2,0.044,0.25,52.0
2025-05-13 07:00:00,0.9,3.0,0.047,0.54,54.0
2025-05-13 08:00:00,0.9,2.4,0.05,0.92,55.0
2025-05-13 09:00:00,0.6,2.2,0.052,0.68,55.0
2025-05-13 10:00:00,0.5,1.8,0.052,0.49,55.0
2025-05-13 11:00:00,0.6,2.4,0.052,0.48,56.0
2025-05-13 12:00:00,0.5,2.7,0.05,0.16,51.0
2025-05-13 13:00:00,0.6,2.1,0.055,0.73,54.0
2025-05-13 14:00:00,0.5,2.1,0.056,0.73,56.0
2025-05-13 15:00:00,0.4,2.7,0.055,0.21,54.0
2025-05-13 16:00:00,0.5,2.0,0.054,0.27,55.0
2025-05-13 17:00:00,1.2,2.7,0.053,0.22,55.0
2025-05-13 18:00:00,0.4,3.7,0.052,0.08,53.0
2025-05-13 19:00:00,0.4,2.2,0.052,0.01,49.0
2025-05-13 20:00:00,2.4,6.8,0.044,0.0,49.0
2025-05-13 21:00:00,4.0,4.8,0.039,0.0,48.0
2025-05-13 22:00:00,0.2,1.7,0.039,0.0,47.0
2025-05-13 23:00:00,0.2,3.0,0.038,0.0,47.0
2025-05-14 00:00:00,0.2,0.9,0.04,0.0,46.0
2025-05-14 01:00:00,0.2,2.2,0.038,0.0,45.0
2025-05-14 02:00:00,0.2,2.2,0.038,0.0,44.0
2025-05-14 03:00:00,0.2,3.7,0.039,0.0,44.0
2025-05-14 04:00:00,0.4,6.9,0.033,0.0,42.0
2025-05-14 05:00:00,1.3,10.8,0.029,0.01,43.0
2025-05-14 06:00:00,2.7,10.6,0.03,0.3,45.0
2025-05-14 07:00:00,1.5,7.3,0.034,0.13,47.0
2025-05-14 08:00:00,3.7,10.2,0.031,0.35,45.0
2025-05-14 09:00:00,2.5,5.8,0.04,0.54,47.0
2025-05-14 10:00:00,1.7,4.5,0.042,0.49,49.0
2025-05-14 11:00:00,1.0,6.5,0.039,0.19,46.0
2025-05-14 12:00:00,1.3,3.0,0.043,0.92,46.0
2025-05-14 13:00:00,1.4,2.9,0.046,1.19,53.0
2025-05-14 14:00:00,0.8,2.7,0.043,0.36,51.0
2025-05-14 15:00:00,1.4,3.7,0.039,0.57,46.0
2025-05-14 16:00:00,0.4,1.1,0.045,0.62,52.0
2025-05-14 17:00:00,0.5,1.7,0.043,0.31,52.0
2025-05-14 18:00:00,0.5,2.3,0.04,0.12,52.0
2025-05-14 19:00:00,0.5,2.8,0.037,0.02,50.0
2025-05-14 20:00:00,0.2,8.8,0.03,0.0,49.0
2025-05-14 21:00:00,0.3,13.8,0.021,0.0,48.0
2025-05-14 22:00:00,0.7,14.2,0.017,0.0,47.0
2025-05-14 23:00:00,0.4,12.6,0.015,0.0,46.0
2025-05-15 00:00:00,0.2,6.0,0.032,0.0,45.0
2025-05-15 01:00:00,0.1,4.1,0.031,0.0,45.0
2025-05-15 02:00:00,0.3,5.7,0.026,0.0,45.0
2025-05-15 03:00:00,0.3,5.4,0.025,0.0,45.0
2025-05-15 04:00:00,1.0,8.4,0.023,0.0,44.0
2025-05-15 05:00:00,2.8,12.1,0.017,0.03,43.0
2025-05-15 06:00:00,3.6,10.1,0.018,0.12,45.0
2025-05-15 07:00:00,4.8,7.6,0.024,0.48,51.0
2025-05-15 08:00:00,3.0,4.6,0.03,0.85,57.0
2025-05-15 09:00:00,1.5,2.9,0.035,1.07,58.0
2025-05-15 10:00:00,0.4,1.2,0.042,1.19,58.0
2025-05-15 11:00:00,0.7,1.7,0.043,0.98,59.0
2025-05-15 12:00:00,0.8,1.4,0.045,1.08,61.0
2025-05-15 13:00:00,0.4,1.1,0.045,1.03,61.0
2025-05-15 14:00:00,0.7,1.3,0.046,0.88,60.0
2025-05-15 15:00:00,0.4,1.4,0.049,0.74,61.0
2025-05-15 16:00:00,0.3,2.1,0.051,0.28,60.0
2025-05-15 17:00:00,0.4,2.0,0.05,0.2,61.0
2025-05-15 18:00:00,1.0,2.9,0.046,0.11,60.0
2025-05-15 19:00:00,0.4,4.4,0.042,0.01,58.0
2025-05-15 20:00:00,0.2,8.9,0.032,0.0,55.0
2025-05-15 21:00:00,0.2,8.1,0.032,0.0,53.0
2025-05-15 22:00:00,0.2,4.8,0.034,0.0,51.0
2025-05-15 23:00:00,2.8,8.0,0.029,0.0,50.0
2025-05-16 00:00:00,0.2,2.9,0.033,0.0,49.0
2025-05-16 01:00:00,1.2,6.4,0.029,0.0,47.0
2025-05-16 02:00:00,0.7,5.5,0.03,0.0,47.0
2025-05-16 03:00:00,0.4,4.0,0.031,0.0,47.0
2025-05-16 04:00:00,,,0.029,0.0,47.0
2025-05-16 05:00:00,2.1,8.7,0.027,0.01,47.0
2025-05-16 06:00:00,5.5,13.4,0.023,0.13,49.0
2025-05-16 07:00:00,5.1,9.8,0.025,0.39,52.0
2025-05-16 08:00:00,3.1,6.2,0.033,0.7,59.0
2025-05-16 09:00:00,2.4,4.5,0.037,0.99,62.0
2025-05-16 10:00:00,1.2,3.3,0.044,0.8,62.0
2025-05-16 11:00:00,1.2,4.1,0.046,0.75,62.0
2025-05-16 12:00:00,0.8,2.5,0.052,1.21,65.0
2025-05-16 13:00:00,0.7,2.4,0.054,1.31,64.0
2025-05-16 14:00:00,0.5,1.6,0.052,1.25,65.0
2025-05-16 15:00:00,0.2,1.0,0.05,0.83,66.0
2025-05-16 16:00:00,0.2,0.9,0.049,0.76,66.0
2025-05-16 17:00:00,0.2,0.9,0.049,0.48,65.0
2025-05-16 18:00:00,0.1,0.9,0.048,0.15,64.0
2025-05-16 19:00:00,0.1,2.3,0.044,0.01,63.0
2025-05-16 20:00:00,0.4,5.1,0.037,0.0,62.0
2025-05-16 21:00:00,0.2,10.8,0.029,0.0,59.0
2025-05-16 22:00:00,1.3,5.3,0.034,0.0,57.0
2025-05-16 23:00:00,1.0,3.9,0.036,0.0,56.0
2025-05-17 00:00:00,0.3,3.0,0.035,0.0,55.0
2025-05-17 01:00:00,0.6,5.4,0.033,0.0,55.0
2025-05-17 02:00:00,0.2,3.2,0.035,0.0,55.0
2025-05-17 03:00:00,0.2,2.5,0.034,0.0,54.0
2025-05-17 04:00:00,0.3,5.9,,0.0,52.0
2025-05-17 05:00:00,0.3,5.2,0.03,0.03,54.0
2025-05-17 06:00:00,1.1,5.1,0.032,0.17,56.0
2025-05-17 07:00:00,1.2,4.8,0.031,0.25,56.0
2025-05-17 08:00:00,1.1,4.3,0.033,0.27,59.0
2025-05-17 09:00:00,1.4,3.8,0.034,0.66,62.0
2025-05-17 10:00:00,1.3,2.9,0.038,1.23,64.0
2025-05-17 11:00:00,1.1,3.3,0.046,0.88,71.0
2025-05-17 12:00:00,0.5,2.1,0.05,0.68,72.0
2025-05-17 13:00:00,0.6,2.8,0.053,0.52,73.0
2025-05-17 14:00:00,0.3,1.7,0.052,0.4,72.0
2025-05-17 15:00:00,0.3,1.8,0.055,0.31,70.0
2025-05-17 16:00:00,0.3,2.6,0.054,0.18,69.0
2025-05-17 17:00:00,0.3,1.2,0.053,0.06,67.0
2025-05-17 18:00:00,0.2,1.2,0.051,0.01,63.0
2025-05-17 19:00:00,0.4,2.2,0.052,0.0,57.0
2025-05-17 20:00:00,0.2,4.8,0.047,0.0,55.0
2025-05-17 21:00:00,0.3,3.4,0.048,0.0,56.0
2025-05-17 22:00:00,0.3,2.4,0.045,0.0,53.0
2025-05-17 23:00:00,0.1,1.7,0.048,0.0,54.0
2025-05-18 00:00:00,0.2,1.8,0.046,0.0,54.0
2025-05-18 01:00:00,0.1,2.2,0.041,0.0,53.0
2025-05-18 02:00:00,0.1,2.4,0.041,0.0,52.0
2025-05-18 03:00:00,0.1,2.8,0.041,0.0,52.0
2025-05-18 04:00:00,,,0.047,0.0,51.0
2025-05-18 05:00:00,0.1,1.4,0.046,0.02,50.0
2025-05-18 06:00:00,0.2,1.3,0.048,0.07,51.0
2025-05-18 07:00:00,0.2,1.2,0.05,0.07,47.0
2025-05-18 08:00:00,0.2,1.4,0.051,0.08,46.0
2025-05-18 09:00:00,0.2,0.9,0.048,0.18,46.0
2025-05-18 10:00:00,0.4,1.9,0.046,0.19,46.0
2025-05-18 11:00:00,0.4,3.0,0.041,0.15,46.0
2025-05-18 12:00:00,0.5,2.3,0.041,0.21,46.0
2025-05-18 13:00:00,0.5,1.9,0.042,0.37,48.0
2025-05-18 14:00:00,0.3,1.7,0.041,0.17,47.0
2025-05-18 15:00:00,0.7,2.1,0.038,0.41,47.0
2025-05-18 16:00:00,0.5,1.8,0.038,0.35,51.0
2025-05-18 17:00:00,0.8,2.6,0.037,0.44,50.0
2025-05-18 18:00:00,0.4,2.0,0.039,0.19,53.0
2025-05-18 19:00:00,0.3,3.3,0.033,0.02,51.0
2025-05-18 20:00:00,0.3,2.4,0.032,0.0,49.0
2025-05-18 21:00:00,0.2,4.1,0.038,0.0,49.0
2025-05-18 22:00:00,0.1,2.7,0.045,0.0,49.0
2025-05-18 23:00:00,0.1,5.5,0.039,0.0,47.0
2025-05-19 00:00:00,0.2,5.6,0.036,0.0,46.0
2025-05-19 01:00:00,0.1,4.3,0.041,0.0,46.0
2025-05-19 02:00:00,0.3,6.7,0.035,0.0,44.0
2025-05-19 03:00:00,0.2,4.8,0.034,0.0,42.0
2025-05-19 04:00:00,0.4,5.0,0.03,0.0,41.0
2025-05-19 05:00:00,0.7,6.1,0.039,0.03,44.0
2025-05-19 06:00:00,1.2,7.6,0.038,0.18,45.0
2025-05-19 07:00:00,1.0,4.3,0.045,0.34,47.0
2025-05-19 08:00:00,0.7,2.1,0.051,0.85,49.0
2025-05-19 09:00:00,0.6,1.4,0.054,1.08,50.0
2025-05-19 10:00:00,0.9,1.4,0.053,1.22,50.0
2025-05-19 11:00:00,0.8,1.6,0.053,1.38,51.0
2025-05-19 12:00:00,0.4,1.2,0.056,1.38,53.0
2025-05-19 13:00:00,0.3,1.1,0.059,1.32,54.0
2025-05-19 14:00:00,0.3,1.1,0.062,1.18,55.0
2025-05-19 15:00:00,0.4,1.1,0.061,0.98,56.0
2025-05-19 16:00:00,0.4,1.3,0.058,0.75,56.0
2025-05-19 17:00:00,0.3,1.3,0.054,0.48,56.0
2025-05-19 18:00:00,0.2,1.4,0.051,0.22,55.0
2025-05-19 19:00:00,0.3,2.3,0.047,0.03,53.0
2025-05-19 20:00:00,0.2,5.9,0.039,0.0,50.0
2025-05-19 21:00:00,0.2,7.1,0.035,0.0,47.0
2025-05-19 22:00:00,0.2,4.6,0.038,0.0,46.0
2025-05-19 23:00:00,0.1,3.5,0.036,0.0,44.0
2025-05-20 00:00:00,0.2,2.6,0.036,0.0,42.0
2025-05-20 01:00:00,0.2,2.3,0.036,0.0,42.0
2025-05-20 02:00:00,5.5,11.8,0.028,0.0,41.0
2025-05-20 03:00:00,1.6,10.3,0.028,0.0,41.0
2025-05-20 04:00:00,1.7,12.0,0.028,0.0,42.0
2025-05-20 05:00:00,1.2,7.8,0.032,0.06,42.0
2025-05-20 06:00:00,5.0,10.6,0.029,0.3,46.0
2025-05-20 07:00:00,5.4,8.6,0.033,0.58,49.0
2025-05-20 08:00:00,3.2,5.7,0.04,0.89,55.0
2025-05-20 09:00:00,1.9,5.0,0.045,0.84,58.0
2025-05-20 10:00:00,2.1,5.6,0.047,0.95,62.0
2025-05-20 11:00:00,1.2,2.6,0.049,1.27,66.0
2025-05-20 12:00:00,1.1,2.3,0.05,1.32,69.0
2025-05-20 13:00:00,0.6,1.7,0.051,1.34,71.0
2025-05-20 14:00:00,0.7,1.4,0.052,1.13,73.0
2025-05-20 15:00:00,0.3,1.0,0.052,0.61,71.0
2025-05-20 16:00:00,0.3,0.7,0.052,0.7,72.0
2025-05-20 17:00:00,0.3,0.7,0.052,0.28,71.0
2025-05-20 18:00:00,0.5,4.5,0.047,0.1,71.0
2025-05-20 19:00:00,0.5,11.2,0.037,0.02,67.0
2025-05-20 20:00:00,0.5,10.3,0.034,0.0,64.0
2025-05-20 21:00:00,2.1,9.1,0.032,0.0,61.0
2025-05-20 22:00:00,0.5,9.9,0.03,0.0,59.0
2025-05-20 23:00:00,0.4,11.7,0.02,0.0,54.0
2025-05-21 00:00:00,0.2,5.2,0.03,0.0,55.0
2025-05-21 01:00:00,0.2,4.2,0.032,0.0,54.0
2025-05-21 02:00:00,0.5,3.7,0.035,0.0,53.0
2025-05-21 03:00:00,0.3,3.9,0.035,0.0,52.0
2025-05-21 04:00:00,0.2,2.8,0.036,0.0,51.0
2025-05-21 05:00:00,1.2,4.9,0.033,0.05,50.0
2025-05-21 06:00:00,2.1,6.2,0.033,0.28,54.0
2025-05-21 07:00:00,1.6,4.4,0.042,0.58,59.0
2025-05-21 08:00:00,2.9,5.4,0.041,0.84,61.0
2025-05-21 09:00:00,1.8,4.3,0.046,1.07,61.0
2025-05-21 10:00:00,1.5,4.2,0.05,1.23,62.0
2025-05-21 11:00:00,1.2,3.7,0.054,1.33,66.0
2025-05-21 12:00:00,0.9,2.7,0.057,1.35,69.0
2025-05-21 13:00:00,0.7,1.7,0.057,1.3,71.0
2025-05-21 14:00:00,0.5,1.7,0.059,1.17,71.0
2025-05-21 15:00:00,0.2,1.2,0.059,0.97,71.0
2025-05-21 16:00:00,0.3,1.4,0.06,0.75,73.0
2025-05-21 17:00:00,0.3,1.5,0.062,0.49,72.0
2025-05-21 18:00:00,0.3,2.7,0.062,0.23,70.0
2025-05-21 19:00:00,0.3,5.6,0.059,0.03,66.0
2025-05-21 20:00:00,0.2,7.1,0.047,0.0,63.0
2025-05-21 21:00:00,0.3,6.7,0.041,0.0,59.0
2025-05-21 22:00:00,0.3,5.3,0.042,0.0,58.0
2025-05-21 23:00:00,0.2,3.7,0.045,0.0,57.0
2025-05-22 00:00:00,0.1,2.3,0.045,0.0,55.0
2025-05-22 01:00:00,0.2,4.4,0.042,0.0,55.0
2025-05-22 02:00:00,0.2,2.8,0.042,0.0,55.0
2025-05-22 03:00:00,0.3,3.8,0.04,0.0,55.0
2025-05-22 04:00:00,0.5,5.9,0.038,0.0,54.0
2025-05-22 05:00:00,0.7,6.2,0.037,0.06,54.0
2025-05-22 06:00:00,2.3,7.8,0.036,0.3,57.0
2025-05-22 07:00:00,4.3,7.3,0.036,0.57,60.0
2025-05-22 08:00:00,5.3,9.8,0.037,0.84,65.0
2025-05-22 09:00:00,2.7,6.2,0.043,1.06,70.0
2025-05-22 10:00:00,3.3,8.2,0.046,1.23,73.0
2025-05-22 11:00:00,1.5,4.3,0.057,1.33,80.0
2025-05-22 12:00:00,1.1,2.5,0.061,1.36,83.0
2025-05-22 13:00:00,0.9,1.7,0.06,1.29,85.0
2025-05-22 14:00:00,0.6,1.7,0.059,1.15,86.0
2025-05-22 15:00:00,0.8,1.9,0.058,0.77,85.0
2025-05-22 16:00:00,1.1,3.1,0.055,0.49,84.0
2025-05-22 17:00:00,0.6,4.8,0.054,0.16,79.0
2025-05-22 18:00:00,0.3,5.6,0.053,0.05,77.0
2025-05-22 19:00:00,0.2,8.2,0.048,0.03,74.0
2025-05-22 20:00:00,0.2,6.1,0.045,0.0,71.0
2025-05-22 21:00:00,0.4,7.8,0.04,0.0,71.0
2025-05-22 22:00:00,0.2,6.0,0.039,0.0,67.0
2025-05-22 23:00:00,0.1,3.8,0.041,0.0,64.0
2025-05-23 00:00:00,0.2,3.6,0.04,0.0,61.0
2025-05-23 01:00:00,0.2,3.3,0.042,0.0,60.0
2025-05-23 02:00:00,0.3,3.9,0.036,0.0,58.0
2025-05-23 03:00:00,2.2,8.7,0.03,0.0,55.0
2025-05-23 04:00:00,,,0.019,0.0,54.0
2025-05-23 05:00:00,3.3,15.2,0.019,0.06,52.0
2025-05-23 06:00:00,4.3,11.3,0.025,0.3,58.0
2025-05-23 07:00:00,5.0,10.2,0.03,0.57,64.0
2025-05-23 08:00:00,3.9,7.4,0.033,0.83,66.0
2025-05-23 09:00:00,3.1,6.6,0.037,1.06,67.0
2025-05-23 10:00:00,2.3,6.0,0.046,1.23,71.0
2025-05-23 11:00:00,1.0,3.7,0.055,1.33,74.0
2025-05-23 12:00:00,0.6,2.3,0.058,1.35,78.0
2025-05-23 13:00:00,0.3,1.8,0.059,1.21,80.0
2025-05-23 14:00:00,0.3,1.4,0.059,1.11,79.0
2025-05-23 15:00:00,0.4,1.5,0.059,0.99,84.0
2025-05-23 16:00:00,0.5,1.6,0.06,0.74,84.0
2025-05-23 17:00:00,0.6,2.5,0.061,0.49,79.0
2025-05-23 18:00:00,0.6,4.7,0.058,0.21,74.0
2025-05-23 19:00:00,0.2,5.8,0.054,0.02,70.0
2025-05-23 20:00:00,0.2,5.4,0.052,0.0,69.0
2025-05-23 21:00:00,0.2,7.6,0.04,0.0,65.0
2025-05-23 22:00:00,0.2,8.1,0.04,0.0,64.0
2025-05-23 23:00:00,0.3,8.7,0.036,0.0,62.0
2025-05-24 00:00:00,0.2,5.9,0.035,0.0,60.0
2025-05-24 01:00:00,0.5,7.5,0.036,0.0,60.0
2025-05-24 02:00:00,0.4,6.3,0.032,0.0,57.0
2025-05-24 03:00:00,0.3,4.1,0.035,0.0,58.0
2025-05-24 04:00:00,0.2,5.1,,0.0,58.0
2025-05-24 05:00:00,0.3,4.7,0.035,0.02,58.0
2025-05-24 06:00:00,1.0,7.0,0.033,0.12,59.0
2025-05-24 07:00:00,1.5,6.5,0.034,0.29,61.0
2025-05-24 08:00:00,1.7,6.8,0.039,0.4,64.0
2025-05-24 09:00:00,1.0,4.7,0.04,0.43,66.0
2025-05-24 10:00:00,1.1,4.0,0.041,0.62,68.0
2025-05-24 11:00:00,1.1,3.6,0.047,1.18,72.0
2025-05-24 12:00:00,0.4,2.2,0.054,1.24,75.0
2025-05-24 13:00:00,0.4,2.0,0.061,1.31,76.0
2025-05-24 14:00:00,0.4,2.2,0.063,1.16,77.0
2025-05-24 15:00:00,0.3,1.5,0.065,0.82,78.0
2025-05-24 16:00:00,0.3,2.0,0.06,0.33,74.0
2025-05-24 17:00:00,0.3,3.1,0.056,0.14,73.0
2025-05-24 18:00:00,0.3,4.1,0.051,0.09,71.0
2025-05-24 19:00:00,0.3,6.4,0.052,0.04,72.0
2025-05-24 20:00:00,0.2,2.6,0.058,0.0,70.0
2025-05-24 21:00:00,0.1,2.7,0.056,0.0,69.0
2025-05-24 22:00:00,0.2,3.6,0.048,0.0,67.0
2025-05-24 23:00:00,0.3,1.9,0.05,0.0,64.0
2025-05-25 00:00:00,0.1,3.3,0.049,0.0,64.0
2025-05-25 01:00:00,0.1,2.2,0.048,0.0,63.0
2025-05-25 02:00:00,0.1,2.6,0.046,0.0,62.0
2025-05-25 03:00:00,0.5,4.7,0.04,0.0,59.0
2025-05-25 04:00:00,,,0.043,0.0,58.0
2025-05-25 05:00:00,0.3,3.2,0.043,0.04,58.0
2025-05-25 06:00:00,1.0,3.5,0.041,0.2,59.0
2025-05-25 07:00:00,0.4,2.0,0.043,0.32,61.0
2025-05-25 08:00:00,0.8,2.5,0.042,0.71,64.0
2025-05-25 09:00:00,0.5,1.8,0.049,1.08,69.0
2025-05-25 10:00:00,0.4,1.7,0.052,1.23,73.0
2025-05-25 11:00:00,0.2,1.4,0.056,1.15,75.0
2025-05-25 12:00:00,0.3,1.2,0.058,0.86,76.0
2025-05-25 13:00:00,0.3,1.5,0.059,0.6,76.0
2025-05-25 14:00:00,0.4,1.5,0.057,0.74,76.0
2025-05-25 15:00:00,0.3,1.4,0.058,0.74,73.0
2025-05-25 16:00:00,0.3,1.4,0.06,0.62,74.0
2025-05-25 17:00:00,0.8,2.4,0.059,0.48,72.0
2025-05-25 18:00:00,0.2,1.9,0.058,0.15,70.0
2025-05-25 19:00:00,0.2,2.5,0.056,0.04,68.0
2025-05-25 20:00:00,0.1,2.2,0.055,0.0,67.0
2025-05-25 21:00:00,0.2,2.1,0.052,0.0,65.0
2025-05-25 22:00:00,0.1,1.3,0.05,0.0,63.0
2025-05-25 23:00:00,0.2,1.9,0.045,0.0,59.0
2025-05-26 00:00:00,0.2,1.4,0.044,0.0,57.0
2025-05-26 01:00:00,0.2,2.3,0.04,0.0,56.0
2025-05-26 02:00:00,0.4,3.7,0.039,0.0,55.0
2025-05-26 03:00:00,0.3,2.8,0.04,0.0,56.0
2025-05-26 04:00:00,0.2,2.2,0.037,0.0,53.0
2025-05-26 05:00:00,0.3,2.8,0.035,0.07,53.0
2025-05-26 06:00:00,2.8,4.6,0.034,0.3,55.0
2025-05-26 07:00:00,0.9,2.3,0.04,0.58,60.0
2025-05-26 08:00:00,0.8,2.4,0.043,0.84,64.0
2025-05-26 09:00:00,0.5,1.7,0.048,1.07,69.0
2025-05-26 10:00:00,0.5,1.8,0.053,1.23,74.0
2025-05-26 11:00:00,0.3,1.5,0.056,1.33,76.0
2025-05-26 12:00:00,0.2,1.3,0.059,1.35,78.0
2025-05-26 13:00:00,0.2,0.9,0.059,1.3,81.0
2025-05-26 14:00:00,0.2,0.9,0.057,1.17,83.0
2025-05-26 15:00:00,0.2,0.8,0.055,0.99,83.0
2025-05-26 16:00:00,0.2,0.8,0.056,0.76,84.0
2025-05-26 17:00:00,0.2,0.8,0.059,0.5,83.0
2025-05-26 18:00:00,0.4,1.1,0.057,0.24,82.0
2025-05-26 19:00:00,0.2,3.1,0.051,0.03,78.0
2025-05-26 20:00:00,0.2,7.4,0.04,0.0,71.0
2025-05-26 21:00:00,0.2,3.2,0.043,0.0,68.0
2025-05-26 22:00:00,0.1,4.1,0.041,0.0,66.0
2025-05-26 23:00:00,0.2,3.8,0.04,0.0,65.0
2025-05-27 00:00:00,0.1,2.6,0.039,0.0,63.0
2025-05-27 01:00:00,0.1,2.1,0.04,0.0,62.0
2025-05-27 02:00:00,0.2,2.6,0.037,0.0,60.0
2025-05-27 03:00:00,0.2,3.0,0.036,0.0,59.0
2025-05-27 04:00:00,0.9,8.0,0.029,0.0,56.0
2025-05-27 05:00:00,1.5,10.2,0.028,0.07,58.0
2025-05-27 06:00:00,3.2,10.1,0.029,0.3,62.0
2025-05-27 07:00:00,4.7,8.8,0.032,0.57,65.0
2025-05-27 08:00:00,2.9,5.6,0.037,0.84,69.0
2025-05-27 09:00:00,2.5,5.7,0.044,1.06,74.0
2025-05-27 10:00:00,1.5,4.8,0.052,1.22,77.0
2025-05-27 11:00:00,1.3,5.1,0.058,1.33,81.0
2025-05-27 12:00:00,0.8,3.5,0.065,1.35,83.0
2025-05-27 13:00:00,0.5,1.9,0.064,1.31,86.0
2025-05-27 14:00:00,0.4,1.3,0.062,1.22,86.0
2025-05-27 15:00:00,0.4,1.4,0.057,0.77,83.0
2025-05-27 16:00:00,0.4,1.6,0.057,0.68,83.0
2025-05-27 17:00:00,0.6,2.6,0.061,0.48,81.0
2025-05-27 18:00:00,0.4,2.9,0.064,0.29,83.0
2025-05-27 19:00:00,0.4,5.7,0.053,0.05,79.0
2025-05-27 20:00:00,0.5,7.7,0.046,0.0,73.0
2025-05-27 21:00:00,0.1,4.6,0.047,0.0,70.0
2025-05-27 22:00:00,0.2,4.2,0.046,0.0,68.0
2025-05-27 23:00:00,0.7,9.6,0.04,0.0,67.0
2025-05-28 00:00:00,0.2,2.4,0.044,0.0,64.0
2025-05-28 01:00:00,0.2,2.9,0.041,0.0,63.0
2025-05-28 02:00:00,0.2,3.3,0.039,0.0,61.0
2025-05-28 03:00:00,0.2,3.0,0.04,0.0,61.0
2025-05-28 04:00:00,0.4,5.0,0.035,0.0,59.0
2025-05-28 05:00:00,2.4,9.2,0.031,0.07,58.0
2025-05-28 06:00:00,2.4,8.2,0.034,0.3,61.0
2025-05-28 07:00:00,7.0,11.7,0.032,0.55,66.0
2025-05-28 08:00:00,2.6,5.5,0.04,0.83,69.0
2025-05-28 09:00:00,3.8,7.6,0.042,1.05,75.0
2025-05-28 10:00:00,1.9,5.3,0.05,1.23,79.0
2025-05-28 11:00:00,1.0,3.9,0.058,1.33,83.0
2025-05-28 12:00:00,1.3,3.2,0.062,1.36,86.0
2025-05-28 13:00:00,0.8,1.6,0.057,1.3,89.0
2025-05-28 14:00:00,0.7,2.1,0.057,1.11,86.0
2025-05-28 15:00:00,0.4,1.4,0.056,0.84,83.0
2025-05-28 16:00:00,0.3,1.9,0.062,0.51,83.0
2025-05-28 17:00:00,0.4,2.8,0.062,0.19,81.0
2025-05-28 18:00:00,0.5,3.3,0.058,0.19,81.0
2025-05-28 19:00:00,0.4,5.6,0.052,0.03,78.0
2025-05-28 20:00:00,0.3,7.5,0.045,0.0,73.0
2025-05-28 21:00:00,0.1,3.4,0.047,0.0,71.0
2025-05-28 22:00:00,0.3,4.4,0.044,0.0,69.0
2025-05-28 23:00:00,0.6,7.1,0.041,0.0,68.0
2025-05-29 00:00:00,0.2,4.7,0.041,0.0,66.0
2025-05-29 01:00:00,0.2,4.7,0.042,0.0,66.0
2025-05-29 02:00:00,0.3,5.7,0.04,0.0,64.0
2025-05-29 03:00:00,0.3,4.2,0.04,0.0,63.0
2025-05-29 04:00:00,0.3,4.9,0.042,0.0,65.0
2025-05-29 05:00:00,0.8,7.1,0.039,0.07,65.0
2025-05-29 06:00:00,1.5,6.6,0.038,0.22,65.0
2025-05-29 07:00:00,2.8,6.3,0.04,0.55,69.0
2025-05-29 08:00:00,2.2,5.5,0.042,0.85,73.0
2025-05-29 09:00:00,2.0,5.8,0.046,1.07,78.0
2025-05-29 10:00:00,1.3,4.5,0.053,1.22,82.0
2025-05-29 11:00:00,0.9,4.1,0.06,1.32,83.0
2025-05-29 12:00:00,0.5,2.4,0.063,1.35,86.0
2025-05-29 13:00:00,0.9,3.1,0.065,1.3,87.0
2025-05-29 14:00:00,0.5,2.2,0.069,1.17,88.0
2025-05-29 15:00:00,0.7,2.4,0.063,0.99,87.0
2025-05-29 16:00:00,0.8,2.1,0.057,0.76,85.0
2025-05-29 17:00:00,0.6,2.7,0.06,0.5,86.0
2025-05-29 18:00:00,0.4,2.4,0.061,0.27,85.0
2025-05-29 19:00:00,0.2,3.9,0.054,0.06,82.0
2025-05-29 20:00:00,0.2,6.3,0.048,0.0,76.0
2025-05-29 21:00:00,0.1,3.9,0.05,0.0,73.0
2025-05-29 22:00:00,0.2,6.3,0.046,0.0,71.0
2025-05-29 23:00:00,0.2,4.4,0.046,0.0,69.0
2025-05-30 00:00:00,0.3,6.5,0.043,0.0,67.0
2025-05-30 01:00:00,0.1,2.0,0.044,0.0,65.0
2025-05-30 02:00:00,0.3,2.9,0.044,0.0,65.0
2025-05-30 03:00:00,0.3,4.4,0.041,0.0,63.0
2025-05-30 04:00:00,,,0.038,0.0,62.0
2025-05-30 05:00:00,0.9,7.0,0.038,0.07,62.0
2025-05-30 06:00:00,4.0,8.2,0.036,0.3,64.0
2025-05-30 07:00:00,2.7,6.9,0.039,0.57,67.0
2025-05-30 08:00:00,3.5,7.6,0.041,0.84,73.0
2025-05-30 09:00:00,2.9,7.8,0.046,1.06,78.0
2025-05-30 10:00:00,1.2,4.5,0.055,1.23,82.0
2025-05-30 11:00:00,0.9,4.5,0.061,1.32,85.0
2025-05-30 12:00:00,0.5,2.8,0.066,1.35,88.0
2025-05-30 13:00:00,0.4,1.3,0.061,1.29,91.0
2025-05-30 14:00:00,0.3,1.2,0.061,1.16,91.0
2025-05-30 15:00:00,0.4,1.8,0.063,0.97,91.0
2025-05-30 16:00:00,0.4,2.3,0.071,0.73,90.0
2025-05-30 17:00:00,0.3,1.8,0.061,0.49,89.0
2025-05-30 18:00:00,0.2,2.1,0.057,0.24,87.0
2025-05-30 19:00:00,0.2,4.1,0.052,0.05,82.0
2025-05-30 20:00:00,0.1,7.8,0.044,0.0,77.0
2025-05-30 21:00:00,0.2,7.3,0.041,0.0,74.0
2025-05-30 22:00:00,0.4,9.3,0.038,0.0,71.0
2025-05-30 23:00:00,0.2,5.3,0.042,0.0,69.0
2025-05-31 00:00:00,0.1,3.2,0.04,0.0,66.0
2025-05-31 01:00:00,0.2,4.2,0.039,0.0,65.0
2025-05-31 02:00:00,0.2,2.7,0.039,0.0,63.0
2025-05-31 03:00:00,0.4,4.7,0.037,0.0,62.0
2025-05-31 04:00:00,1.6,10.0,,0.0,62.0
2025-05-31 05:00:00,0.6,5.4,0.034,0.07,60.0
2025-05-31 06:00:00,1.2,4.6,0.035,0.31,63.0
2025-05-31 07:00:00,1.7,5.2,0.039,0.59,68.0
2025-05-31 08:00:00,0.9,3.3,0.044,0.85,73.0
2025-05-31 09:00:00,1.0,3.7,0.048,1.07,77.0
2025-05-31 10:00:00,0.5,2.3,0.055,1.24,82.0
2025-05-31 11:00:00,0.5,2.3,0.059,1.33,87.0
2025-05-31 12:00:00,0.5,1.6,0.063,1.36,89.0
2025-05-31 13:00:00,0.3,1.0,0.064,1.31,88.0
2025-05-31 14:00:00,0.3,1.5,0.065,1.18,89.0
2025-05-31 15:00:00,0.3,1.6,0.071,0.99,90.0
2025-05-31 16:00:00,0.3,2.2,0.076,0.76,89.0
2025-05-31 17:00:00,0.3,1.5,0.067,0.51,89.0
2025-05-31 18:00:00,0.3,2.3,0.061,0.26,87.0
2025-05-31 19:00:00,0.7,4.5,0.055,0.06,82.0
2025-05-31 20:00:00,0.5,9.8,0.046,0.0,76.0
2025-05-31 21:00:00,0.2,5.1,0.045,0.0,72.0
2025-05-31 22:00:00,0.4,5.7,0.045,0.0,70.0
2025-05-31 23:00:00,0.1,3.0,0.047,0.0,68.0
2025-06-01 00:00:00,0.1,4.8,0.046,0.0,67.0
2025-06-01 01:00:00,0.1,2.2,0.047,0.0,65.0
2025-06-01 02:00:00,0.2,2.6,0.045,0.0,64.0
2025-06-01 03:00:00,0.2,3.3,0.044,0.0,62.0
2025-06-01 04:00:00,,,0.043,0.0,61.0
2025-06-01 05:00:00,0.7,6.5,0.04,0.08,61.0
2025-06-01 06:00:00,0.9,4.3,0.042,0.32,64.0
2025-06-01 07:00:00,1.0,3.3,0.043,0.59,66.0
2025-06-01 08:00:00,1.1,3.5,0.047,0.86,71.0
2025-06-01 09:00:00,0.6,2.7,0.053,1.08,79.0
2025-06-01 10:00:00,0.7,3.3,0.06,1.25,85.0
2025-06-01 11:00:00,0.5,2.9,0.066,1.33,88.0
2025-06-01 12:00:00,0.4,2.5,0.067,1.36,91.0
2025-06-01 13:00:00,0.3,1.6,0.063,1.33,94.0
2025-06-01 14:00:00,0.2,0.8,0.057,1.15,96.0
2025-06-01 15:00:00,0.3,0.8,0.058,0.88,96.0
2025-06-01 16:00:00,0.3,1.0,0.056,0.74,93.0
2025-06-01 17:00:00,0.3,1.6,0.054,0.37,89.0
2025-06-01 18:00:00,0.3,1.6,0.047,0.1,83.0
2025-06-01 19:00:00,0.4,6.0,0.043,0.02,82.0
2025-06-01 20:00:00,0.3,9.9,0.038,0.0,81.0
2025-06-01 21:00:00,0.3,9.5,0.035,0.0,78.0
2025-06-01 22:00:00,0.3,10.5,0.032,0.0,75.0
2025-06-01 23:00:00,0.3,6.8,0.036,0.0,73.0
2025-06-02 00:00:00,0.3,8.3,0.033,0.0,72.0
2025-06-02 01:00:00,0.2,4.7,0.034,0.0,69.0
2025-06-02 02:00:00,0.2,5.5,0.032,0.0,68.0
2025-06-02 03:00:00,0.6,6.9,0.031,0.0,67.0
2025-06-02 04:00:00,1.0,9.1,0.028,0.0,66.0
2025-06-02 05:00:00,1.8,15.0,0.023,0.03,66.0
2025-06-02 06:00:00,5.0,14.6,0.023,0.12,67.0
2025-06-02 07:00:00,6.8,15.7,0.022,0.21,68.0
2025-06-02 08:00:00,5.7,10.7,0.026,0.39,70.0
2025-06-02 09:00:00,2.0,4.8,0.04,0.83,75.0
2025-06-02 10:00:00,1.0,3.6,0.05,1.11,78.0
2025-06-02 11:00:00,0.6,3.1,0.056,1.24,79.0
2025-06-02 12:00:00,0.4,2.5,0.058,1.33,81.0
2025-06-02 13:00:00,0.4,2.4,0.061,1.2,82.0
2025-06-02 14:00:00,0.4,2.4,0.065,1.07,82.0
2025-06-02 15:00:00,0.6,2.8,0.063,0.95,82.0
2025-06-02 16:00:00,0.3,2.4,0.056,0.42,80.0
2025-06-02 17:00:00,0.3,1.8,0.06,0.57,80.0
2025-06-02 18:00:00,0.3,1.5,0.061,0.29,78.0
2025-06-02 19:00:00,0.1,2.0,0.059,0.05,74.0
2025-06-02 20:00:00,0.1,3.3,0.054,0.0,70.0
2025-06-02 21:00:00,0.2,7.3,0.045,0.0,68.0
2025-06-02 22:00:00,0.2,8.5,0.038,0.0,64.0
2025-06-02 23:00:00,0.1,6.5,0.037,0.0,61.0
2025-06-03 00:00:00,0.2,6.6,0.036,0.0,60.0
2025-06-03 01:00:00,0.0,5.5,0.041,0.0,60.0
2025-06-03 02:00:00,0.2,5.9,0.042,0.0,58.0
2025-06-03 03:00:00,0.2,9.8,0.033,0.0,55.0
2025-06-03 04:00:00,1.1,18.4,0.022,0.0,53.0
2025-06-03 05:00:00,4.2,27.2,0.017,0.07,53.0
2025-06-03 06:00:00,8.5,18.8,0.023,0.3,57.0
2025-06-03 07:00:00,4.5,11.7,0.041,0.58,65.0
2025-06-03 08:00:00,2.3,6.0,0.049,0.84,68.0
2025-06-03 09:00:00,1.4,3.5,0.053,1.06,69.0
2025-06-03 10:00:00,1.2,2.2,0.054,1.23,69.0
2025-06-03 11:00:00,0.4,1.4,0.054,1.32,70.0
2025-06-03 12:00:00,0.8,1.6,0.053,1.34,73.0
2025-06-03 13:00:00,0.7,1.3,0.051,1.28,75.0
2025-06-03 14:00:00,0.6,1.2,0.051,1.16,76.0
2025-06-03 15:00:00,0.4,1.2,0.055,0.99,76.0
2025-06-03 16:00:00,0.3,1.7,0.06,0.76,75.0
2025-06-03 17:00:00,0.3,1.7,0.058,0.5,75.0
2025-06-03 18:00:00,0.3,2.3,0.052,0.24,73.0
2025-06-03 19:00:00,0.4,4.5,0.046,0.02,71.0
2025-06-03 20:00:00,0.3,6.3,0.041,0.0,68.0
2025-06-03 21:00:00,0.2,5.4,0.039,0.0,64.0
2025-06-03 22:00:00,0.1,2.5,0.041,0.0,61.0
2025-06-03 23:00:00,0.1,3.4,0.039,0.0,59.0
2025-06-04 00:00:00,0.3,4.0,0.037,0.0,57.0
2025-06-04 01:00:00,0.2,2.2,0.037,0.0,55.0
2025-06-04 02:00:00,0.3,3.6,0.035,0.0,54.0
2025-06-04 03:00:00,0.3,4.6,0.032,0.0,52.0
2025-06-04 04:00:00,1.1,6.4,0.031,0.0,51.0
2025-06-04 05:00:00,2.3,10.7,0.026,0.07,52.0
2025-06-04 06:00:00,4.1,9.3,0.028,0.31,55.0
2025-06-04 07:00:00,6.3,9.3,0.031,0.58,59.0
2025-06-04 08:00:00,2.5,4.8,0.039,0.85,64.0
2025-06-04 09:00:00,2.6,5.5,0.041,1.06,69.0
2025-06-04 10:00:00,1.8,4.6,0.045,1.22,71.0
2025-06-04 11:00:00,0.8,2.6,0.051,1.34,73.0
2025-06-04 12:00:00,0.5,1.7,0.053,1.36,76.0
2025-06-04 13:00:00,0.4,1.2,0.05,1.29,77.0
2025-06-04 14:00:00,0.6,1.4,0.051,1.17,79.0
2025-06-04 15:00:00,0.4,1.3,0.051,0.98,80.0
2025-06-04 16:00:00,0.6,2.3,0.061,0.75,78.0
2025-06-04 17:00:00,0.4,2.6,0.059,0.5,77.0
2025-06-04 18:00:00,0.4,2.8,0.054,0.26,75.0
2025-06-04 19:00:00,0.2,3.6,0.047,0.05,72.0
2025-06-04 20:00:00,0.2,3.5,0.043,0.0,69.0
2025-06-04 21:00:00,0.1,3.9,0.042,0.0,67.0
2025-06-04 22:00:00,1.2,8.3,0.034,0.0,64.0
2025-06-04 23:00:00,0.1,5.6,0.033,0.0,61.0
2025-06-05 00:00:00,0.2,5.4,0.033,0.0,61.0
2025-06-05 01:00:00,0.1,3.0,0.037,0.0,61.0
2025-06-05 02:00:00,0.2,2.9,0.036,0.0,60.0
2025-06-05 03:00:00,0.3,4.2,0.034,0.0,59.0
2025-06-05 04:00:00,0.8,11.2,0.026,0.0,57.0
2025-06-05 05:00:00,2.4,10.0,0.025,0.07,56.0
2025-06-05 06:00:00,2.7,7.4,0.027,0.31,60.0
2025-06-05 07:00:00,4.7,8.1,0.027,0.53,62.0
2025-06-05 08:00:00,2.2,4.8,0.034,0.59,67.0
2025-06-05 09:00:00,2.0,4.1,0.041,0.81,71.0
2025-06-05 10:00:00,0.6,2.2,0.046,1.21,75.0
2025-06-05 11:00:00,0.6,2.1,0.051,1.33,77.0
2025-06-05 12:00:00,0.5,2.2,0.052,1.22,77.0
2025-06-05 13:00:00,0.3,1.3,0.051,1.15,78.0
2025-06-05 14:00:00,0.3,1.1,0.05,1.18,80.0
2025-06-05 15:00:00,0.3,1.3,0.053,1.02,80.0
2025-06-05 16:00:00,0.5,2.8,0.065,0.76,79.0
2025-06-05 17:00:00,0.3,2.3,0.066,0.51,78.0
2025-06-05 18:00:00,0.2,1.9,0.061,0.26,78.0
2025-06-05 19:00:00,0.2,3.3,0.051,0.05,73.0
2025-06-05 20:00:00,0.2,3.8,0.045,0.0,69.0
2025-06-05 21:00:00,0.1,1.6,0.043,0.0,67.0
2025-06-05 22:00:00,0.2,3.3,0.042,0.0,66.0
2025-06-05 23:00:00,0.2,3.8,0.042,0.0,66.0
2025-06-06 00:00:00,0.1,4.4,0.041,0.0,65.0
2025-06-06 01:00:00,0.2,5.8,0.036,0.0,62.0
2025-06-06 02:00:00,0.2,4.6,0.037,0.0,60.0
2025-06-06 03:00:00,0.3,3.9,0.036,0.0,60.0
2025-06-06 04:00:00,,,0.034,0.0,58.0
2025-06-06 05:00:00,1.4,7.5,0.031,0.08,58.0
2025-06-06 06:00:00,1.9,6.8,0.032,0.34,61.0
2025-06-06 07:00:00,4.3,9.2,0.03,0.3,62.0
2025-06-06 08:00:00,3.9,8.6,0.031,0.55,64.0
2025-06-06 09:00:00,1.6,3.7,0.044,1.02,71.0
2025-06-06 10:00:00,0.6,2.3,0.051,1.21,75.0
2025-06-06 11:00:00,0.9,2.1,0.054,1.31,77.0
2025-06-06 12:00:00,0.6,4.3,0.054,1.39,78.0
2025-06-06 13:00:00,0.4,1.3,0.054,1.25,80.0
2025-06-06 14:00:00,0.2,1.1,0.056,1.17,80.0
2025-06-06 15:00:00,0.5,1.7,0.063,0.94,80.0
2025-06-06 16:00:00,0.3,1.8,0.065,0.75,81.0
2025-06-06 17:00:00,0.2,1.6,0.063,0.5,80.0
2025-06-06 18:00:00,0.3,2.4,0.059,0.25,78.0
2025-06-06 19:00:00,0.2,3.5,0.054,0.05,76.0
2025-06-06 20:00:00,0.2,7.1,0.047,0.0,73.0
2025-06-06 21:00:00,0.2,9.7,0.039,0.0,68.0
2025-06-06 22:00:00,0.2,3.6,0.045,0.0,66.0
2025-06-06 23:00:00,0.3,6.2,0.042,0.0,64.0
2025-06-07 00:00:00,0.1,3.1,0.044,0.0,62.0
2025-06-07 01:00:00,0.2,2.7,0.042,0.0,61.0
2025-06-07 02:00:00,0.2,3.5,0.041,0.0,60.0
2025-06-07 03:00:00,0.2,4.5,0.04,0.0,60.0
2025-06-07 04:00:00,0.4,4.8,,0.0,58.0
2025-06-07 05:00:00,0.4,3.7,0.038,0.07,58.0
2025-06-07 06:00:00,0.9,3.9,0.036,0.31,60.0
2025-06-07 07:00:00,1.4,4.3,0.039,0.58,64.0
2025-06-07 08:00:00,1.1,3.9,0.043,0.71,70.0
2025-06-07 09:00:00,0.6,2.6,0.048,1.08,75.0
2025-06-07 10:00:00,0.4,2.0,0.054,1.23,80.0
2025-06-07 11:00:00,0.2,1.5,0.057,1.32,82.0
2025-06-07 12:00:00,0.2,0.9,0.057,1.34,84.0
2025-06-07 13:00:00,0.2,1.1,0.06,1.29,84.0
2025-06-07 14:00:00,0.2,1.1,0.061,1.17,86.0
2025-06-07 15:00:00,0.3,1.5,0.066,0.98,86.0
2025-06-07 16:00:00,0.3,1.5,0.066,0.76,86.0
2025-06-07 17:00:00,0.2,1.4,0.06,0.51,85.0
2025-06-07 18:00:00,0.3,2.3,0.052,0.26,83.0
2025-06-07 19:00:00,0.2,3.6,0.045,0.06,80.0
2025-06-07 20:00:00,0.3,7.8,0.035,0.0,75.0
2025-06-07 21:00:00,0.2,5.9,0.037,0.0,71.0
2025-06-07 22:00:00,0.2,4.3,0.039,0.0,70.0
2025-06-07 23:00:00,0.2,4.3,0.039,0.0,67.0
2025-06-08 00:00:00,0.4,5.8,0.037,0.0,66.0
2025-06-08 01:00:00,0.2,2.3,0.038,0.0,64.0
2025-06-08 02:00:00,0.5,5.1,0.035,0.0,63.0
2025-06-08 03:00:00,0.3,4.5,0.034,0.0,61.0
2025-06-08 04:00:00,,,0.032,0.0,60.0
2025-06-08 05:00:00,0.4,3.2,0.032,0.08,60.0
2025-06-08 06:00:00,1.2,3.8,0.032,0.31,62.0
2025-06-08 07:00:00,1.2,3.7,0.035,0.58,68.0
2025-06-08 08:00:00,0.9,2.9,0.039,0.84,72.0
2025-06-08 09:00:00,0.8,2.5,0.043,1.06,77.0
2025-06-08 10:00:00,0.4,1.9,0.049,1.23,82.0
2025-06-08 11:00:00,0.4,2.1,0.053,1.33,86.0
2025-06-08 12:00:00,0.2,0.8,0.052,1.35,89.0
2025-06-08 13:00:00,0.3,1.1,0.053,1.3,90.0
2025-06-08 14:00:00,0.3,1.1,0.055,1.18,90.0
2025-06-08 15:00:00,0.2,1.4,0.059,0.99,89.0
2025-06-08 16:00:00,0.3,1.3,0.05,0.77,89.0
2025-06-08 17:00:00,0.3,1.0,0.04,0.51,88.0
2025-06-08 18:00:00,0.2,1.0,0.034,0.27,86.0
2025-06-08 19:00:00,0.1,1.3,0.031,0.07,82.0
2025-06-08 20:00:00,0.1,3.4,0.032,0.0,77.0
2025-06-08 21:00:00,0.2,10.2,0.02,0.0,74.0
2025-06-08 22:00:00,0.9,8.2,0.022,0.0,71.0
2025-06-08 23:00:00,0.1,4.5,0.024,0.0,69.0
2025-06-09 00:00:00,0.2,2.9,0.024,0.0,67.0
2025-06-09 01:00:00,2.0,7.1,0.02,0.0,65.0
2025-06-09 02:00:00,0.4,3.4,0.026,0.0,65.0
2025-06-09 03:00:00,0.2,3.6,0.026,0.0,65.0
2025-06-09 04:00:00,0.6,5.4,0.023,0.0,63.0
2025-06-09 05:00:00,1.3,6.8,0.023,0.08,63.0
2025-06-09 06:00:00,3.8,7.9,0.023,0.32,66.0
2025-06-09 07:00:00,3.0,4.7,0.025,0.59,68.0
2025-06-09 08:00:00,2.7,4.3,0.029,0.85,74.0
2025-06-09 09:00:00,2.2,4.6,0.035,1.08,79.0
2025-06-09 10:00:00,2.4,6.7,0.042,1.24,82.0
2025-06-09 11:00:00,1.1,4.2,0.049,1.34,84.0
2025-06-09 12:00:00,0.5,2.5,0.051,1.36,87.0
2025-06-09 13:00:00,0.7,1.3,0.044,1.32,89.0
2025-06-09 14:00:00,0.5,1.2,0.045,1.21,90.0
2025-06-09 15:00:00,0.4,1.3,0.049,1.03,92.0
2025-06-09 16:00:00,0.5,2.0,0.054,0.79,92.0
2025-06-09 17:00:00,0.3,1.7,0.055,0.54,92.0
2025-06-09 18:00:00,0.5,2.2,0.056,0.27,91.0
2025-06-09 19:00:00,0.2,3.9,0.056,0.06,87.0
2025-06-09 20:00:00,0.2,8.6,0.042,0.0,80.0
2025-06-09 21:00:00,0.1,6.0,0.04,0.0,75.0
2025-06-09 22:00:00,0.7,8.4,0.038,0.0,73.0
2025-06-09 23:00:00,0.2,5.3,0.038,0.0,71.0
2025-06-10 00:00:00,0.5,6.1,0.035,0.0,69.0
2025-06-10 01:00:00,0.3,4.2,0.034,0.0,68.0
2025-06-10 02:00:00,0.7,6.6,0.031,0.0,66.0
2025-06-10 03:00:00,0.7,7.0,0.031,0.0,64.0
2025-06-10 04:00:00,0.6,5.4,0.031,0.0,63.0
2025-06-10 05:00:00,1.6,8.5,0.027,0.08,63.0
2025-06-10 06:00:00,4.2,10.1,0.028,0.32,66.0
2025-06-10 07:00:00,5.1,9.6,0.03,0.59,69.0
2025-06-10 08:00:00,3.6,7.4,0.036,0.85,74.0
2025-06-10 09:00:00,1.8,5.1,0.044,1.07,79.0
2025-06-10 10:00:00,3.0,7.7,0.051,1.25,86.0
2025-06-10 11:00:00,1.5,5.1,0.056,1.33,90.0
2025-06-10 12:00:00,1.3,4.1,0.062,1.36,91.0
2025-06-10 13:00:00,1.2,2.5,0.054,1.15,93.0
2025-06-10 14:00:00,0.4,1.9,0.046,0.59,88.0
2025-06-10 15:00:00,0.6,2.0,0.043,0.5,88.0
2025-06-10 16:00:00,0.4,2.0,0.043,0.41,89.0
2025-06-10 17:00:00,0.6,2.2,0.041,0.3,89.0
2025-06-10 18:00:00,0.2,1.9,0.046,0.28,91.0
2025-06-10 19:00:00,0.4,5.9,0.035,0.06,85.0
2025-06-10 20:00:00,0.2,4.3,0.032,0.0,80.0
2025-06-10 21:00:00,0.2,3.3,0.032,0.0,76.0
2025-06-10 22:00:00,0.2,2.8,0.034,0.0,74.0
2025-06-10 23:00:00,0.2,4.1,0.031,0.0,74.0
2025-06-11 00:00:00,0.3,3.7,0.03,0.0,72.0
2025-06-11 01:00:00,0.3,2.7,0.029,0.0,71.0
2025-06-11 02:00:00,0.2,3.5,0.031,0.0,69.0
2025-06-11 03:00:00,0.9,6.0,0.027,0.0,68.0
2025-06-11 04:00:00,1.7,7.9,0.024,0.0,67.0
2025-06-11 05:00:00,1.4,6.5,0.025,0.09,67.0
2025-06-11 06:00:00,2.0,5.9,0.026,0.21,68.0
2025-06-11 07:00:00,5.7,8.7,0.026,0.47,71.0
2025-06-11 08:00:00,2.4,4.9,0.031,0.81,78.0
2025-06-11 09:00:00,2.6,5.3,0.034,0.89,81.0
2025-06-11 10:00:00,1.7,3.7,0.038,1.22,87.0
2025-06-11 11:00:00,1.2,2.7,0.045,1.34,91.0
2025-06-11 12:00:00,1.7,5.0,0.05,1.23,94.0
2025-06-11 13:00:00,0.7,2.4,0.052,1.0,93.0
2025-06-11 14:00:00,0.6,2.6,0.053,0.86,95.0
2025-06-11 15:00:00,0.6,1.7,0.056,0.8,95.0
2025-06-11 16:00:00,0.6,1.6,0.056,0.64,95.0
2025-06-11 17:00:00,0.6,1.2,0.056,0.56,95.0
2025-06-11 18:00:00,0.2,1.5,0.052,0.29,93.0
2025-06-11 19:00:00,0.4,2.5,0.047,0.06,88.0
2025-06-11 20:00:00,0.2,2.9,0.043,0.0,82.0
2025-06-11 21:00:00,0.2,3.4,0.041,0.0,79.0
2025-06-11 22:00:00,0.1,2.6,0.039,0.0,77.0
2025-06-11 23:00:00,0.2,6.5,0.033,0.0,75.0
2025-06-12 00:00:00,0.4,5.3,0.033,0.0,71.0
2025-06-12 01:00:00,0.6,4.2,0.033,0.0,69.0
2025-06-12 02:00:00,0.3,4.1,0.033,0.0,68.0
2025-06-12 03:00:00,1.1,8.1,0.03,0.0,67.0
2025-06-12 04:00:00,2.5,15.1,0.022,0.0,65.0
2025-06-12 05:00:00,2.2,12.6,0.023,0.07,64.0
2025-06-12 06:00:00,5.6,10.9,0.027,0.3,68.0
2025-06-12 07:00:00,5.4,8.7,0.031,0.57,73.0
2025-06-12 08:00:00,2.6,5.8,0.038,0.83,76.0
2025-06-12 09:00:00,1.4,4.1,0.045,1.05,81.0
2025-06-12 10:00:00,1.4,4.5,0.054,1.22,86.0
2025-06-12 11:00:00,0.9,3.4,0.058,1.32,89.0
2025-06-12 12:00:00,1.6,3.2,0.057,1.35,92.0
2025-06-12 13:00:00,5.5,6.7,0.055,1.31,93.0
2025-06-12 14:00:00,0.9,1.8,0.057,1.2,94.0
2025-06-12 15:00:00,0.5,1.2,0.058,1.03,95.0
2025-06-12 16:00:00,0.9,1.8,0.056,0.72,94.0
2025-06-12 17:00:00,0.7,1.3,0.056,0.54,94.0
2025-06-12 18:00:00,0.4,2.3,0.052,0.16,91.0
2025-06-12 19:00:00,0.2,6.4,0.045,0.03,87.0
2025-06-12 20:00:00,0.1,6.2,0.041,0.0,81.0
2025-06-12 21:00:00,0.1,6.0,0.041,0.0,79.0
2025-06-12 22:00:00,0.2,6.4,0.04,0.0,77.0
2025-06-12 23:00:00,0.1,5.6,0.041,0.0,76.0
2025-06-13 00:00:00,0.3,3.7,0.044,0.0,74.0
2025-06-13 01:00:00,0.2,3.1,0.044,0.0,73.0
2025-06-13 02:00:00,0.2,3.0,0.045,0.0,72.0
2025-06-13 03:00:00,0.2,2.3,0.043,0.0,69.0
2025-06-13 04:00:00,,,0.037,0.0,68.0
2025-06-13 05:00:00,1.2,11.3,0.033,0.08,67.0
2025-06-13 06:00:00,2.4,7.7,0.035,0.32,70.0
2025-06-13 07:00:00,3.0,7.3,0.036,0.59,74.0
2025-06-13 08:00:00,3.5,7.3,0.042,0.86,80.0
2025-06-13 09:00:00,1.3,3.7,0.05,1.08,83.0
2025-06-13 10:00:00,1.0,2.8,0.053,1.24,87.0
2025-06-13 11:00:00,0.7,1.9,0.053,1.34,90.0
2025-06-13 12:00:00,0.7,2.2,0.053,1.37,92.0
2025-06-13 13:00:00,1.0,2.2,0.054,1.31,93.0
2025-06-13 14:00:00,0.7,1.6,0.056,1.19,94.0
2025-06-13 15:00:00,0.4,1.3,0.059,1.01,94.0
2025-06-13 16:00:00,0.7,1.2,0.058,0.79,95.0
2025-06-13 17:00:00,0.4,1.3,0.054,0.53,93.0
2025-06-13 18:00:00,1.0,3.9,0.051,0.27,92.0
2025-06-13 19:00:00,0.5,5.1,0.047,0.06,88.0
2025-06-13 20:00:00,0.1,4.0,0.05,0.0,85.0
2025-06-13 21:00:00,0.1,7.7,0.038,0.0,79.0
2025-06-13 22:00:00,0.2,4.1,0.042,0.0,75.0
2025-06-13 23:00:00,0.1,3.3,0.044,0.0,75.0
2025-06-14 00:00:00,0.2,3.5,0.044,0.0,73.0
2025-06-14 01:00:00,0.3,6.9,0.041,0.0,72.0
2025-06-14 02:00:00,0.2,2.6,0.045,0.0,70.0
2025-06-14 03:00:00,0.1,3.5,0.043,0.0,69.0
2025-06-14 04:00:00,0.3,5.5,,0.0,68.0
2025-06-14 05:00:00,0.4,5.4,0.041,0.08,68.0
2025-06-14 06:00:00,0.8,3.5,0.041,0.32,71.0
2025-06-14 07:00:00,1.5,4.6,0.041,0.59,73.0
2025-06-14 08:00:00,1.4,4.2,0.044,0.86,79.0
2025-06-14 09:00:00,0.6,2.0,0.05,1.08,83.0
2025-06-14 10:00:00,0.4,1.7,0.054,1.25,86.0
2025-06-14 11:00:00,0.4,1.8,0.056,1.34,90.0
2025-06-14 12:00:00,0.3,1.5,0.058,1.38,93.0
2025-06-14 13:00:00,0.4,1.5,0.058,1.32,94.0
2025-06-14 14:00:00,0.3,1.1,0.058,1.11,96.0
2025-06-14 15:00:00,0.2,0.8,0.058,0.89,96.0
2025-06-14 16:00:00,0.3,0.6,0.058,0.65,95.0
2025-06-14 17:00:00,0.2,0.6,0.057,0.3,94.0
2025-06-14 18:00:00,0.4,2.9,0.051,0.21,92.0
2025-06-14 19:00:00,0.3,4.2,0.04,0.07,85.0
2025-06-14 20:00:00,0.2,2.4,0.041,0.0,79.0
2025-06-14 21:00:00,0.1,2.5,0.041,0.0,77.0
2025-06-14 22:00:00,0.1,3.1,0.04,0.0,76.0
2025-06-14 23:00:00,0.1,2.6,0.038,0.0,74.0
2025-06-15 00:00:00,0.2,1.7,0.038,0.0,72.0
2025-06-15 01:00:00,0.2,2.0,0.036,0.0,70.0
2025-06-15 02:00:00,0.0,1.5,0.036,0.0,68.0
2025-06-15 03:00:00,0.2,2.5,0.035,0.0,67.0
2025-06-15 04:00:00,,,0.032,0.0,67.0
2025-06-15 05:00:00,1.1,6.5,0.031,0.06,67.0
2025-06-15 06:00:00,0.8,4.1,0.033,0.21,68.0
2025-06-15 07:00:00,2.4,5.7,0.033,0.59,73.0
2025-06-15 08:00:00,1.7,4.3,0.038,0.86,78.0
2025-06-15 09:00:00,0.6,2.1,0.045,1.09,83.0
2025-06-15 10:00:00,0.4,1.8,0.049,1.26,88.0
2025-06-15 11:00:00,0.5,1.5,0.053,1.34,91.0
2025-06-15 12:00:00,0.3,0.9,0.052,1.37,94.0
2025-06-15 13:00:00,0.3,0.8,0.051,1.33,97.0
2025-06-15 14:00:00,0.2,0.6,0.048,1.21,97.0
2025-06-15 15:00:00,0.3,0.6,0.046,1.04,97.0
2025-06-15 16:00:00,0.3,0.6,0.043,0.82,97.0
2025-06-15 17:00:00,0.3,0.9,0.041,0.55,96.0
2025-06-15 18:00:00,0.3,2.3,0.044,0.25,93.0
2025-06-15 19:00:00,0.2,2.8,0.053,0.06,87.0
2025-06-15 20:00:00,0.3,4.5,0.037,0.0,81.0
2025-06-15 21:00:00,0.3,10.9,0.026,0.0,77.0
2025-06-15 22:00:00,0.9,6.5,0.028,0.0,74.0
2025-06-15 23:00:00,0.4,3.5,0.03,0.0,72.0
2025-06-16 00:00:00,0.4,2.5,0.031,0.0,70.0
2025-06-16 01:00:00,0.9,7.1,0.027,0.0,69.0
2025-06-16 02:00:00,1.8,6.7,0.026,0.0,67.0
2025-06-16 03:00:00,0.7,3.1,0.03,0.0,67.0
2025-06-16 04:00:00,1.2,7.4,0.024,0.0,65.0
2025-06-16 05:00:00,2.2,7.4,0.023,0.08,63.0
2025-06-16 06:00:00,4.0,6.3,0.024,0.33,66.0
2025-06-16 07:00:00,6.7,8.5,0.025,0.6,71.0
2025-06-16 08:00:00,5.3,8.7,0.032,0.87,76.0
2025-06-16 09:00:00,3.8,8.7,0.043,1.07,82.0
2025-06-16 10:00:00,2.9,7.8,0.043,1.15,87.0
2025-06-16 11:00:00,0.8,2.9,0.049,1.28,90.0
2025-06-16 12:00:00,5.1,6.7,0.059,1.21,95.0
2025-06-16 13:00:00,3.7,6.6,0.08,0.78,95.0
2025-06-16 14:00:00,1.7,4.5,0.06,0.46,93.0
2025-06-16 15:00:00,1.3,4.2,0.052,0.46,89.0
2025-06-16 16:00:00,1.1,4.2,0.057,0.4,87.0
2025-06-16 17:00:00,0.8,4.0,0.062,0.31,87.0
2025-06-16 18:00:00,0.5,3.7,0.056,0.15,85.0
2025-06-16 19:00:00,0.3,4.4,0.051,0.03,81.0
2025-06-16 20:00:00,0.7,6.2,0.045,0.0,78.0
2025-06-16 21:00:00,0.6,10.2,0.036,0.0,76.0
2025-06-16 22:00:00,0.5,9.0,0.034,0.0,73.0
2025-06-16 23:00:00,0.4,6.9,0.035,0.0,71.0
2025-06-17 00:00:00,0.4,7.5,0.034,0.0,69.0
2025-06-17 01:00:00,0.3,4.8,0.034,0.0,67.0
2025-06-17 02:00:00,0.4,4.2,0.036,0.0,67.0
2025-06-17 03:00:00,0.7,6.2,0.033,0.0,66.0
2025-06-17 04:00:00,0.8,11.0,0.028,0.0,65.0
2025-06-17 05:00:00,3.3,16.0,0.021,0.07,63.0
2025-06-17 06:00:00,7.7,14.5,0.024,0.3,66.0
2025-06-17 07:00:00,10.8,16.3,0.025,0.57,74.0
2025-06-17 08:00:00,4.0,6.7,0.04,0.83,79.0
2025-06-17 09:00:00,2.9,5.7,0.048,1.06,80.0
2025-06-17 10:00:00,1.4,4.1,0.055,1.22,81.0
2025-06-17 11:00:00,1.0,3.1,0.058,1.32,83.0
2025-06-17 12:00:00,1.2,1.8,0.056,1.34,84.0
2025-06-17 13:00:00,0.5,6.4,0.058,1.29,84.0
2025-06-17 14:00:00,0.5,1.5,0.057,1.17,85.0
2025-06-17 15:00:00,0.6,1.4,0.056,1.0,85.0
2025-06-17 16:00:00,0.4,1.3,0.054,0.78,84.0
2025-06-17 17:00:00,0.4,1.3,0.053,0.53,83.0
2025-06-17 18:00:00,0.2,1.4,0.052,0.28,82.0
2025-06-17 19:00:00,0.3,2.1,0.048,0.07,80.0
2025-06-17 20:00:00,0.2,3.0,0.045,0.0,77.0
2025-06-17 21:00:00,0.4,9.7,0.035,0.0,73.0
2025-06-17 22:00:00,0.2,4.9,0.04,0.0,69.0
2025-06-17 23:00:00,0.2,2.2,0.042,0.0,68.0
2025-06-18 00:00:00,0.7,3.8,0.041,0.0,67.0
2025-06-18 01:00:00,3.1,11.0,0.034,0.0,65.0
2025-06-18 02:00:00,0.2,2.5,0.038,0.0,62.0
2025-06-18 03:00:00,0.8,7.1,0.034,0.0,62.0
2025-06-18 04:00:00,0.7,6.0,0.035,0.0,60.0
2025-06-18 05:00:00,1.6,6.8,0.033,0.08,60.0
2025-06-18 06:00:00,5.4,9.8,0.031,0.32,63.0
2025-06-18 07:00:00,5.1,9.7,0.035,0.58,67.0
2025-06-18 08:00:00,2.8,6.1,0.039,0.84,71.0
2025-06-18 09:00:00,2.4,6.4,0.047,1.06,78.0
2025-06-18 10:00:00,3.1,9.0,0.05,1.23,82.0
2025-06-18 11:00:00,3.7,7.9,0.058,1.33,86.0
2025-06-18 12:00:00,0.9,2.9,0.059,1.35,91.0
2025-06-18 13:00:00,1.3,2.3,0.057,1.3,90.0
2025-06-18 14:00:00,0.3,1.1,0.051,1.19,91.0
2025-06-18 15:00:00,0.7,2.0,0.056,1.01,94.0
2025-06-18 16:00:00,0.5,1.7,0.059,0.78,95.0
2025-06-18 17:00:00,0.5,1.9,0.058,0.53,96.0
2025-06-18 18:00:00,0.4,1.4,0.056,0.28,92.0
2025-06-18 19:00:00,0.4,4.3,0.047,0.07,89.0
2025-06-18 20:00:00,0.8,4.3,0.042,0.0,80.0
2025-06-18 21:00:00,0.2,3.0,0.043,0.0,79.0
2025-06-18 22:00:00,0.1,2.3,0.044,0.0,77.0
2025-06-18 23:00:00,0.2,2.8,0.043,0.0,75.0
2025-06-19 00:00:00,0.3,4.6,0.04,0.0,74.0
2025-06-19 01:00:00,1.2,8.0,0.036,0.0,73.0
2025-06-19 02:00:00,0.4,5.2,0.038,0.0,72.0
2025-06-19 03:00:00,0.6,5.0,0.038,0.0,70.0
2025-06-19 04:00:00,0.5,4.9,0.036,0.0,68.0
2025-06-19 05:00:00,2.3,7.1,0.034,0.08,68.0
2025-06-19 06:00:00,5.2,9.9,0.032,0.32,71.0
2025-06-19 07:00:00,5.4,8.4,0.035,0.6,74.0
2025-06-19 08:00:00,2.9,6.2,0.039,0.86,79.0
2025-06-19 09:00:00,2.2,5.3,0.043,1.08,86.0
2025-06-19 10:00:00,2.1,5.4,0.051,1.25,92.0
2025-06-19 11:00:00,1.0,3.2,0.058,1.35,96.0
2025-06-19 12:00:00,1.1,2.8,0.058,1.36,99.0
2025-06-19 13:00:00,1.5,2.7,0.056,1.32,99.0
2025-06-19 14:00:00,1.1,1.7,0.056,1.2,100.0
2025-06-19 15:00:00,0.9,1.8,0.056,1.01,101.0
2025-06-19 16:00:00,1.2,2.4,0.055,0.7,100.0
2025-06-19 17:00:00,0.6,2.0,0.054,0.54,99.0
2025-06-19 18:00:00,0.4,1.5,0.052,0.26,94.0
2025-06-19 19:00:00,0.4,1.6,0.051,0.07,90.0
2025-06-19 20:00:00,0.1,3.3,0.045,0.0,87.0
2025-06-19 21:00:00,0.2,3.1,0.044,0.0,88.0
2025-06-19 22:00:00,0.3,2.8,0.042,0.0,85.0
2025-06-19 23:00:00,0.1,1.6,0.043,0.0,85.0
2025-06-20 00:00:00,0.3,4.1,0.036,0.0,80.0
2025-06-20 01:00:00,0.3,8.0,0.03,0.0,76.0
2025-06-20 02:00:00,0.2,6.4,0.028,0.0,73.0
2025-06-20 03:00:00,0.3,7.8,0.027,0.0,71.0
2025-06-20 04:00:00,,,0.025,0.0,72.0
2025-06-20 05:00:00,3.3,15.1,0.021,0.08,69.0
2025-06-20 06:00:00,4.0,10.4,0.028,0.32,75.0
2025-06-20 07:00:00,8.6,12.6,0.029,0.58,81.0
2025-06-20 08:00:00,2.9,6.3,0.037,0.84,82.0
2025-06-20 09:00:00,1.1,2.9,0.053,1.06,86.0
2025-06-20 10:00:00,0.8,2.0,0.061,1.22,87.0
2025-06-20 11:00:00,0.9,2.5,0.062,1.33,89.0
2025-06-20 12:00:00,0.8,2.2,0.063,1.35,90.0
2025-06-20 13:00:00,0.7,2.6,0.068,1.29,91.0
2025-06-20 14:00:00,0.8,2.0,0.065,1.17,92.0
2025-06-20 15:00:00,0.5,1.8,0.064,0.98,93.0
2025-06-20 16:00:00,0.5,2.0,0.066,0.75,94.0
2025-06-20 17:00:00,0.4,2.3,0.07,0.47,92.0
2025-06-20 18:00:00,0.3,1.6,0.065,0.27,90.0
2025-06-20 19:00:00,0.2,3.2,0.059,0.06,88.0
2025-06-20 20:00:00,0.2,3.5,0.06,0.0,86.0
2025-06-20 21:00:00,0.2,2.0,0.059,0.0,85.0
2025-06-20 22:00:00,0.2,1.5,0.056,0.0,84.0
2025-06-20 23:00:00,0.2,1.2,0.052,0.0,81.0
2025-06-21 00:00:00,0.2,1.7,0.041,0.0,67.0
2025-06-21 01:00:00,0.2,2.1,0.039,0.0,63.0
2025-06-21 02:00:00,0.2,1.8,0.04,0.0,60.0
2025-06-21 03:00:00,0.2,1.5,0.039,0.0,59.0
2025-06-21 04:00:00,0.1,1.7,,0.0,58.0
2025-06-21 05:00:00,0.2,2.9,0.036,0.07,58.0
2025-06-21 06:00:00,0.6,2.3,0.037,0.28,62.0
2025-06-21 07:00:00,0.7,2.1,0.04,0.55,64.0
2025-06-21 08:00:00,1.0,2.5,0.04,0.81,65.0
2025-06-21 09:00:00,0.8,2.3,0.044,1.03,67.0
2025-06-21 10:00:00,0.7,2.5,0.048,1.2,69.0
2025-06-21 11:00:00,0.6,2.5,0.053,1.3,72.0
2025-06-21 12:00:00,0.4,2.0,0.056,1.32,74.0
2025-06-21 13:00:00,0.3,1.5,0.055,1.27,77.0
2025-06-21 14:00:00,0.2,1.1,0.054,1.15,79.0
2025-06-21 15:00:00,0.5,1.6,0.055,0.97,82.0
2025-06-21 16:00:00,0.3,1.7,0.053,0.74,77.0
2025-06-21 17:00:00,0.4,1.7,0.05,0.49,74.0
2025-06-21 18:00:00,0.3,1.7,0.047,0.23,72.0
2025-06-21 19:00:00,0.1,1.2,0.046,0.06,69.0
2025-06-21 20:00:00,0.1,1.0,0.04,0.0,63.0
2025-06-21 21:00:00,0.1,0.9,0.042,0.0,58.0
2025-06-21 22:00:00,0.2,0.7,0.05,0.0,56.0
2025-06-21 23:00:00,0.2,0.7,0.05,0.0,56.0
2025-06-22 00:00:00,0.1,0.7,0.049,0.0,55.0
2025-06-22 01:00:00,0.2,0.7,0.052,0.0,52.0
2025-06-22 02:00:00,0.1,0.7,0.053,0.0,51.0
2025-06-22 03:00:00,0.1,0.6,0.052,0.0,50.0
2025-06-22 04:00:00,,,0.052,0.0,49.0
2025-06-22 05:00:00,0.2,1.1,0.051,0.03,49.0
2025-06-22 06:00:00,0.5,1.6,0.051,0.09,50.0
2025-06-22 07:00:00,0.2,1.2,0.052,0.13,51.0
2025-06-22 08:00:00,0.3,1.0,0.053,0.78,55.0
2025-06-22 09:00:00,0.3,1.1,0.055,1.03,57.0
2025-06-22 10:00:00,0.3,0.9,0.055,1.24,59.0
2025-06-22 11:00:00,0.2,0.7,0.053,1.25,61.0
2025-06-22 12:00:00,0.2,0.8,0.053,1.36,63.0
2025-06-22 13:00:00,0.2,0.8,0.053,1.3,65.0
2025-06-22 14:00:00,0.2,0.7,0.052,1.18,67.0
2025-06-22 15:00:00,0.2,0.7,0.051,1.01,68.0
2025-06-22 16:00:00,0.2,1.0,0.054,0.78,67.0
2025-06-22 17:00:00,0.3,1.8,0.052,0.53,66.0
2025-06-22 18:00:00,0.2,1.6,0.047,0.28,65.0
2025-06-22 19:00:00,0.3,1.8,0.043,0.07,63.0
2025-06-22 20:00:00,0.2,1.9,0.04,0.0,61.0
2025-06-22 21:00:00,0.1,2.1,0.039,0.0,59.0
2025-06-22 22:00:00,0.5,5.6,0.03,0.0,56.0
2025-06-22 23:00:00,0.6,5.7,0.03,0.0,54.0
2025-06-23 00:00:00,0.2,4.3,0.03,0.0,53.0
2025-06-23 01:00:00,0.3,3.3,0.031,0.0,52.0
2025-06-23 02:00:00,0.2,3.7,0.03,0.0,51.0
2025-06-23 03:00:00,0.3,4.1,0.031,0.0,51.0
2025-06-23 04:00:00,0.4,4.3,0.031,0.0,52.0
2025-06-23 05:00:00,1.7,10.4,0.025,0.03,52.0
2025-06-23 06:00:00,3.0,9.8,0.025,0.21,55.0
2025-06-23 07:00:00,3.3,7.1,0.029,0.5,59.0
2025-06-23 08:00:00,2.2,4.3,0.034,0.86,63.0
2025-06-23 09:00:00,1.9,3.9,0.036,0.99,64.0
2025-06-23 10:00:00,1.3,3.4,0.039,0.94,66.0
2025-06-23 11:00:00,1.1,2.5,0.043,1.3,69.0
2025-06-23 12:00:00,1.4,3.1,0.046,1.34,72.0
2025-06-23 13:00:00,0.8,2.4,0.05,1.29,74.0
2025-06-23 14:00:00,0.7,2.6,0.054,1.2,77.0
2025-06-23 15:00:00,0.4,1.8,0.054,1.01,77.0
2025-06-23 16:00:00,0.4,2.2,0.057,0.74,77.0
2025-06-23 17:00:00,0.9,4.0,0.052,0.52,75.0
2025-06-23 18:00:00,0.6,4.5,0.048,0.2,72.0
2025-06-23 19:00:00,0.3,4.0,0.045,0.02,69.0
2025-06-23 20:00:00,0.3,5.0,0.04,0.0,66.0
2025-06-23 21:00:00,0.2,6.4,0.035,0.0,64.0
2025-06-23 22:00:00,0.2,8.3,0.034,0.0,62.0
2025-06-23 23:00:00,0.5,9.0,0.033,0.0,60.0
2025-06-24 00:00:00,0.2,6.0,0.034,0.0,59.0
2025-06-24 01:00:00,0.3,5.1,0.034,0.0,58.0
2025-06-24 02:00:00,0.1,5.2,0.036,0.0,58.0
2025-06-24 03:00:00,0.4,7.9,0.031,0.0,59.0
2025-06-24 04:00:00,0.5,13.4,0.022,0.0,57.0
2025-06-24 05:00:00,2.2,14.5,0.025,0.03,57.0
2025-06-24 06:00:00,4.6,12.2,0.026,0.31,61.0
2025-06-24 07:00:00,5.0,9.5,0.029,0.55,64.0
2025-06-24 08:00:00,4.9,8.2,0.037,0.82,69.0
2025-06-24 09:00:00,3.2,5.6,0.045,1.04,73.0
2025-06-24 10:00:00,1.4,4.0,0.049,1.21,76.0
2025-06-24 11:00:00,1.5,3.3,0.053,1.3,78.0
2025-06-24 12:00:00,0.4,2.4,0.056,1.33,78.0
2025-06-24 13:00:00,0.4,1.6,0.057,1.29,80.0
2025-06-24 14:00:00,0.7,2.2,0.06,1.17,83.0
2025-06-24 15:00:00,0.4,1.5,0.06,0.99,84.0
2025-06-24 16:00:00,0.4,1.5,0.059,0.77,86.0
2025-06-24 17:00:00,0.2,1.1,0.059,0.53,85.0
2025-06-24 18:00:00,0.2,1.9,0.059,0.27,82.0
2025-06-24 19:00:00,0.2,2.7,0.055,0.04,77.0
2025-06-24 20:00:00,0.2,3.0,0.052,0.0,73.0
2025-06-24 21:00:00,0.1,3.5,0.049,0.0,71.0
2025-06-24 22:00:00,0.2,6.6,0.04,0.0,68.0
2025-06-24 23:00:00,0.2,7.3,0.038,0.0,67.0
2025-06-25 00:00:00,0.2,4.7,0.039,0.0,65.0
2025-06-25 01:00:00,0.7,6.1,0.038,0.0,63.0
2025-06-25 02:00:00,0.2,4.0,0.039,0.0,62.0
2025-06-25 03:00:00,0.5,10.6,0.034,0.0,61.0
2025-06-25 04:00:00,0.3,6.6,0.038,0.0,60.0
2025-06-25 05:00:00,1.3,10.3,0.035,0.04,60.0
2025-06-25 06:00:00,2.2,9.2,0.036,0.21,62.0
2025-06-25 07:00:00,6.8,11.0,0.036,0.48,65.0
2025-06-25 08:00:00,1.7,5.0,0.044,0.8,70.0
2025-06-25 09:00:00,2.8,7.4,0.045,1.03,75.0
2025-06-25 10:00:00,1.7,5.4,0.053,1.19,79.0
2025-06-25 11:00:00,0.7,2.6,0.059,1.31,82.0
2025-06-25 12:00:00,0.3,1.4,0.059,1.34,84.0
2025-06-25 13:00:00,0.4,1.2,0.059,1.26,85.0
2025-06-25 14:00:00,0.3,1.1,0.058,1.12,85.0
2025-06-25 15:00:00,0.2,1.1,0.061,0.99,84.0
2025-06-25 16:00:00,0.3,1.4,0.066,0.77,84.0
2025-06-25 17:00:00,0.2,1.8,0.07,0.52,86.0
2025-06-25 18:00:00,0.2,2.0,0.064,0.27,83.0
2025-06-25 19:00:00,0.1,2.2,0.055,0.07,80.0
2025-06-25 20:00:00,0.2,6.2,0.046,0.0,75.0
2025-06-25 21:00:00,0.3,5.9,0.045,0.0,71.0
2025-06-25 22:00:00,0.2,4.0,0.047,0.0,69.0
2025-06-25 23:00:00,0.2,2.9,0.048,0.0,67.0
2025-06-26 00:00:00,0.2,2.9,0.047,0.0,65.0
2025-06-26 01:00:00,0.2,3.7,0.046,0.0,64.0
2025-06-26 02:00:00,0.8,7.3,0.043,0.0,64.0
2025-06-26 03:00:00,0.1,2.8,0.045,0.0,62.0
2025-06-26 04:00:00,0.5,5.6,0.042,0.0,61.0
2025-06-26 05:00:00,1.1,7.8,0.04,0.07,61.0
2025-06-26 06:00:00,2.8,7.4,0.04,0.3,63.0
2025-06-26 07:00:00,4.2,8.7,0.041,0.57,67.0
2025-06-26 08:00:00,1.9,5.7,0.047,0.83,72.0
2025-06-26 09:00:00,1.9,5.5,0.047,1.05,77.0
2025-06-26 10:00:00,2.7,5.8,0.052,1.22,82.0
2025-06-26 11:00:00,0.9,3.9,0.06,1.32,87.0
2025-06-26 12:00:00,0.5,2.9,0.064,1.36,90.0
2025-06-26 13:00:00,0.6,1.6,0.062,1.31,92.0
2025-06-26 14:00:00,0.5,1.7,0.063,1.2,92.0
2025-06-26 15:00:00,0.5,1.6,0.064,0.99,92.0
2025-06-26 16:00:00,0.3,1.2,0.064,0.83,92.0
2025-06-26 17:00:00,0.3,1.4,0.064,0.55,94.0
2025-06-26 18:00:00,0.2,1.2,0.064,0.27,92.0
2025-06-26 19:00:00,0.2,2.6,0.058,0.06,88.0
2025-06-26 20:00:00,0.2,4.2,0.05,0.0,80.0
2025-06-26 21:00:00,0.1,3.0,0.051,0.0,78.0
2025-06-26 22:00:00,0.2,2.0,0.052,0.0,76.0
2025-06-26 23:00:00,0.2,2.8,0.05,0.0,75.0
2025-06-27 00:00:00,0.2,3.2,0.048,0.0,73.0
2025-06-27 01:00:00,0.2,2.1,0.051,0.0,73.0
2025-06-27 02:00:00,0.2,3.6,0.048,0.0,72.0
2025-06-27 03:00:00,0.3,3.4,0.045,0.0,68.0
2025-06-27 04:00:00,,,0.04,0.0,66.0
2025-06-27 05:00:00,0.7,9.2,0.04,0.04,66.0
2025-06-27 06:00:00,2.4,9.8,0.039,0.28,69.0
2025-06-27 07:00:00,,,0.038,0.54,72.0
2025-06-27 08:00:00,,,0.045,0.8,77.0
2025-06-27 09:00:00,,,0.056,1.02,82.0
2025-06-27 10:00:00,,,0.064,1.2,87.0
2025-06-27 11:00:00,,,0.068,1.31,90.0
2025-06-27 12:00:00,0.8,2.3,0.066,1.35,92.0
2025-06-27 13:00:00,0.9,2.3,0.065,1.3,93.0
2025-06-27 14:00:00,0.3,1.1,0.068,1.18,94.0
2025-06-27 15:00:00,0.4,1.1,0.067,1.01,95.0
2025-06-27 16:00:00,0.3,1.0,0.069,0.79,95.0
2025-06-27 17:00:00,0.7,1.6,0.065,0.52,94.0
2025-06-27 18:00:00,0.2,1.5,0.059,0.27,91.0
2025-06-27 19:00:00,0.6,6.3,0.052,0.07,88.0
2025-06-27 20:00:00,0.3,9.2,0.046,0.0,82.0
2025-06-27 21:00:00,0.2,2.9,0.052,0.0,77.0
2025-06-27 22:00:00,0.3,6.1,0.049,0.0,76.0
2025-06-27 23:00:00,0.2,2.9,0.05,0.0,73.0
2025-06-28 00:00:00,0.1,3.5,0.048,0.0,72.0
2025-06-28 01:00:00,0.1,1.9,0.048,0.0,70.0
2025-06-28 02:00:00,0.1,3.2,0.048,0.0,69.0
2025-06-28 03:00:00,0.2,3.0,0.048,0.0,68.0
2025-06-28 04:00:00,0.1,5.7,,0.0,66.0
2025-06-28 05:00:00,0.8,6.1,0.044,0.07,67.0
2025-06-28 06:00:00,1.2,6.4,0.043,0.29,69.0
2025-06-28 07:00:00,1.2,4.8,0.044,0.55,73.0
2025-06-28 08:00:00,1.3,4.5,0.048,0.76,78.0
2025-06-28 09:00:00,0.8,3.5,0.057,1.01,85.0
2025-06-28 10:00:00,0.3,1.9,0.063,1.21,89.0
2025-06-28 11:00:00,0.2,1.3,0.063,1.3,90.0
2025-06-28 12:00:00,0.3,1.1,0.062,1.33,90.0
2025-06-28 13:00:00,0.1,0.8,0.062,1.28,92.0
2025-06-28 14:00:00,0.1,0.7,0.061,1.18,93.0
2025-06-28 15:00:00,0.2,0.7,0.06,0.96,94.0
2025-06-28 16:00:00,0.3,1.2,0.067,0.78,92.0
2025-06-28 17:00:00,0.2,2.4,0.066,0.36,90.0
2025-06-28 18:00:00,0.2,2.8,0.055,0.2,87.0
2025-06-28 19:00:00,0.3,3.9,0.049,0.07,84.0
2025-06-28 20:00:00,0.5,6.6,0.043,0.0,81.0
2025-06-28 21:00:00,0.4,4.2,0.046,0.0,78.0
2025-06-28 22:00:00,0.1,3.2,0.047,0.0,76.0
2025-06-28 23:00:00,0.2,3.1,0.047,0.0,74.0
2025-06-29 00:00:00,0.2,3.9,0.044,0.0,73.0
2025-06-29 01:00:00,0.2,6.5,0.042,0.0,71.0
2025-06-29 02:00:00,0.2,5.1,0.038,0.0,69.0
2025-06-29 03:00:00,0.2,4.6,0.039,0.0,67.0
2025-06-29 04:00:00,,,0.04,0.0,67.0
2025-06-29 05:00:00,0.3,4.9,0.038,0.06,66.0
2025-06-29 06:00:00,0.9,4.2,0.04,0.28,69.0
2025-06-29 07:00:00,1.2,4.9,0.042,0.55,73.0
2025-06-29 08:00:00,0.7,3.0,0.043,0.8,77.0
2025-06-29 09:00:00,0.5,2.9,0.05,0.99,82.0
2025-06-29 10:00:00,0.4,3.2,0.059,1.21,86.0
2025-06-29 11:00:00,0.2,1.9,0.063,1.31,89.0
2025-06-29 12:00:00,0.2,1.2,0.062,1.34,91.0
2025-06-29 13:00:00,0.3,1.1,0.061,1.29,91.0
2025-06-29 14:00:00,0.3,1.3,0.064,1.18,94.0
2025-06-29 15:00:00,0.2,1.2,0.067,1.0,94.0
2025-06-29 16:00:00,0.2,2.4,0.069,0.24,88.0
2025-06-29 17:00:00,0.2,1.6,0.057,0.15,85.0
2025-06-29 18:00:00,0.7,7.2,0.051,0.18,86.0
2025-06-29 19:00:00,0.5,7.2,0.044,0.08,86.0
2025-06-29 20:00:00,0.2,7.8,0.042,0.0,81.0
2025-06-29 21:00:00,0.4,5.4,0.043,0.0,77.0
2025-06-29 22:00:00,0.1,3.1,0.044,0.0,75.0
2025-06-29 23:00:00,0.2,4.5,0.042,0.0,73.0
2025-06-30 00:00:00,0.1,4.3,0.041,0.0,71.0
2025-06-30 01:00:00,0.2,4.6,0.042,0.0,71.0
2025-06-30 02:00:00,0.2,5.5,0.039,0.0,69.0
2025-06-30 03:00:00,0.1,3.4,0.042,0.0,69.0
2025-06-30 04:00:00,0.4,4.6,0.039,0.0,68.0
2025-06-30 05:00:00,1.0,6.7,0.035,0.07,67.0
2025-06-30 06:00:00,1.8,7.1,0.035,0.27,71.0
2025-06-30 07:00:00,5.8,9.8,0.033,0.55,74.0
2025-06-30 08:00:00,3.4,6.7,0.039,0.81,78.0
2025-06-30 09:00:00,1.5,4.9,0.046,1.05,83.0
2025-06-30 10:00:00,1.6,6.3,0.054,1.2,87.0
2025-06-30 11:00:00,0.8,4.1,0.061,1.3,89.0
2025-06-30 12:00:00,0.4,2.3,0.058,1.34,92.0
2025-06-30 13:00:00,0.4,2.0,0.058,1.2,96.0
2025-06-30 14:00:00,0.2,1.1,0.058,1.23,98.0
2025-06-30 15:00:00,0.3,0.8,0.057,1.05,100.0
2025-06-30 16:00:00,1.0,3.4,0.054,0.64,95.0
2025-06-30 17:00:00,0.4,2.2,0.056,0.53,96.0
2025-06-30 18:00:00,0.6,4.3,0.049,0.27,92.0
2025-06-30 19:00:00,0.4,5.6,0.046,0.07,89.0
2025-06-30 20:00:00,0.1,2.9,0.045,0.0,85.0
2025-06-30 21:00:00,0.3,3.8,0.045,0.0,83.0
2025-06-30 22:00:00,0.1,1.9,0.047,0.0,82.0
2025-06-30 23:00:00,0.1,2.5,0.044,0.0,81.0
2025-07-01 00:00:00,0.2,2.7,0.042,0.0,78.0
2025-07-01 01:00:00,0.3,2.9,0.042,0.0,77.0
2025-07-01 02:00:00,0.2,5.3,0.038,0.0,76.0
2025-07-01 03:00:00,0.2,4.2,0.039,0.0,76.0
2025-07-01 04:00:00,0.5,4.9,0.037,0.0,75.0
2025-07-01 05:00:00,1.2,8.2,0.034,0.03,75.0
2025-07-01 06:00:00,1.8,6.7,0.036,0.14,75.0
2025-07-01 07:00:00,2.5,6.8,0.037,0.55,79.0
2025-07-01 08:00:00,1.8,5.3,0.042,0.8,83.0
2025-07-01 09:00:00,1.4,5.0,0.047,0.93,87.0
2025-07-01 10:00:00,1.6,4.4,0.051,0.77,91.0
2025-07-01 11:00:00,1.3,3.6,0.054,1.34,94.0
2025-07-01 12:00:00,0.5,2.1,0.058,1.43,98.0
2025-07-01 13:00:00,0.4,2.1,0.056,0.89,98.0
2025-07-01 14:00:00,0.7,2.5,0.051,0.81,92.0
2025-07-01 15:00:00,1.1,3.5,0.049,0.69,91.0
2025-07-01 16:00:00,0.8,2.6,0.049,0.68,91.0
2025-07-01 17:00:00,0.4,2.9,0.049,0.21,88.0
2025-07-01 18:00:00,0.9,6.8,0.042,0.11,87.0
2025-07-01 19:00:00,0.4,3.7,0.043,0.04,84.0
2025-07-01 20:00:00,0.2,2.8,0.042,0.0,82.0
2025-07-01 21:00:00,0.2,3.3,0.042,0.0,82.0
2025-07-01 22:00:00,0.2,3.6,0.04,0.0,80.0
2025-07-01 23:00:00,0.2,2.7,0.04,0.0,80.0
2025-07-02 00:00:00,0.2,2.9,0.04,0.0,79.0
2025-07-02 01:00:00,0.1,2.9,0.037,0.0,76.0
2025-07-02 02:00:00,0.1,2.9,0.037,0.0,74.0
2025-07-02 03:00:00,0.2,2.6,0.038,0.0,72.0
2025-07-02 04:00:00,0.4,5.1,0.033,0.0,71.0
2025-07-02 05:00:00,1.0,7.0,0.032,0.06,71.0
2025-07-02 06:00:00,2.1,6.8,0.033,0.15,73.0
2025-07-02 07:00:00,5.9,10.2,0.031,0.27,73.0
2025-07-02 08:00:00,7.9,13.6,0.031,0.4,76.0
2025-07-02 09:00:00,3.7,9.2,0.034,0.48,77.0
2025-07-02 10:00:00,3.9,7.7,0.04,1.11,83.0
2025-07-02 11:00:00,1.5,4.7,0.052,1.35,89.0
2025-07-02 12:00:00,0.3,2.5,0.057,0.93,91.0
2025-07-02 13:00:00,1.0,3.5,0.054,0.36,89.0
2025-07-02 14:00:00,0.7,3.7,0.05,0.31,87.0
2025-07-02 15:00:00,0.7,3.9,0.05,0.29,84.0
2025-07-02 16:00:00,1.1,4.7,0.05,0.41,87.0
2025-07-02 17:00:00,0.7,4.5,0.046,0.14,84.0
2025-07-02 18:00:00,0.5,3.2,0.044,0.19,82.0
2025-07-02 19:00:00,0.8,2.9,0.038,0.03,78.0
2025-07-02 20:00:00,0.1,5.3,0.036,0.0,77.0
2025-07-02 21:00:00,0.2,5.6,0.036,0.0,76.0
2025-07-02 22:00:00,0.1,1.9,0.038,0.0,74.0
2025-07-02 23:00:00,0.2,2.7,0.039,0.0,76.0
2025-07-03 00:00:00,0.2,3.4,0.037,0.0,74.0
2025-07-03 01:00:00,0.2,3.4,0.034,0.0,73.0
2025-07-03 02:00:00,0.2,2.7,0.035,0.0,73.0
2025-07-03 03:00:00,0.2,3.3,0.035,0.0,73.0
2025-07-03 04:00:00,0.3,6.1,0.031,0.0,72.0
2025-07-03 05:00:00,0.7,6.8,0.032,0.01,71.0
2025-07-03 06:00:00,1.1,5.9,0.032,0.05,72.0
2025-07-03 07:00:00,4.1,9.6,0.035,0.23,73.0
2025-07-03 08:00:00,1.7,5.6,0.043,0.46,76.0
2025-07-03 09:00:00,2.4,6.8,0.044,0.53,78.0
2025-07-03 10:00:00,0.6,2.2,0.05,1.21,82.0
2025-07-03 11:00:00,1.1,2.3,0.05,1.12,85.0
2025-07-03 12:00:00,0.8,1.8,0.049,1.06,87.0
2025-07-03 13:00:00,0.5,1.6,0.053,1.14,88.0
2025-07-03 14:00:00,0.6,1.6,0.051,1.14,90.0
2025-07-03 15:00:00,0.5,1.4,0.05,0.86,91.0
2025-07-03 16:00:00,0.6,1.7,0.046,0.38,87.0
2025-07-03 17:00:00,0.5,2.6,0.044,0.25,84.0
2025-07-03 18:00:00,0.4,2.7,0.045,0.14,84.0
2025-07-03 19:00:00,1.0,6.4,0.042,0.03,83.0
2025-07-03 20:00:00,0.1,3.5,0.042,0.0,81.0
2025-07-03 21:00:00,0.2,2.9,0.041,0.0,79.0
2025-07-03 22:00:00,0.2,2.4,0.039,0.0,77.0
2025-07-03 23:00:00,0.1,1.8,0.04,0.0,77.0
2025-07-04 00:00:00,0.2,2.0,0.041,0.0,76.0
2025-07-04 01:00:00,0.2,3.2,0.039,0.0,75.0
2025-07-04 02:00:00,0.2,3.0,0.04,0.0,74.0
2025-07-04 03:00:00,0.1,2.4,0.038,0.0,72.0
2025-07-04 04:00:00,,,0.034,0.0,71.0
2025-07-04 05:00:00,0.3,3.0,0.034,0.08,70.0
2025-07-04 06:00:00,1.0,3.7,0.033,0.33,73.0
2025-07-04 07:00:00,0.8,2.6,0.037,0.5,75.0
2025-07-04 08:00:00,0.4,1.7,0.043,0.76,79.0
2025-07-04 09:00:00,0.4,1.4,0.047,1.0,84.0
2025-07-04 10:00:00,0.2,0.9,0.046,1.14,84.0
2025-07-04 11:00:00,0.2,0.7,0.045,1.25,86.0
2025-07-04 12:00:00,0.2,0.7,0.046,1.04,87.0
2025-07-04 13:00:00,0.2,0.8,0.047,0.97,89.0
2025-07-04 14:00:00,0.2,0.9,0.048,0.65,89.0
2025-07-04 15:00:00,0.4,0.8,0.049,0.92,91.0
2025-07-04 16:00:00,0.3,0.8,0.049,0.81,92.0
2025-07-04 17:00:00,0.2,1.0,0.047,0.44,90.0
2025-07-04 18:00:00,0.1,2.2,0.046,0.15,80.0
2025-07-04 19:00:00,0.2,3.0,0.044,0.04,77.0
2025-07-04 20:00:00,0.2,4.3,0.038,0.0,74.0
2025-07-04 21:00:00,0.2,4.6,0.034,0.0,72.0
2025-07-04 22:00:00,0.2,8.4,0.032,0.0,71.0
2025-07-04 23:00:00,0.3,8.6,0.029,0.0,71.0
2025-07-05 00:00:00,0.4,9.0,0.027,0.0,69.0
2025-07-05 01:00:00,0.2,2.6,0.037,0.0,69.0
2025-07-05 02:00:00,0.1,2.0,0.04,0.0,69.0
2025-07-05 03:00:00,0.1,2.6,0.041,0.0,69.0
2025-07-05 04:00:00,0.1,1.4,,0.0,68.0
2025-07-05 05:00:00,0.2,3.0,0.04,0.06,67.0
2025-07-05 06:00:00,0.5,2.3,0.04,0.27,70.0
2025-07-05 07:00:00,1.0,2.9,0.039,0.54,74.0
2025-07-05 08:00:00,1.6,5.0,0.043,0.8,79.0
2025-07-05 09:00:00,0.7,2.1,0.05,1.03,85.0
2025-07-05 10:00:00,0.3,0.8,0.052,1.19,86.0
2025-07-05 11:00:00,0.2,0.7,0.055,1.3,88.0
2025-07-05 12:00:00,0.3,0.8,0.056,1.33,90.0
2025-07-05 13:00:00,0.7,0.6,0.054,1.29,91.0
2025-07-05 14:00:00,0.2,0.5,0.054,1.19,93.0
2025-07-05 15:00:00,0.4,0.5,0.05,1.01,93.0
2025-07-05 16:00:00,0.2,0.5,0.049,0.79,93.0
2025-07-05 17:00:00,0.2,0.6,0.048,0.53,92.0
2025-07-05 18:00:00,0.4,1.7,0.056,0.28,88.0
2025-07-05 19:00:00,0.1,2.8,0.055,0.07,83.0
2025-07-05 20:00:00,0.2,4.0,0.048,0.0,78.0
2025-07-05 21:00:00,0.2,5.6,0.043,0.0,76.0
2025-07-05 22:00:00,0.2,9.8,0.034,0.0,74.0
2025-07-05 23:00:00,0.1,3.8,0.038,0.0,72.0
2025-07-06 00:00:00,0.1,2.4,0.037,0.0,69.0
2025-07-06 01:00:00,0.2,2.9,0.039,0.0,68.0
2025-07-06 02:00:00,0.1,2.6,0.037,0.0,66.0
2025-07-06 03:00:00,0.3,3.4,0.033,0.0,64.0
2025-07-06 04:00:00,,,0.033,0.0,64.0
2025-07-06 05:00:00,0.3,2.7,0.035,0.06,64.0
2025-07-06 06:00:00,0.8,3.4,0.034,0.29,67.0
2025-07-06 07:00:00,2.4,4.9,0.031,0.56,70.0
2025-07-06 08:00:00,1.3,3.4,0.039,0.82,74.0
2025-07-06 09:00:00,0.4,2.2,0.048,1.05,81.0
2025-07-06 10:00:00,0.4,2.2,0.052,1.22,83.0
2025-07-06 11:00:00,0.2,1.1,0.054,1.32,85.0
2025-07-06 12:00:00,0.1,0.8,0.055,1.35,87.0
2025-07-06 13:00:00,0.1,0.7,0.054,1.31,88.0
2025-07-06 14:00:00,0.2,0.4,0.055,1.19,91.0
2025-07-06 15:00:00,0.1,0.5,0.056,1.01,92.0
2025-07-06 16:00:00,0.2,0.5,0.057,0.8,92.0
2025-07-06 17:00:00,0.3,1.1,0.056,0.54,91.0
2025-07-06 18:00:00,0.3,2.0,0.065,0.28,89.0
2025-07-06 19:00:00,0.2,3.2,0.061,0.07,85.0
2025-07-06 20:00:00,0.1,4.3,0.051,0.0,80.0
2025-07-06 21:00:00,0.2,6.0,0.044,0.0,77.0
2025-07-06 22:00:00,0.2,4.0,0.044,0.0,74.0
2025-07-06 23:00:00,0.2,4.2,0.043,0.0,73.0
2025-07-07 00:00:00,0.4,7.0,0.042,0.0,72.0
2025-07-07 01:00:00,0.2,2.8,0.043,0.0,71.0
2025-07-07 02:00:00,0.3,5.5,0.04,0.0,69.0
2025-07-07 03:00:00,0.2,3.8,0.04,0.0,67.0
2025-07-07 04:00:00,0.2,3.1,0.038,0.0,64.0
2025-07-07 05:00:00,0.8,6.1,0.037,0.06,65.0
2025-07-07 06:00:00,2.0,6.3,0.037,0.28,67.0
2025-07-07 07:00:00,7.6,11.8,0.036,0.55,71.0
2025-07-07 08:00:00,1.6,3.9,0.045,0.82,75.0
2025-07-07 09:00:00,1.2,3.4,0.049,1.04,80.0
2025-07-07 10:00:00,1.1,4.6,0.058,1.21,84.0
2025-07-07 11:00:00,0.8,3.5,0.063,1.32,89.0
2025-07-07 12:00:00,0.5,2.5,0.063,1.35,93.0
2025-07-07 13:00:00,0.3,1.5,0.056,1.31,95.0
2025-07-07 14:00:00,0.3,1.1,0.052,1.2,95.0
2025-07-07 15:00:00,0.4,1.0,0.05,1.02,97.0
2025-07-07 16:00:00,1.1,1.3,0.047,0.8,97.0
2025-07-07 17:00:00,1.1,1.5,0.044,0.55,96.0
2025-07-07 18:00:00,0.4,1.2,0.05,0.29,93.0
2025-07-07 19:00:00,0.1,3.3,0.058,0.07,89.0
2025-07-07 20:00:00,0.4,5.8,0.04,0.0,82.0
2025-07-07 21:00:00,0.3,3.8,0.036,0.0,79.0
2025-07-07 22:00:00,0.1,2.5,0.04,0.0,78.0
2025-07-07 23:00:00,0.2,2.8,0.039,0.0,76.0
2025-07-08 00:00:00,0.5,3.9,0.035,0.0,74.0
2025-07-08 01:00:00,0.4,8.1,0.033,0.0,73.0
2025-07-08 02:00:00,0.9,8.4,0.031,0.0,71.0
2025-07-08 03:00:00,0.3,3.7,0.033,0.0,69.0
2025-07-08 04:00:00,1.5,8.1,0.03,0.0,68.0
2025-07-08 05:00:00,2.1,9.5,0.026,0.06,67.0
2025-07-08 06:00:00,3.2,6.9,0.028,0.29,69.0
2025-07-08 07:00:00,11.7,13.8,0.025,0.56,73.0
2025-07-08 08:00:00,3.3,6.5,0.033,0.82,78.0
2025-07-08 09:00:00,2.3,4.7,0.036,1.05,85.0
2025-07-08 10:00:00,1.4,3.3,0.043,1.22,91.0
2025-07-08 11:00:00,0.7,2.2,0.049,1.32,94.0
2025-07-08 12:00:00,0.6,1.6,0.047,1.35,96.0
2025-07-08 13:00:00,0.8,1.4,0.048,1.3,97.0
2025-07-08 14:00:00,0.5,0.9,0.047,1.18,97.0
2025-07-08 15:00:00,0.5,1.1,0.046,1.01,98.0
2025-07-08 16:00:00,0.3,0.9,0.045,0.79,98.0
2025-07-08 17:00:00,0.4,0.9,0.043,0.54,98.0
2025-07-08 18:00:00,0.8,2.0,0.039,0.29,96.0
2025-07-08 19:00:00,0.5,4.6,0.035,0.07,93.0
2025-07-08 20:00:00,0.2,5.3,0.033,0.0,86.0
2025-07-08 21:00:00,0.2,2.9,0.035,0.0,82.0
2025-07-08 22:00:00,0.1,2.4,0.035,0.0,80.0
2025-07-08 23:00:00,0.3,4.4,0.032,0.0,78.0
2025-07-09 00:00:00,0.3,6.3,0.029,0.0,76.0
2025-07-09 01:00:00,0.3,4.0,0.031,0.0,75.0
2025-07-09 02:00:00,1.0,7.7,0.027,0.0,73.0
2025-07-09 03:00:00,0.2,2.5,0.03,0.0,71.0
2025-07-09 04:00:00,1.9,7.1,0.025,0.0,71.0
2025-07-09 05:00:00,2.2,9.1,0.024,0.06,71.0
2025-07-09 06:00:00,2.4,6.2,0.025,0.27,73.0
2025-07-09 07:00:00,4.5,6.4,0.025,0.53,77.0
2025-07-09 08:00:00,4.0,5.6,0.029,0.81,83.0
2025-07-09 09:00:00,1.6,3.3,0.035,1.04,89.0
2025-07-09 10:00:00,0.9,2.6,0.04,1.1,93.0
2025-07-09 11:00:00,1.4,3.7,0.045,0.62,95.0
2025-07-09 12:00:00,1.2,3.1,0.041,0.61,95.0
2025-07-09 13:00:00,0.8,2.1,0.045,1.06,97.0
2025-07-09 14:00:00,1.7,1.2,0.042,1.21,99.0
2025-07-09 15:00:00,0.6,1.0,0.039,1.01,99.0
2025-07-09 16:00:00,1.2,1.5,0.038,0.73,98.0
2025-07-09 17:00:00,0.6,1.8,0.039,0.33,98.0
2025-07-09 18:00:00,0.6,3.2,0.036,0.19,95.0
2025-07-09 19:00:00,0.3,5.7,0.033,0.05,92.0
2025-07-09 20:00:00,0.1,4.9,0.035,0.0,89.0
2025-07-09 21:00:00,0.3,4.4,0.035,0.0,85.0
2025-07-09 22:00:00,0.6,8.7,0.028,0.0,83.0
2025-07-09 23:00:00,0.1,6.2,0.03,0.0,81.0
2025-07-10 00:00:00,0.6,2.2,0.045,0.0,83.0
2025-07-10 01:00:00,0.1,1.4,0.045,0.0,82.0
2025-07-10 02:00:00,0.1,1.4,0.046,0.0,80.0
2025-07-10 03:00:00,0.2,2.0,0.042,0.0,76.0
2025-07-10 04:00:00,0.1,2.8,0.04,0.0,74.0
2025-07-10 05:00:00,2.6,17.9,0.023,0.05,72.0
2025-07-10 06:00:00,10.7,19.9,0.022,0.26,73.0
2025-07-10 07:00:00,3.2,10.1,0.035,0.53,79.0
2025-07-10 08:00:00,1.0,3.6,0.049,0.79,83.0
2025-07-10 09:00:00,1.1,3.5,0.053,1.01,84.0
2025-07-10 10:00:00,1.6,4.1,0.056,1.18,84.0
2025-07-10 11:00:00,2.6,4.1,0.065,1.28,85.0
2025-07-10 12:00:00,1.1,3.5,0.064,1.31,88.0
2025-07-10 13:00:00,0.5,1.8,0.063,1.27,89.0
2025-07-10 14:00:00,0.3,1.7,0.065,1.16,89.0
2025-07-10 15:00:00,0.4,1.7,0.062,0.98,89.0
2025-07-10 16:00:00,0.5,2.4,0.062,0.77,89.0
2025-07-10 17:00:00,0.4,2.0,0.062,0.52,89.0
2025-07-10 18:00:00,0.2,1.4,0.062,0.27,88.0
2025-07-10 19:00:00,0.2,1.9,0.057,0.07,84.0
2025-07-10 20:00:00,0.1,2.8,0.051,0.0,80.0
2025-07-10 21:00:00,0.2,5.2,0.045,0.0,75.0
2025-07-10 22:00:00,0.5,9.2,0.04,0.0,75.0
2025-07-10 23:00:00,0.8,5.5,0.046,0.0,72.0
2025-07-11 00:00:00,1.0,3.8,0.047,0.0,70.0
2025-07-11 01:00:00,1.0,4.6,0.044,0.0,68.0
2025-07-11 02:00:00,0.7,5.7,0.043,0.0,66.0
2025-07-11 03:00:00,0.7,4.9,0.04,0.0,64.0
2025-07-11 04:00:00,,,0.039,0.0,64.0
2025-07-11 05:00:00,2.2,9.3,0.035,0.05,63.0
2025-07-11 06:00:00,6.8,12.6,0.032,0.27,65.0
2025-07-11 07:00:00,4.5,8.3,0.038,0.53,69.0
2025-07-11 08:00:00,3.4,8.6,0.042,0.79,75.0
2025-07-11 09:00:00,2.0,6.1,0.051,1.01,80.0
2025-07-11 10:00:00,0.8,2.8,0.055,1.19,83.0
2025-07-11 11:00:00,0.6,1.9,0.053,1.29,86.0
2025-07-11 12:00:00,0.4,1.2,0.052,1.32,89.0
2025-07-11 13:00:00,1.6,3.0,0.052,1.28,89.0
2025-07-11 14:00:00,0.7,2.0,0.06,1.16,91.0
2025-07-11 15:00:00,0.4,2.1,0.066,0.98,90.0
2025-07-11 16:00:00,0.4,1.5,0.051,0.77,90.0
2025-07-11 17:00:00,0.4,1.6,0.045,0.52,89.0
2025-07-11 18:00:00,0.2,1.4,0.042,0.28,88.0
2025-07-11 19:00:00,0.2,1.7,0.042,0.07,85.0
2025-07-11 20:00:00,0.0,2.8,0.038,0.0,82.0
2025-07-11 21:00:00,0.1,6.0,0.032,0.0,77.0
2025-07-11 22:00:00,0.2,11.1,0.023,0.0,74.0
2025-07-11 23:00:00,0.1,4.8,0.03,0.0,72.0
2025-07-12 00:00:00,0.1,3.2,0.03,0.0,69.0
2025-07-12 01:00:00,0.3,3.2,0.03,0.0,68.0
2025-07-12 02:00:00,0.1,2.1,0.03,0.0,66.0
2025-07-12 03:00:00,0.4,3.5,0.03,0.0,65.0
2025-07-12 04:00:00,0.2,5.0,,0.0,65.0
2025-07-12 05:00:00,0.5,6.7,0.028,0.05,65.0
2025-07-12 06:00:00,1.4,5.3,0.029,0.28,67.0
2025-07-12 07:00:00,1.6,4.7,0.034,0.54,72.0
2025-07-12 08:00:00,2.4,5.3,0.037,0.8,76.0
2025-07-12 09:00:00,1.0,3.5,0.046,1.03,83.0
2025-07-12 10:00:00,0.9,3.6,0.054,1.2,86.0
2025-07-12 11:00:00,0.3,1.6,0.055,1.31,89.0
2025-07-12 12:00:00,0.2,1.2,0.056,1.33,90.0
2025-07-12 13:00:00,0.3,1.4,0.061,1.29,89.0
2025-07-12 14:00:00,0.2,1.3,0.062,1.17,92.0
2025-07-12 15:00:00,0.2,1.6,0.066,0.99,93.0
2025-07-12 16:00:00,0.2,1.3,0.062,0.77,92.0
2025-07-12 17:00:00,0.2,1.1,0.056,0.53,91.0
2025-07-12 18:00:00,0.2,1.7,0.052,0.28,90.0
2025-07-12 19:00:00,0.1,2.9,0.048,0.07,87.0
2025-07-12 20:00:00,0.1,3.3,0.045,0.0,82.0
2025-07-12 21:00:00,0.6,9.6,0.033,0.0,78.0
2025-07-12 22:00:00,0.3,7.3,0.036,0.0,75.0
2025-07-12 23:00:00,0.1,3.2,0.04,0.0,73.0
2025-07-13 00:00:00,0.1,2.7,0.039,0.0,71.0
2025-07-13 01:00:00,0.1,2.9,0.037,0.0,69.0
2025-07-13 02:00:00,0.2,2.6,0.037,0.0,67.0
2025-07-13 03:00:00,0.2,2.0,0.038,0.0,65.0
2025-07-13 04:00:00,,,0.036,0.0,64.0
2025-07-13 05:00:00,0.2,2.2,0.036,0.05,63.0
2025-07-13 06:00:00,0.4,2.2,0.037,0.28,66.0
2025-07-13 07:00:00,0.7,2.6,0.04,0.55,70.0
2025-07-13 08:00:00,0.7,2.8,0.043,0.81,76.0
2025-07-13 09:00:00,0.7,2.8,0.049,1.04,82.0
2025-07-13 10:00:00,0.4,2.0,0.057,1.21,87.0
2025-07-13 11:00:00,0.3,1.4,0.06,1.32,90.0
2025-07-13 12:00:00,0.1,1.0,0.059,1.35,93.0
2025-07-13 13:00:00,0.3,1.2,0.062,1.3,95.0
2025-07-13 14:00:00,0.1,0.9,0.065,1.19,95.0
2025-07-13 15:00:00,0.1,0.9,0.066,1.01,96.0
2025-07-13 16:00:00,0.2,1.1,0.073,0.78,96.0
2025-07-13 17:00:00,0.2,1.1,0.066,0.53,95.0
2025-07-13 18:00:00,0.2,1.4,0.058,0.28,93.0
2025-07-13 19:00:00,0.1,2.4,0.051,0.07,89.0
2025-07-13 20:00:00,0.2,8.5,0.042,0.0,84.0
2025-07-13 21:00:00,0.3,9.6,0.041,0.0,80.0
2025-07-13 22:00:00,0.4,4.2,0.046,0.0,77.0
2025-07-13 23:00:00,0.1,3.1,0.048,0.0,76.0
2025-07-14 00:00:00,0.2,2.9,0.047,0.0,73.0
2025-07-14 01:00:00,0.2,2.5,0.045,0.0,71.0
2025-07-14 02:00:00,0.1,2.0,0.045,0.0,70.0
2025-07-14 03:00:00,0.2,2.5,0.044,0.0,68.0
2025-07-14 04:00:00,0.4,4.0,0.041,0.0,67.0
2025-07-14 05:00:00,0.7,6.3,0.039,0.04,67.0
2025-07-14 06:00:00,2.5,8.1,0.037,0.27,69.0
2025-07-14 07:00:00,6.6,11.7,0.037,0.53,73.0
2025-07-14 08:00:00,2.0,5.5,0.044,0.8,78.0
2025-07-14 09:00:00,0.9,3.4,0.052,1.03,83.0
2025-07-14 10:00:00,1.1,5.0,0.06,1.2,87.0
2025-07-14 11:00:00,1.2,5.9,0.069,1.3,93.0
2025-07-14 12:00:00,0.5,2.6,0.063,1.34,96.0
2025-07-14 13:00:00,0.5,1.7,0.062,1.29,96.0
2025-07-14 14:00:00,0.5,1.5,0.066,1.15,97.0
2025-07-14 15:00:00,0.5,2.4,0.071,0.98,98.0
2025-07-14 16:00:00,0.3,1.8,0.059,0.76,97.0
2025-07-14 17:00:00,0.2,1.2,0.054,0.51,96.0
2025-07-14 18:00:00,0.2,1.3,0.049,0.24,94.0
2025-07-14 19:00:00,0.1,2.6,0.044,0.04,91.0
2025-07-14 20:00:00,0.2,5.9,0.034,0.0,86.0
2025-07-14 21:00:00,0.4,13.4,0.027,0.0,83.0
2025-07-14 22:00:00,0.2,6.1,0.037,0.0,81.0
2025-07-14 23:00:00,0.1,3.5,0.039,0.0,79.0
2025-07-15 00:00:00,0.1,3.2,0.038,0.0,78.0
2025-07-15 01:00:00,0.1,3.0,0.035,0.0,76.0
2025-07-15 02:00:00,0.3,4.3,0.035,0.0,75.0
2025-07-15 03:00:00,0.2,4.2,0.036,0.0,75.0
2025-07-15 04:00:00,0.3,6.9,0.031,0.0,74.0
2025-07-15 05:00:00,0.9,7.8,0.033,0.03,74.0
2025-07-15 06:00:00,5.2,12.0,0.03,0.2,75.0
2025-07-15 07:00:00,3.1,6.8,0.034,0.52,78.0
2025-07-15 08:00:00,1.8,5.2,0.04,0.8,84.0
2025-07-15 09:00:00,2.6,8.1,0.043,0.85,86.0
2025-07-15 10:00:00,2.1,9.2,0.044,0.7,85.0
2025-07-15 11:00:00,1.2,6.0,0.054,0.52,87.0
2025-07-15 12:00:00,1.2,6.2,0.054,0.94,89.0
2025-07-15 13:00:00,0.8,3.8,0.054,0.53,93.0
2025-07-15 14:00:00,0.5,2.4,0.058,0.84,96.0
2025-07-15 15:00:00,0.4,2.1,0.06,0.71,95.0
2025-07-15 16:00:00,0.5,2.4,0.061,0.56,96.0
2025-07-15 17:00:00,0.3,2.1,0.059,0.18,94.0
2025-07-15 18:00:00,0.2,2.1,0.056,0.06,90.0
2025-07-15 19:00:00,0.2,4.7,0.053,0.03,88.0
2025-07-15 20:00:00,0.1,3.0,0.054,0.0,86.0
2025-07-15 21:00:00,0.1,3.3,0.047,0.0,82.0
2025-07-15 22:00:00,0.2,4.7,0.044,0.0,81.0
2025-07-15 23:00:00,0.2,5.6,0.045,0.0,79.0
2025-07-16 00:00:00,0.1,2.7,0.052,0.0,79.0
2025-07-16 01:00:00,0.1,1.9,0.053,0.0,78.0
2025-07-16 02:00:00,0.3,4.5,0.048,0.0,77.0
2025-07-16 03:00:00,0.2,3.8,0.046,0.0,75.0
2025-07-16 04:00:00,0.2,4.3,0.043,0.0,73.0
2025-07-16 05:00:00,0.5,7.4,0.039,0.07,71.0
2025-07-16 06:00:00,2.8,10.9,0.033,0.2,73.0
2025-07-16 07:00:00,4.4,13.5,0.034,0.24,74.0
2025-07-16 08:00:00,1.9,6.9,0.042,0.67,80.0
2025-07-16 09:00:00,1.2,5.0,0.049,0.96,85.0
2025-07-16 10:00:00,0.8,6.6,0.05,0.36,86.0
2025-07-16 11:00:00,0.7,4.4,0.056,0.4,87.0
2025-07-16 12:00:00,0.9,3.7,0.06,1.03,90.0
2025-07-16 13:00:00,0.6,2.5,0.064,1.29,93.0
2025-07-16 14:00:00,0.4,2.8,0.061,0.51,93.0
2025-07-16 15:00:00,0.5,3.3,0.058,0.43,91.0
2025-07-16 16:00:00,0.2,1.2,0.062,0.79,95.0
2025-07-16 17:00:00,0.2,1.1,0.063,0.5,95.0
2025-07-16 18:00:00,0.5,1.9,0.057,0.25,93.0
2025-07-16 19:00:00,0.3,2.3,0.05,0.05,86.0
2025-07-16 20:00:00,0.3,8.0,0.044,0.0,83.0
2025-07-16 21:00:00,0.2,6.0,0.047,0.0,83.0
2025-07-16 22:00:00,0.1,3.4,0.051,0.0,82.0
2025-07-16 23:00:00,0.2,5.4,0.048,0.0,80.0
2025-07-17 00:00:00,0.0,3.0,0.047,0.0,76.0
2025-07-17 01:00:00,0.1,2.6,0.045,0.0,74.0
2025-07-17 02:00:00,0.4,6.2,0.042,0.0,73.0
2025-07-17 03:00:00,0.3,5.6,0.042,0.0,73.0
2025-07-17 04:00:00,0.2,4.7,0.041,0.0,71.0
2025-07-17 05:00:00,1.2,10.1,0.034,0.04,70.0
2025-07-17 06:00:00,2.2,8.5,0.036,0.23,71.0
2025-07-17 07:00:00,3.1,8.4,0.039,0.49,75.0
2025-07-17 08:00:00,2.1,6.1,0.044,0.59,79.0
2025-07-17 09:00:00,2.7,7.9,0.045,0.68,82.0
2025-07-17 10:00:00,2.3,4.2,,0.64,86.0
2025-07-17 11:00:00,-0.2,2.5,0.055,1.21,90.0
2025-07-17 12:00:00,1.0,3.3,0.059,1.24,92.0
2025-07-17 13:00:00,1.1,3.8,0.061,1.24,93.0
2025-07-17 14:00:00,0.5,1.8,0.056,1.11,96.0
2025-07-17 15:00:00,0.4,1.8,0.052,0.73,93.0
2025-07-17 16:00:00,0.4,2.3,0.054,0.42,91.0
2025-07-17 17:00:00,0.8,5.5,0.049,0.17,84.0
2025-07-17 18:00:00,0.5,5.7,0.051,0.07,85.0
2025-07-17 19:00:00,0.2,4.5,0.048,0.04,85.0
2025-07-17 20:00:00,0.2,4.5,0.048,0.0,83.0
2025-07-17 21:00:00,0.1,4.1,0.048,0.0,82.0
2025-07-17 22:00:00,0.2,5.9,0.04,0.0,79.0
2025-07-17 23:00:00,0.1,4.8,0.04,0.0,77.0
2025-07-18 00:00:00,0.1,5.2,0.036,0.0,74.0
2025-07-18 01:00:00,0.2,4.9,0.036,0.0,73.0
2025-07-18 02:00:00,0.2,5.2,0.035,0.0,72.0
2025-07-18 03:00:00,1.7,8.2,0.03,0.0,72.0
2025-07-18 04:00:00,,,0.029,0.0,72.0
2025-07-18 05:00:00,0.8,7.3,0.032,0.01,72.0
2025-07-18 06:00:00,4.5,12.8,0.026,0.14,72.0
2025-07-18 07:00:00,3.4,9.6,0.031,0.34,75.0
2025-07-18 08:00:00,2.0,9.4,0.032,0.18,76.0
2025-07-18 09:00:00,2.0,8.4,0.036,0.48,77.0
2025-07-18 10:00:00,1.5,5.3,0.044,1.0,83.0
2025-07-18 11:00:00,0.4,1.8,0.051,0.74,86.0
2025-07-18 12:00:00,0.3,1.5,0.053,1.16,86.0
2025-07-18 13:00:00,0.3,1.5,0.054,1.27,86.0
2025-07-18 14:00:00,0.2,0.9,0.056,1.15,89.0
2025-07-18 15:00:00,0.1,0.7,0.057,0.94,90.0
2025-07-18 16:00:00,0.3,1.1,0.057,0.74,92.0
2025-07-18 17:00:00,0.2,1.3,0.055,0.22,89.0
2025-07-18 18:00:00,0.2,3.0,0.049,0.06,75.0
2025-07-18 19:00:00,0.2,3.2,0.05,0.03,75.0
2025-07-18 20:00:00,0.2,3.7,0.047,0.0,71.0
2025-07-18 21:00:00,0.3,5.5,0.043,0.0,71.0
2025-07-18 22:00:00,0.2,4.9,0.039,0.0,69.0
2025-07-18 23:00:00,0.1,3.2,0.039,0.0,69.0
2025-07-19 00:00:00,0.4,5.0,0.032,0.0,68.0
2025-07-19 01:00:00,0.4,5.9,0.033,0.0,69.0
2025-07-19 02:00:00,0.2,4.1,0.031,0.0,68.0
2025-07-19 03:00:00,0.3,4.0,0.026,0.0,66.0
2025-07-19 04:00:00,0.6,5.0,,0.0,66.0
2025-07-19 05:00:00,0.6,5.7,0.022,0.02,66.0
2025-07-19 06:00:00,1.0,6.4,0.024,0.09,68.0
2025-07-19 07:00:00,0.8,4.7,0.026,0.16,67.0
2025-07-19 08:00:00,1.5,5.3,0.03,0.31,70.0
2025-07-19 09:00:00,1.6,4.9,0.034,0.67,73.0
2025-07-19 10:00:00,1.2,3.4,0.045,1.23,80.0
2025-07-19 11:00:00,0.3,1.9,0.055,1.28,84.0
2025-07-19 12:00:00,0.3,1.5,0.059,1.32,88.0
2025-07-19 13:00:00,0.2,1.3,0.06,1.27,90.0
2025-07-19 14:00:00,0.3,1.6,0.058,0.62,88.0
2025-07-19 15:00:00,0.3,1.9,0.061,1.0,93.0
2025-07-19 16:00:00,0.4,1.5,0.061,0.77,92.0
2025-07-19 17:00:00,0.1,1.0,0.061,0.51,94.0
2025-07-19 18:00:00,0.2,0.9,0.06,0.25,90.0
2025-07-19 19:00:00,0.1,1.8,0.054,0.05,88.0
2025-07-19 20:00:00,0.2,4.2,0.046,0.0,82.0
2025-07-19 21:00:00,0.2,3.3,0.046,0.0,78.0
2025-07-19 22:00:00,0.4,6.5,0.04,0.0,76.0
2025-07-19 23:00:00,0.3,8.1,0.039,0.0,75.0
2025-07-20 00:00:00,0.1,4.6,0.039,0.0,73.0
2025-07-20 01:00:00,0.3,4.8,0.038,0.0,72.0
2025-07-20 02:00:00,0.1,2.9,0.039,0.0,71.0
2025-07-20 03:00:00,0.2,4.8,0.038,0.0,70.0
2025-07-20 04:00:00,,,0.035,0.0,68.0
2025-07-20 05:00:00,0.6,6.2,0.034,0.03,67.0
2025-07-20 06:00:00,1.0,4.4,0.035,0.23,69.0
2025-07-20 07:00:00,1.3,4.1,0.037,0.49,73.0
2025-07-20 08:00:00,1.2,3.9,0.041,0.76,77.0
2025-07-20 09:00:00,0.6,2.4,0.049,0.98,84.0
2025-07-20 10:00:00,0.3,1.5,0.054,1.12,88.0
2025-07-20 11:00:00,1.1,2.7,0.058,1.29,92.0
2025-07-20 12:00:00,0.2,1.1,0.056,1.37,95.0
2025-07-20 13:00:00,0.4,1.5,0.055,1.26,94.0
2025-07-20 14:00:00,0.3,1.0,0.055,1.11,96.0
2025-07-20 15:00:00,0.3,0.8,0.054,1.03,97.0
2025-07-20 16:00:00,0.3,1.1,0.054,0.79,97.0
2025-07-20 17:00:00,0.3,1.0,0.055,0.52,96.0
2025-07-20 18:00:00,0.2,1.2,0.054,0.2,92.0
2025-07-20 19:00:00,0.5,3.6,0.053,0.06,91.0
2025-07-20 20:00:00,0.2,7.7,0.043,0.0,86.0
2025-07-20 21:00:00,0.2,5.8,0.043,0.0,82.0
2025-07-20 22:00:00,0.6,5.4,0.04,0.0,80.0
2025-07-20 23:00:00,0.9,7.6,0.036,0.0,77.0
2025-07-21 00:00:00,0.2,3.6,0.04,0.0,76.0
2025-07-21 01:00:00,0.3,4.5,0.038,0.0,75.0
2025-07-21 02:00:00,1.2,4.6,0.037,0.0,73.0
2025-07-21 03:00:00,0.4,5.6,0.034,0.0,71.0
2025-07-21 04:00:00,0.7,8.0,0.031,0.0,69.0
2025-07-21 05:00:00,1.1,6.6,0.031,0.04,68.0
2025-07-21 06:00:00,3.4,10.4,0.027,0.11,69.0
2025-07-21 07:00:00,5.9,12.1,0.027,0.22,71.0
2025-07-21 08:00:00,3.0,7.3,0.036,0.72,77.0
2025-07-21 09:00:00,2.5,5.1,0.041,1.01,84.0
2025-07-21 10:00:00,1.4,3.8,0.045,0.69,86.0
2025-07-21 11:00:00,0.8,2.0,0.047,0.7,88.0
2025-07-21 12:00:00,0.6,2.3,0.045,0.39,85.0
2025-07-21 13:00:00,1.0,3.5,0.046,0.54,86.0
2025-07-21 14:00:00,1.1,3.0,0.046,0.96,87.0
2025-07-21 15:00:00,1.2,3.3,0.045,0.7,87.0
2025-07-21 16:00:00,1.1,3.2,0.045,0.43,87.0
2025-07-21 17:00:00,0.6,3.3,0.042,0.12,85.0
2025-07-21 18:00:00,0.4,1.9,0.04,0.12,78.0
2025-07-21 19:00:00,0.2,2.2,0.039,0.06,76.0
2025-07-21 20:00:00,0.3,2.8,0.037,0.0,74.0
2025-07-21 21:00:00,0.1,1.8,0.037,0.0,76.0
2025-07-21 22:00:00,0.1,2.6,0.036,0.0,75.0
2025-07-21 23:00:00,0.2,2.5,0.034,0.0,75.0
2025-07-22 00:00:00,0.1,2.6,0.033,0.0,74.0
2025-07-22 01:00:00,0.8,4.1,0.03,0.0,73.0
2025-07-22 02:00:00,0.1,1.7,0.032,0.0,72.0
2025-07-22 03:00:00,0.3,1.8,0.032,0.0,72.0
2025-07-22 04:00:00,0.9,5.8,0.027,0.0,70.0
2025-07-22 05:00:00,1.1,6.5,0.025,0.02,68.0
2025-07-22 06:00:00,6.0,10.8,0.023,0.16,69.0
2025-07-22 07:00:00,6.6,8.4,0.027,0.5,74.0
2025-07-22 08:00:00,2.0,5.0,0.038,0.78,81.0
2025-07-22 09:00:00,1.4,2.1,0.045,1.02,84.0
2025-07-22 10:00:00,1.6,1.6,0.047,1.21,86.0
2025-07-22 11:00:00,0.6,1.1,0.049,1.3,88.0
2025-07-22 12:00:00,0.5,1.1,0.05,1.37,89.0
2025-07-22 13:00:00,0.5,1.0,0.05,1.28,90.0
2025-07-22 14:00:00,0.5,0.9,0.052,1.11,90.0
2025-07-22 15:00:00,0.5,1.5,0.053,1.02,91.0
2025-07-22 16:00:00,0.9,1.6,0.052,0.77,92.0
2025-07-22 17:00:00,0.3,0.9,0.053,0.55,92.0
2025-07-22 18:00:00,0.4,1.8,0.051,0.25,90.0
2025-07-22 19:00:00,0.3,3.9,0.046,0.03,85.0
2025-07-22 20:00:00,0.4,10.8,0.037,0.0,83.0
2025-07-22 21:00:00,0.3,5.9,0.039,0.0,77.0
2025-07-22 22:00:00,0.1,2.3,0.043,0.0,75.0
2025-07-22 23:00:00,0.5,3.9,0.04,0.0,74.0
2025-07-23 00:00:00,0.2,3.4,0.039,0.0,72.0
2025-07-23 01:00:00,0.1,2.1,0.039,0.0,71.0
2025-07-23 02:00:00,0.1,2.9,0.036,0.0,69.0
2025-07-23 03:00:00,0.2,5.2,0.033,0.0,68.0
2025-07-23 04:00:00,0.6,7.5,0.032,0.0,68.0
2025-07-23 05:00:00,0.9,9.0,0.031,0.03,68.0
2025-07-23 06:00:00,5.8,14.1,0.028,0.25,70.0
2025-07-23 07:00:00,8.6,12.4,0.033,0.56,74.0
2025-07-23 08:00:00,2.2,4.8,0.042,0.8,79.0
2025-07-23 09:00:00,1.2,3.4,0.049,1.02,83.0
2025-07-23 10:00:00,0.8,2.7,0.054,1.0,85.0
2025-07-23 11:00:00,0.9,2.0,0.055,1.3,88.0
2025-07-23 12:00:00,0.4,1.1,0.058,1.33,90.0
2025-07-23 13:00:00,0.2,0.8,0.058,1.29,89.0
2025-07-23 14:00:00,0.2,0.8,0.057,1.17,89.0
2025-07-23 15:00:00,0.2,0.7,0.058,0.99,91.0
2025-07-23 16:00:00,0.6,2.8,0.06,0.73,91.0
2025-07-23 17:00:00,0.6,2.2,0.062,0.47,91.0
2025-07-23 18:00:00,0.1,0.9,0.063,0.24,91.0
2025-07-23 19:00:00,0.3,2.8,0.058,0.05,89.0
2025-07-23 20:00:00,0.3,6.0,0.049,0.0,82.0
2025-07-23 21:00:00,0.2,5.9,0.047,0.0,77.0
2025-07-23 22:00:00,0.1,3.3,0.05,0.0,75.0
2025-07-23 23:00:00,0.1,2.4,0.05,0.0,73.0
2025-07-24 00:00:00,0.3,2.8,0.047,0.0,72.0
2025-07-24 01:00:00,0.1,2.4,0.047,0.0,71.0
2025-07-24 02:00:00,0.1,2.8,0.045,0.0,68.0
2025-07-24 03:00:00,0.2,3.8,0.044,0.0,67.0
2025-07-24 04:00:00,0.1,3.6,0.044,0.0,67.0
2025-07-24 05:00:00,0.6,7.9,0.039,0.02,67.0
2025-07-24 06:00:00,3.3,10.8,0.036,0.05,67.0
2025-07-24 07:00:00,6.3,15.1,0.034,0.12,69.0
2025-07-24 08:00:00,2.2,8.3,0.041,0.36,74.0
2025-07-24 09:00:00,1.7,5.5,0.047,0.75,80.0
2025-07-24 10:00:00,0.5,2.0,0.055,1.11,86.0
2025-07-24 11:00:00,0.7,2.2,0.057,1.27,87.0
2025-07-24 12:00:00,0.3,0.9,0.057,1.31,90.0
2025-07-24 13:00:00,0.2,0.8,0.058,1.28,91.0
2025-07-24 14:00:00,0.4,1.0,0.058,1.17,91.0
2025-07-24 15:00:00,0.2,0.6,0.057,0.99,90.0
2025-07-24 16:00:00,0.2,0.7,0.057,0.76,90.0
2025-07-24 17:00:00,0.2,0.7,0.057,0.51,91.0
2025-07-24 18:00:00,0.2,0.8,0.054,0.24,90.0
2025-07-24 19:00:00,0.2,3.1,0.045,0.05,87.0
2025-07-24 20:00:00,0.3,10.3,0.031,0.0,80.0
2025-07-24 21:00:00,0.1,7.2,0.036,0.0,76.0
2025-07-24 22:00:00,0.2,4.7,0.04,0.0,74.0
2025-07-24 23:00:00,0.8,5.3,0.039,0.0,72.0
2025-07-25 00:00:00,0.2,3.0,0.039,0.0,70.0
2025-07-25 01:00:00,0.1,2.3,0.04,0.0,69.0
2025-07-25 02:00:00,0.2,4.4,0.038,0.0,67.0
2025-07-25 03:00:00,0.3,2.6,0.039,0.0,66.0
2025-07-25 04:00:00,,,0.03,0.0,64.0
2025-07-25 05:00:00,0.8,6.0,0.035,0.02,64.0
2025-07-25 06:00:00,3.1,7.8,0.034,0.23,66.0
2025-07-25 07:00:00,6.7,9.6,0.034,0.49,69.0
2025-07-25 08:00:00,2.1,5.4,0.04,0.74,73.0
2025-07-25 09:00:00,1.7,4.3,0.044,0.96,79.0
2025-07-25 10:00:00,0.9,3.1,0.052,1.13,85.0
2025-07-25 11:00:00,1.1,3.0,0.056,1.3,88.0
2025-07-25 12:00:00,0.3,1.3,0.058,1.33,91.0
2025-07-25 13:00:00,0.4,1.4,0.059,1.29,90.0
2025-07-25 14:00:00,0.2,0.9,0.058,1.18,90.0
2025-07-25 15:00:00,0.2,0.8,0.058,0.99,91.0
2025-07-25 16:00:00,0.1,0.7,0.058,0.75,91.0
2025-07-25 17:00:00,0.1,0.7,0.058,0.48,91.0
2025-07-25 18:00:00,0.2,0.8,0.056,0.25,90.0
2025-07-25 19:00:00,0.3,2.7,0.048,0.05,88.0
2025-07-25 20:00:00,0.6,10.7,0.037,0.0,82.0
2025-07-25 21:00:00,1.0,5.2,0.041,0.0,78.0
2025-07-25 22:00:00,0.2,2.6,0.043,0.0,75.0
2025-07-25 23:00:00,0.1,3.2,0.04,0.0,73.0
2025-07-26 00:00:00,0.4,7.1,0.038,0.0,71.0
2025-07-26 01:00:00,0.2,4.1,0.037,0.0,70.0
2025-07-26 02:00:00,0.2,5.0,0.038,0.0,70.0
2025-07-26 03:00:00,0.8,5.3,0.038,0.0,70.0
2025-07-26 04:00:00,0.2,4.7,,0.0,70.0
2025-07-26 05:00:00,0.3,7.0,0.037,0.01,70.0
2025-07-26 06:00:00,0.4,5.8,0.039,0.08,70.0
2025-07-26 07:00:00,0.9,5.1,0.04,0.36,74.0
2025-07-26 08:00:00,1.4,4.4,0.038,0.69,78.0
2025-07-26 09:00:00,1.0,3.0,0.046,0.93,82.0
2025-07-26 10:00:00,0.6,2.4,0.052,1.09,85.0
2025-07-26 11:00:00,0.4,1.6,0.055,1.23,88.0
2025-07-26 12:00:00,0.2,1.1,0.052,1.3,90.0
2025-07-26 13:00:00,0.2,0.7,0.051,1.23,90.0
2025-07-26 14:00:00,0.2,0.6,0.051,1.15,89.0
2025-07-26 15:00:00,0.2,1.0,0.051,0.94,90.0
2025-07-26 16:00:00,1.2,4.1,0.053,0.74,91.0
2025-07-26 17:00:00,0.2,0.8,0.052,0.49,92.0
2025-07-26 18:00:00,0.3,1.4,0.043,0.27,90.0
2025-07-26 19:00:00,0.3,1.5,0.042,0.05,87.0
2025-07-26 20:00:00,0.2,6.8,0.035,0.0,82.0
2025-07-26 21:00:00,0.1,4.5,0.036,0.0,77.0
2025-07-26 22:00:00,0.3,7.2,0.032,0.0,75.0
2025-07-26 23:00:00,0.5,4.8,0.033,0.0,73.0
2025-07-27 00:00:00,0.2,3.7,0.032,0.0,70.0
2025-07-27 01:00:00,0.9,6.3,0.029,0.0,68.0
2025-07-27 02:00:00,0.3,4.6,0.032,0.0,68.0
2025-07-27 03:00:00,0.6,5.0,0.031,0.0,66.0
2025-07-27 04:00:00,,,0.029,0.0,65.0
2025-07-27 05:00:00,0.6,4.5,0.03,0.03,64.0
2025-07-27 06:00:00,1.6,5.3,0.03,0.24,66.0
2025-07-27 07:00:00,1.5,3.9,0.031,0.51,69.0
2025-07-27 08:00:00,2.6,5.5,0.033,0.67,72.0
2025-07-27 09:00:00,0.9,2.9,0.039,0.75,79.0
2025-07-27 10:00:00,0.6,2.4,0.047,1.06,83.0
2025-07-27 11:00:00,0.3,1.1,0.051,1.33,87.0
2025-07-27 12:00:00,0.2,0.8,0.05,1.34,89.0
2025-07-27 13:00:00,0.1,0.5,0.05,1.2,90.0
2025-07-27 14:00:00,0.2,0.7,0.05,0.52,89.0
2025-07-27 15:00:00,0.3,1.7,0.051,0.74,91.0
2025-07-27 16:00:00,0.2,0.6,0.052,0.82,94.0
2025-07-27 17:00:00,0.1,0.5,0.051,0.25,91.0
2025-07-27 18:00:00,1.1,4.4,0.046,0.2,89.0
2025-07-27 19:00:00,0.3,4.9,0.041,0.05,84.0
2025-07-27 20:00:00,0.2,4.0,0.042,0.0,79.0
2025-07-27 21:00:00,0.2,5.0,0.04,0.0,76.0
2025-07-27 22:00:00,0.1,3.0,0.041,0.0,74.0
2025-07-27 23:00:00,0.2,3.2,0.04,0.0,72.0
2025-07-28 00:00:00,0.8,7.3,0.038,0.0,71.0
2025-07-28 01:00:00,0.4,3.9,0.037,0.0,71.0
2025-07-28 02:00:00,0.8,5.7,0.033,0.0,67.0
2025-07-28 03:00:00,0.9,5.8,0.032,0.0,66.0
2025-07-28 04:00:00,0.6,5.5,0.031,0.0,65.0
2025-07-28 05:00:00,0.9,6.3,0.029,0.02,64.0
2025-07-28 06:00:00,1.6,6.9,0.029,0.18,65.0
2025-07-28 07:00:00,7.5,9.9,0.029,0.43,68.0
2025-07-28 08:00:00,1.9,5.0,0.034,0.68,72.0
2025-07-28 09:00:00,1.5,4.3,0.037,0.96,77.0
2025-07-28 10:00:00,1.2,3.4,0.044,1.18,84.0
2025-07-28 11:00:00,0.9,2.5,0.049,1.3,92.0
2025-07-28 12:00:00,0.4,1.2,0.049,1.33,92.0
2025-07-28 13:00:00,1.4,2.8,0.048,1.29,95.0
2025-07-28 14:00:00,0.7,1.5,0.046,1.17,97.0
2025-07-28 15:00:00,0.6,1.3,0.045,1.0,95.0
2025-07-28 16:00:00,0.2,0.5,0.045,0.82,96.0
2025-07-28 17:00:00,0.2,0.6,0.043,0.56,95.0
2025-07-28 18:00:00,0.3,1.0,0.04,0.28,95.0
2025-07-28 19:00:00,0.3,4.3,0.031,0.05,92.0
2025-07-28 20:00:00,0.3,6.5,0.028,0.0,84.0
2025-07-28 21:00:00,0.1,4.2,0.032,0.0,83.0
2025-07-28 22:00:00,0.2,3.0,0.033,0.0,80.0
2025-07-28 23:00:00,0.2,4.4,0.031,0.0,80.0
2025-07-29 00:00:00,0.1,5.1,0.028,0.0,77.0
2025-07-29 01:00:00,0.2,2.6,0.03,0.0,74.0
2025-07-29 02:00:00,0.3,3.8,0.03,0.0,73.0
2025-07-29 03:00:00,0.2,2.3,0.029,0.0,73.0
2025-07-29 04:00:00,0.5,4.3,0.027,0.0,70.0
2025-07-29 05:00:00,1.1,6.6,0.024,0.01,69.0
2025-07-29 06:00:00,1.8,7.6,0.022,0.12,69.0
2025-07-29 07:00:00,4.9,9.4,0.023,0.44,73.0
2025-07-29 08:00:00,2.5,8.1,0.022,0.4,75.0
2025-07-29 09:00:00,4.6,12.3,0.023,0.48,77.0
2025-07-29 10:00:00,2.7,7.4,0.03,0.69,84.0
2025-07-29 11:00:00,2.6,7.0,0.035,1.1,88.0
2025-07-29 12:00:00,0.9,2.8,0.044,1.24,94.0
2025-07-29 13:00:00,0.7,2.1,0.045,1.32,96.0
2025-07-29 14:00:00,0.7,2.5,0.044,1.2,96.0
2025-07-29 15:00:00,0.9,2.3,0.043,1.01,96.0
2025-07-29 16:00:00,0.8,2.5,0.041,0.75,96.0
2025-07-29 17:00:00,0.5,2.2,0.04,0.38,96.0
2025-07-29 18:00:00,0.4,2.6,0.04,0.24,95.0
2025-07-29 19:00:00,0.8,6.7,0.03,0.04,90.0
2025-07-29 20:00:00,0.7,5.7,0.026,0.0,84.0
2025-07-29 21:00:00,0.2,2.7,0.03,0.0,81.0
2025-07-29 22:00:00,0.3,4.4,0.032,0.0,82.0
2025-07-29 23:00:00,0.2,3.5,0.032,0.0,81.0
2025-07-30 00:00:00,0.2,3.7,0.03,0.0,77.0
2025-07-30 01:00:00,0.5,5.0,0.028,0.0,75.0
2025-07-30 02:00:00,1.1,7.4,0.027,0.0,74.0
2025-07-30 03:00:00,0.3,4.6,0.03,0.0,73.0
2025-07-30 04:00:00,0.5,4.3,0.031,0.0,71.0
2025-07-30 05:00:00,1.1,5.4,0.028,0.02,70.0
2025-07-30 06:00:00,4.4,9.0,0.025,0.18,71.0
2025-07-30 07:00:00,7.0,10.1,0.026,0.42,73.0
2025-07-30 08:00:00,4.2,7.0,0.03,0.73,77.0
2025-07-30 09:00:00,2.1,5.1,0.035,0.89,82.0
2025-07-30 10:00:00,1.6,4.3,0.038,1.07,88.0
2025-07-30 11:00:00,0.8,2.4,0.044,1.25,92.0
2025-07-30 12:00:00,0.5,1.6,0.048,1.29,93.0
2025-07-30 13:00:00,0.3,1.5,0.056,1.23,94.0
2025-07-30 14:00:00,0.2,1.5,0.06,1.02,95.0
2025-07-30 15:00:00,0.3,1.9,0.063,0.86,96.0
2025-07-30 16:00:00,0.1,1.5,0.059,0.64,95.0
2025-07-30 17:00:00,0.3,2.6,0.057,0.43,95.0
2025-07-30 18:00:00,0.4,4.4,0.049,0.24,94.0
2025-07-30 19:00:00,0.3,10.2,0.038,0.06,90.0
2025-07-30 20:00:00,0.3,11.5,0.033,0.0,83.0
2025-07-30 21:00:00,0.2,4.4,0.038,0.0,79.0
2025-07-30 22:00:00,0.1,4.1,0.037,0.0,78.0
2025-07-30 23:00:00,0.2,3.2,0.037,0.0,75.0
2025-07-31 00:00:00,0.3,3.6,0.035,0.0,73.0
2025-07-31 01:00:00,0.3,3.9,0.034,0.0,71.0
2025-07-31 02:00:00,0.6,6.8,0.032,0.0,70.0
2025-07-31 03:00:00,0.4,4.7,0.034,0.0,69.0
2025-07-31 04:00:00,0.5,5.8,0.034,0.0,71.0
2025-07-31 05:00:00,1.2,8.0,0.031,0.01,70.0
2025-07-31 06:00:00,3.3,8.5,0.03,0.19,72.0
2025-07-31 07:00:00,6.3,11.1,0.03,0.45,74.0
2025-07-31 08:00:00,2.0,5.5,0.036,0.73,78.0
2025-07-31 09:00:00,2.2,5.4,0.042,0.98,84.0
2025-07-31 10:00:00,1.5,3.1,0.047,1.17,89.0
2025-07-31 11:00:00,0.9,1.4,0.047,1.29,91.0
2025-07-31 12:00:00,0.4,1.0,0.049,1.33,91.0
2025-07-31 13:00:00,0.6,1.0,0.051,1.19,92.0
2025-07-31 14:00:00,0.4,0.9,0.052,1.22,94.0
2025-07-31 15:00:00,0.4,0.9,0.051,0.97,94.0
2025-07-31 16:00:00,0.4,0.9,0.049,0.77,93.0
2025-07-31 17:00:00,0.9,1.4,0.047,0.52,93.0
2025-07-31 18:00:00,0.3,1.2,0.044,0.2,90.0
2025-07-31 19:00:00,0.7,4.5,0.04,0.02,85.0
2025-07-31 20:00:00,0.5,11.8,0.032,0.0,82.0
2025-07-31 21:00:00,0.4,8.3,0.033,0.0,77.0
2025-07-31 22:00:00,0.1,3.4,0.038,0.0,76.0
2025-07-31 23:00:00,0.2,3.4,0.038,0.0,75.0
2025-08-01 00:00:00,0.1,2.5,0.039,0.0,74.0
2025-08-01 01:00:00,0.3,3.8,0.037,0.0,71.0
2025-08-01 02:00:00,0.8,6.0,0.035,0.0,71.0
2025-08-01 03:00:00,0.2,2.9,0.037,0.0,69.0
2025-08-01 04:00:00,,,0.034,0.0,67.0
2025-08-01 05:00:00,0.5,5.4,0.032,0.01,65.0
2025-08-01 06:00:00,3.2,7.5,0.03,0.21,68.0
2025-08-01 07:00:00,6.2,8.7,0.031,0.47,71.0
2025-08-01 08:00:00,2.8,6.0,0.035,0.74,77.0
2025-08-01 09:00:00,1.6,4.1,0.043,0.98,83.0
2025-08-01 10:00:00,1.5,4.0,0.048,1.17,87.0
2025-08-01 11:00:00,0.8,3.1,0.054,1.29,90.0
2025-08-01 12:00:00,0.4,1.7,0.056,1.33,92.0
2025-08-01 13:00:00,0.2,0.9,0.055,1.28,93.0
2025-08-01 14:00:00,0.2,0.7,0.054,1.18,93.0
2025-08-01 15:00:00,0.2,0.6,0.054,0.99,93.0
2025-08-01 16:00:00,0.1,0.5,0.054,0.77,93.0
2025-08-01 17:00:00,0.2,0.6,0.054,0.51,92.0
2025-08-01 18:00:00,0.2,0.7,0.051,0.24,91.0
2025-08-01 19:00:00,0.4,8.9,0.04,0.04,89.0
2025-08-01 20:00:00,0.6,7.7,0.037,0.0,81.0
2025-08-01 21:00:00,0.2,3.5,0.041,0.0,79.0
2025-08-01 22:00:00,0.1,3.9,0.038,0.0,76.0
2025-08-01 23:00:00,0.1,2.9,0.038,0.0,75.0
2025-08-02 00:00:00,0.2,2.2,0.038,0.0,74.0
2025-08-02 01:00:00,0.2,2.8,0.037,0.0,72.0
2025-08-02 02:00:00,1.4,6.4,0.033,0.0,71.0
2025-08-02 03:00:00,2.0,11.4,0.027,0.0,69.0
2025-08-02 04:00:00,0.2,3.1,,0.0,68.0
2025-08-02 05:00:00,3.6,13.9,0.026,0.01,68.0
2025-08-02 06:00:00,3.2,11.4,0.026,0.2,70.0
2025-08-02 07:00:00,1.6,4.7,0.033,0.46,74.0
2025-08-02 08:00:00,1.9,4.8,0.036,0.74,80.0
2025-08-02 09:00:00,1.3,3.4,0.042,1.0,86.0
2025-08-02 10:00:00,0.6,1.0,0.047,1.17,89.0
2025-08-02 11:00:00,0.3,0.9,0.049,1.29,90.0
2025-08-02 12:00:00,0.4,0.7,0.05,1.34,91.0
2025-08-02 13:00:00,0.3,0.5,0.051,1.29,93.0
2025-08-02 14:00:00,0.2,0.6,0.05,1.18,93.0
2025-08-02 15:00:00,0.2,0.7,0.052,0.99,93.0
2025-08-02 16:00:00,0.1,1.0,0.058,0.76,91.0
2025-08-02 17:00:00,0.5,1.7,0.059,0.49,90.0
2025-08-02 18:00:00,0.2,1.8,0.053,0.21,86.0
2025-08-02 19:00:00,0.1,2.6,0.049,0.03,81.0
2025-08-02 20:00:00,0.1,3.2,0.048,0.0,78.0
2025-08-02 21:00:00,0.1,4.3,0.045,0.0,77.0
2025-08-02 22:00:00,0.1,7.1,0.038,0.0,73.0
2025-08-02 23:00:00,0.2,6.0,0.039,0.0,73.0
2025-08-03 00:00:00,0.6,9.2,0.034,0.0,70.0
2025-08-03 01:00:00,0.5,6.3,0.036,0.0,69.0
2025-08-03 02:00:00,0.8,7.4,0.036,0.0,69.0
2025-08-03 03:00:00,0.3,4.0,0.04,0.0,67.0
2025-08-03 04:00:00,,,0.036,0.0,67.0
2025-08-03 05:00:00,1.0,8.9,0.033,0.01,64.0
2025-08-03 06:00:00,1.2,7.2,0.035,0.18,66.0
2025-08-03 07:00:00,0.8,3.3,0.04,0.45,70.0
2025-08-03 08:00:00,0.8,2.5,0.043,0.72,74.0
2025-08-03 09:00:00,0.5,2.5,0.049,0.97,80.0
2025-08-03 10:00:00,0.4,2.2,0.054,1.15,83.0
2025-08-03 11:00:00,0.4,2.7,0.06,1.27,86.0
2025-08-03 12:00:00,1.1,3.2,0.062,1.31,88.0
2025-08-03 13:00:00,0.1,0.9,0.056,1.28,91.0
2025-08-03 14:00:00,0.2,0.7,0.055,1.16,93.0
2025-08-03 15:00:00,0.1,0.6,0.055,0.98,94.0
2025-08-03 16:00:00,0.1,0.6,0.055,0.75,95.0
2025-08-03 17:00:00,0.1,0.5,0.054,0.49,94.0
2025-08-03 18:00:00,0.1,0.5,0.053,0.23,93.0
2025-08-03 19:00:00,0.2,1.3,0.046,0.03,90.0
2025-08-03 20:00:00,0.2,5.1,0.041,0.0,82.0
2025-08-03 21:00:00,0.1,2.4,0.043,0.0,79.0
2025-08-03 22:00:00,0.2,1.2,0.046,0.0,79.0
2025-08-03 23:00:00,0.1,2.2,0.043,0.0,78.0
2025-08-04 00:00:00,0.2,4.1,0.04,0.0,74.0
2025-08-04 01:00:00,0.2,3.1,0.04,0.0,72.0
2025-08-04 02:00:00,0.1,1.5,0.041,0.0,71.0
2025-08-04 03:00:00,0.4,6.4,0.037,0.0,70.0
2025-08-04 04:00:00,0.3,4.8,0.037,0.0,67.0
2025-08-04 05:00:00,0.7,8.6,0.034,0.01,66.0
2025-08-04 06:00:00,3.2,9.5,0.034,0.19,68.0
2025-08-04 07:00:00,4.9,9.1,0.037,0.44,71.0
2025-08-04 08:00:00,7.3,11.0,0.039,0.71,77.0
2025-08-04 09:00:00,4.7,8.1,0.046,0.92,83.0
2025-08-04 10:00:00,1.4,4.4,0.062,1.03,89.0
2025-08-04 11:00:00,0.9,2.9,0.064,1.29,92.0
2025-08-04 12:00:00,0.7,1.7,0.068,1.22,94.0
2025-08-04 13:00:00,0.7,1.8,0.064,1.03,94.0
2025-08-04 14:00:00,0.6,2.2,0.063,0.78,93.0
2025-08-04 15:00:00,0.8,2.3,0.061,0.75,95.0
2025-08-04 16:00:00,0.7,2.4,0.056,0.46,93.0
2025-08-04 17:00:00,0.5,1.7,0.051,0.25,90.0
2025-08-04 18:00:00,0.2,2.8,0.056,0.2,89.0
2025-08-04 19:00:00,0.2,4.8,0.057,0.04,87.0
2025-08-04 20:00:00,0.2,3.4,0.059,0.0,86.0
2025-08-04 21:00:00,0.2,5.9,0.052,0.0,81.0
2025-08-04 22:00:00,0.2,5.0,0.052,0.0,79.0
2025-08-04 23:00:00,0.3,3.0,0.054,0.0,79.0
2025-08-05 00:00:00,0.2,5.9,0.046,0.0,73.0
2025-08-05 01:00:00,0.1,3.5,0.049,0.0,71.0
2025-08-05 02:00:00,0.2,5.2,0.046,0.0,69.0
2025-08-05 03:00:00,0.2,7.0,0.045,0.0,67.0
2025-08-05 04:00:00,0.3,8.7,0.04,0.0,64.0
2025-08-05 05:00:00,0.6,10.6,0.039,0.01,63.0
2025-08-05 06:00:00,3.9,15.4,0.036,0.16,66.0
2025-08-05 07:00:00,2.9,8.1,0.043,0.42,69.0
2025-08-05 08:00:00,2.4,6.9,0.048,0.7,74.0
2025-08-05 09:00:00,1.5,5.4,0.053,0.95,80.0
2025-08-05 10:00:00,2.2,8.2,0.055,1.14,83.0
2025-08-05 11:00:00,0.7,3.5,0.066,1.26,87.0
2025-08-05 12:00:00,0.4,2.2,0.07,1.31,92.0
2025-08-05 13:00:00,0.4,1.6,0.068,1.27,94.0
2025-08-05 14:00:00,0.4,1.4,0.066,1.15,94.0
2025-08-05 15:00:00,0.3,1.1,0.066,0.96,95.0
2025-08-05 16:00:00,0.2,0.9,0.063,0.73,94.0
2025-08-05 17:00:00,0.3,1.4,0.057,0.46,94.0
2025-08-05 18:00:00,0.2,1.7,0.053,0.19,91.0
2025-08-05 19:00:00,0.2,9.9,0.045,0.02,88.0
2025-08-05 20:00:00,0.1,12.6,0.036,0.0,83.0
2025-08-05 21:00:00,0.3,12.6,0.037,0.0,78.0
2025-08-05 22:00:00,0.2,6.8,0.043,0.0,76.0
2025-08-05 23:00:00,0.1,2.5,0.049,0.0,75.0
2025-08-06 00:00:00,0.1,2.7,0.047,0.0,75.0
2025-08-06 01:00:00,0.1,3.0,0.046,0.0,74.0
2025-08-06 02:00:00,0.2,3.2,0.043,0.0,71.0
2025-08-06 03:00:00,1.4,9.2,0.036,0.0,69.0
2025-08-06 04:00:00,1.1,9.4,0.035,0.0,67.0
2025-08-06 05:00:00,1.1,7.5,0.036,0.01,67.0
2025-08-06 06:00:00,6.7,15.4,0.03,0.18,70.0
2025-08-06 07:00:00,4.8,10.2,0.036,0.44,73.0
2025-08-06 08:00:00,4.3,10.8,0.04,0.72,79.0
2025-08-06 09:00:00,3.1,7.8,0.046,0.98,85.0
2025-08-06 10:00:00,1.0,3.1,0.055,1.15,91.0
2025-08-06 11:00:00,0.9,1.8,0.056,1.27,93.0
2025-08-06 12:00:00,0.7,1.4,0.057,1.31,94.0
2025-08-06 13:00:00,1.0,3.0,0.053,1.26,96.0
2025-08-06 14:00:00,0.7,1.0,0.054,1.14,98.0
2025-08-06 15:00:00,0.8,1.6,0.05,0.79,98.0
2025-08-06 16:00:00,0.8,1.9,0.046,0.58,97.0
2025-08-06 17:00:00,0.9,3.4,0.043,0.26,94.0
2025-08-06 18:00:00,0.6,4.6,0.039,0.09,91.0
2025-08-06 19:00:00,0.7,12.4,0.033,0.01,89.0
2025-08-06 20:00:00,0.4,12.0,0.03,0.0,86.0
2025-08-06 21:00:00,0.2,5.4,0.034,0.0,80.0
2025-08-06 22:00:00,0.3,3.2,0.038,0.0,78.0
2025-08-06 23:00:00,0.4,7.2,0.034,0.0,77.0
2025-08-07 00:00:00,0.2,8.6,0.035,0.0,76.0
2025-08-07 01:00:00,0.1,3.1,0.04,0.0,76.0
2025-08-07 02:00:00,0.2,2.8,0.04,0.0,74.0
2025-08-07 03:00:00,0.2,5.7,0.036,0.0,74.0
2025-08-07 04:00:00,0.6,7.7,0.033,0.0,72.0
2025-08-07 05:00:00,1.1,10.0,0.031,0.01,72.0
2025-08-07 06:00:00,2.7,15.5,0.026,0.09,71.0
2025-08-07 07:00:00,5.9,16.4,0.026,0.24,73.0
2025-08-07 08:00:00,4.0,10.5,0.031,0.53,77.0
2025-08-07 09:00:00,2.6,7.9,0.042,0.74,85.0
2025-08-07 10:00:00,1.7,4.8,0.051,0.95,90.0
2025-08-07 11:00:00,1.1,4.3,0.056,1.28,92.0
2025-08-07 12:00:00,1.0,2.5,0.054,1.14,94.0
2025-08-07 13:00:00,1.0,1.8,0.053,1.17,95.0
2025-08-07 14:00:00,0.6,1.5,0.053,1.18,96.0
2025-08-07 15:00:00,0.5,1.5,0.053,0.96,96.0
2025-08-07 16:00:00,1.6,1.6,0.051,0.75,96.0
2025-08-07 17:00:00,0.4,1.4,0.049,0.41,94.0
2025-08-07 18:00:00,0.4,2.9,0.047,0.15,92.0
2025-08-07 19:00:00,0.2,3.4,0.045,0.02,90.0
2025-08-07 20:00:00,0.1,3.4,0.045,0.0,87.0
2025-08-07 21:00:00,0.1,3.4,0.045,0.0,86.0
2025-08-07 22:00:00,0.1,2.4,0.046,0.0,84.0
2025-08-07 23:00:00,0.2,2.3,0.041,0.0,78.0
2025-08-08 00:00:00,0.2,2.3,0.032,0.0,76.0
2025-08-08 01:00:00,0.2,2.3,0.029,0.0,74.0
2025-08-08 02:00:00,0.2,2.2,0.029,0.0,73.0
2025-08-08 03:00:00,0.1,2.2,0.028,0.0,72.0
2025-08-08 04:00:00,,,0.028,0.0,71.0
2025-08-08 05:00:00,2.4,9.8,0.017,0.01,68.0
2025-08-08 06:00:00,20.4,24.3,0.005,0.16,70.0
2025-08-08 07:00:00,14.1,19.6,0.012,0.26,72.0
2025-08-08 08:00:00,6.9,7.9,0.025,0.7,79.0
2025-08-08 09:00:00,1.5,3.2,0.034,0.94,80.0
2025-08-08 10:00:00,1.1,3.8,0.04,1.06,80.0
2025-08-08 11:00:00,0.7,2.8,0.043,0.97,81.0
2025-08-08 12:00:00,0.6,1.8,0.044,1.28,84.0
2025-08-08 13:00:00,0.4,1.7,0.048,1.24,84.0
2025-08-08 14:00:00,0.3,1.6,0.05,1.11,84.0
2025-08-08 15:00:00,0.4,1.8,0.048,0.93,84.0
2025-08-08 16:00:00,0.3,1.3,0.043,0.71,84.0
2025-08-08 17:00:00,0.2,1.2,0.04,0.46,83.0
2025-08-08 18:00:00,0.2,1.8,0.039,0.2,82.0
2025-08-08 19:00:00,0.2,2.8,0.035,0.02,78.0
2025-08-08 20:00:00,0.2,3.1,0.033,0.0,75.0
2025-08-08 21:00:00,0.1,4.2,0.031,0.0,74.0
2025-08-08 22:00:00,0.2,6.6,0.025,0.0,70.0
2025-08-08 23:00:00,0.4,8.1,0.024,0.0,68.0
2025-08-09 00:00:00,0.2,4.2,0.028,0.0,67.0
2025-08-09 01:00:00,0.2,4.0,0.027,0.0,65.0
2025-08-09 02:00:00,0.4,3.9,0.028,0.0,64.0
2025-08-09 03:00:00,0.3,4.2,0.026,0.0,61.0
2025-08-09 04:00:00,0.4,5.1,,0.0,60.0
2025-08-09 05:00:00,0.4,4.0,0.025,0.01,60.0
2025-08-09 06:00:00,1.3,4.8,0.026,0.16,61.0
2025-08-09 07:00:00,1.8,4.4,0.027,0.39,65.0
2025-08-09 08:00:00,2.2,4.4,0.03,0.71,70.0
2025-08-09 09:00:00,1.2,3.2,0.037,0.95,75.0
2025-08-09 10:00:00,0.7,2.3,0.042,1.14,78.0
2025-08-09 11:00:00,0.5,2.1,0.049,1.03,82.0
2025-08-09 12:00:00,0.3,1.7,0.05,0.89,82.0
2025-08-09 13:00:00,0.3,2.3,0.054,0.52,80.0
2025-08-09 14:00:00,0.5,3.3,0.055,0.38,78.0
2025-08-09 15:00:00,0.4,2.9,0.047,0.29,78.0
2025-08-09 16:00:00,0.3,2.4,0.043,0.22,77.0
2025-08-09 17:00:00,0.2,1.8,0.042,0.12,76.0
2025-08-09 18:00:00,0.2,2.6,0.042,0.09,75.0
2025-08-09 19:00:00,0.2,3.3,0.04,0.02,73.0
2025-08-09 20:00:00,0.3,10.4,0.027,0.0,70.0
2025-08-09 21:00:00,0.2,11.4,0.022,0.0,66.0
2025-08-09 22:00:00,0.3,6.7,0.03,0.0,65.0
2025-08-09 23:00:00,0.1,4.3,0.033,0.0,63.0
2025-08-10 00:00:00,0.2,4.5,0.033,0.0,64.0
2025-08-10 01:00:00,0.2,3.5,0.033,0.0,61.0
2025-08-10 02:00:00,0.3,3.8,0.031,0.0,59.0
2025-08-10 03:00:00,0.2,3.9,0.029,0.0,57.0
2025-08-10 04:00:00,,,0.03,0.0,55.0
2025-08-10 05:00:00,0.5,3.5,0.03,0.01,55.0
2025-08-10 06:00:00,0.5,3.0,0.032,0.18,58.0
2025-08-10 07:00:00,1.1,2.7,0.033,0.44,62.0
2025-08-10 08:00:00,1.0,2.9,0.036,0.72,67.0
2025-08-10 09:00:00,0.7,2.3,0.041,0.96,72.0
2025-08-10 10:00:00,0.8,2.7,0.046,1.15,77.0
2025-08-10 11:00:00,0.3,1.6,0.05,1.26,81.0
2025-08-10 12:00:00,0.3,0.8,0.048,1.3,82.0
2025-08-10 13:00:00,0.2,0.7,0.045,1.25,84.0
2025-08-10 14:00:00,0.2,0.7,0.05,1.13,85.0
2025-08-10 15:00:00,0.2,1.0,0.056,0.94,86.0
2025-08-10 16:00:00,0.2,1.1,0.057,0.71,86.0
2025-08-10 17:00:00,0.2,1.1,0.055,0.45,85.0
2025-08-10 18:00:00,0.1,1.6,0.051,0.2,83.0
2025-08-10 19:00:00,0.2,3.2,0.045,0.02,79.0
2025-08-10 20:00:00,0.1,7.2,0.036,0.0,74.0
2025-08-10 21:00:00,0.3,9.8,0.032,0.0,72.0
2025-08-10 22:00:00,0.2,4.1,0.039,0.0,69.0
2025-08-10 23:00:00,0.2,2.6,0.04,0.0,67.0
2025-08-11 00:00:00,0.3,5.8,0.036,0.0,66.0
2025-08-11 01:00:00,0.1,2.2,0.038,0.0,64.0
2025-08-11 02:00:00,0.3,5.7,0.032,0.0,62.0
2025-08-11 03:00:00,0.2,6.7,0.032,0.0,63.0
2025-08-11 04:00:00,0.4,7.8,0.032,0.0,62.0
2025-08-11 05:00:00,1.0,8.2,0.032,0.01,61.0
2025-08-11 06:00:00,4.0,13.8,0.025,0.17,64.0
2025-08-11 07:00:00,7.8,12.5,0.027,0.43,67.0
2025-08-11 08:00:00,4.0,7.4,0.035,0.71,74.0
2025-08-11 09:00:00,3.3,6.8,0.038,0.95,77.0
2025-08-11 10:00:00,1.5,4.3,0.045,1.13,80.0
2025-08-11 11:00:00,0.9,2.8,0.051,1.25,83.0
2025-08-11 12:00:00,0.5,1.8,0.05,1.28,86.0
2025-08-11 13:00:00,0.7,1.3,0.046,1.25,88.0
2025-08-11 14:00:00,0.8,2.2,0.057,1.12,89.0
2025-08-11 15:00:00,0.3,1.9,0.062,0.95,90.0
2025-08-11 16:00:00,0.3,1.5,0.057,0.7,89.0
2025-08-11 17:00:00,0.3,2.0,0.052,0.45,88.0
2025-08-11 18:00:00,0.4,2.8,0.043,0.18,85.0
2025-08-11 19:00:00,0.2,4.3,0.038,0.02,81.0
2025-08-11 20:00:00,0.4,7.7,0.03,0.0,78.0
2025-08-11 21:00:00,0.2,10.4,0.026,0.0,74.0
2025-08-11 22:00:00,0.9,9.6,0.032,0.0,74.0
2025-08-11 23:00:00,0.4,6.3,0.034,0.0,72.0
2025-08-12 00:00:00,0.2,7.9,0.03,0.0,70.0
2025-08-12 01:00:00,0.3,7.0,0.033,0.0,70.0
2025-08-12 02:00:00,0.3,6.1,0.034,0.0,69.0
2025-08-12 03:00:00,0.4,7.9,0.032,0.0,68.0
2025-08-12 04:00:00,0.7,8.8,0.03,0.0,68.0
2025-08-12 05:00:00,1.5,12.0,0.027,0.01,67.0
2025-08-12 06:00:00,4.7,13.9,0.026,0.15,69.0
2025-08-12 07:00:00,5.9,10.8,0.028,0.41,71.0
2025-08-12 08:00:00,2.7,6.8,0.034,0.69,74.0
2025-08-12 09:00:00,2.0,5.2,0.041,0.93,82.0
2025-08-12 10:00:00,1.3,3.8,0.047,1.13,85.0
2025-08-12 11:00:00,0.7,2.5,0.052,1.25,89.0
2025-08-12 12:00:00,0.4,1.9,0.053,1.28,91.0
2025-08-12 13:00:00,0.3,1.3,0.049,1.24,92.0
2025-08-12 14:00:00,0.2,1.3,0.052,1.12,93.0
2025-08-12 15:00:00,0.3,1.3,0.051,0.94,95.0
2025-08-12 16:00:00,0.3,1.4,0.051,0.71,95.0
2025-08-12 17:00:00,0.3,1.6,0.058,0.44,94.0
2025-08-12 18:00:00,0.3,3.2,0.061,0.18,92.0
2025-08-12 19:00:00,0.1,4.2,0.059,0.02,87.0
2025-08-12 20:00:00,0.2,13.6,0.038,0.0,83.0
2025-08-12 21:00:00,1.0,19.7,0.028,0.0,79.0
2025-08-12 22:00:00,0.8,11.6,0.036,0.0,77.0
2025-08-12 23:00:00,0.2,5.2,0.039,0.0,76.0
2025-08-13 00:00:00,0.2,5.8,0.04,0.0,74.0
2025-08-13 01:00:00,0.3,5.1,0.037,0.0,72.0
2025-08-13 02:00:00,0.3,4.3,0.036,0.0,70.0
2025-08-13 03:00:00,0.4,4.9,0.037,0.0,71.0
2025-08-13 04:00:00,0.3,5.7,0.036,0.0,69.0
2025-08-13 05:00:00,7.4,10.1,0.031,0.01,68.0
2025-08-13 06:00:00,15.8,15.2,0.029,0.16,68.0
2025-08-13 07:00:00,8.3,10.2,0.033,0.42,72.0
2025-08-13 08:00:00,2.1,5.8,0.039,0.69,75.0
2025-08-13 09:00:00,2.2,5.4,0.043,0.94,83.0
2025-08-13 10:00:00,1.7,5.2,0.048,1.13,88.0
2025-08-13 11:00:00,1.5,6.3,0.058,1.24,94.0
2025-08-13 12:00:00,0.7,3.5,0.058,1.29,98.0
2025-08-13 13:00:00,0.5,2.0,0.05,1.26,101.0
2025-08-13 14:00:00,0.8,2.8,0.046,0.9,101.0
2025-08-13 15:00:00,0.2,1.0,0.046,0.99,99.0
2025-08-13 16:00:00,0.2,0.9,0.045,0.64,100.0
2025-08-13 17:00:00,0.4,1.9,0.045,0.37,99.0
2025-08-13 18:00:00,0.3,3.2,0.04,0.12,97.0
2025-08-13 19:00:00,0.2,4.5,0.032,0.0,88.0
2025-08-13 20:00:00,0.1,3.0,0.036,0.0,85.0
2025-08-13 21:00:00,0.2,3.4,0.035,0.0,83.0
2025-08-13 22:00:00,0.2,3.1,0.035,0.0,81.0
2025-08-13 23:00:00,0.2,3.5,0.035,0.0,81.0
2025-08-14 00:00:00,0.4,8.5,0.025,0.0,78.0
2025-08-14 01:00:00,0.3,6.6,0.028,0.0,77.0
2025-08-14 02:00:00,0.4,8.8,0.023,0.0,75.0
2025-08-14 03:00:00,0.5,6.4,0.025,0.0,73.0
2025-08-14 04:00:00,0.6,6.5,0.027,0.0,74.0
2025-08-14 05:00:00,1.1,8.5,0.024,0.0,73.0
2025-08-14 06:00:00,6.0,13.8,0.02,0.13,73.0
2025-08-14 07:00:00,7.3,13.5,0.021,0.26,76.0
2025-08-14 08:00:00,3.3,9.1,0.029,0.41,80.0
2025-08-14 09:00:00,3.9,10.4,0.029,0.4,81.0
2025-08-14 10:00:00,4.0,11.1,0.033,0.55,85.0
2025-08-14 11:00:00,1.6,6.2,0.044,0.61,88.0
2025-08-14 12:00:00,0.8,3.8,0.05,1.02,92.0
2025-08-14 13:00:00,0.8,2.4,0.054,0.99,96.0
2025-08-14 14:00:00,0.7,3.6,0.054,0.7,95.0
2025-08-14 15:00:00,0.9,6.7,0.046,0.17,90.0
2025-08-14 16:00:00,1.1,4.3,0.045,0.53,86.0
2025-08-14 17:00:00,0.6,3.2,0.047,0.31,87.0
2025-08-14 18:00:00,0.5,3.3,0.047,0.11,87.0
2025-08-14 19:00:00,0.2,5.0,0.044,0.01,85.0
2025-08-14 20:00:00,0.5,4.7,0.041,0.0,82.0
2025-08-14 21:00:00,0.2,6.2,0.036,0.0,79.0
2025-08-14 22:00:00,0.3,7.4,0.034,0.0,78.0
2025-08-14 23:00:00,0.3,6.1,0.032,0.0,77.0
2025-08-15 00:00:00,0.2,4.9,0.036,0.0,76.0
2025-08-15 01:00:00,0.2,3.3,0.04,0.0,78.0
2025-08-15 02:00:00,0.1,2.6,0.035,0.0,76.0
2025-08-15 03:00:00,0.2,5.4,0.031,0.0,75.0
2025-08-15 04:00:00,,,0.029,0.0,75.0
2025-08-15 05:00:00,1.0,8.6,0.03,0.0,74.0
2025-08-15 06:00:00,2.1,8.3,0.032,0.07,76.0
2025-08-15 07:00:00,6.4,11.9,0.033,0.13,78.0
2025-08-15 08:00:00,1.7,7.9,0.038,0.13,78.0
2025-08-15 09:00:00,2.2,9.1,0.038,0.32,79.0
2025-08-15 10:00:00,1.9,8.2,0.041,0.29,81.0
2025-08-15 11:00:00,2.0,8.6,0.042,0.48,82.0
2025-08-15 12:00:00,1.3,4.0,0.046,0.6,85.0
2025-08-15 13:00:00,1.3,4.1,0.048,0.72,87.0
2025-08-15 14:00:00,0.7,1.8,0.054,0.82,91.0
2025-08-15 15:00:00,0.7,2.1,0.053,0.56,91.0
2025-08-15 16:00:00,0.4,2.7,0.052,0.31,89.0
2025-08-15 17:00:00,0.5,4.3,0.047,0.18,86.0
2025-08-15 18:00:00,0.3,4.8,0.046,0.08,84.0
2025-08-15 19:00:00,0.1,3.1,0.047,0.0,82.0
2025-08-15 20:00:00,0.2,5.0,0.045,0.0,81.0
2025-08-15 21:00:00,0.2,3.3,0.044,0.0,80.0
2025-08-15 22:00:00,0.1,4.0,0.04,0.0,78.0
2025-08-15 23:00:00,0.2,2.7,0.041,0.0,77.0
2025-08-16 00:00:00,0.2,3.3,0.04,0.0,76.0
2025-08-16 01:00:00,0.2,4.4,0.039,0.0,75.0
2025-08-16 02:00:00,0.4,5.5,0.038,0.0,74.0
2025-08-16 03:00:00,0.2,4.4,0.037,0.0,73.0
2025-08-16 04:00:00,0.3,5.5,,0.0,72.0
2025-08-16 05:00:00,0.6,5.8,0.032,0.0,70.0
2025-08-16 06:00:00,0.8,5.0,0.032,0.16,71.0
2025-08-16 07:00:00,2.3,7.5,0.031,0.29,73.0
2025-08-16 08:00:00,1.3,4.8,0.037,0.47,75.0
2025-08-16 09:00:00,1.2,3.8,0.041,0.76,79.0
2025-08-16 10:00:00,1.2,3.1,0.044,0.68,82.0
2025-08-16 11:00:00,0.3,1.2,0.044,0.84,84.0
2025-08-16 12:00:00,0.5,1.0,0.047,1.3,89.0
2025-08-16 13:00:00,0.3,0.8,0.048,1.24,91.0
2025-08-16 14:00:00,0.3,0.8,0.05,1.03,92.0
2025-08-16 15:00:00,0.3,1.9,0.047,0.35,87.0
2025-08-16 16:00:00,0.8,3.6,0.043,0.4,74.0
2025-08-16 17:00:00,0.6,2.9,0.043,0.23,74.0
2025-08-16 18:00:00,0.5,3.6,0.043,0.09,73.0
2025-08-16 19:00:00,0.4,5.4,0.04,0.01,73.0
2025-08-16 20:00:00,0.6,6.2,0.036,0.0,71.0
2025-08-16 21:00:00,1.0,5.9,0.036,0.0,71.0
2025-08-16 22:00:00,0.6,5.9,0.032,0.0,69.0
2025-08-16 23:00:00,0.3,4.8,0.031,0.0,68.0
2025-08-17 00:00:00,0.2,3.7,0.029,0.0,67.0
2025-08-17 01:00:00,0.2,3.2,0.031,0.0,66.0
2025-08-17 02:00:00,1.6,8.3,0.026,0.0,65.0
2025-08-17 03:00:00,0.3,3.8,0.029,0.0,64.0
2025-08-17 04:00:00,,,0.025,0.0,62.0
2025-08-17 05:00:00,0.3,4.0,0.023,0.0,61.0
2025-08-17 06:00:00,0.6,3.5,0.024,0.15,63.0
2025-08-17 07:00:00,1.3,3.4,0.029,0.41,67.0
2025-08-17 08:00:00,1.1,3.1,0.032,0.68,72.0
2025-08-17 09:00:00,0.9,2.9,0.037,0.92,76.0
2025-08-17 10:00:00,0.6,2.4,0.045,1.11,83.0
2025-08-17 11:00:00,0.3,1.4,0.047,1.23,86.0
2025-08-17 12:00:00,0.4,1.1,0.047,1.27,89.0
2025-08-17 13:00:00,0.2,0.8,0.047,1.23,91.0
2025-08-17 14:00:00,0.2,0.7,0.047,1.11,91.0
2025-08-17 15:00:00,0.2,0.6,0.047,0.93,92.0
2025-08-17 16:00:00,0.7,2.2,0.048,0.7,91.0
2025-08-17 17:00:00,0.2,0.6,0.048,0.42,90.0
2025-08-17 18:00:00,0.2,0.9,0.046,0.17,89.0
2025-08-17 19:00:00,0.6,6.6,0.039,0.01,85.0
2025-08-17 20:00:00,0.7,9.7,0.029,0.0,79.0
2025-08-17 21:00:00,0.9,8.1,0.031,0.0,76.0
2025-08-17 22:00:00,0.6,5.1,0.033,0.0,75.0
2025-08-17 23:00:00,0.5,5.3,0.032,0.0,74.0
2025-08-18 00:00:00,0.6,4.9,0.031,0.0,72.0
2025-08-18 01:00:00,0.4,4.6,0.03,0.0,70.0
2025-08-18 02:00:00,0.4,5.5,0.029,0.0,69.0
2025-08-18 03:00:00,0.3,3.4,0.03,0.0,67.0
2025-08-18 04:00:00,0.4,4.8,0.029,0.0,66.0
2025-08-18 05:00:00,1.0,6.6,0.027,0.0,65.0
2025-08-18 06:00:00,2.3,6.4,0.027,0.15,66.0
2025-08-18 07:00:00,8.8,10.0,0.027,0.41,69.0
2025-08-18 08:00:00,4.1,8.3,0.033,0.69,74.0
2025-08-18 09:00:00,3.5,5.7,0.038,0.94,81.0
2025-08-18 10:00:00,2.3,4.3,0.046,1.13,87.0
2025-08-18 11:00:00,1.3,2.9,0.05,1.24,90.0
2025-08-18 12:00:00,1.4,2.5,0.051,1.28,91.0
2025-08-18 13:00:00,2.1,2.8,0.051,1.23,91.0
2025-08-18 14:00:00,4.7,5.2,0.051,1.11,93.0
2025-08-18 15:00:00,0.8,1.7,0.052,0.93,93.0
2025-08-18 16:00:00,0.7,1.7,0.052,0.69,94.0
2025-08-18 17:00:00,1.0,2.7,0.051,0.43,94.0
2025-08-18 18:00:00,0.5,3.5,0.048,0.17,91.0
2025-08-18 19:00:00,0.8,9.7,0.031,0.01,87.0
2025-08-18 20:00:00,0.7,13.0,0.029,0.0,80.0
2025-08-18 21:00:00,1.6,11.5,0.03,0.0,78.0
2025-08-18 22:00:00,1.8,11.7,0.03,0.0,76.0
2025-08-18 23:00:00,1.0,7.7,0.032,0.0,73.0
2025-08-19 00:00:00,0.3,4.6,0.035,0.0,73.0
2025-08-19 01:00:00,1.5,9.3,0.031,0.0,71.0
2025-08-19 02:00:00,0.4,4.4,0.035,0.0,71.0
2025-08-19 03:00:00,0.5,5.0,0.032,0.0,68.0
2025-08-19 04:00:00,1.1,7.6,0.029,0.0,67.0
2025-08-19 05:00:00,1.3,7.1,0.029,0.0,65.0
2025-08-19 06:00:00,6.0,9.8,0.026,0.15,66.0
2025-08-19 07:00:00,8.6,11.3,0.027,0.41,69.0
2025-08-19 08:00:00,4.0,7.1,0.032,0.69,75.0
2025-08-19 09:00:00,3.9,7.8,0.034,0.94,80.0
2025-08-19 10:00:00,2.2,5.8,0.041,1.13,85.0
2025-08-19 11:00:00,2.0,6.2,0.049,1.24,91.0
2025-08-19 12:00:00,3.0,6.5,0.053,1.27,94.0
2025-08-19 13:00:00,0.8,2.8,0.051,1.22,95.0
2025-08-19 14:00:00,1.6,4.0,0.049,1.09,97.0
2025-08-19 15:00:00,1.9,5.2,0.051,0.91,98.0
2025-08-19 16:00:00,0.5,1.6,0.052,0.67,98.0
2025-08-19 17:00:00,1.5,3.3,0.051,0.41,98.0
2025-08-19 18:00:00,0.8,6.2,0.048,0.15,96.0
2025-08-19 19:00:00,0.8,7.9,0.035,0.0,91.0
2025-08-19 20:00:00,0.5,8.9,0.036,0.0,86.0
2025-08-19 21:00:00,0.7,8.8,0.035,0.0,83.0
2025-08-19 22:00:00,1.3,11.4,0.032,0.0,81.0
2025-08-19 23:00:00,0.8,9.3,0.033,0.0,79.0
2025-08-20 00:00:00,0.6,6.5,0.034,0.0,78.0
2025-08-20 01:00:00,0.4,5.0,0.036,0.0,77.0
2025-08-20 02:00:00,0.1,3.6,0.036,0.0,76.0
2025-08-20 03:00:00,0.3,7.6,0.032,0.0,74.0
2025-08-20 04:00:00,0.7,9.7,0.03,0.0,72.0
2025-08-20 05:00:00,1.0,8.4,0.03,0.0,72.0
2025-08-20 06:00:00,5.4,11.0,0.026,0.14,71.0
2025-08-20 07:00:00,8.6,16.6,0.027,0.4,76.0
2025-08-20 08:00:00,3.9,8.3,0.034,0.76,80.0
2025-08-20 09:00:00,4.0,8.8,0.039,0.92,86.0
2025-08-20 10:00:00,3.0,8.2,0.045,1.1,91.0
2025-08-20 11:00:00,1.9,6.4,0.056,1.21,94.0
2025-08-20 12:00:00,0.4,2.2,0.056,1.12,99.0
2025-08-20 13:00:00,4.4,3.5,0.052,0.92,97.0
2025-08-20 14:00:00,1.3,3.8,0.051,1.11,99.0
2025-08-20 15:00:00,1.1,2.8,0.051,0.92,100.0
2025-08-20 16:00:00,0.3,1.2,0.053,0.6,99.0
2025-08-20 17:00:00,0.8,3.7,0.051,0.19,96.0
2025-08-20 18:00:00,0.2,4.6,0.05,0.05,91.0
2025-08-20 19:00:00,0.5,8.5,0.047,0.0,89.0
2025-08-20 20:00:00,0.3,12.7,0.034,0.0,86.0
2025-08-20 21:00:00,0.6,16.8,0.025,0.0,84.0
2025-08-20 22:00:00,0.7,10.0,0.032,0.0,82.0
2025-08-20 23:00:00,0.8,9.4,0.032,0.0,81.0
2025-08-21 00:00:00,0.5,6.8,0.033,0.0,79.0
2025-08-21 01:00:00,0.3,5.7,0.035,0.0,78.0
2025-08-21 02:00:00,0.3,4.3,0.034,0.0,77.0
2025-08-21 03:00:00,0.2,4.7,0.032,0.0,76.0
2025-08-21 04:00:00,0.4,7.5,0.029,0.0,75.0
2025-08-21 05:00:00,1.0,11.0,0.026,0.0,74.0
2025-08-21 06:00:00,5.2,15.5,0.022,0.12,75.0
2025-08-21 07:00:00,4.5,12.7,0.025,0.24,77.0
2025-08-21 08:00:00,4.9,10.1,0.029,0.7,80.0
2025-08-21 09:00:00,2.9,8.8,0.033,0.49,82.0
2025-08-21 10:00:00,2.6,9.0,0.039,0.68,82.0
2025-08-21 11:00:00,2.2,8.3,0.05,0.88,87.0
2025-08-21 12:00:00,1.1,5.8,0.062,1.16,88.0
2025-08-21 13:00:00,0.6,4.0,0.065,1.21,93.0
2025-08-21 14:00:00,0.5,2.9,0.067,1.1,94.0
2025-08-21 15:00:00,0.4,3.3,0.067,0.82,94.0
2025-08-21 16:00:00,0.9,6.3,0.063,0.39,90.0
2025-08-21 17:00:00,0.6,6.0,0.071,0.27,90.0
2025-08-21 18:00:00,0.2,8.1,0.069,0.04,87.0
2025-08-21 19:00:00,0.4,8.5,0.054,0.0,84.0
2025-08-21 20:00:00,0.2,8.3,0.046,0.0,83.0
2025-08-21 21:00:00,0.4,9.2,0.042,0.0,82.0
2025-08-21 22:00:00,0.2,7.9,0.041,0.0,80.0
2025-08-21 23:00:00,0.2,3.8,0.046,0.0,81.0
2025-08-22 00:00:00,0.2,2.8,0.051,0.0,81.0
2025-08-22 01:00:00,0.7,4.6,0.048,0.0,78.0
2025-08-22 02:00:00,0.1,3.1,0.052,0.0,80.0
2025-08-22 03:00:00,0.1,3.3,0.045,0.0,77.0
2025-08-22 04:00:00,,,0.04,0.0,75.0
2025-08-22 05:00:00,0.6,10.8,0.035,0.0,73.0
2025-08-22 06:00:00,4.0,12.3,0.033,0.07,74.0
2025-08-22 07:00:00,5.8,15.5,0.032,0.24,76.0
2025-08-22 08:00:00,3.1,9.4,0.037,0.36,78.0
2025-08-22 09:00:00,2.7,5.5,0.046,0.65,83.0
2025-08-22 10:00:00,2.2,9.3,0.042,0.27,83.0
2025-08-22 11:00:00,3.5,10.6,0.044,1.05,83.0
2025-08-22 12:00:00,3.3,6.5,0.055,1.21,92.0
2025-08-22 13:00:00,0.9,2.3,0.056,0.99,94.0
2025-08-22 14:00:00,0.3,1.7,0.06,1.02,95.0
2025-08-22 15:00:00,0.4,2.0,0.058,0.8,95.0
2025-08-22 16:00:00,0.4,1.8,0.063,0.68,96.0
2025-08-22 17:00:00,0.2,1.8,0.066,0.31,94.0
2025-08-22 18:00:00,0.2,2.2,0.062,0.05,91.0
2025-08-22 19:00:00,0.5,10.1,0.045,0.0,89.0
2025-08-22 20:00:00,0.2,3.4,0.047,0.0,87.0
2025-08-22 21:00:00,0.2,4.1,0.045,0.0,85.0
2025-08-22 22:00:00,0.2,4.1,0.044,0.0,84.0
2025-08-22 23:00:00,0.3,5.1,0.041,0.0,82.0
2025-08-23 00:00:00,0.1,4.3,0.042,0.0,81.0
2025-08-23 01:00:00,0.2,4.0,0.041,0.0,79.0
2025-08-23 02:00:00,0.2,3.7,0.039,0.0,76.0
2025-08-23 03:00:00,0.3,5.1,0.034,0.0,74.0
2025-08-23 04:00:00,0.4,5.6,,0.0,73.0
2025-08-23 05:00:00,0.4,6.5,0.033,0.01,73.0
2025-08-23 06:00:00,1.0,6.4,0.034,0.12,74.0
2025-08-23 07:00:00,1.5,5.8,0.035,0.37,77.0
2025-08-23 08:00:00,1.5,5.0,0.04,0.64,80.0
2025-08-23 09:00:00,0.7,3.1,0.048,0.89,86.0
2025-08-23 10:00:00,0.8,3.5,0.053,0.99,89.0
2025-08-23 11:00:00,0.4,3.1,0.06,1.21,92.0
2025-08-23 12:00:00,0.2,1.6,0.06,0.99,95.0
2025-08-23 13:00:00,0.2,1.5,0.059,0.2,92.0
2025-08-23 14:00:00,0.2,1.7,0.055,0.27,92.0
2025-08-23 15:00:00,0.2,1.5,0.047,0.34,88.0
2025-08-23 16:00:00,0.2,2.0,0.048,0.18,88.0
2025-08-23 17:00:00,0.3,3.7,0.049,0.14,86.0
2025-08-23 18:00:00,0.3,3.3,0.048,0.04,84.0
2025-08-23 19:00:00,0.3,4.8,0.047,0.0,83.0
2025-08-23 20:00:00,0.3,4.6,0.047,0.0,82.0
2025-08-23 21:00:00,0.3,5.0,0.046,0.0,81.0
2025-08-23 22:00:00,0.4,6.7,0.042,0.0,80.0
2025-08-23 23:00:00,0.4,6.7,0.04,0.0,78.0
2025-08-24 00:00:00,0.2,3.9,0.04,0.0,77.0
2025-08-24 01:00:00,0.2,4.1,0.036,0.0,76.0
2025-08-24 02:00:00,0.2,4.0,0.035,0.0,75.0
2025-08-24 03:00:00,0.2,4.1,0.034,0.0,74.0
2025-08-24 04:00:00,,,0.031,0.0,74.0
2025-08-24 05:00:00,0.1,5.4,0.03,0.0,74.0
2025-08-24 06:00:00,0.3,1.7,0.042,0.01,71.0
2025-08-24 07:00:00,0.4,4.7,0.029,0.02,65.0
2025-08-24 08:00:00,0.3,2.7,0.038,0.1,67.0
2025-08-24 09:00:00,0.5,2.4,0.041,0.44,70.0
2025-08-24 10:00:00,0.6,2.1,0.045,0.99,75.0
2025-08-24 11:00:00,0.6,2.5,0.049,1.17,79.0
2025-08-24 12:00:00,0.4,2.4,0.055,1.2,82.0
2025-08-24 13:00:00,0.4,2.2,0.058,1.17,85.0
2025-08-24 14:00:00,0.2,1.1,0.055,1.01,89.0
2025-08-24 15:00:00,0.2,1.0,0.06,0.71,88.0
2025-08-24 16:00:00,0.4,1.6,0.06,0.48,89.0
2025-08-24 17:00:00,0.2,2.7,0.055,0.07,85.0
2025-08-24 18:00:00,0.2,4.6,0.047,0.02,81.0
2025-08-24 19:00:00,0.3,9.1,0.039,0.0,79.0
2025-08-24 20:00:00,0.3,12.3,0.035,0.0,76.0
2025-08-24 21:00:00,0.7,14.7,0.029,0.0,76.0
2025-08-24 22:00:00,0.5,7.4,0.035,0.0,73.0
2025-08-24 23:00:00,0.2,3.6,0.036,0.0,69.0
2025-08-25 00:00:00,0.2,3.2,0.037,0.0,65.0
2025-08-25 01:00:00,0.5,6.3,0.033,0.0,66.0
2025-08-25 02:00:00,0.3,3.8,0.039,0.0,69.0
2025-08-25 03:00:00,0.3,6.1,0.033,0.0,67.0
2025-08-25 04:00:00,0.4,7.8,0.03,0.0,66.0
2025-08-25 05:00:00,1.8,13.2,0.019,0.0,64.0
2025-08-25 06:00:00,5.5,13.0,0.02,0.14,66.0
2025-08-25 07:00:00,5.2,9.4,0.026,0.34,69.0
2025-08-25 08:00:00,5.5,9.8,0.033,0.61,73.0
2025-08-25 09:00:00,3.9,9.8,0.039,0.86,77.0
2025-08-25 10:00:00,1.5,4.6,0.049,1.05,80.0
2025-08-25 11:00:00,0.9,4.3,0.056,1.17,82.0
2025-08-25 12:00:00,0.7,3.2,0.057,1.18,85.0
2025-08-25 13:00:00,0.5,2.3,0.06,1.21,87.0
2025-08-25 14:00:00,0.4,2.1,0.065,0.88,87.0
2025-08-25 15:00:00,0.4,2.0,0.061,0.73,87.0
2025-08-25 16:00:00,0.4,3.2,0.057,0.39,83.0
2025-08-25 17:00:00,0.6,4.1,0.058,0.27,83.0
2025-08-25 18:00:00,0.5,6.2,0.051,0.06,80.0
2025-08-25 19:00:00,0.5,12.2,0.044,0.0,78.0
2025-08-25 20:00:00,0.3,16.0,0.036,0.0,77.0
2025-08-25 21:00:00,0.3,9.5,0.042,0.0,78.0
2025-08-25 22:00:00,0.2,6.2,0.045,0.0,78.0
2025-08-25 23:00:00,0.3,6.1,0.044,0.0,78.0
2025-08-26 00:00:00,0.3,10.1,0.037,0.0,75.0
2025-08-26 01:00:00,0.4,6.0,0.043,0.0,74.0
2025-08-26 02:00:00,0.2,2.9,0.046,0.0,73.0
2025-08-26 03:00:00,0.5,5.0,0.044,0.0,72.0
2025-08-26 04:00:00,0.3,4.4,0.043,0.0,71.0
2025-08-26 05:00:00,1.2,6.2,0.041,0.0,71.0
2025-08-26 06:00:00,2.0,7.2,0.041,0.03,70.0
2025-08-26 07:00:00,1.9,7.1,0.04,0.15,71.0
2025-08-26 08:00:00,2.5,7.4,0.038,0.31,72.0
2025-08-26 09:00:00,1.9,6.4,0.039,0.4,74.0
2025-08-26 10:00:00,2.1,6.0,0.039,0.49,74.0
2025-08-26 11:00:00,1.8,5.6,0.041,0.44,76.0
2025-08-26 12:00:00,1.4,4.8,0.044,0.61,76.0
2025-08-26 13:00:00,0.6,2.7,0.048,0.72,79.0
2025-08-26 14:00:00,0.6,2.9,0.044,0.09,70.0
2025-08-26 15:00:00,1.5,6.7,0.041,0.26,66.0
2025-08-26 16:00:00,1.7,6.1,0.038,0.38,68.0
2025-08-26 17:00:00,1.0,5.2,0.038,0.14,69.0
2025-08-26 18:00:00,0.9,5.3,0.04,0.06,69.0
2025-08-26 19:00:00,0.4,7.4,0.033,0.0,68.0
2025-08-26 20:00:00,0.6,7.9,0.029,0.0,68.0
2025-08-26 21:00:00,1.0,8.9,0.027,0.0,68.0
2025-08-26 22:00:00,0.2,5.0,0.033,0.0,68.0
2025-08-26 23:00:00,0.4,6.4,0.029,0.0,68.0
2025-08-27 00:00:00,1.0,9.1,0.023,0.0,67.0
2025-08-27 01:00:00,0.6,7.3,0.018,0.0,66.0
2025-08-27 02:00:00,0.4,6.8,0.023,0.0,67.0
2025-08-27 03:00:00,0.8,6.8,0.02,0.0,66.0
2025-08-27 04:00:00,1.4,11.1,0.014,0.0,65.0
2025-08-27 05:00:00,1.8,14.1,0.011,0.0,66.0
2025-08-27 06:00:00,6.8,14.2,0.016,0.06,67.0
2025-08-27 07:00:00,7.4,14.9,0.014,0.15,68.0
2025-08-27 08:00:00,2.6,6.7,0.028,0.47,72.0
2025-08-27 09:00:00,1.9,4.3,0.036,0.61,73.0
2025-08-27 10:00:00,1.3,4.2,0.041,0.52,74.0
2025-08-27 11:00:00,5.3,6.6,0.047,0.42,74.0
2025-08-27 12:00:00,1.1,3.8,0.053,0.99,77.0
2025-08-27 13:00:00,0.6,3.0,0.058,0.86,79.0
2025-08-27 14:00:00,0.4,2.5,0.056,0.3,76.0
2025-08-27 15:00:00,0.5,3.0,0.059,0.49,78.0
2025-08-27 16:00:00,1.2,4.3,0.054,0.67,76.0
2025-08-27 17:00:00,0.7,4.5,0.055,0.3,77.0
2025-08-27 18:00:00,0.3,6.4,0.053,0.06,75.0
2025-08-27 19:00:00,0.2,10.0,0.044,0.0,73.0
2025-08-27 20:00:00,0.3,8.7,0.042,0.0,69.0
2025-08-27 21:00:00,0.3,3.6,0.05,0.0,60.0
2025-08-27 22:00:00,0.2,2.8,0.048,0.0,62.0
2025-08-27 23:00:00,0.2,4.0,0.043,0.0,64.0
2025-08-28 00:00:00,0.3,7.3,0.032,0.0,62.0
2025-08-28 01:00:00,0.4,5.3,0.03,0.0,62.0
2025-08-28 02:00:00,0.5,4.6,0.03,0.0,62.0
2025-08-28 03:00:00,0.7,6.6,0.028,0.0,62.0
2025-08-28 04:00:00,1.1,7.7,0.024,0.0,62.0
2025-08-28 05:00:00,1.1,11.8,0.015,0.0,61.0
2025-08-28 06:00:00,6.9,13.8,0.018,0.11,62.0
2025-08-28 07:00:00,8.0,9.1,0.018,0.35,65.0
2025-08-28 08:00:00,2.8,5.7,0.031,0.62,69.0
2025-08-28 09:00:00,1.5,3.5,0.04,0.85,72.0
2025-08-28 10:00:00,1.6,4.2,0.045,1.08,75.0
2025-08-28 11:00:00,0.7,2.8,0.051,1.13,77.0
2025-08-28 12:00:00,0.8,2.0,0.05,1.08,77.0
2025-08-28 13:00:00,0.4,1.8,0.057,0.84,77.0
2025-08-28 14:00:00,0.6,2.4,0.058,0.68,78.0
2025-08-28 15:00:00,0.3,2.1,0.06,0.47,78.0
2025-08-28 16:00:00,0.7,3.6,0.063,0.36,78.0
2025-08-28 17:00:00,0.9,5.6,0.053,0.2,77.0
2025-08-28 18:00:00,0.6,7.5,0.045,0.06,74.0
2025-08-28 19:00:00,0.4,8.6,0.045,0.0,73.0
2025-08-28 20:00:00,0.4,16.8,0.034,0.0,71.0
2025-08-28 21:00:00,0.3,10.1,0.037,0.0,68.0
2025-08-28 22:00:00,0.3,9.8,0.034,0.0,67.0
2025-08-28 23:00:00,0.3,6.1,0.038,0.0,66.0
2025-08-29 00:00:00,0.6,9.0,0.033,0.0,66.0
2025-08-29 01:00:00,0.4,6.0,0.033,0.0,65.0
2025-08-29 02:00:00,0.3,5.7,0.031,0.0,65.0
2025-08-29 03:00:00,0.4,6.7,0.027,0.0,64.0
2025-08-29 04:00:00,,,0.025,0.0,64.0
2025-08-29 05:00:00,0.9,12.3,0.024,0.0,64.0
2025-08-29 06:00:00,8.6,22.1,0.01,0.05,64.0
2025-08-29 07:00:00,6.4,18.5,0.019,0.12,66.0
2025-08-29 08:00:00,4.3,14.7,0.021,0.24,67.0
2025-08-29 09:00:00,4.5,11.4,0.03,0.58,71.0
2025-08-29 10:00:00,2.9,6.9,0.042,1.06,75.0
2025-08-29 11:00:00,1.3,4.4,0.051,1.15,79.0
2025-08-29 12:00:00,0.9,3.6,0.06,1.2,81.0
2025-08-29 13:00:00,0.3,2.3,0.063,1.15,81.0
2025-08-29 14:00:00,0.3,1.6,0.062,1.0,82.0
2025-08-29 15:00:00,0.8,3.2,0.058,0.23,78.0
2025-08-29 16:00:00,0.8,4.1,0.051,0.26,75.0
2025-08-29 17:00:00,0.6,5.5,0.056,0.26,77.0
2025-08-29 18:00:00,0.5,9.0,0.055,0.05,75.0
2025-08-29 19:00:00,0.3,9.6,0.045,0.0,73.0
2025-08-29 20:00:00,0.3,4.8,0.043,0.0,70.0
2025-08-29 21:00:00,0.3,5.4,0.044,0.0,69.0
2025-08-29 22:00:00,0.3,4.7,0.04,0.0,67.0
2025-08-29 23:00:00,0.3,6.0,0.039,0.0,65.0
2025-08-30 00:00:00,0.4,4.5,0.037,0.0,64.0
2025-08-30 01:00:00,0.2,4.5,0.035,0.0,63.0
2025-08-30 02:00:00,0.2,2.9,0.032,0.0,61.0
2025-08-30 03:00:00,0.5,5.9,0.029,0.0,60.0
2025-08-30 04:00:00,0.3,3.9,,0.0,60.0
2025-08-30 05:00:00,0.5,4.9,0.027,0.0,59.0
2025-08-30 06:00:00,1.0,6.1,0.025,0.1,60.0
2025-08-30 07:00:00,1.7,5.3,0.027,0.34,63.0
2025-08-30 08:00:00,1.7,4.2,0.033,0.61,66.0
2025-08-30 09:00:00,1.1,3.4,0.044,0.86,73.0
2025-08-30 10:00:00,0.7,2.7,0.053,1.05,77.0
2025-08-30 11:00:00,0.3,1.8,0.059,1.17,79.0
2025-08-30 12:00:00,0.4,1.7,0.06,1.2,82.0
2025-08-30 13:00:00,0.3,1.4,0.064,1.15,82.0
2025-08-30 14:00:00,0.3,1.8,0.072,1.02,83.0
2025-08-30 15:00:00,0.3,1.8,0.072,0.83,83.0
2025-08-30 16:00:00,0.2,1.4,0.064,0.54,83.0
2025-08-30 17:00:00,0.2,1.8,0.063,0.33,82.0
2025-08-30 18:00:00,0.2,2.9,0.058,0.09,79.0
2025-08-30 19:00:00,0.1,3.8,0.051,0.0,76.0
2025-08-30 20:00:00,0.1,5.7,0.043,0.0,74.0
2025-08-30 21:00:00,0.5,14.6,0.033,0.0,70.0
2025-08-30 22:00:00,0.4,11.1,0.037,0.0,69.0
2025-08-30 23:00:00,0.3,6.9,0.042,0.0,67.0
2025-08-31 00:00:00,0.3,7.2,0.04,0.0,66.0
2025-08-31 01:00:00,0.3,4.8,0.041,0.0,65.0
2025-08-31 02:00:00,0.3,5.0,0.041,0.0,64.0
2025-08-31 03:00:00,0.1,3.1,0.043,0.0,64.0
2025-08-31 04:00:00,,,0.04,0.0,63.0
2025-08-31 05:00:00,0.4,3.3,0.039,0.0,62.0
2025-08-31 06:00:00,0.5,3.8,0.038,0.09,62.0
2025-08-31 07:00:00,0.6,3.1,0.04,0.34,66.0
2025-08-31 08:00:00,0.7,2.6,0.042,0.61,68.0
2025-08-31 09:00:00,0.5,2.3,0.048,0.86,74.0
2025-08-31 10:00:00,0.5,2.3,0.054,1.05,78.0
2025-08-31 11:00:00,0.3,1.9,0.059,1.16,82.0
2025-08-31 12:00:00,0.6,2.4,0.063,1.2,85.0
2025-08-31 13:00:00,0.3,1.8,0.067,1.15,86.0
2025-08-31 14:00:00,0.2,0.9,0.061,1.03,89.0
2025-08-31 15:00:00,0.2,0.9,0.06,0.83,90.0
2025-08-31 16:00:00,0.2,0.8,0.061,0.49,88.0
2025-08-31 17:00:00,0.3,1.4,0.06,0.32,88.0
2025-08-31 18:00:00,0.2,2.7,0.05,0.09,83.0
2025-08-31 19:00:00,0.3,5.0,0.043,0.0,78.0
2025-08-31 20:00:00,0.4,14.0,0.034,0.0,76.0
2025-08-31 21:00:00,0.4,11.1,0.038,0.0,74.0
2025-08-31 22:00:00,0.5,8.1,0.04,0.0,72.0
2025-08-31 23:00:00,0.3,5.1,0.041,0.0,71.0
2025-09-01 00:00:00,0.4,8.3,0.037,0.0,71.0
2025-09-01 01:00:00,0.3,3.5,0.042,0.0,71.0
2025-09-01 02:00:00,0.1,2.5,0.04,0.0,69.0
2025-09-01 03:00:00,0.3,4.6,0.037,0.0,67.0
2025-09-01 04:00:00,0.3,3.7,0.037,0.0,67.0
2025-09-01 05:00:00,0.2,4.1,0.036,0.0,66.0
2025-09-01 06:00:00,1.1,4.6,0.034,0.1,66.0
2025-09-01 07:00:00,1.1,3.1,0.036,0.35,69.0
2025-09-01 08:00:00,0.9,2.8,0.04,0.62,72.0
2025-09-01 09:00:00,1.3,3.8,0.044,0.87,78.0
2025-09-01 10:00:00,0.9,3.2,0.048,1.06,81.0
2025-09-01 11:00:00,0.6,2.8,0.056,1.18,83.0
2025-09-01 12:00:00,0.5,2.9,0.063,1.21,87.0
2025-09-01 13:00:00,0.4,2.0,0.065,1.1,92.0
2025-09-01 14:00:00,0.3,1.4,0.064,1.03,92.0
2025-09-01 15:00:00,0.2,0.8,0.063,0.84,92.0
2025-09-01 16:00:00,0.2,0.8,0.064,0.45,92.0
2025-09-01 17:00:00,0.4,1.9,0.061,0.32,91.0
2025-09-01 18:00:00,0.2,2.6,0.056,0.08,87.0
2025-09-01 19:00:00,0.3,10.1,0.046,0.0,82.0
2025-09-01 20:00:00,0.3,11.6,0.044,0.0,77.0
2025-09-01 21:00:00,0.2,8.1,0.045,0.0,76.0
2025-09-01 22:00:00,0.3,4.8,0.049,0.0,75.0
2025-09-01 23:00:00,0.3,5.1,0.048,0.0,74.0
2025-09-02 00:00:00,0.2,3.6,0.049,0.0,73.0
2025-09-02 01:00:00,0.2,2.6,0.046,0.0,71.0
2025-09-02 02:00:00,0.2,4.2,0.041,0.0,69.0
2025-09-02 03:00:00,0.2,2.8,0.04,0.0,67.0
2025-09-02 04:00:00,0.2,3.5,0.039,0.0,67.0
2025-09-02 05:00:00,0.6,4.8,0.036,0.0,65.0
2025-09-02 06:00:00,1.2,4.5,0.036,0.09,65.0
2025-09-02 07:00:00,4.2,7.2,0.032,0.34,67.0
2025-09-02 08:00:00,3.3,7.7,0.036,0.62,73.0
2025-09-02 09:00:00,1.7,5.1,0.047,0.87,78.0
2025-09-02 10:00:00,1.7,5.0,0.051,1.05,84.0
2025-09-02 11:00:00,2.0,7.5,0.058,1.17,87.0
2025-09-02 12:00:00,1.9,7.4,0.066,1.2,91.0
2025-09-02 13:00:00,0.7,3.0,0.067,1.16,92.0
2025-09-02 14:00:00,0.6,1.7,0.066,1.04,94.0
2025-09-02 15:00:00,0.3,1.8,0.072,0.86,93.0
2025-09-02 16:00:00,0.5,2.4,0.065,0.42,92.0
2025-09-02 17:00:00,0.5,3.2,0.059,0.29,90.0
2025-09-02 18:00:00,0.2,3.7,0.057,0.04,84.0
2025-09-02 19:00:00,0.2,5.4,0.051,0.0,81.0
2025-09-02 20:00:00,0.7,17.1,0.033,0.0,78.0
2025-09-02 21:00:00,0.4,12.6,0.039,0.0,76.0
2025-09-02 22:00:00,1.0,15.8,0.034,0.0,74.0
2025-09-02 23:00:00,0.3,7.5,0.041,0.0,73.0
2025-09-03 00:00:00,0.4,7.2,0.041,0.0,72.0
2025-09-03 01:00:00,0.4,5.2,0.042,0.0,70.0
2025-09-03 02:00:00,0.3,6.1,0.042,0.0,70.0
2025-09-03 03:00:00,0.2,4.3,0.043,0.0,68.0
2025-09-03 04:00:00,0.3,7.2,0.037,0.0,67.0
2025-09-03 05:00:00,1.3,15.1,0.028,0.0,65.0
2025-09-03 06:00:00,3.0,14.7,0.028,0.09,65.0
2025-09-03 07:00:00,5.2,8.6,0.037,0.34,68.0
2025-09-03 08:00:00,3.7,8.0,0.039,0.63,73.0
2025-09-03 09:00:00,2.8,7.2,0.044,0.88,78.0
2025-09-03 10:00:00,2.6,7.4,0.049,1.09,85.0
2025-09-03 11:00:00,2.1,6.8,0.056,0.95,86.0
2025-09-03 12:00:00,1.0,4.4,0.063,1.06,91.0
2025-09-03 13:00:00,0.7,3.2,0.066,0.82,91.0
2025-09-03 14:00:00,0.4,2.4,0.065,0.72,91.0
2025-09-03 15:00:00,0.7,2.9,0.061,0.46,91.0
2025-09-03 16:00:00,0.5,3.1,0.055,0.27,87.0
2025-09-03 17:00:00,0.5,2.9,0.055,0.28,88.0
2025-09-03 18:00:00,0.2,4.9,0.05,0.03,84.0
2025-09-03 19:00:00,0.4,10.9,0.046,0.0,80.0
2025-09-03 20:00:00,0.5,12.8,0.038,0.0,76.0
2025-09-03 21:00:00,0.3,11.2,0.039,0.0,75.0
2025-09-03 22:00:00,0.2,12.0,0.034,0.0,73.0
2025-09-03 23:00:00,0.1,4.9,0.041,0.0,72.0
2025-09-04 00:00:00,0.2,4.9,0.041,0.0,71.0
2025-09-04 01:00:00,0.2,4.2,0.04,0.0,69.0
2025-09-04 02:00:00,0.3,7.3,0.038,0.0,68.0
2025-09-04 03:00:00,0.2,4.8,0.035,0.0,66.0
2025-09-04 04:00:00,0.5,8.1,0.031,0.0,65.0
2025-09-04 05:00:00,2.6,16.7,0.022,0.0,65.0
2025-09-04 06:00:00,5.3,13.4,0.025,0.09,66.0
2025-09-04 07:00:00,4.9,11.2,0.029,0.28,68.0
2025-09-04 08:00:00,2.6,7.4,0.035,0.37,72.0
2025-09-04 09:00:00,2.9,8.3,0.036,0.42,75.0
2025-09-04 10:00:00,1.7,5.3,0.044,0.83,80.0
2025-09-04 11:00:00,0.9,3.9,0.051,0.5,82.0
2025-09-04 12:00:00,0.8,3.9,0.053,0.69,85.0
2025-09-04 13:00:00,0.9,3.5,0.053,1.09,87.0
2025-09-04 14:00:00,1.1,2.7,0.05,0.64,86.0
2025-09-04 15:00:00,1.4,5.7,0.043,0.22,83.0
2025-09-04 16:00:00,0.9,3.9,0.04,0.17,80.0
2025-09-04 17:00:00,0.6,2.6,0.044,0.12,77.0
2025-09-04 18:00:00,0.3,5.0,0.043,0.03,77.0
2025-09-04 19:00:00,0.2,8.3,0.038,0.0,76.0
2025-09-04 20:00:00,0.1,7.4,0.039,0.0,75.0
2025-09-04 21:00:00,0.1,4.3,0.043,0.0,73.0
2025-09-04 22:00:00,0.1,3.9,0.039,0.0,73.0
2025-09-04 23:00:00,0.1,5.9,0.037,0.0,72.0
2025-09-05 00:00:00,0.2,5.0,0.038,0.0,72.0
2025-09-05 01:00:00,0.2,3.2,0.038,0.0,71.0
2025-09-05 02:00:00,0.1,3.8,0.036,0.0,70.0
2025-09-05 03:00:00,0.3,5.7,0.034,0.0,68.0
2025-09-05 04:00:00,,,0.034,0.0,67.0
2025-09-05 05:00:00,1.7,10.7,0.027,0.0,66.0
2025-09-05 06:00:00,1.5,12.7,0.027,0.03,66.0
2025-09-05 07:00:00,5.8,13.6,0.026,0.14,67.0
2025-09-05 08:00:00,2.7,8.8,0.031,0.33,69.0
2025-09-05 09:00:00,2.2,5.5,0.037,0.72,73.0
2025-09-05 10:00:00,1.9,4.6,0.043,1.02,79.0
2025-09-05 11:00:00,1.0,2.7,0.051,1.13,83.0
2025-09-05 12:00:00,0.5,2.2,0.056,1.16,85.0
2025-09-05 13:00:00,0.8,1.8,0.056,1.17,86.0
2025-09-05 14:00:00,0.4,1.5,0.058,1.15,87.0
2025-09-05 15:00:00,0.6,2.7,0.059,0.55,86.0
2025-09-05 16:00:00,1.0,4.4,0.051,0.36,82.0
2025-09-05 17:00:00,0.9,4.7,0.05,0.14,82.0
2025-09-05 18:00:00,0.3,3.7,0.047,0.02,79.0
2025-09-05 19:00:00,0.2,3.6,0.046,0.0,77.0
2025-09-05 20:00:00,0.2,3.7,0.047,0.0,76.0
2025-09-05 21:00:00,0.5,7.0,0.039,0.0,73.0
2025-09-05 22:00:00,0.2,6.7,0.037,0.0,72.0
2025-09-05 23:00:00,0.2,4.4,0.037,0.0,70.0
2025-09-06 00:00:00,0.2,3.9,0.033,0.0,68.0
2025-09-06 01:00:00,0.7,4.2,0.033,0.0,68.0
2025-09-06 02:00:00,0.2,4.3,0.031,0.0,67.0
2025-09-06 03:00:00,0.2,5.0,0.031,0.0,65.0
2025-09-06 04:00:00,1.2,10.5,,0.0,65.0
2025-09-06 05:00:00,0.3,5.1,0.031,0.0,65.0
2025-09-06 06:00:00,0.7,5.8,0.031,0.03,65.0
2025-09-06 07:00:00,0.7,5.7,0.031,0.08,66.0
2025-09-06 08:00:00,1.4,4.5,0.034,0.53,70.0
2025-09-06 09:00:00,0.9,3.2,0.04,0.58,74.0
2025-09-06 10:00:00,0.9,3.2,0.046,0.7,77.0
2025-09-06 11:00:00,0.5,2.2,0.05,0.76,80.0
2025-09-06 12:00:00,0.3,1.7,0.053,0.72,81.0
2025-09-06 13:00:00,0.3,1.5,0.053,0.67,83.0
2025-09-06 14:00:00,0.2,1.4,0.054,0.45,80.0
2025-09-06 15:00:00,0.3,1.6,0.053,0.5,82.0
2025-09-06 16:00:00,0.3,1.8,0.052,0.34,82.0
2025-09-06 17:00:00,0.3,2.7,0.049,0.17,79.0
2025-09-06 18:00:00,0.5,2.9,0.048,0.05,75.0
2025-09-06 19:00:00,0.4,13.0,0.035,0.0,73.0
2025-09-06 20:00:00,0.4,11.8,0.031,0.0,72.0
2025-09-06 21:00:00,0.2,4.6,0.04,0.0,71.0
2025-09-06 22:00:00,0.2,4.0,0.04,0.0,71.0
2025-09-06 23:00:00,0.1,3.3,0.041,0.0,72.0
2025-09-07 00:00:00,0.2,3.8,0.039,0.0,71.0
2025-09-07 01:00:00,0.4,4.1,0.036,0.0,68.0
2025-09-07 02:00:00,0.2,2.7,0.037,0.0,66.0
2025-09-07 03:00:00,0.4,2.7,0.04,0.0,68.0
2025-09-07 04:00:00,,,0.037,0.0,67.0
2025-09-07 05:00:00,0.2,2.1,0.034,0.0,65.0
2025-09-07 06:00:00,0.2,2.3,0.034,0.05,65.0
2025-09-07 07:00:00,0.7,3.0,0.029,0.26,67.0
2025-09-07 08:00:00,1.0,3.2,0.033,0.45,71.0
2025-09-07 09:00:00,0.8,2.4,0.041,0.83,76.0
2025-09-07 10:00:00,0.4,1.6,0.052,1.02,82.0
2025-09-07 11:00:00,0.4,1.7,0.055,1.15,85.0
2025-09-07 12:00:00,0.4,1.6,0.055,1.07,86.0
2025-09-07 13:00:00,0.3,1.1,0.055,0.77,86.0
2025-09-07 14:00:00,0.3,0.9,0.053,0.85,87.0
2025-09-07 15:00:00,0.3,0.7,0.051,0.79,88.0
2025-09-07 16:00:00,0.3,0.9,0.048,0.3,86.0
2025-09-07 17:00:00,0.3,1.5,0.047,0.22,86.0
2025-09-07 18:00:00,0.2,4.5,0.043,0.03,83.0
2025-09-07 19:00:00,0.2,10.2,0.033,0.0,78.0
2025-09-07 20:00:00,0.2,4.6,0.038,0.0,74.0
2025-09-07 21:00:00,0.2,2.7,0.041,0.0,74.0
2025-09-07 22:00:00,0.4,4.5,0.038,0.0,73.0
2025-09-07 23:00:00,0.1,1.9,0.038,0.0,71.0
2025-09-08 00:00:00,0.1,1.8,0.037,0.0,70.0
2025-09-08 01:00:00,0.2,2.7,0.036,0.0,69.0
2025-09-08 02:00:00,0.5,4.8,0.033,0.0,68.0
2025-09-08 03:00:00,1.4,7.2,0.032,0.0,67.0
2025-09-08 04:00:00,0.4,5.4,0.033,0.0,66.0
2025-09-08 05:00:00,0.8,8.9,0.029,0.0,65.0
2025-09-08 06:00:00,2.5,10.1,0.028,0.05,64.0
2025-09-08 07:00:00,5.8,11.7,0.028,0.24,66.0
2025-09-08 08:00:00,2.5,6.0,0.034,0.53,71.0
2025-09-08 09:00:00,2.4,6.2,0.039,0.78,76.0
2025-09-08 10:00:00,1.6,3.6,0.047,0.98,82.0
2025-09-08 11:00:00,0.8,2.1,0.05,1.11,85.0
2025-09-08 12:00:00,1.1,2.6,0.049,0.69,84.0
2025-09-08 13:00:00,1.3,2.7,0.048,1.07,86.0
2025-09-08 14:00:00,0.7,1.7,0.05,0.91,88.0
2025-09-08 15:00:00,0.3,1.0,0.052,0.76,86.0
2025-09-08 16:00:00,0.2,0.9,0.051,0.27,86.0
2025-09-08 17:00:00,0.2,1.1,0.051,0.25,87.0
2025-09-08 18:00:00,0.3,5.9,0.044,0.05,85.0
2025-09-08 19:00:00,0.3,6.8,0.04,0.0,80.0
2025-09-08 20:00:00,0.2,4.8,0.04,0.0,77.0
2025-09-08 21:00:00,0.1,2.2,0.042,0.0,76.0
2025-09-08 22:00:00,0.1,2.4,0.039,0.0,75.0
2025-09-08 23:00:00,0.1,2.1,0.038,0.0,74.0
2025-09-09 00:00:00,0.7,5.0,0.033,0.0,71.0
2025-09-09 01:00:00,1.0,7.6,0.03,0.0,70.0
2025-09-09 02:00:00,0.3,4.8,0.031,0.0,68.0
2025-09-09 03:00:00,0.5,5.3,0.031,0.0,67.0
2025-09-09 04:00:00,0.4,6.4,0.031,0.0,68.0
2025-09-09 05:00:00,0.8,8.4,0.027,0.0,67.0
2025-09-09 06:00:00,4.6,9.3,0.025,0.08,66.0
2025-09-09 07:00:00,4.3,7.2,0.027,0.34,70.0
2025-09-09 08:00:00,2.5,5.1,0.034,0.65,74.0
2025-09-09 09:00:00,2.5,5.7,0.038,0.62,77.0
2025-09-09 10:00:00,1.9,4.0,0.043,0.95,81.0
2025-09-09 11:00:00,1.1,2.4,0.047,0.97,84.0
2025-09-09 12:00:00,0.7,1.7,0.048,0.97,85.0
2025-09-09 13:00:00,1.2,2.6,0.046,0.76,85.0
2025-09-09 14:00:00,0.5,1.5,0.048,0.72,85.0
2025-09-09 15:00:00,0.5,2.4,0.046,0.28,85.0
2025-09-09 16:00:00,1.0,4.6,0.043,0.22,85.0
2025-09-09 17:00:00,0.6,3.7,0.043,0.1,85.0
2025-09-09 18:00:00,0.9,12.6,0.032,0.02,82.0
2025-09-09 19:00:00,0.3,14.0,0.027,0.0,78.0
2025-09-09 20:00:00,0.8,13.3,0.026,0.0,77.0
2025-09-09 21:00:00,0.2,5.2,0.034,0.0,76.0
2025-09-09 22:00:00,0.4,5.0,0.033,0.0,74.0
2025-09-09 23:00:00,0.8,6.8,0.028,0.0,72.0
2025-09-10 00:00:00,0.1,2.4,0.031,0.0,70.0
2025-09-10 01:00:00,0.2,2.7,0.028,0.0,68.0
2025-09-10 02:00:00,0.8,5.9,0.025,0.0,67.0
2025-09-10 03:00:00,0.6,7.1,0.026,0.0,67.0
2025-09-10 04:00:00,0.6,4.6,0.026,0.0,65.0
2025-09-10 05:00:00,2.7,10.4,0.021,0.0,64.0
2025-09-10 06:00:00,3.5,10.0,0.022,0.07,64.0
2025-09-10 07:00:00,4.2,7.8,0.024,0.32,67.0
2025-09-10 08:00:00,6.8,9.1,0.027,0.6,72.0
2025-09-10 09:00:00,3.6,4.8,0.036,0.85,78.0
2025-09-10 10:00:00,1.3,2.2,0.04,1.02,83.0
2025-09-10 11:00:00,0.8,1.3,0.045,1.14,86.0
2025-09-10 12:00:00,1.3,2.0,0.044,1.17,88.0
2025-09-10 13:00:00,0.8,2.1,0.041,0.62,88.0
2025-09-10 14:00:00,1.1,2.3,0.038,0.56,88.0
2025-09-10 15:00:00,1.1,2.4,0.038,0.54,89.0
2025-09-10 16:00:00,0.8,2.7,0.037,0.23,87.0
2025-09-10 17:00:00,0.8,1.7,0.04,0.11,82.0
2025-09-10 18:00:00,0.3,2.4,0.039,0.03,80.0
2025-09-10 19:00:00,0.7,10.2,0.031,0.0,80.0
2025-09-10 20:00:00,0.4,6.9,0.033,0.0,76.0
2025-09-10 21:00:00,0.3,5.8,0.033,0.0,74.0
2025-09-10 22:00:00,0.3,4.2,0.031,0.0,72.0
2025-09-10 23:00:00,0.3,3.8,0.03,0.0,69.0
2025-09-11 00:00:00,0.3,4.8,0.029,0.0,67.0
2025-09-11 01:00:00,0.4,5.3,0.028,0.0,66.0
2025-09-11 02:00:00,0.2,4.0,0.027,0.0,64.0
2025-09-11 03:00:00,1.3,8.3,0.021,0.0,63.0
2025-09-11 04:00:00,1.1,8.0,0.021,0.0,61.0
2025-09-11 05:00:00,1.8,9.8,0.019,0.0,60.0
2025-09-11 06:00:00,2.6,9.9,0.02,0.07,61.0
2025-09-11 07:00:00,5.4,9.2,0.02,0.31,65.0
2025-09-11 08:00:00,7.2,7.5,0.023,0.58,69.0
2025-09-11 09:00:00,4.4,7.1,0.028,0.78,77.0
2025-09-11 10:00:00,0.9,2.3,0.04,0.8,79.0
2025-09-11 11:00:00,0.8,1.9,0.043,1.12,80.0
2025-09-11 12:00:00,0.4,1.0,0.045,1.15,82.0
2025-09-11 13:00:00,0.5,1.1,0.045,1.13,83.0
2025-09-11 14:00:00,1.3,1.4,0.044,1.01,85.0
2025-09-11 15:00:00,0.8,1.0,0.045,0.78,84.0
2025-09-11 16:00:00,1.5,1.5,0.046,0.28,84.0
2025-09-11 17:00:00,0.7,1.3,0.045,0.15,81.0
2025-09-11 18:00:00,0.5,2.6,0.042,0.02,76.0
2025-09-11 19:00:00,0.7,18.1,0.024,0.0,74.0
2025-09-11 20:00:00,0.9,30.5,0.011,0.0,74.0
2025-09-11 21:00:00,0.3,17.4,0.023,0.0,71.0
2025-09-11 22:00:00,0.2,6.1,0.035,0.0,69.0
2025-09-11 23:00:00,0.2,3.3,0.037,0.0,68.0
2025-09-12 00:00:00,0.2,3.3,0.035,0.0,66.0
2025-09-12 01:00:00,0.2,3.5,0.034,0.0,64.0
2025-09-12 02:00:00,0.4,4.9,0.033,0.0,63.0
2025-09-12 03:00:00,0.2,4.0,0.033,0.0,61.0
2025-09-12 04:00:00,,,0.033,0.0,61.0
2025-09-12 05:00:00,0.9,6.4,0.03,0.0,60.0
2025-09-12 06:00:00,2.3,8.7,0.031,0.05,61.0
2025-09-12 07:00:00,6.5,12.2,0.028,0.2,61.0
2025-09-12 08:00:00,3.3,7.0,0.034,,
2025-09-12 09:00:00,4.0,7.3,0.034,,
2025-09-12 10:00:00,2.3,6.3,0.04,0.56,71.0
2025-09-12 11:00:00,2.0,6.2,0.044,0.85,74.0
2025-09-12 12:00:00,0.8,2.6,0.049,1.09,76.0
2025-09-12 13:00:00,0.5,1.4,0.049,1.33,77.0
2025-09-12 14:00:00,0.7,1.2,0.047,0.59,77.0
2025-09-12 15:00:00,0.6,2.0,0.045,0.73,76.0
2025-09-12 16:00:00,0.4,1.5,0.047,0.52,78.0
2025-09-12 17:00:00,0.4,2.3,0.046,0.3,78.0
2025-09-12 18:00:00,0.2,3.9,0.048,0.04,73.0
2025-09-12 19:00:00,0.3,6.4,0.041,0.0,70.0
2025-09-12 20:00:00,0.9,17.1,0.024,0.0,67.0
2025-09-12 21:00:00,0.2,7.8,0.034,0.0,66.0
2025-09-12 22:00:00,0.2,4.2,0.04,0.0,67.0
2025-09-12 23:00:00,0.2,2.9,0.041,0.0,67.0
2025-09-13 00:00:00,0.2,3.5,0.043,0.0,67.0
2025-09-13 01:00:00,0.2,1.9,0.043,0.0,65.0
2025-09-13 02:00:00,0.2,2.0,0.04,0.0,62.0
2025-09-13 03:00:00,0.2,2.9,0.041,0.0,64.0
2025-09-13 04:00:00,0.3,2.7,,0.0,63.0
2025-09-13 05:00:00,0.2,3.4,0.037,0.0,61.0
2025-09-13 06:00:00,1.2,8.7,0.03,0.03,59.0
2025-09-13 07:00:00,1.0,4.3,0.034,0.27,60.0
2025-09-13 08:00:00,1.4,3.9,0.035,0.38,63.0
2025-09-13 09:00:00,1.6,5.1,0.034,0.52,64.0
2025-09-13 10:00:00,0.9,3.1,0.038,0.68,66.0
2025-09-13 11:00:00,1.8,4.3,0.041,0.98,70.0
2025-09-13 12:00:00,0.6,2.2,0.05,1.02,71.0
2025-09-13 13:00:00,0.3,1.6,0.054,0.94,72.0
2025-09-13 14:00:00,0.6,2.1,0.05,0.55,72.0
2025-09-13 15:00:00,0.9,2.3,0.044,0.78,71.0
2025-09-13 16:00:00,0.5,2.6,0.045,0.23,70.0
2025-09-13 17:00:00,0.4,2.8,0.048,0.24,70.0
2025-09-13 18:00:00,0.1,0.9,0.051,0.04,69.0
2025-09-13 19:00:00,0.2,2.7,0.042,0.0,66.0
2025-09-13 20:00:00,0.4,5.5,0.04,0.0,65.0
2025-09-13 21:00:00,0.1,2.5,0.037,0.0,62.0
2025-09-13 22:00:00,0.1,2.5,0.036,0.0,60.0
2025-09-13 23:00:00,0.4,3.3,0.035,0.0,60.0
2025-09-14 00:00:00,1.0,5.8,0.031,0.0,59.0
2025-09-14 01:00:00,0.2,2.4,0.034,0.0,58.0
2025-09-14 02:00:00,0.8,4.6,0.03,0.0,56.0
2025-09-14 03:00:00,1.0,5.7,0.028,0.0,55.0
2025-09-14 04:00:00,,,0.029,0.0,55.0
2025-09-14 05:00:00,0.7,2.9,0.029,0.0,54.0
2025-09-14 06:00:00,1.7,6.9,0.026,0.07,55.0
2025-09-14 07:00:00,0.7,2.5,0.029,0.24,55.0
2025-09-14 08:00:00,0.9,2.4,0.031,0.55,59.0
2025-09-14 09:00:00,1.0,2.4,0.034,0.84,64.0
2025-09-14 10:00:00,0.8,2.0,0.04,1.07,70.0
2025-09-14 11:00:00,0.5,1.7,0.045,1.22,73.0
2025-09-14 12:00:00,0.3,1.2,0.05,1.18,76.0
2025-09-14 13:00:00,0.3,1.7,0.051,1.1,78.0
2025-09-14 14:00:00,0.2,0.9,0.05,0.97,81.0
2025-09-14 15:00:00,0.4,0.9,0.05,0.84,82.0
2025-09-14 16:00:00,5.7,0.9,0.05,0.63,83.0
2025-09-14 17:00:00,0.2,1.0,0.047,0.28,82.0
2025-09-14 18:00:00,0.2,2.7,0.041,0.04,79.0
2025-09-14 19:00:00,0.5,11.2,0.032,0.0,74.0
2025-09-14 20:00:00,0.2,3.8,0.041,0.0,73.0
2025-09-14 21:00:00,0.3,3.4,0.042,0.0,71.0
2025-09-14 22:00:00,0.2,2.9,0.042,0.0,70.0
2025-09-14 23:00:00,0.2,3.1,0.04,0.0,69.0
2025-09-15 00:00:00,0.2,3.6,0.04,0.0,68.0
2025-09-15 01:00:00,0.8,6.2,0.036,0.0,67.0
2025-09-15 02:00:00,0.1,1.6,0.038,0.0,64.0
2025-09-15 03:00:00,0.2,3.6,0.036,0.0,63.0
2025-09-15 04:00:00,0.7,6.4,0.032,0.0,61.0
2025-09-15 05:00:00,1.3,7.3,0.031,0.0,62.0
2025-09-15 06:00:00,1.3,6.7,0.031,0.04,61.0
2025-09-15 07:00:00,5.8,9.1,0.029,0.28,63.0
2025-09-15 08:00:00,2.3,5.2,0.033,0.55,67.0
2025-09-15 09:00:00,1.7,4.0,0.041,0.83,72.0
2025-09-15 10:00:00,1.0,2.6,0.047,1.05,74.0
2025-09-15 11:00:00,0.4,1.4,0.05,1.21,76.0
2025-09-15 12:00:00,0.4,1.3,0.053,1.21,78.0
2025-09-15 13:00:00,0.4,1.3,0.052,1.21,80.0
2025-09-15 14:00:00,0.4,1.1,0.05,1.08,81.0
2025-09-15 15:00:00,0.6,2.8,0.057,0.81,80.0
2025-09-15 16:00:00,0.6,3.1,0.057,0.57,78.0
2025-09-15 17:00:00,0.5,3.7,0.051,0.25,76.0
2025-09-15 18:00:00,0.2,4.2,0.043,0.01,73.0
2025-09-15 19:00:00,0.1,4.0,0.039,0.0,71.0
2025-09-15 20:00:00,0.1,3.9,0.038,0.0,70.0
2025-09-15 21:00:00,0.1,3.9,0.039,0.0,70.0
2025-09-15 22:00:00,0.2,8.5,0.03,0.0,68.0
2025-09-15 23:00:00,0.2,5.9,0.035,0.0,68.0
2025-09-16 00:00:00,0.1,5.9,0.03,0.0,64.0
2025-09-16 01:00:00,0.2,3.3,0.036,0.0,63.0
2025-09-16 02:00:00,0.1,4.0,0.039,0.0,62.0
2025-09-16 03:00:00,0.2,4.9,0.036,0.0,63.0
2025-09-16 04:00:00,0.3,10.2,0.031,0.0,63.0
2025-09-16 05:00:00,1.4,20.5,0.016,0.0,60.0
2025-09-16 06:00:00,14.4,31.3,0.007,0.03,60.0
2025-09-16 07:00:00,20.9,23.8,0.013,0.25,60.0
2025-09-16 08:00:00,6.6,13.4,0.028,0.54,64.0
2025-09-16 09:00:00,1.7,5.1,0.041,0.7,66.0
2025-09-16 10:00:00,0.7,2.6,0.047,1.04,68.0
2025-09-16 11:00:00,0.7,2.6,0.051,1.18,69.0
2025-09-16 12:00:00,0.6,2.4,0.055,1.24,72.0
2025-09-16 13:00:00,0.7,2.3,0.058,1.21,73.0
2025-09-16 14:00:00,1.4,3.3,0.06,1.07,75.0
2025-09-16 15:00:00,0.5,2.3,0.063,0.85,76.0
2025-09-16 16:00:00,0.6,2.9,0.065,0.56,75.0
2025-09-16 17:00:00,0.4,2.4,0.057,0.26,75.0
2025-09-16 18:00:00,0.2,2.5,0.054,0.03,73.0
2025-09-16 19:00:00,0.1,3.2,0.05,0.0,69.0
2025-09-16 20:00:00,0.3,10.2,0.037,0.0,65.0
2025-09-16 21:00:00,0.2,10.1,0.034,0.0,63.0
2025-09-16 22:00:00,0.1,4.5,0.041,0.0,61.0
2025-09-16 23:00:00,0.1,3.4,0.042,0.0,60.0
2025-09-17 00:00:00,0.4,7.0,0.037,0.0,58.0
2025-09-17 01:00:00,0.1,3.4,0.039,0.0,56.0
2025-09-17 02:00:00,0.5,6.5,0.035,0.0,55.0
2025-09-17 03:00:00,0.3,5.0,0.036,0.0,55.0
2025-09-17 04:00:00,0.3,6.9,0.035,0.0,54.0
2025-09-17 05:00:00,2.4,13.3,0.029,0.0,53.0
2025-09-17 06:00:00,5.9,15.3,0.027,0.04,53.0
2025-09-17 07:00:00,5.5,12.2,0.031,0.24,55.0
2025-09-17 08:00:00,3.1,6.9,0.034,0.52,58.0
2025-09-17 09:00:00,2.7,5.7,0.04,0.81,63.0
2025-09-17 10:00:00,1.4,3.7,0.045,1.03,65.0
2025-09-17 11:00:00,0.9,2.7,0.05,1.18,68.0
2025-09-17 12:00:00,0.6,1.2,0.051,1.24,70.0
2025-09-17 13:00:00,0.6,1.6,0.055,1.18,72.0
2025-09-17 14:00:00,0.6,2.9,0.061,1.04,74.0
2025-09-17 15:00:00,0.4,2.5,0.063,0.82,75.0
2025-09-17 16:00:00,0.4,2.0,0.06,0.54,75.0
2025-09-17 17:00:00,0.3,2.4,0.053,0.24,74.0
2025-09-17 18:00:00,0.7,3.7,0.043,0.02,70.0
2025-09-17 19:00:00,1.0,6.4,0.036,0.0,66.0
2025-09-17 20:00:00,0.2,9.3,0.032,0.0,66.0
2025-09-17 21:00:00,0.3,7.9,0.036,0.0,64.0
2025-09-17 22:00:00,0.1,4.8,0.039,0.0,62.0
2025-09-17 23:00:00,0.1,3.7,0.04,0.0,61.0
2025-09-18 00:00:00,0.2,3.8,0.043,0.0,62.0
2025-09-18 01:00:00,0.2,2.4,0.043,0.0,61.0
2025-09-18 02:00:00,0.1,2.9,0.042,0.0,59.0
2025-09-18 03:00:00,0.2,4.0,0.041,0.0,59.0
2025-09-18 04:00:00,0.5,7.1,0.038,0.0,60.0
2025-09-18 05:00:00,0.5,7.6,0.038,0.0,60.0
2025-09-18 06:00:00,1.1,8.0,0.034,0.04,58.0
2025-09-18 07:00:00,3.5,9.0,0.033,0.26,59.0
2025-09-18 08:00:00,5.7,11.6,0.032,0.54,62.0
2025-09-18 09:00:00,2.7,6.2,0.039,0.83,66.0
2025-09-18 10:00:00,3.5,8.3,0.041,1.05,69.0
2025-09-18 11:00:00,2.8,7.5,0.047,1.2,72.0
2025-09-18 12:00:00,1.0,3.3,0.057,1.26,74.0
2025-09-18 13:00:00,0.2,1.2,0.056,1.05,76.0
2025-09-18 14:00:00,0.3,1.5,0.058,0.93,78.0
2025-09-18 15:00:00,0.3,1.8,0.06,0.51,78.0
2025-09-18 16:00:00,0.3,2.7,0.059,0.25,78.0
2025-09-18 17:00:00,1.3,5.9,0.047,0.14,77.0
2025-09-18 18:00:00,1.2,9.7,0.038,0.01,74.0
2025-09-18 19:00:00,0.3,10.1,0.04,0.0,73.0
2025-09-18 20:00:00,0.1,5.2,0.044,0.0,70.0
2025-09-18 21:00:00,0.3,6.2,0.043,0.0,68.0
2025-09-18 22:00:00,0.1,3.3,0.047,0.0,68.0
2025-09-18 23:00:00,0.1,2.5,0.046,0.0,67.0
2025-09-19 00:00:00,0.1,2.6,0.045,0.0,66.0
2025-09-19 01:00:00,0.2,5.4,0.041,0.0,65.0
2025-09-19 02:00:00,0.3,4.4,0.04,0.0,63.0
2025-09-19 03:00:00,0.3,5.3,0.038,0.0,62.0
2025-09-19 04:00:00,,,0.035,0.0,61.0
2025-09-19 05:00:00,1.2,11.0,0.03,0.0,60.0
2025-09-19 06:00:00,1.2,10.1,0.032,0.02,60.0
2025-09-19 07:00:00,5.5,12.1,0.029,0.16,61.0
2025-09-19 08:00:00,4.4,10.2,0.032,0.36,64.0
2025-09-19 09:00:00,2.2,7.3,0.036,0.41,66.0
2025-09-19 10:00:00,2.2,7.1,0.038,0.51,69.0
2025-09-19 11:00:00,1.5,5.6,0.043,0.67,73.0
2025-09-19 12:00:00,0.7,2.9,0.048,0.66,75.0
2025-09-19 13:00:00,0.8,3.2,0.048,0.63,75.0
2025-09-19 14:00:00,0.8,3.0,0.05,0.46,76.0
2025-09-19 15:00:00,0.9,3.9,0.045,0.23,76.0
2025-09-19 16:00:00,0.6,5.6,0.047,0.27,76.0
2025-09-19 17:00:00,0.5,4.6,0.047,0.2,77.0
2025-09-19 18:00:00,0.4,8.9,0.035,0.01,74.0
2025-09-19 19:00:00,0.1,9.0,0.036,0.0,72.0
2025-09-19 20:00:00,0.1,5.9,0.039,0.0,72.0
2025-09-19 21:00:00,0.1,3.9,0.04,0.0,71.0
2025-09-19 22:00:00,0.1,5.1,0.032,0.0,69.0
2025-09-19 23:00:00,0.2,3.6,0.037,0.0,68.0
2025-09-20 00:00:00,0.1,2.3,0.037,0.0,69.0
2025-09-20 01:00:00,0.2,5.5,0.033,0.0,65.0
2025-09-20 02:00:00,0.1,3.2,0.035,0.0,66.0
2025-09-20 03:00:00,0.2,2.4,0.035,0.0,66.0
2025-09-20 04:00:00,0.2,5.1,,0.0,65.0
2025-09-20 05:00:00,0.5,7.6,0.028,0.0,64.0
2025-09-20 06:00:00,0.5,4.9,0.029,0.03,62.0
2025-09-20 07:00:00,2.2,6.3,0.028,0.25,63.0
2025-09-20 08:00:00,1.7,4.2,0.032,0.54,66.0
2025-09-20 09:00:00,1.2,3.4,0.038,0.7,70.0
2025-09-20 10:00:00,0.6,2.1,0.041,0.79,72.0
2025-09-20 11:00:00,0.6,1.8,0.043,0.84,74.0
2025-09-20 12:00:00,0.5,1.7,0.044,1.07,76.0
2025-09-20 13:00:00,0.4,1.9,0.047,1.17,77.0
2025-09-20 14:00:00,0.4,1.6,0.046,1.04,79.0
2025-09-20 15:00:00,0.3,1.4,0.042,0.55,75.0
2025-09-20 16:00:00,0.5,2.2,0.04,0.36,73.0
2025-09-20 17:00:00,0.4,2.5,0.04,0.09,73.0
2025-09-20 18:00:00,0.5,5.1,0.031,0.01,71.0
2025-09-20 19:00:00,0.1,7.3,0.03,0.0,70.0
2025-09-20 20:00:00,0.2,8.3,0.027,0.0,69.0
2025-09-20 21:00:00,0.2,7.0,0.022,0.0,66.0
2025-09-20 22:00:00,0.4,7.6,0.021,0.0,65.0
2025-09-20 23:00:00,0.3,4.8,0.025,0.0,65.0
2025-09-21 00:00:00,0.2,2.9,0.027,0.0,65.0
2025-09-21 01:00:00,0.2,3.1,0.026,0.0,64.0
2025-09-21 02:00:00,0.2,2.3,0.025,0.0,63.0
2025-09-21 03:00:00,0.2,2.1,0.024,0.0,62.0
2025-09-21 04:00:00,,,0.024,0.0,61.0
2025-09-21 05:00:00,0.2,2.2,0.024,0.0,60.0
2025-09-21 06:00:00,0.6,2.2,0.024,0.04,60.0
2025-09-21 07:00:00,0.8,2.9,0.023,0.21,60.0
2025-09-21 08:00:00,1.2,2.7,0.025,0.49,64.0
2025-09-21 09:00:00,1.0,2.2,0.033,0.8,69.0
2025-09-21 10:00:00,0.6,1.8,0.038,1.02,74.0
2025-09-21 11:00:00,0.4,1.4,0.042,1.17,76.0
2025-09-21 12:00:00,0.4,1.4,0.045,1.23,78.0
2025-09-21 13:00:00,0.3,1.3,0.046,1.11,80.0
2025-09-21 14:00:00,0.5,1.0,0.045,1.08,81.0
2025-09-21 15:00:00,0.2,1.0,0.046,0.8,81.0
2025-09-21 16:00:00,0.5,1.7,0.047,0.5,81.0
2025-09-21 17:00:00,0.2,1.4,0.043,0.11,78.0
2025-09-21 18:00:00,0.1,2.8,0.038,0.0,73.0
2025-09-21 19:00:00,0.2,5.2,0.034,0.0,71.0
2025-09-21 20:00:00,0.1,4.7,0.033,0.0,68.0
2025-09-21 21:00:00,0.2,2.4,0.042,0.0,64.0
2025-09-21 22:00:00,0.2,2.0,0.039,0.0,59.0
2025-09-21 23:00:00,0.2,2.8,0.038,0.0,56.0
2025-09-22 00:00:00,0.2,2.2,0.039,0.0,58.0
2025-09-22 01:00:00,0.5,3.5,0.037,0.0,60.0
2025-09-22 02:00:00,0.5,6.0,0.026,0.0,58.0
2025-09-22 03:00:00,0.2,4.6,0.024,0.0,57.0
2025-09-22 04:00:00,0.6,6.5,0.023,0.0,57.0
2025-09-22 05:00:00,1.7,9.9,0.02,0.0,57.0
2025-09-22 06:00:00,4.2,13.3,0.015,0.04,57.0
2025-09-22 07:00:00,6.0,10.3,0.015,0.24,57.0
2025-09-22 08:00:00,11.9,12.0,0.02,0.31,59.0
2025-09-22 09:00:00,3.1,5.0,0.031,0.79,63.0
2025-09-22 10:00:00,2.4,4.4,0.037,1.01,66.0
2025-09-22 11:00:00,1.2,2.7,0.044,1.15,67.0
2025-09-22 12:00:00,0.5,3.6,0.046,0.41,64.0
2025-09-22 13:00:00,1.2,3.7,0.049,1.04,64.0
2025-09-22 14:00:00,1.7,3.3,0.052,1.07,68.0
2025-09-22 15:00:00,0.3,1.8,0.054,0.7,68.0
2025-09-22 16:00:00,1.0,2.5,0.056,0.62,69.0
2025-09-22 17:00:00,1.1,3.2,0.05,0.22,69.0
2025-09-22 18:00:00,0.2,2.8,0.045,0.01,68.0
2025-09-22 19:00:00,0.2,3.6,0.041,0.0,65.0
2025-09-22 20:00:00,0.2,6.3,0.038,0.0,64.0
2025-09-22 21:00:00,0.3,6.6,0.035,0.0,60.0
2025-09-22 22:00:00,0.3,6.2,0.032,0.0,58.0
2025-09-22 23:00:00,0.2,3.9,0.033,0.0,56.0
2025-09-23 00:00:00,0.3,4.6,0.03,0.0,55.0
2025-09-23 01:00:00,0.3,3.9,0.03,0.0,54.0
2025-09-23 02:00:00,0.6,7.2,0.028,0.0,54.0
2025-09-23 03:00:00,0.3,4.9,0.027,0.0,52.0
2025-09-23 04:00:00,0.8,10.5,0.021,0.0,52.0
2025-09-23 05:00:00,1.3,9.3,0.022,0.0,50.0
2025-09-23 06:00:00,2.6,11.1,0.02,0.03,50.0
2025-09-23 07:00:00,9.1,13.4,0.02,0.24,52.0
2025-09-23 08:00:00,4.5,7.1,0.027,0.52,56.0
2025-09-23 09:00:00,2.9,4.7,0.035,0.79,60.0
2025-09-23 10:00:00,1.6,3.7,0.04,1.01,62.0
2025-09-23 11:00:00,1.5,3.5,0.043,1.15,64.0
2025-09-23 12:00:00,0.8,2.3,0.05,1.2,65.0
2025-09-23 13:00:00,0.7,1.8,0.052,1.15,67.0
2025-09-23 14:00:00,0.6,2.3,0.054,1.0,69.0
2025-09-23 15:00:00,1.0,2.5,0.054,0.78,70.0
2025-09-23 16:00:00,0.5,1.9,0.054,0.5,70.0
2025-09-23 17:00:00,0.9,2.6,0.048,0.21,70.0
2025-09-23 18:00:00,0.8,5.3,0.042,0.01,68.0
2025-09-23 19:00:00,1.4,11.0,0.036,0.0,66.0
2025-09-23 20:00:00,0.4,7.9,0.037,0.0,65.0
2025-09-23 21:00:00,0.2,2.2,0.038,0.0,65.0
2025-09-23 22:00:00,0.2,1.8,0.036,0.0,63.0
2025-09-23 23:00:00,0.2,1.3,0.036,0.0,62.0
2025-09-24 00:00:00,0.3,2.4,0.035,0.0,62.0
2025-09-24 01:00:00,0.2,1.6,0.036,0.0,62.0
2025-09-24 02:00:00,0.2,1.5,0.036,0.0,61.0
2025-09-24 03:00:00,0.2,1.6,0.037,0.0,61.0
2025-09-24 04:00:00,0.3,2.4,0.036,0.0,60.0
2025-09-24 05:00:00,0.7,3.7,0.035,0.0,59.0
2025-09-24 06:00:00,1.4,5.3,0.034,0.03,59.0
2025-09-24 07:00:00,4.0,7.7,0.033,0.24,61.0
2025-09-24 08:00:00,2.3,4.1,0.038,0.52,64.0
2025-09-24 09:00:00,1.7,3.3,0.04,0.8,67.0
2025-09-24 10:00:00,1.6,3.4,0.04,1.02,68.0
2025-09-24 11:00:00,1.5,3.9,0.042,1.16,69.0
2025-09-24 12:00:00,1.1,3.3,0.049,1.2,70.0
2025-09-24 13:00:00,1.1,3.3,0.053,1.15,73.0
2025-09-24 14:00:00,0.5,2.9,0.057,1.01,75.0
2025-09-24 15:00:00,1.2,3.0,0.057,0.78,77.0
2025-09-24 16:00:00,0.4,2.2,0.057,0.5,77.0
2025-09-24 17:00:00,0.3,4.3,0.053,0.21,77.0
2025-09-24 18:00:00,0.8,10.2,0.039,0.01,73.0
2025-09-24 19:00:00,0.8,14.2,0.032,0.0,69.0
2025-09-24 20:00:00,0.3,8.9,0.037,0.0,67.0
2025-09-24 21:00:00,0.3,7.0,0.037,0.0,66.0
2025-09-24 22:00:00,0.2,4.9,0.038,0.0,65.0
2025-09-24 23:00:00,0.1,4.1,0.038,0.0,64.0
2025-09-25 00:00:00,0.2,3.8,0.036,0.0,63.0
2025-09-25 01:00:00,0.2,4.6,0.036,0.0,62.0
2025-09-25 02:00:00,0.3,4.4,0.033,0.0,62.0
2025-09-25 03:00:00,0.2,3.9,0.035,0.0,61.0
2025-09-25 04:00:00,0.3,4.7,0.032,0.0,60.0
2025-09-25 05:00:00,1.1,6.8,0.031,0.0,60.0
2025-09-25 06:00:00,1.3,6.9,0.03,0.03,60.0
2025-09-25 07:00:00,2.3,6.7,0.03,0.24,60.0
2025-09-25 08:00:00,3.2,6.0,0.031,0.52,63.0
2025-09-25 09:00:00,4.7,8.5,0.033,0.79,68.0
2025-09-25 10:00:00,2.7,5.4,0.039,1.02,70.0
2025-09-25 11:00:00,2.7,5.7,0.042,1.16,73.0
2025-09-25 12:00:00,2.4,6.7,0.047,1.2,75.0
2025-09-25 13:00:00,1.4,5.1,0.057,1.15,79.0
2025-09-25 14:00:00,0.6,2.6,0.058,1.0,81.0
2025-09-25 15:00:00,0.8,3.3,0.058,0.78,83.0
2025-09-25 16:00:00,0.6,3.2,0.055,0.49,84.0
2025-09-25 17:00:00,0.6,3.5,0.05,0.17,81.0
2025-09-25 18:00:00,1.6,9.2,0.039,0.0,75.0
2025-09-25 19:00:00,1.9,20.3,0.024,0.0,75.0
2025-09-25 20:00:00,0.3,8.0,0.031,0.0,74.0
2025-09-25 21:00:00,0.2,3.4,0.031,0.0,73.0
2025-09-25 22:00:00,0.6,13.5,0.021,0.0,71.0
2025-09-25 23:00:00,0.2,6.6,0.03,0.0,70.0
2025-09-26 00:00:00,0.2,6.0,0.027,0.0,69.0
2025-09-26 01:00:00,0.2,3.1,0.032,0.0,69.0
2025-09-26 02:00:00,0.2,6.7,0.026,0.0,67.0
2025-09-26 03:00:00,0.6,6.9,0.026,0.0,65.0
2025-09-26 04:00:00,,,0.028,0.0,66.0
2025-09-26 05:00:00,1.1,10.4,0.023,0.0,64.0
2025-09-26 06:00:00,2.0,11.0,0.02,0.0,63.0
2025-09-26 07:00:00,2.8,11.0,0.021,0.08,64.0
2025-09-26 08:00:00,4.4,11.2,0.023,0.18,66.0
2025-09-26 09:00:00,5.3,11.2,0.024,0.44,69.0
2025-09-26 10:00:00,2.4,4.9,0.04,1.1,73.0
2025-09-26 11:00:00,1.0,2.6,0.05,1.17,75.0
2025-09-26 12:00:00,1.3,3.2,0.055,1.08,75.0
2025-09-26 13:00:00,0.4,1.6,0.056,1.09,77.0
2025-09-26 14:00:00,0.4,1.2,0.054,0.98,78.0
2025-09-26 15:00:00,0.3,1.2,0.055,0.75,78.0
2025-09-26 16:00:00,0.8,1.5,0.055,0.48,78.0
2025-09-26 17:00:00,0.8,2.6,0.051,0.18,77.0
2025-09-26 18:00:00,2.1,8.6,0.039,0.0,74.0
2025-09-26 19:00:00,0.7,13.4,0.034,0.0,72.0
2025-09-26 20:00:00,0.3,10.9,0.034,0.0,70.0
2025-09-26 21:00:00,0.2,6.3,0.036,0.0,68.0
2025-09-26 22:00:00,0.3,4.0,0.038,0.0,67.0
2025-09-26 23:00:00,0.2,5.2,0.036,0.0,66.0
2025-09-27 00:00:00,0.2,4.2,0.037,0.0,64.0
2025-09-27 01:00:00,0.3,3.7,0.035,0.0,64.0
2025-09-27 02:00:00,0.2,3.5,0.035,0.0,64.0
2025-09-27 03:00:00,0.1,3.4,0.034,0.0,62.0
2025-09-27 04:00:00,0.2,3.4,,0.0,61.0
2025-09-27 05:00:00,0.4,5.6,0.03,0.0,60.0
2025-09-27 06:00:00,1.2,5.6,0.03,0.02,59.0
2025-09-27 07:00:00,2.1,5.4,0.03,0.22,60.0
2025-09-27 08:00:00,2.1,4.5,0.034,0.49,64.0
2025-09-27 09:00:00,2.4,4.8,0.037,0.76,67.0
2025-09-27 10:00:00,1.7,3.8,0.042,0.99,70.0
2025-09-27 11:00:00,2.0,4.5,0.047,1.09,73.0
2025-09-27 12:00:00,2.5,4.4,0.051,1.25,76.0
2025-09-27 13:00:00,1.6,3.5,0.053,1.04,77.0
2025-09-27 14:00:00,1.5,4.4,0.049,0.45,77.0
2025-09-27 15:00:00,1.5,5.1,0.046,0.46,77.0
2025-09-27 16:00:00,1.9,9.3,0.046,0.27,76.0
2025-09-27 17:00:00,0.8,3.6,0.044,0.01,73.0
2025-09-27 18:00:00,0.6,3.5,0.041,0.0,71.0
2025-09-27 19:00:00,0.3,4.5,0.036,0.0,69.0
2025-09-27 20:00:00,0.2,5.2,0.036,0.0,69.0
2025-09-27 21:00:00,0.2,2.7,0.042,0.0,64.0
2025-09-27 22:00:00,0.1,2.3,0.041,0.0,67.0
2025-09-27 23:00:00,0.2,2.7,0.036,0.0,66.0
2025-09-28 00:00:00,1.1,3.8,0.036,0.0,66.0
2025-09-28 01:00:00,0.1,2.4,0.035,0.0,65.0
2025-09-28 02:00:00,0.2,2.3,0.034,0.0,64.0
2025-09-28 03:00:00,0.1,2.1,0.034,0.0,63.0
2025-09-28 04:00:00,,,0.033,0.0,64.0
2025-09-28 05:00:00,0.2,1.9,0.036,0.0,64.0
2025-09-28 06:00:00,0.2,1.7,0.034,0.01,63.0
2025-09-28 07:00:00,0.4,2.4,0.033,0.11,64.0
2025-09-28 08:00:00,0.7,2.4,0.035,0.39,65.0
2025-09-28 09:00:00,0.8,2.1,0.037,0.65,69.0
2025-09-28 10:00:00,0.5,1.4,0.044,0.93,72.0
2025-09-28 11:00:00,0.4,1.1,0.044,0.47,71.0
2025-09-28 12:00:00,0.8,1.6,0.043,0.46,67.0
2025-09-28 13:00:00,0.6,2.1,0.043,0.74,69.0
2025-09-28 14:00:00,0.7,2.6,0.041,0.45,70.0
2025-09-28 15:00:00,0.5,2.9,0.042,0.28,68.0
2025-09-28 16:00:00,0.7,3.3,0.04,0.09,67.0
2025-09-28 17:00:00,0.4,2.9,0.038,0.08,67.0
2025-09-28 18:00:00,0.2,2.7,0.038,0.0,66.0
2025-09-28 19:00:00,0.2,3.4,0.036,0.0,65.0
2025-09-28 20:00:00,0.2,3.3,0.036,0.0,65.0
2025-09-28 21:00:00,0.1,2.4,0.036,0.0,65.0
2025-09-28 22:00:00,0.3,3.0,0.034,0.0,64.0
2025-09-28 23:00:00,0.2,1.8,0.036,0.0,64.0
2025-09-29 00:00:00,0.2,1.8,0.035,0.0,63.0
2025-09-29 01:00:00,0.2,2.3,0.032,0.0,62.0
2025-09-29 02:00:00,0.2,1.9,0.034,0.0,62.0
2025-09-29 03:00:00,0.3,2.3,0.031,0.0,61.0
2025-09-29 04:00:00,0.4,3.6,0.03,0.0,61.0
2025-09-29 05:00:00,0.7,5.7,0.028,0.0,62.0
2025-09-29 06:00:00,1.3,6.6,0.026,0.01,62.0
2025-09-29 07:00:00,4.9,7.1,0.025,0.11,62.0
2025-09-29 08:00:00,5.7,8.0,0.028,0.51,64.0
2025-09-29 09:00:00,1.8,3.6,0.036,0.73,68.0
2025-09-29 10:00:00,1.2,2.3,0.041,0.86,70.0
2025-09-29 11:00:00,0.9,2.0,0.044,1.11,72.0
2025-09-29 12:00:00,0.9,2.0,0.045,1.06,73.0
2025-09-29 13:00:00,1.2,2.6,0.048,1.12,75.0
2025-09-29 14:00:00,0.7,2.2,0.049,1.0,76.0
2025-09-29 15:00:00,0.9,2.7,0.048,0.74,77.0
2025-09-29 16:00:00,1.1,3.8,0.046,0.45,76.0
2025-09-29 17:00:00,0.7,4.4,0.044,0.16,75.0
2025-09-29 18:00:00,0.4,6.1,0.042,0.0,73.0
2025-09-29 19:00:00,0.3,3.9,0.043,0.0,72.0
2025-09-29 20:00:00,0.2,4.2,0.041,0.0,71.0
2025-09-29 21:00:00,0.1,3.4,0.041,0.0,69.0
2025-09-29 22:00:00,0.2,3.2,0.038,0.0,68.0
2025-09-29 23:00:00,0.2,2.6,0.039,0.0,68.0
2025-09-30 00:00:00,0.1,3.1,0.038,0.0,67.0
2025-09-30 01:00:00,0.2,3.9,0.036,0.0,66.0
2025-09-30 02:00:00,0.1,2.5,0.036,0.0,65.0
2025-09-30 03:00:00,0.4,4.2,0.033,0.0,64.0
2025-09-30 04:00:00,0.2,4.5,0.033,0.0,65.0
2025-09-30 05:00:00,0.6,9.9,0.026,0.0,64.0
2025-09-30 06:00:00,2.2,10.7,0.027,0.03,62.0
2025-09-30 07:00:00,3.5,8.8,0.027,0.09,63.0
2025-09-30 08:00:00,3.9,10.3,0.027,0.38,65.0
2025-09-30 09:00:00,1.6,5.7,0.035,0.35,66.0
2025-09-30 10:00:00,0.7,1.5,0.036,0.19,61.0
2025-09-30 11:00:00,1.3,2.8,0.038,0.36,60.0
2025-09-30 12:00:00,1.1,3.0,0.04,0.19,59.0
2025-09-30 13:00:00,0.8,4.2,0.039,0.18,56.0
2025-09-30 14:00:00,1.2,5.8,0.04,0.17,57.0
2025-09-30 15:00:00,2.0,6.7,0.039,0.24,57.0
2025-09-30 16:00:00,1.6,4.7,0.042,0.32,60.0
2025-09-30 17:00:00,0.9,5.8,0.036,0.11,60.0
2025-09-30 18:00:00,0.9,9.3,0.03,0.0,60.0
2025-09-30 19:00:00,0.6,9.2,0.03,0.0,59.0
2025-09-30 20:00:00,0.2,4.4,0.037,0.0,60.0
2025-09-30 21:00:00,0.2,4.0,0.034,0.0,59.0
2025-09-30 22:00:00,0.3,4.1,0.034,0.0,59.0
2025-09-30 23:00:00,0.3,3.4,0.031,0.0,58.0
2025-10-01 00:00:00,0.3,3.6,0.026,0.0,57.0
2025-10-01 01:00:00,0.5,4.6,0.026,0.0,58.0
2025-10-01 02:00:00,0.7,5.1,0.024,0.0,57.0
2025-10-01 03:00:00,0.6,5.5,0.024,0.0,58.0
2025-10-01 04:00:00,1.0,5.8,0.022,0.0,57.0
2025-10-01 05:00:00,2.2,9.2,0.016,0.0,56.0
2025-10-01 06:00:00,3.1,8.1,0.016,0.02,55.0
2025-10-01 07:00:00,9.4,8.2,0.016,0.21,56.0
2025-10-01 08:00:00,3.7,5.1,0.022,0.48,60.0
2025-10-01 09:00:00,2.6,4.5,0.03,0.75,64.0
2025-10-01 10:00:00,2.9,4.8,0.034,0.96,68.0
2025-10-01 11:00:00,1.3,2.8,0.042,1.1,71.0
2025-10-01 12:00:00,0.8,1.9,0.047,1.14,73.0
2025-10-01 13:00:00,0.5,1.6,0.05,1.09,73.0
2025-10-01 14:00:00,0.3,1.0,0.051,0.94,74.0
2025-10-01 15:00:00,0.3,1.1,0.051,0.72,75.0
2025-10-01 16:00:00,0.2,0.9,0.052,0.44,75.0
2025-10-01 17:00:00,0.3,2.6,0.048,0.16,75.0
2025-10-01 18:00:00,0.8,8.3,0.034,0.0,72.0
2025-10-01 19:00:00,0.3,12.3,0.031,0.0,68.0
2025-10-01 20:00:00,0.2,4.8,0.037,0.0,66.0
2025-10-01 21:00:00,0.2,2.6,0.038,0.0,65.0
2025-10-01 22:00:00,0.2,2.6,0.037,0.0,64.0
2025-10-01 23:00:00,0.1,2.4,0.037,0.0,65.0
2025-10-02 00:00:00,0.3,3.9,0.035,0.0,64.0
2025-10-02 01:00:00,0.1,2.7,0.032,0.0,61.0
2025-10-02 02:00:00,0.3,3.9,0.031,0.0,60.0
2025-10-02 03:00:00,1.0,5.8,0.027,0.0,58.0
2025-10-02 04:00:00,0.7,4.9,0.027,0.0,58.0
2025-10-02 05:00:00,0.9,5.5,0.026,0.0,58.0
2025-10-02 06:00:00,2.0,9.5,0.022,0.01,57.0
2025-10-02 07:00:00,5.9,8.6,0.023,0.21,59.0
2025-10-02 08:00:00,3.1,4.9,0.028,0.47,61.0
2025-10-02 09:00:00,2.7,4.6,0.032,0.74,67.0
2025-10-02 10:00:00,1.3,2.7,0.039,0.96,71.0
2025-10-02 11:00:00,1.3,2.7,0.044,1.1,75.0
2025-10-02 12:00:00,0.7,1.7,0.049,1.13,77.0
2025-10-02 13:00:00,0.5,1.3,0.049,1.08,78.0
2025-10-02 14:00:00,0.7,2.1,0.05,0.93,80.0
2025-10-02 15:00:00,0.4,1.1,0.052,0.7,80.0
2025-10-02 16:00:00,0.3,1.4,0.051,0.43,81.0
2025-10-02 17:00:00,0.5,3.4,0.045,0.14,79.0
2025-10-02 18:00:00,0.7,10.2,0.033,0.0,74.0
2025-10-02 19:00:00,0.7,21.4,0.023,0.0,74.0
2025-10-02 20:00:00,0.2,9.3,0.033,0.0,75.0
2025-10-02 21:00:00,0.2,5.6,0.034,0.0,74.0
2025-10-02 22:00:00,0.1,3.1,0.035,0.0,71.0
2025-10-02 23:00:00,0.9,5.1,0.034,0.0,70.0
2025-10-03 00:00:00,0.2,3.3,0.034,0.0,69.0
2025-10-03 01:00:00,0.2,2.0,0.032,0.0,70.0
2025-10-03 02:00:00,0.2,4.8,0.024,0.0,67.0
2025-10-03 03:00:00,0.4,5.3,0.024,0.0,64.0
2025-10-03 04:00:00,,,0.023,0.0,64.0
2025-10-03 05:00:00,7.7,18.0,0.008,0.0,61.0
2025-10-03 06:00:00,13.3,20.2,0.01,0.01,61.0
2025-10-03 07:00:00,13.3,16.6,0.012,0.21,64.0
2025-10-03 08:00:00,5.2,7.8,0.021,0.47,71.0
2025-10-03 09:00:00,4.6,5.2,0.023,0.75,73.0
2025-10-03 10:00:00,1.6,2.4,0.03,0.94,76.0
2025-10-03 11:00:00,1.2,2.3,0.032,0.92,79.0
2025-10-03 12:00:00,1.0,1.7,0.033,0.93,81.0
2025-10-03 13:00:00,1.1,1.4,0.034,0.44,80.0
2025-10-03 14:00:00,1.4,1.6,0.032,0.35,80.0
2025-10-03 15:00:00,0.9,1.8,0.03,0.23,78.0
2025-10-03 16:00:00,0.9,2.2,0.029,0.11,77.0
2025-10-03 17:00:00,0.5,1.0,0.033,0.03,73.0
2025-10-03 18:00:00,0.6,9.9,0.023,0.0,71.0
2025-10-03 19:00:00,0.5,10.6,0.022,0.0,72.0
2025-10-03 20:00:00,0.4,10.2,0.019,0.0,69.0
2025-10-03 21:00:00,0.3,7.4,0.024,0.0,67.0
2025-10-03 22:00:00,0.1,4.2,0.026,0.0,66.0
2025-10-03 23:00:00,0.2,3.5,0.026,0.0,61.0
2025-10-04 00:00:00,0.1,1.5,0.029,0.0,59.0
2025-10-04 01:00:00,0.2,1.3,0.03,0.0,57.0
2025-10-04 02:00:00,0.3,2.7,0.032,0.0,56.0
2025-10-04 03:00:00,0.3,2.2,0.036,0.0,57.0
2025-10-04 04:00:00,0.1,1.1,,0.0,53.0
2025-10-04 05:00:00,0.1,0.8,0.042,0.0,46.0
2025-10-04 06:00:00,0.1,0.9,0.046,0.0,47.0
2025-10-04 07:00:00,0.3,1.7,0.048,0.05,47.0
2025-10-04 08:00:00,0.7,4.4,0.043,0.13,48.0
2025-10-04 09:00:00,0.7,4.5,0.045,0.17,49.0
2025-10-04 10:00:00,0.7,4.8,0.046,0.18,50.0
2025-10-04 11:00:00,0.5,1.6,0.048,0.15,49.0
2025-10-04 12:00:00,0.4,2.5,0.047,0.18,48.0
2025-10-04 13:00:00,0.4,4.0,0.046,0.13,48.0
2025-10-04 14:00:00,0.6,4.4,0.042,0.15,48.0
2025-10-04 15:00:00,0.9,3.6,0.041,0.37,51.0
2025-10-04 16:00:00,0.8,4.6,0.036,0.18,52.0
2025-10-04 17:00:00,0.3,4.2,0.034,0.05,53.0
2025-10-04 18:00:00,0.2,7.2,0.029,0.0,53.0
2025-10-04 19:00:00,0.2,4.4,0.028,0.0,53.0
2025-10-04 20:00:00,0.1,3.0,0.027,0.0,51.0
2025-10-04 21:00:00,0.2,7.7,0.023,0.0,51.0
2025-10-04 22:00:00,0.2,5.8,0.023,0.0,51.0
2025-10-04 23:00:00,0.2,6.6,0.02,0.0,51.0
2025-10-05 00:00:00,0.2,4.0,0.023,0.0,51.0
2025-10-05 01:00:00,0.1,3.9,0.02,0.0,51.0
2025-10-05 02:00:00,0.1,2.0,0.027,0.0,49.0
2025-10-05 03:00:00,0.0,1.8,0.027,0.0,48.0
2025-10-05 04:00:00,,,0.025,0.0,48.0
2025-10-05 05:00:00,0.2,4.5,0.02,0.0,48.0
2025-10-05 06:00:00,0.6,4.5,0.015,0.01,47.0
2025-10-05 07:00:00,1.1,2.4,0.017,0.2,48.0
2025-10-05 08:00:00,1.2,1.9,0.022,0.48,50.0
2025-10-05 09:00:00,0.9,2.0,0.032,0.7,54.0
2025-10-05 10:00:00,0.4,1.3,0.037,0.81,55.0
2025-10-05 11:00:00,0.3,1.0,0.04,1.0,57.0
2025-10-05 12:00:00,0.5,1.4,0.041,0.83,57.0
2025-10-05 13:00:00,0.1,0.7,0.042,0.41,58.0
2025-10-05 14:00:00,0.2,0.7,0.042,0.74,59.0
2025-10-05 15:00:00,0.2,0.6,0.043,0.74,60.0
2025-10-05 16:00:00,0.2,1.1,0.043,0.34,58.0
2025-10-05 17:00:00,0.2,2.5,0.04,0.11,57.0
2025-10-05 18:00:00,0.2,2.9,0.037,0.0,55.0
2025-10-05 19:00:00,0.1,3.3,0.033,0.0,54.0
2025-10-05 20:00:00,0.1,4.1,0.029,0.0,52.0
2025-10-05 21:00:00,0.3,8.5,0.021,0.0,50.0
2025-10-05 22:00:00,0.4,4.8,0.023,0.0,49.0
2025-10-05 23:00:00,0.2,4.4,0.023,0.0,47.0
2025-10-06 00:00:00,0.1,2.9,0.022,0.0,46.0
2025-10-06 01:00:00,0.2,3.0,0.02,0.0,45.0
2025-10-06 02:00:00,0.3,4.5,0.018,0.0,44.0
2025-10-06 03:00:00,0.6,4.5,0.016,0.0,43.0
2025-10-06 04:00:00,0.9,7.4,0.014,0.0,42.0
2025-10-06 05:00:00,1.9,7.9,0.012,0.0,42.0
2025-10-06 06:00:00,8.0,9.3,0.01,0.01,41.0
2025-10-06 07:00:00,4.4,6.3,0.014,0.18,43.0
2025-10-06 08:00:00,5.4,5.7,0.018,0.45,47.0
2025-10-06 09:00:00,4.9,5.4,0.023,0.72,51.0
2025-10-06 10:00:00,2.8,4.2,0.03,0.93,53.0
2025-10-06 11:00:00,1.1,2.7,0.037,0.97,54.0
2025-10-06 12:00:00,0.9,2.1,0.042,1.13,56.0
2025-10-06 13:00:00,0.8,2.3,0.044,1.06,57.0
2025-10-06 14:00:00,1.2,2.4,0.046,0.9,58.0
2025-10-06 15:00:00,0.8,2.6,0.048,0.67,59.0
2025-10-06 16:00:00,0.6,2.6,0.048,0.39,59.0
2025-10-06 17:00:00,0.5,3.8,0.045,0.12,58.0
2025-10-06 18:00:00,0.2,4.1,0.04,0.0,56.0
2025-10-06 19:00:00,0.2,5.5,0.035,0.0,54.0
2025-10-06 20:00:00,0.4,11.5,0.023,0.0,51.0
2025-10-06 21:00:00,0.4,10.2,0.024,0.0,49.0
2025-10-06 22:00:00,1.2,8.2,0.027,0.0,48.0
2025-10-06 23:00:00,0.4,5.4,0.029,0.0,47.0
2025-10-07 00:00:00,0.4,4.6,0.028,0.0,46.0
2025-10-07 01:00:00,0.6,6.0,0.026,0.0,45.0
2025-10-07 02:00:00,0.9,7.0,0.027,0.0,46.0
2025-10-07 03:00:00,0.5,5.6,0.026,0.0,45.0
2025-10-07 04:00:00,1.0,9.5,0.021,0.0,43.0
2025-10-07 05:00:00,1.6,13.4,0.018,0.0,43.0
2025-10-07 06:00:00,3.9,16.4,0.015,0.01,44.0
2025-10-07 07:00:00,7.4,13.9,0.016,0.18,45.0
2025-10-07 08:00:00,5.8,7.4,0.023,0.45,47.0
2025-10-07 09:00:00,5.9,8.2,0.026,0.71,51.0
2025-10-07 10:00:00,5.1,7.5,0.029,0.92,53.0
2025-10-07 11:00:00,4.7,7.6,0.031,1.06,56.0
2025-10-07 12:00:00,3.5,7.1,0.036,1.09,58.0
2025-10-07 13:00:00,1.6,4.6,0.042,1.03,60.0
2025-10-07 14:00:00,1.2,4.4,0.047,0.89,63.0
2025-10-07 15:00:00,1.1,4.1,0.048,0.67,65.0
2025-10-07 16:00:00,1.6,6.1,0.046,0.39,64.0
2025-10-07 17:00:00,0.6,7.7,0.043,0.11,63.0
2025-10-07 18:00:00,1.5,14.4,0.03,0.0,60.0
2025-10-07 19:00:00,1.6,14.0,0.026,0.0,59.0
2025-10-07 20:00:00,1.0,27.3,0.009,0.0,55.0
2025-10-07 21:00:00,2.8,29.0,0.004,0.0,54.0
2025-10-07 22:00:00,1.1,23.2,0.012,0.0,54.0
2025-10-07 23:00:00,0.3,9.0,0.027,0.0,55.0
2025-10-08 00:00:00,0.7,7.8,0.027,0.0,53.0
2025-10-08 01:00:00,0.4,8.6,0.025,0.0,53.0
2025-10-08 02:00:00,0.8,7.0,0.026,0.0,53.0
2025-10-08 03:00:00,0.8,7.4,0.026,0.0,53.0
2025-10-08 04:00:00,1.4,9.1,0.024,0.0,52.0
2025-10-08 05:00:00,1.8,9.7,0.023,0.0,52.0
2025-10-08 06:00:00,1.6,8.7,0.023,0.01,51.0
2025-10-08 07:00:00,6.9,12.1,0.02,0.18,52.0
2025-10-08 08:00:00,7.2,10.0,0.023,0.45,55.0
2025-10-08 09:00:00,6.8,9.3,0.028,0.72,59.0
2025-10-08 10:00:00,3.9,6.5,0.033,0.94,63.0
2025-10-08 11:00:00,6.3,10.9,0.033,1.07,67.0
2025-10-08 12:00:00,4.7,9.0,0.039,1.1,71.0
2025-10-08 13:00:00,1.3,3.8,0.046,1.05,74.0
2025-10-08 14:00:00,0.8,2.7,0.049,0.9,75.0
2025-10-08 15:00:00,0.4,1.9,0.051,0.67,76.0
2025-10-08 16:00:00,0.4,2.1,0.05,0.39,77.0
2025-10-08 17:00:00,0.8,3.5,0.045,0.11,75.0
2025-10-08 18:00:00,1.1,19.5,0.023,0.0,70.0
2025-10-08 19:00:00,0.7,15.6,0.027,0.0,67.0
2025-10-08 20:00:00,0.3,4.2,0.037,0.0,69.0
2025-10-08 21:00:00,0.2,3.1,0.036,0.0,68.0
2025-10-08 22:00:00,0.2,4.2,0.033,0.0,67.0
2025-10-08 23:00:00,0.7,5.8,0.031,0.0,64.0
2025-10-09 00:00:00,0.1,2.2,0.033,0.0,63.0
2025-10-09 01:00:00,0.3,2.9,0.031,0.0,63.0
2025-10-09 02:00:00,0.3,3.3,0.031,0.0,63.0
2025-10-09 03:00:00,0.3,4.2,0.027,0.0,61.0
2025-10-09 04:00:00,0.8,6.8,0.025,0.0,60.0
2025-10-09 05:00:00,0.9,5.8,0.027,0.0,60.0
2025-10-09 06:00:00,2.2,10.1,0.021,0.01,60.0
2025-10-09 07:00:00,1.9,6.6,0.025,0.14,61.0
2025-10-09 08:00:00,3.2,9.1,0.024,0.19,64.0
2025-10-09 09:00:00,7.3,9.4,0.022,0.64,69.0
2025-10-09 10:00:00,3.3,5.0,,0.82,74.0
2025-10-09 11:00:00,2.4,4.2,0.035,0.99,77.0
2025-10-09 12:00:00,2.7,4.0,0.037,1.05,79.0
2025-10-09 13:00:00,2.7,3.7,0.038,0.9,80.0
2025-10-09 14:00:00,2.8,4.0,0.037,0.78,81.0
2025-10-09 15:00:00,1.7,4.0,0.037,0.35,77.0
2025-10-09 16:00:00,1.4,4.7,0.037,0.17,75.0
2025-10-09 17:00:00,0.9,3.9,0.035,0.01,74.0
2025-10-09 18:00:00,0.6,3.6,0.035,0.0,63.0
2025-10-09 19:00:00,0.3,3.5,0.033,0.0,64.0
2025-10-09 20:00:00,0.3,2.3,0.036,0.0,65.0
2025-10-09 21:00:00,0.3,3.2,0.035,0.0,65.0
2025-10-09 22:00:00,0.4,3.9,0.034,0.0,66.0
2025-10-09 23:00:00,0.2,2.6,0.033,0.0,64.0
2025-10-10 00:00:00,0.3,3.6,0.028,0.0,61.0
2025-10-10 01:00:00,0.3,3.1,0.027,0.0,57.0
2025-10-10 02:00:00,0.3,3.2,0.029,0.0,58.0
2025-10-10 03:00:00,0.2,2.6,0.029,0.0,58.0
2025-10-10 04:00:00,,,0.026,0.0,58.0
2025-10-10 05:00:00,0.3,9.8,0.02,0.0,58.0
2025-10-10 06:00:00,2.1,11.9,0.018,0.0,58.0
2025-10-10 07:00:00,2.2,8.2,0.023,0.1,60.0
2025-10-10 08:00:00,4.1,9.1,0.022,0.24,62.0
2025-10-10 09:00:00,4.8,9.4,,0.35,62.0
2025-10-10 10:00:00,2.9,5.0,,0.7,66.0
2025-10-10 11:00:00,3.0,4.3,0.029,0.97,68.0
2025-10-10 12:00:00,2.6,4.9,0.032,0.85,69.0
2025-10-10 13:00:00,1.9,5.0,,0.81,71.0
2025-10-10 14:00:00,2.0,5.0,0.037,0.84,74.0
2025-10-10 15:00:00,0.8,2.6,0.037,0.65,75.0
2025-10-10 16:00:00,0.9,2.9,0.034,0.42,75.0
2025-10-10 17:00:00,0.4,3.5,0.031,0.06,74.0
2025-10-10 18:00:00,0.5,4.9,0.027,0.0,72.0
2025-10-10 19:00:00,0.3,3.9,0.028,0.0,71.0
2025-10-10 20:00:00,0.2,3.0,0.028,0.0,70.0
2025-10-10 21:00:00,0.6,3.8,0.027,0.0,69.0
2025-10-10 22:00:00,0.2,2.1,0.028,0.0,68.0
2025-10-10 23:00:00,0.2,1.3,0.031,0.0,68.0
2025-10-11 00:00:00,0.1,1.3,0.029,0.0,67.0
2025-10-11 01:00:00,0.2,1.9,0.023,0.0,65.0
2025-10-11 02:00:00,0.1,1.8,0.025,0.0,63.0
2025-10-11 03:00:00,0.2,1.3,0.027,0.0,63.0
2025-10-11 04:00:00,0.2,2.1,,0.0,62.0
2025-10-11 05:00:00,0.5,5.1,0.024,0.0,62.0
2025-10-11 06:00:00,0.3,4.1,0.026,0.0,62.0
2025-10-11 07:00:00,0.9,4.3,0.028,0.04,62.0
2025-10-11 08:00:00,1.2,3.2,0.027,0.3,63.0
2025-10-11 09:00:00,1.2,2.7,0.028,0.37,64.0
2025-10-11 10:00:00,0.8,1.9,0.029,0.53,67.0
2025-10-11 11:00:00,0.9,1.6,0.032,0.85,69.0
2025-10-11 12:00:00,0.9,1.7,0.033,0.82,71.0
2025-10-11 13:00:00,0.8,1.3,0.034,1.02,74.0
2025-10-11 14:00:00,0.4,1.2,0.034,0.88,74.0
2025-10-11 15:00:00,0.4,0.9,0.036,0.61,74.0
2025-10-11 16:00:00,0.4,1.1,0.038,0.37,74.0
2025-10-11 17:00:00,0.5,2.1,0.036,0.06,72.0
2025-10-11 18:00:00,0.1,1.3,0.039,0.0,56.0
2025-10-11 19:00:00,0.1,1.0,0.042,0.0,45.0
2025-10-11 20:00:00,0.1,0.6,0.043,0.0,43.0
2025-10-11 21:00:00,0.1,1.6,0.041,0.0,43.0
2025-10-11 22:00:00,0.1,1.4,0.041,0.0,44.0
2025-10-11 23:00:00,0.1,1.3,0.036,0.0,44.0
2025-10-12 00:00:00,0.1,1.0,0.036,0.0,44.0
2025-10-12 01:00:00,0.3,3.3,0.031,0.0,44.0
2025-10-12 02:00:00,0.1,1.9,0.032,0.0,44.0
2025-10-12 03:00:00,0.1,1.9,0.034,0.0,44.0
2025-10-12 04:00:00,,,0.031,0.0,44.0
2025-10-12 05:00:00,0.1,2.9,0.026,0.0,43.0
2025-10-12 06:00:00,0.4,6.1,0.021,0.0,43.0
2025-10-12 07:00:00,1.7,7.1,0.022,0.09,43.0
2025-10-12 08:00:00,1.8,4.4,0.03,0.33,45.0
2025-10-12 09:00:00,0.6,1.3,0.038,0.62,49.0
2025-10-12 10:00:00,0.6,1.3,0.04,0.93,51.0
2025-10-12 11:00:00,0.6,0.8,0.042,0.96,52.0
2025-10-12 12:00:00,0.5,0.7,0.042,1.08,53.0
2025-10-12 13:00:00,0.4,0.6,0.043,1.02,55.0
2025-10-12 14:00:00,0.2,0.5,0.043,0.87,55.0
2025-10-12 15:00:00,0.2,0.4,0.044,0.64,55.0
2025-10-12 16:00:00,0.2,0.6,0.044,0.36,55.0
2025-10-12 17:00:00,0.1,0.7,0.043,0.09,55.0
2025-10-12 18:00:00,0.4,3.6,0.037,0.0,53.0
2025-10-12 19:00:00,0.3,5.3,0.033,0.0,53.0
2025-10-12 20:00:00,0.2,4.5,0.036,0.0,54.0
2025-10-12 21:00:00,0.3,2.5,0.038,0.0,54.0
2025-10-12 22:00:00,0.3,2.8,0.037,0.0,54.0
2025-10-12 23:00:00,0.4,3.5,0.037,0.0,54.0
2025-10-13 00:00:00,1.0,6.1,0.035,0.0,53.0
2025-10-13 01:00:00,0.5,3.0,0.038,0.0,53.0
2025-10-13 02:00:00,0.3,2.6,0.038,0.0,53.0
2025-10-13 03:00:00,0.5,3.1,0.038,0.0,53.0
2025-10-13 04:00:00,0.5,3.1,0.038,0.0,53.0
2025-10-13 05:00:00,0.5,3.4,0.038,0.0,54.0
2025-10-13 06:00:00,1.4,5.4,0.036,0.01,53.0
2025-10-13 07:00:00,2.6,6.1,0.033,0.18,53.0
2025-10-13 08:00:00,3.2,5.3,0.034,0.44,55.0
2025-10-13 09:00:00,2.7,4.2,0.038,0.68,59.0
2025-10-13 10:00:00,2.4,3.6,0.042,0.9,63.0
2025-10-13 11:00:00,1.5,2.6,0.047,0.99,65.0
2025-10-13 12:00:00,0.6,1.6,0.05,1.01,67.0
2025-10-13 13:00:00,0.5,1.3,0.052,0.88,68.0
2025-10-13 14:00:00,0.9,3.4,0.051,0.68,69.0
2025-10-13 15:00:00,0.9,3.8,0.046,0.36,68.0
2025-10-13 16:00:00,1.1,4.2,0.042,0.29,67.0
2025-10-13 17:00:00,0.6,4.2,0.041,0.02,66.0
2025-10-13 18:00:00,0.3,2.3,0.041,0.0,61.0
2025-10-13 19:00:00,0.2,4.9,0.038,0.0,57.0
2025-10-13 20:00:00,0.3,2.6,0.04,0.0,58.0
2025-10-13 21:00:00,0.3,2.5,0.037,0.0,58.0
2025-10-13 22:00:00,0.5,3.6,0.035,0.0,58.0
2025-10-13 23:00:00,0.4,2.8,0.033,0.0,59.0
2025-10-14 00:00:00,0.3,6.5,0.028,0.0,56.0
2025-10-14 01:00:00,0.2,4.1,0.025,0.0,52.0
2025-10-14 02:00:00,0.5,3.8,0.021,0.0,50.0
2025-10-14 03:00:00,0.6,7.8,0.021,0.0,51.0
2025-10-14 04:00:00,0.7,9.4,0.015,0.0,49.0
2025-10-14 05:00:00,7.9,19.2,0.007,0.0,48.0
2025-10-14 06:00:00,11.3,21.8,0.003,0.0,47.0
2025-10-14 07:00:00,28.8,23.0,0.006,0.16,50.0
2025-10-14 08:00:00,9.1,12.2,0.026,0.43,58.0
2025-10-14 09:00:00,4.0,5.4,0.035,0.68,62.0
2025-10-14 10:00:00,2.8,3.8,0.039,0.89,64.0
2025-10-14 11:00:00,0.9,1.8,0.043,1.01,66.0
2025-10-14 12:00:00,1.1,1.9,0.042,1.04,67.0
2025-10-14 13:00:00,1.0,1.4,0.043,0.85,68.0
2025-10-14 14:00:00,0.6,1.9,0.044,0.35,69.0
2025-10-14 15:00:00,2.0,4.5,0.038,0.26,69.0
2025-10-14 16:00:00,1.7,4.7,0.037,0.13,69.0
2025-10-14 17:00:00,1.0,5.0,0.036,0.05,66.0
2025-10-14 18:00:00,0.4,10.1,0.03,0.0,65.0
2025-10-14 19:00:00,0.3,5.2,0.034,0.0,63.0
2025-10-14 20:00:00,0.2,3.9,0.034,0.0,61.0
2025-10-14 21:00:00,0.5,4.2,0.03,0.0,60.0
2025-10-14 22:00:00,0.2,3.0,0.031,0.0,60.0
2025-10-14 23:00:00,0.2,3.8,0.028,0.0,59.0
2025-10-15 00:00:00,0.2,4.1,0.026,0.0,55.0
2025-10-15 01:00:00,0.2,6.8,0.023,0.0,55.0
2025-10-15 02:00:00,0.3,6.0,0.021,0.0,53.0
2025-10-15 03:00:00,0.5,9.1,0.02,0.0,53.0
2025-10-15 04:00:00,3.5,16.8,0.009,0.0,51.0
2025-10-15 05:00:00,4.2,18.0,0.01,0.0,50.0
2025-10-15 06:00:00,9.1,21.6,0.006,0.0,49.0
2025-10-15 07:00:00,9.6,16.0,0.012,0.11,50.0
2025-10-15 08:00:00,19.1,18.2,0.011,0.31,51.0
2025-10-15 09:00:00,6.0,8.7,0.023,0.51,54.0
2025-10-15 10:00:00,1.8,3.1,0.037,0.67,50.0
2025-10-15 11:00:00,1.2,2.2,0.042,0.46,50.0
2025-10-15 12:00:00,1.5,1.6,0.044,0.76,53.0
2025-10-15 13:00:00,0.8,1.7,0.044,0.29,52.0
2025-10-15 14:00:00,1.3,2.4,0.043,0.15,51.0
2025-10-15 15:00:00,0.8,2.3,0.044,0.08,50.0
2025-10-15 16:00:00,0.3,1.4,0.044,0.02,49.0
2025-10-15 17:00:00,0.5,1.8,0.045,0.01,48.0
2025-10-15 18:00:00,0.5,1.6,0.038,0.0,46.0
2025-10-15 19:00:00,0.3,5.3,0.036,0.0,44.0
2025-10-15 20:00:00,0.2,3.3,0.04,0.0,45.0
2025-10-15 21:00:00,0.2,4.1,0.037,0.0,45.0
2025-10-15 22:00:00,0.2,4.2,0.033,0.0,44.0
2025-10-15 23:00:00,0.2,3.5,0.036,0.0,45.0
2025-10-16 00:00:00,0.1,2.0,0.036,0.0,44.0
2025-10-16 01:00:00,0.1,0.9,0.039,0.0,42.0
2025-10-16 02:00:00,0.1,0.7,0.04,0.0,40.0
2025-10-16 03:00:00,0.1,0.6,0.04,0.0,39.0
2025-10-16 04:00:00,0.3,2.5,0.037,0.0,39.0
2025-10-16 05:00:00,0.5,7.2,0.031,0.0,39.0
2025-10-16 06:00:00,0.3,15.4,0.023,0.0,41.0
2025-10-16 07:00:00,1.5,14.9,0.023,0.07,42.0
2025-10-16 08:00:00,2.9,9.2,0.027,0.19,42.0
2025-10-16 09:00:00,1.7,4.3,0.03,0.22,44.0
2025-10-16 10:00:00,4.5,5.9,0.03,0.7,46.0
2025-10-16 11:00:00,1.8,3.4,0.038,0.57,48.0
2025-10-16 12:00:00,2.1,4.7,0.037,0.37,49.0
2025-10-16 13:00:00,1.2,4.7,0.038,0.34,49.0
2025-10-16 14:00:00,1.6,5.2,0.039,0.37,51.0
2025-10-16 15:00:00,1.0,4.0,0.041,0.33,51.0
2025-10-16 16:00:00,0.6,4.3,0.041,0.18,52.0
2025-10-16 17:00:00,0.3,5.2,0.039,0.03,52.0
2025-10-16 18:00:00,0.8,14.3,0.025,0.0,50.0
2025-10-16 19:00:00,0.8,11.7,0.025,0.0,49.0
2025-10-16 20:00:00,0.4,5.7,0.029,0.0,49.0
2025-10-16 21:00:00,0.7,7.0,0.026,0.0,48.0
2025-10-16 22:00:00,0.5,5.8,0.026,0.0,48.0
2025-10-16 23:00:00,0.3,4.7,0.025,0.0,48.0
2025-10-17 00:00:00,0.5,7.8,0.019,0.0,46.0
2025-10-17 01:00:00,0.8,5.9,0.02,0.0,45.0
2025-10-17 02:00:00,1.2,5.5,0.018,0.0,43.0
2025-10-17 03:00:00,2.2,6.4,0.017,0.0,43.0
2025-10-17 04:00:00,,,0.01,0.0,41.0
2025-10-17 05:00:00,2.6,7.6,0.014,0.0,42.0
2025-10-17 06:00:00,5.0,11.9,0.01,0.0,41.0
2025-10-17 07:00:00,8.4,10.9,0.013,0.12,42.0
2025-10-17 08:00:00,5.0,5.5,0.019,0.39,44.0
2025-10-17 09:00:00,9.3,8.1,0.021,0.65,47.0
2025-10-17 10:00:00,2.1,3.7,0.036,0.86,51.0
2025-10-17 11:00:00,0.7,1.7,0.04,0.93,
2025-10-17 12:00:00,1.6,2.4,0.041,0.86,54.0
2025-10-17 13:00:00,0.6,1.5,0.043,0.95,55.0
2025-10-17 14:00:00,0.3,1.2,0.044,0.79,57.0
2025-10-17 15:00:00,0.4,1.2,0.043,0.56,57.0
2025-10-17 16:00:00,0.2,1.1,0.043,0.24,57.0
2025-10-17 17:00:00,0.5,2.6,0.039,0.04,56.0
2025-10-17 18:00:00,0.5,5.0,0.03,0.0,52.0
2025-10-17 19:00:00,0.7,16.8,0.015,0.0,50.0
2025-10-17 20:00:00,1.0,16.9,0.015,0.0,50.0
2025-10-17 21:00:00,0.7,8.9,0.021,0.0,47.0
2025-10-17 22:00:00,0.6,8.3,0.021,0.0,46.0
2025-10-17 23:00:00,1.1,7.0,0.02,0.0,46.0
2025-10-18 00:00:00,1.0,7.6,0.02,0.0,45.0
2025-10-18 01:00:00,0.5,4.6,0.021,0.0,44.0
2025-10-18 02:00:00,0.7,5.6,0.019,0.0,44.0
2025-10-18 03:00:00,1.2,5.7,0.019,0.0,43.0
2025-10-18 04:00:00,1.4,7.7,,0.0,42.0
2025-10-18 05:00:00,1.4,7.6,0.015,0.0,42.0
2025-10-18 06:00:00,1.8,10.1,0.013,0.0,42.0
2025-10-18 07:00:00,3.1,7.8,0.016,0.12,43.0
2025-10-18 08:00:00,4.0,5.8,0.021,0.39,47.0
2025-10-18 09:00:00,2.4,3.5,0.027,0.64,51.0
2025-10-18 10:00:00,1.0,1.9,0.032,0.85,53.0
2025-10-18 11:00:00,1.5,2.4,0.032,0.98,56.0
2025-10-18 12:00:00,0.8,1.8,0.038,1.01,59.0
2025-10-18 13:00:00,0.3,1.1,0.046,0.95,61.0
2025-10-18 14:00:00,0.3,1.1,0.049,0.8,62.0
2025-10-18 15:00:00,0.2,1.1,0.051,0.57,63.0
2025-10-18 16:00:00,0.2,0.9,0.05,0.3,62.0
2025-10-18 17:00:00,0.3,2.3,0.043,0.05,60.0
2025-10-18 18:00:00,0.3,8.0,0.033,0.0,57.0
2025-10-18 19:00:00,2.4,18.1,0.02,0.0,55.0
2025-10-18 20:00:00,0.4,6.2,0.031,0.0,53.0
2025-10-18 21:00:00,0.5,4.8,0.031,0.0,53.0
2025-10-18 22:00:00,0.4,3.9,0.031,0.0,51.0
2025-10-18 23:00:00,0.7,4.4,0.031,0.0,51.0
2025-10-19 00:00:00,0.4,3.8,0.031,0.0,49.0
2025-10-19 01:00:00,0.6,4.1,0.031,0.0,50.0
2025-10-19 02:00:00,1.9,6.6,0.027,0.0,48.0
2025-10-19 03:00:00,0.7,3.7,0.03,0.0,49.0
2025-10-19 04:00:00,,,0.027,0.0,48.0
2025-10-19 05:00:00,1.5,4.8,0.028,0.0,47.0
2025-10-19 06:00:00,0.5,3.0,0.029,0.0,47.0
2025-10-19 07:00:00,1.8,4.3,0.026,0.11,47.0
2025-10-19 08:00:00,2.2,3.7,0.028,0.38,51.0
2025-10-19 09:00:00,2.0,3.1,0.029,0.63,55.0
2025-10-19 10:00:00,1.9,3.4,0.032,0.84,60.0
2025-10-19 11:00:00,1.9,3.6,0.036,0.97,64.0
2025-10-19 12:00:00,0.8,2.1,0.042,1.0,68.0
2025-10-19 13:00:00,0.3,1.0,0.042,0.94,72.0
2025-10-19 14:00:00,0.4,1.0,0.042,0.78,73.0
2025-10-19 15:00:00,0.4,1.1,0.04,0.54,74.0
2025-10-19 16:00:00,0.3,0.9,0.038,0.3,73.0
2025-10-19 17:00:00,0.3,1.5,0.036,0.05,70.0
2025-10-19 18:00:00,0.1,1.9,0.037,0.0,68.0
2025-10-19 19:00:00,0.2,1.1,0.038,0.0,67.0
2025-10-19 20:00:00,0.1,1.5,0.033,0.0,58.0
2025-10-19 21:00:00,0.1,1.5,0.034,0.0,56.0
2025-10-19 22:00:00,0.1,1.4,0.035,0.0,55.0
2025-10-19 23:00:00,0.1,1.2,0.036,0.0,55.0
2025-10-20 00:00:00,0.0,0.9,0.037,0.0,54.0
2025-10-20 01:00:00,0.2,1.2,0.039,0.0,53.0
2025-10-20 02:00:00,0.1,0.9,0.039,0.0,52.0
2025-10-20 03:00:00,0.1,1.2,0.038,0.0,52.0
2025-10-20 04:00:00,0.1,1.1,0.04,0.0,51.0
2025-10-20 05:00:00,0.1,2.0,0.038,0.0,49.0
2025-10-20 06:00:00,1.0,4.1,0.036,0.0,49.0
2025-10-20 07:00:00,0.6,4.0,0.037,0.11,49.0
2025-10-20 08:00:00,1.1,2.7,0.038,0.38,51.0
2025-10-20 09:00:00,1.0,2.1,0.04,0.64,52.0
2025-10-20 10:00:00,0.9,1.6,0.041,0.85,53.0
2025-10-20 11:00:00,1.1,2.8,0.042,0.97,53.0
2025-10-20 12:00:00,0.7,1.7,0.043,1.0,54.0
2025-10-20 13:00:00,0.6,1.2,0.045,0.94,55.0
2025-10-20 14:00:00,0.5,1.1,0.046,0.79,55.0
2025-10-20 15:00:00,0.6,1.4,0.046,0.57,55.0
2025-10-20 16:00:00,0.9,2.3,0.044,0.3,55.0
2025-10-20 17:00:00,0.4,3.6,0.04,0.05,53.0
2025-10-20 18:00:00,0.2,3.1,0.038,0.0,50.0
2025-10-20 19:00:00,0.3,5.5,0.033,0.0,48.0
2025-10-20 20:00:00,0.4,10.2,0.024,0.0,46.0
2025-10-20 21:00:00,0.3,8.7,0.026,0.0,44.0
2025-10-20 22:00:00,0.5,7.7,0.027,0.0,43.0
2025-10-20 23:00:00,0.4,4.2,0.03,0.0,42.0
2025-10-21 00:00:00,0.5,7.7,0.027,0.0,42.0
2025-10-21 01:00:00,0.5,5.0,0.029,0.0,42.0
2025-10-21 02:00:00,0.9,6.9,0.024,0.0,40.0
2025-10-21 03:00:00,0.7,5.4,0.028,0.0,40.0
2025-10-21 04:00:00,1.4,7.9,0.026,0.0,40.0
2025-10-21 05:00:00,2.1,10.5,0.021,0.0,39.0
2025-10-21 06:00:00,4.0,14.7,0.017,0.0,38.0
2025-10-21 07:00:00,4.5,9.6,0.023,0.11,39.0
2025-10-21 08:00:00,7.5,8.1,0.023,0.38,41.0
2025-10-21 09:00:00,4.6,6.1,0.026,0.64,45.0
2025-10-21 10:00:00,4.7,6.2,0.03,0.84,48.0
2025-10-21 11:00:00,3.2,5.1,0.034,0.97,51.0
2025-10-21 12:00:00,3.4,5.8,0.037,1.0,55.0
2025-10-21 13:00:00,2.3,4.6,0.04,0.94,57.0
2025-10-21 14:00:00,1.3,3.5,0.042,0.79,59.0
2025-10-21 15:00:00,1.6,4.1,0.04,0.56,60.0
2025-10-21 16:00:00,0.7,2.8,0.044,0.29,57.0
2025-10-21 17:00:00,0.9,4.4,0.038,0.04,55.0
2025-10-21 18:00:00,1.1,17.8,0.02,0.0,53.0
2025-10-21 19:00:00,1.8,20.0,0.018,0.0,51.0
2025-10-21 20:00:00,0.6,8.1,0.028,0.0,49.0
2025-10-21 21:00:00,0.4,11.1,0.026,0.0,49.0
2025-10-21 22:00:00,0.5,7.9,0.029,0.0,48.0
2025-10-21 23:00:00,0.4,7.1,0.03,0.0,46.0
2025-10-22 00:00:00,0.4,5.4,0.032,0.0,47.0
2025-10-22 01:00:00,0.7,7.9,0.03,0.0,46.0
2025-10-22 02:00:00,0.4,4.7,0.032,0.0,45.0
2025-10-22 03:00:00,0.7,6.4,0.03,0.0,44.0
2025-10-22 04:00:00,1.1,6.2,0.031,0.0,44.0
2025-10-22 05:00:00,2.3,12.5,0.022,0.0,42.0
2025-10-22 06:00:00,5.7,14.8,0.023,0.0,43.0
2025-10-22 07:00:00,4.8,14.6,0.022,0.1,43.0
2025-10-22 08:00:00,3.9,8.4,0.028,0.37,46.0
2025-10-22 09:00:00,4.6,7.4,0.03,0.5,48.0
2025-10-22 10:00:00,3.8,5.6,0.031,0.73,51.0
2025-10-22 11:00:00,3.6,9.9,0.029,0.36,52.0
2025-10-22 12:00:00,7.2,13.7,0.029,0.63,54.0
2025-10-22 13:00:00,4.5,10.9,0.032,0.44,56.0
2025-10-22 14:00:00,2.6,10.1,0.031,0.35,56.0
2025-10-22 15:00:00,1.1,6.1,0.036,0.19,56.0
2025-10-22 16:00:00,1.8,5.9,0.038,0.24,55.0
2025-10-22 17:00:00,1.1,15.7,0.03,0.02,55.0
2025-10-22 18:00:00,1.9,28.0,0.012,0.0,52.0
2025-10-22 19:00:00,1.9,24.0,0.015,0.0,52.0
2025-10-22 20:00:00,0.6,17.7,0.017,0.0,52.0
2025-10-22 21:00:00,1.1,17.6,0.011,0.0,48.0
2025-10-22 22:00:00,1.2,23.3,0.008,0.0,48.0
2025-10-22 23:00:00,0.7,17.0,0.013,0.0,48.0
2025-10-23 00:00:00,1.5,17.8,0.01,0.0,47.0
2025-10-23 01:00:00,1.0,7.9,0.023,0.0,48.0
2025-10-23 02:00:00,1.3,8.6,0.023,0.0,49.0
2025-10-23 03:00:00,1.7,8.4,0.024,0.0,49.0
2025-10-23 04:00:00,4.3,17.5,0.011,0.0,47.0
2025-10-23 05:00:00,6.9,21.9,0.007,0.0,46.0
2025-10-23 06:00:00,18.6,27.8,0.001,0.0,46.0
2025-10-23 07:00:00,8.9,22.3,0.008,0.03,47.0
2025-10-23 08:00:00,10.7,15.2,0.013,0.29,48.0
2025-10-23 09:00:00,6.3,9.1,0.022,0.59,52.0
2025-10-23 10:00:00,7.5,11.8,0.023,0.49,54.0
2025-10-23 11:00:00,6.5,12.4,0.024,0.45,54.0
2025-10-23 12:00:00,2.8,6.4,0.032,0.81,57.0
2025-10-23 13:00:00,2.4,7.1,0.041,0.89,59.0
2025-10-23 14:00:00,2.4,8.1,0.043,0.75,60.0
2025-10-23 15:00:00,1.1,6.8,0.046,0.5,60.0
2025-10-23 16:00:00,0.5,4.5,0.044,0.18,59.0
2025-10-23 17:00:00,0.6,5.6,0.041,0.04,58.0
2025-10-23 18:00:00,0.3,4.8,0.042,0.0,56.0
2025-10-23 19:00:00,0.3,11.9,0.032,0.0,55.0
2025-10-23 20:00:00,0.8,16.8,0.024,0.0,52.0
2025-10-23 21:00:00,0.3,8.1,0.029,0.0,50.0
2025-10-23 22:00:00,0.4,11.2,0.024,0.0,49.0
2025-10-23 23:00:00,1.0,9.3,0.024,0.0,48.0
2025-10-24 00:00:00,2.0,10.7,0.022,0.0,47.0
2025-10-24 01:00:00,0.6,5.6,0.025,0.0,47.0
2025-10-24 02:00:00,1.4,9.8,0.021,0.0,46.0
2025-10-24 03:00:00,1.0,9.6,0.017,0.0,44.0
2025-10-24 04:00:00,,,0.015,0.0,43.0
2025-10-24 05:00:00,4.6,12.3,0.014,0.0,44.0
2025-10-24 06:00:00,3.4,12.1,0.015,0.0,44.0
2025-10-24 07:00:00,4.8,11.9,0.014,0.09,43.0
2025-10-24 08:00:00,5.9,8.2,0.019,0.35,47.0
2025-10-24 09:00:00,5.5,7.6,0.025,0.6,50.0
2025-10-24 10:00:00,4.0,6.2,0.029,0.8,53.0
2025-10-24 11:00:00,3.8,6.7,0.035,0.93,56.0
2025-10-24 12:00:00,1.4,4.0,0.043,0.96,58.0
2025-10-24 13:00:00,0.8,3.1,0.045,0.9,60.0
2025-10-24 14:00:00,0.5,2.4,0.048,0.75,61.0
2025-10-24 15:00:00,0.4,2.0,0.049,0.53,62.0
2025-10-24 16:00:00,0.6,2.6,0.047,0.27,62.0
2025-10-24 17:00:00,1.7,8.6,0.036,0.03,60.0
2025-10-24 18:00:00,1.3,10.6,0.029,0.0,55.0
2025-10-24 19:00:00,0.6,12.2,0.027,0.0,54.0
2025-10-24 20:00:00,0.6,5.1,0.034,0.0,53.0
2025-10-24 21:00:00,0.5,6.1,0.034,0.0,53.0
2025-10-24 22:00:00,1.2,9.4,0.029,0.0,52.0
2025-10-24 23:00:00,0.7,6.1,0.03,0.0,51.0
2025-10-25 00:00:00,0.7,8.0,0.027,0.0,49.0
2025-10-25 01:00:00,1.5,8.0,0.026,0.0,49.0
2025-10-25 02:00:00,0.5,5.7,0.028,0.0,48.0
2025-10-25 03:00:00,0.8,6.5,0.029,0.0,49.0
2025-10-25 04:00:00,0.5,5.1,,0.0,47.0
2025-10-25 05:00:00,0.6,4.8,0.028,0.0,47.0
2025-10-25 06:00:00,0.8,5.3,0.028,0.0,47.0
2025-10-25 07:00:00,0.9,4.8,0.026,0.06,46.0
2025-10-25 08:00:00,1.8,4.6,0.029,0.23,48.0
2025-10-25 09:00:00,1.9,4.1,0.031,0.51,53.0
2025-10-25 10:00:00,1.7,3.5,0.033,0.66,57.0
2025-10-25 11:00:00,2.1,4.3,0.036,0.78,62.0
2025-10-25 12:00:00,1.8,4.4,0.039,0.82,66.0
2025-10-25 13:00:00,1.0,3.2,0.044,0.69,68.0
2025-10-25 14:00:00,0.5,2.3,0.044,0.43,69.0
2025-10-25 15:00:00,0.6,2.0,0.041,0.28,69.0
2025-10-25 16:00:00,0.5,4.6,0.038,0.08,68.0
2025-10-25 17:00:00,0.4,5.9,0.034,0.01,66.0
2025-10-25 18:00:00,0.7,19.6,0.018,0.0,62.0
2025-10-25 19:00:00,0.9,16.3,0.022,0.0,61.0
2025-10-25 20:00:00,0.7,8.5,0.03,0.0,62.0
2025-10-25 21:00:00,0.4,11.7,0.028,0.0,62.0
2025-10-25 22:00:00,0.2,3.8,0.038,0.0,64.0
2025-10-25 23:00:00,0.2,6.6,0.033,0.0,62.0
2025-10-26 00:00:00,0.3,5.7,0.038,0.0,63.0
2025-10-26 01:00:00,0.2,4.1,0.039,0.0,62.0
2025-10-26 02:00:00,0.3,1.9,0.04,0.0,62.0
2025-10-26 03:00:00,0.2,2.0,0.038,0.0,60.0
2025-10-26 04:00:00,,,0.035,0.0,60.0
2025-10-26 05:00:00,0.3,7.1,0.031,0.0,58.0
2025-10-26 06:00:00,0.5,7.2,0.03,0.0,58.0
2025-10-26 07:00:00,0.3,2.4,0.034,0.04,55.0
2025-10-26 08:00:00,0.3,2.2,0.034,0.12,54.0
2025-10-26 09:00:00,0.7,2.1,0.032,0.43,53.0
2025-10-26 10:00:00,0.8,2.3,0.032,0.54,53.0
2025-10-26 11:00:00,0.7,2.2,0.035,0.53,56.0
2025-10-26 12:00:00,0.7,2.9,0.037,0.45,58.0
2025-10-26 13:00:00,1.3,3.9,0.038,0.57,61.0
2025-10-26 14:00:00,0.8,4.1,0.033,0.23,59.0
2025-10-26 15:00:00,0.6,3.8,0.036,0.18,58.0
2025-10-26 16:00:00,0.4,4.5,0.036,0.1,57.0
2025-10-26 17:00:00,0.2,4.7,0.036,0.0,54.0
2025-10-26 18:00:00,0.3,4.6,0.034,0.0,52.0
2025-10-26 19:00:00,0.2,5.8,0.03,0.0,50.0
2025-10-26 20:00:00,0.3,5.5,0.028,0.0,50.0
2025-10-26 21:00:00,0.4,8.9,0.023,0.0,49.0
2025-10-26 22:00:00,0.2,4.9,0.025,0.0,48.0
2025-10-26 23:00:00,0.2,6.9,0.026,0.0,49.0
2025-10-27 00:00:00,0.1,3.6,0.032,0.0,48.0
2025-10-27 01:00:00,0.1,2.5,0.033,0.0,49.0
2025-10-27 02:00:00,0.3,3.8,0.028,0.0,48.0
2025-10-27 03:00:00,0.4,5.5,0.028,0.0,49.0
2025-10-27 04:00:00,0.3,3.7,0.03,0.0,49.0
2025-10-27 05:00:00,2.4,8.2,0.023,0.0,49.0
2025-10-27 06:00:00,3.5,11.2,0.016,0.0,48.0
2025-10-27 07:00:00,21.2,27.3,0.005,0.02,49.0
2025-10-27 08:00:00,2.4,7.6,0.025,0.11,49.0
2025-10-27 09:00:00,0.7,3.1,0.035,0.15,47.0
2025-10-27 10:00:00,0.4,2.1,0.037,0.14,46.0
2025-10-27 11:00:00,0.6,2.3,0.037,0.16,46.0
2025-10-27 12:00:00,0.7,1.8,0.04,0.37,47.0
2025-10-27 13:00:00,0.8,2.0,0.039,0.48,47.0
2025-10-27 14:00:00,0.6,1.6,0.042,0.39,47.0
2025-10-27 15:00:00,0.5,1.4,0.043,0.47,48.0
2025-10-27 16:00:00,0.3,1.4,0.044,0.2,48.0
2025-10-27 17:00:00,0.2,1.9,0.043,0.03,46.0
2025-10-27 18:00:00,1.8,5.2,0.035,0.0,43.0
2025-10-27 19:00:00,1.9,6.4,0.033,0.0,42.0
2025-10-27 20:00:00,0.4,9.4,0.027,0.0,40.0
2025-10-27 21:00:00,0.8,8.3,0.028,0.0,39.0
2025-10-27 22:00:00,1.0,15.0,0.019,0.0,37.0
2025-10-27 23:00:00,0.8,10.7,0.024,0.0,35.0
2025-10-28 00:00:00,0.5,6.6,0.028,0.0,35.0
2025-10-28 01:00:00,0.8,5.1,0.029,0.0,34.0
2025-10-28 02:00:00,0.7,4.5,0.028,0.0,32.0
2025-10-28 03:00:00,0.7,4.7,0.028,0.0,33.0
2025-10-28 04:00:00,1.5,8.2,0.024,0.0,32.0
2025-10-28 05:00:00,2.1,9.3,0.023,0.0,31.0
2025-10-28 06:00:00,2.6,12.3,0.02,0.0,32.0
2025-10-28 07:00:00,4.4,11.3,0.021,0.07,32.0
2025-10-28 08:00:00,5.4,7.7,0.025,0.35,34.0
2025-10-28 09:00:00,5.2,5.3,0.029,0.59,38.0
2025-10-28 10:00:00,4.9,6.4,0.03,0.8,42.0
2025-10-28 11:00:00,4.9,6.6,0.032,0.92,44.0
2025-10-28 12:00:00,3.1,4.7,0.036,0.96,47.0
2025-10-28 13:00:00,1.2,2.3,0.043,0.9,48.0
2025-10-28 14:00:00,0.5,1.2,0.047,0.73,49.0
2025-10-28 15:00:00,0.7,1.8,0.046,0.52,50.0
2025-10-28 16:00:00,0.7,2.5,0.045,0.28,51.0
2025-10-28 17:00:00,1.5,6.1,0.038,0.02,48.0
2025-10-28 18:00:00,3.0,16.6,0.024,0.0,46.0
2025-10-28 19:00:00,1.1,13.8,0.028,0.0,44.0
2025-10-28 20:00:00,0.8,8.0,0.032,0.0,42.0
2025-10-28 21:00:00,0.6,11.6,0.028,0.0,41.0
2025-10-28 22:00:00,0.8,8.8,0.033,0.0,42.0
2025-10-28 23:00:00,0.8,6.4,0.034,0.0,42.0
2025-10-29 00:00:00,0.7,9.2,0.028,0.0,40.0
2025-10-29 01:00:00,2.5,8.9,0.032,0.0,40.0
2025-10-29 02:00:00,0.8,6.3,0.033,0.0,40.0
2025-10-29 03:00:00,1.3,9.5,0.026,0.0,38.0
2025-10-29 04:00:00,1.5,8.9,0.029,0.0,39.0
2025-10-29 05:00:00,4.1,18.8,0.018,0.0,38.0
2025-10-29 06:00:00,6.0,16.0,0.021,0.0,38.0
2025-10-29 07:00:00,22.2,25.7,0.01,0.07,36.0
2025-10-29 08:00:00,8.6,12.2,0.024,0.33,40.0
2025-10-29 09:00:00,8.4,11.3,0.025,0.58,43.0
2025-10-29 10:00:00,6.9,9.3,0.029,0.78,48.0
2025-10-29 11:00:00,5.1,7.9,0.033,0.9,51.0
2025-10-29 12:00:00,3.3,6.3,0.036,0.93,54.0
2025-10-29 13:00:00,2.8,6.1,0.04,0.87,56.0
2025-10-29 14:00:00,3.2,6.8,0.04,0.72,58.0
2025-10-29 15:00:00,3.1,9.0,0.039,0.5,60.0
2025-10-29 16:00:00,1.6,4.4,0.044,0.24,58.0
2025-10-29 17:00:00,2.0,10.1,0.034,0.02,55.0
2025-10-29 18:00:00,1.0,16.2,0.027,0.0,52.0
2025-10-29 19:00:00,0.3,19.4,0.019,0.0,48.0
2025-10-29 20:00:00,1.3,23.4,0.013,0.0,47.0
2025-10-29 21:00:00,13.6,36.4,0.002,0.0,46.0
2025-10-29 22:00:00,3.9,28.1,0.007,0.0,43.0
2025-10-29 23:00:00,0.6,15.4,0.017,0.0,43.0
2025-10-30 00:00:00,0.6,19.2,0.01,0.0,41.0
2025-10-30 01:00:00,1.3,9.5,0.02,0.0,41.0
2025-10-30 02:00:00,1.1,11.1,0.017,0.0,40.0
2025-10-30 03:00:00,0.9,10.0,0.017,0.0,39.0
2025-10-30 04:00:00,2.6,15.9,0.012,0.0,38.0
2025-10-30 05:00:00,6.9,20.5,0.01,0.0,38.0
2025-10-30 06:00:00,11.7,21.6,0.011,0.0,39.0
2025-10-30 07:00:00,42.9,22.5,0.01,0.06,38.0
2025-10-30 08:00:00,7.0,10.5,0.022,0.33,42.0
2025-10-30 09:00:00,6.5,8.8,0.024,0.57,45.0
2025-10-30 10:00:00,7.2,9.9,0.025,0.76,48.0
2025-10-30 11:00:00,6.0,9.6,0.029,0.89,51.0
2025-10-30 12:00:00,5.1,9.5,0.032,0.92,54.0
2025-10-30 13:00:00,3.5,8.7,0.036,0.85,56.0
2025-10-30 14:00:00,1.7,6.2,0.043,0.72,58.0
2025-10-30 15:00:00,1.8,8.0,0.043,0.49,59.0
2025-10-30 16:00:00,0.9,6.9,0.044,0.23,56.0
2025-10-30 17:00:00,1.9,10.7,0.038,0.01,54.0
2025-10-30 18:00:00,1.6,16.1,0.026,0.0,51.0
2025-10-30 19:00:00,0.4,15.3,0.024,0.0,49.0
2025-10-30 20:00:00,1.8,23.0,0.013,0.0,48.0
2025-10-30 21:00:00,0.8,19.9,0.016,0.0,46.0
2025-10-30 22:00:00,0.7,14.7,0.02,0.0,45.0
2025-10-30 23:00:00,0.3,8.1,0.025,0.0,44.0
2025-10-31 00:00:00,0.3,6.4,0.026,0.0,44.0
2025-10-31 01:00:00,0.5,7.6,0.025,0.0,44.0
2025-10-31 02:00:00,0.7,9.1,0.024,0.0,44.0
2025-10-31 03:00:00,0.8,12.7,0.019,0.0,44.0
2025-10-31 04:00:00,,,0.017,0.0,43.0
2025-10-31 05:00:00,1.6,11.6,0.021,0.0,44.0
2025-10-31 06:00:00,4.0,16.3,0.016,0.0,44.0
2025-10-31 07:00:00,7.7,17.0,0.015,0.07,44.0
2025-10-31 08:00:00,12.2,15.9,0.014,0.25,44.0
2025-10-31 09:00:00,9.2,12.5,0.023,0.55,48.0
2025-10-31 10:00:00,7.5,10.2,0.028,0.75,52.0
2025-10-31 11:00:00,5.0,9.5,0.032,0.88,55.0
2025-10-31 12:00:00,3.2,7.8,0.036,0.91,57.0
2025-10-31 13:00:00,1.6,5.2,0.043,0.84,58.0
2025-10-31 14:00:00,0.8,3.6,0.046,0.6,60.0
2025-10-31 15:00:00,1.2,5.9,0.043,0.46,59.0
2025-10-31 16:00:00,1.6,11.9,0.037,0.22,59.0
2025-10-31 17:00:00,0.8,11.8,0.032,0.01,55.0
2025-10-31 18:00:00,0.8,13.5,0.027,0.0,53.0
2025-10-31 19:00:00,0.8,18.8,0.018,0.0,51.0
2025-10-31 20:00:00,1.7,25.0,0.011,0.0,49.0
2025-10-31 21:00:00,1.0,18.1,0.017,0.0,47.0
2025-10-31 22:00:00,1.1,11.3,0.023,0.0,46.0
2025-10-31 23:00:00,0.4,8.4,0.026,0.0,45.0
2025-11-01 00:00:00,0.4,6.8,0.028,0.0,46.0
2025-11-01 01:00:00,0.6,7.7,0.027,0.0,44.0
2025-11-01 02:00:00,0.8,8.9,0.027,0.0,44.0
2025-11-01 03:00:00,0.5,5.2,0.027,0.0,42.0
2025-11-01 04:00:00,0.6,7.3,,0.0,43.0
2025-11-01 05:00:00,0.8,7.2,0.026,0.0,43.0
2025-11-01 06:00:00,0.9,6.7,0.026,0.0,42.0
2025-11-01 07:00:00,1.4,6.8,0.026,0.04,42.0
2025-11-01 08:00:00,2.6,7.0,0.026,0.23,44.0
2025-11-01 09:00:00,4.2,7.1,0.027,0.45,47.0
2025-11-01 10:00:00,3.9,7.1,0.029,0.69,50.0
2025-11-01 11:00:00,5.1,8.5,0.031,0.8,54.0
2025-11-01 12:00:00,3.2,7.4,0.036,0.87,58.0
2025-11-01 13:00:00,2.9,7.3,0.039,0.84,61.0
2025-11-01 14:00:00,2.0,6.6,0.041,0.68,63.0
2025-11-01 15:00:00,2.0,7.9,0.041,0.47,64.0
2025-11-01 16:00:00,1.2,8.3,0.039,0.22,63.0
2025-11-01 17:00:00,0.2,4.5,0.041,0.01,57.0
2025-11-01 18:00:00,1.1,13.9,0.029,0.0,54.0
2025-11-01 19:00:00,10.4,34.2,0.009,0.0,54.0
2025-11-01 20:00:00,0.4,10.0,0.031,0.0,55.0
2025-11-01 21:00:00,0.3,4.7,0.035,0.0,54.0
2025-11-01 22:00:00,0.2,4.7,0.034,0.0,53.0
2025-11-01 23:00:00,0.2,5.6,0.031,0.0,51.0
2025-11-02 00:00:00,0.3,4.3,0.034,0.0,51.0
2025-11-02 01:00:00,0.3,3.2,0.034,0.0,50.0
2025-11-02 02:00:00,0.2,2.4,0.034,0.0,49.0
2025-11-02 03:00:00,0.3,2.4,0.034,0.0,49.0
2025-11-02 04:00:00,,,0.031,0.0,47.0
2025-11-02 05:00:00,0.5,4.2,0.032,0.0,47.0
2025-11-02 06:00:00,0.4,4.8,0.029,0.0,45.0
2025-11-02 07:00:00,1.7,7.1,0.027,0.05,45.0
2025-11-02 08:00:00,1.2,3.4,0.033,0.31,48.0
2025-11-02 09:00:00,1.8,3.6,0.032,0.55,52.0
2025-11-02 10:00:00,1.9,3.6,0.032,0.75,56.0
2025-11-02 11:00:00,1.6,3.6,0.036,0.88,61.0
2025-11-02 12:00:00,1.5,4.1,0.043,0.91,65.0
2025-11-02 13:00:00,2.2,5.1,0.038,0.85,65.0
2025-11-02 14:00:00,1.2,3.8,0.042,0.7,67.0
2025-11-02 15:00:00,0.7,3.2,0.044,0.48,68.0
2025-11-02 16:00:00,0.4,2.5,0.045,0.22,63.0
2025-11-02 17:00:00,0.3,3.3,0.039,0.01,61.0
2025-11-02 18:00:00,0.6,16.8,0.025,0.0,60.0
2025-11-02 19:00:00,0.5,19.0,0.019,0.0,57.0
2025-11-02 20:00:00,1.8,27.5,0.012,0.0,54.0
2025-11-02 21:00:00,1.2,13.9,0.021,0.0,53.0
2025-11-02 22:00:00,0.7,10.0,0.025,0.0,53.0
2025-11-02 23:00:00,0.5,4.6,0.034,0.0,54.0
2025-11-03 00:00:00,0.7,5.0,0.033,0.0,54.0
2025-11-03 01:00:00,0.3,7.1,0.027,0.0,51.0
2025-11-03 02:00:00,1.0,6.1,0.028,0.0,50.0
2025-11-03 03:00:00,0.6,6.9,0.027,0.0,49.0
2025-11-03 04:00:00,0.4,5.0,0.031,0.0,50.0
2025-11-03 05:00:00,1.5,8.0,0.026,0.0,49.0
2025-11-03 06:00:00,1.7,10.3,0.023,0.0,49.0
2025-11-03 07:00:00,4.5,11.7,0.022,0.03,49.0
2025-11-03 08:00:00,6.0,11.2,0.025,0.28,51.0
2025-11-03 09:00:00,7.4,10.9,0.026,0.54,55.0
2025-11-03 10:00:00,5.1,7.9,0.029,0.74,60.0
2025-11-03 11:00:00,4.3,7.4,0.032,0.86,64.0
2025-11-03 12:00:00,3.2,6.5,0.036,0.9,67.0
2025-11-03 13:00:00,2.0,5.1,0.04,0.83,69.0
2025-11-03 14:00:00,4.7,5.9,0.045,0.68,71.0
2025-11-03 15:00:00,1.7,3.7,0.046,0.47,72.0
2025-11-03 16:00:00,1.3,3.5,0.041,0.22,70.0
2025-11-03 17:00:00,3.9,16.0,0.026,0.01,64.0
2025-11-03 18:00:00,4.1,31.3,0.011,0.0,62.0
2025-11-03 19:00:00,2.0,19.6,0.022,0.0,58.0
2025-11-03 20:00:00,1.0,10.3,0.031,0.0,58.0
2025-11-03 21:00:00,0.3,10.0,0.029,0.0,56.0
2025-11-03 22:00:00,0.4,9.8,0.03,0.0,55.0
2025-11-03 23:00:00,0.3,7.3,0.031,0.0,53.0
2025-11-04 00:00:00,0.3,6.4,0.033,0.0,52.0
2025-11-04 01:00:00,0.4,6.7,0.033,0.0,52.0
2025-11-04 02:00:00,0.6,6.2,0.033,0.0,53.0
2025-11-04 03:00:00,0.4,4.7,0.036,0.0,53.0
2025-11-04 04:00:00,0.5,6.2,0.033,0.0,52.0
2025-11-04 05:00:00,1.0,8.7,0.031,0.0,50.0
2025-11-04 06:00:00,1.9,12.4,0.026,0.0,49.0
2025-11-04 07:00:00,2.1,10.7,0.028,0.05,49.0
2025-11-04 08:00:00,3.1,7.3,0.033,0.3,52.0
2025-11-04 09:00:00,3.5,6.6,0.035,0.53,58.0
2025-11-04 10:00:00,2.8,5.5,0.036,0.73,61.0
2025-11-04 11:00:00,2.1,4.2,0.042,0.85,67.0
2025-11-04 12:00:00,1.2,1.7,0.045,0.87,69.0
2025-11-04 13:00:00,1.0,2.1,0.046,0.82,70.0
2025-11-04 14:00:00,1.2,2.6,0.046,0.67,71.0
2025-11-04 15:00:00,0.9,1.9,0.047,0.45,71.0
2025-11-04 16:00:00,0.4,3.3,0.045,0.18,69.0
2025-11-04 17:00:00,8.4,26.8,0.021,0.0,65.0
2025-11-04 18:00:00,3.3,26.8,0.02,0.0,62.0
2025-11-04 19:00:00,0.5,7.1,0.035,0.0,59.0
2025-11-04 20:00:00,0.4,5.2,0.038,0.0,59.0
2025-11-04 21:00:00,0.6,5.2,0.037,0.0,58.0
2025-11-04 22:00:00,0.5,6.6,0.035,0.0,57.0
2025-11-04 23:00:00,0.5,3.5,0.037,0.0,55.0
2025-11-05 00:00:00,0.5,5.2,0.034,0.0,54.0
2025-11-05 01:00:00,0.5,3.6,0.034,0.0,53.0
2025-11-05 02:00:00,0.5,4.7,0.033,0.0,53.0
2025-11-05 03:00:00,1.7,7.4,0.03,0.0,52.0
2025-11-05 04:00:00,1.7,5.2,0.033,0.0,51.0
2025-11-05 05:00:00,0.9,5.6,0.031,0.0,51.0
2025-11-05 06:00:00,1.5,6.3,0.03,0.0,50.0
2025-11-05 07:00:00,1.4,5.3,0.032,0.07,51.0
2025-11-05 08:00:00,1.9,4.1,0.033,0.36,54.0
2025-11-05 09:00:00,2.1,4.2,0.033,0.56,58.0
2025-11-05 10:00:00,2.8,4.9,0.033,0.71,62.0
2025-11-05 11:00:00,2.0,3.9,0.038,0.77,66.0
2025-11-05 12:00:00,2.2,3.9,0.04,0.42,68.0
2025-11-05 13:00:00,1.8,6.6,0.038,0.25,68.0
2025-11-05 14:00:00,1.4,5.8,0.036,0.13,67.0
2025-11-05 15:00:00,5.1,18.2,0.023,0.11,64.0
2025-11-05 16:00:00,8.5,32.5,0.01,0.06,64.0
2025-11-05 17:00:00,15.7,37.8,0.006,0.0,63.0
2025-11-05 18:00:00,1.2,16.9,0.024,0.0,62.0
2025-11-05 19:00:00,0.3,7.0,0.031,0.0,62.0
2025-11-05 20:00:00,0.4,10.5,0.026,0.0,61.0
2025-11-05 21:00:00,0.2,6.4,0.033,0.0,64.0
2025-11-05 22:00:00,0.2,2.8,0.036,0.0,64.0
2025-11-05 23:00:00,0.2,1.2,0.037,0.0,63.0
2025-11-06 00:00:00,0.1,0.9,0.037,0.0,60.0
2025-11-06 01:00:00,0.1,1.1,0.037,0.0,56.0
2025-11-06 02:00:00,0.1,2.1,0.035,0.0,55.0
2025-11-06 03:00:00,0.4,5.6,0.031,0.0,54.0
2025-11-06 04:00:00,0.2,2.0,0.037,0.0,54.0
2025-11-06 05:00:00,0.1,2.6,0.037,0.0,53.0
2025-11-06 06:00:00,0.2,2.4,0.039,0.0,50.0
2025-11-06 07:00:00,2.3,7.5,0.03,0.03,48.0
2025-11-06 08:00:00,2.9,10.7,0.028,0.13,49.0
2025-11-06 09:00:00,3.2,9.8,0.032,0.44,52.0
2025-11-06 10:00:00,2.0,4.2,0.039,0.87,56.0
2025-11-06 11:00:00,1.5,3.0,0.041,0.83,56.0
2025-11-06 12:00:00,1.1,2.3,0.043,0.88,58.0
2025-11-06 13:00:00,0.7,1.9,0.045,0.82,58.0
2025-11-06 14:00:00,0.9,2.5,0.044,0.6,58.0
2025-11-06 15:00:00,0.9,2.6,0.043,0.44,58.0
2025-11-06 16:00:00,0.9,3.7,0.04,0.15,56.0
2025-11-06 17:00:00,0.3,4.1,0.038,0.01,54.0
2025-11-06 18:00:00,0.7,7.2,0.032,0.0,51.0
2025-11-06 19:00:00,1.2,10.5,0.026,0.0,49.0
2025-11-06 20:00:00,2.0,21.5,0.012,0.0,47.0
2025-11-06 21:00:00,0.3,11.7,0.024,0.0,45.0
2025-11-06 22:00:00,0.3,5.3,0.031,0.0,46.0
2025-11-06 23:00:00,2.3,10.3,0.027,0.0,44.0
2025-11-07 00:00:00,0.4,3.5,0.033,0.0,43.0
2025-11-07 01:00:00,0.4,6.3,0.027,0.0,42.0
2025-11-07 02:00:00,1.2,6.9,0.029,0.0,42.0
2025-11-07 03:00:00,0.6,5.0,0.031,0.0,42.0
2025-11-07 04:00:00,,,0.03,0.0,40.0
2025-11-07 05:00:00,1.2,6.2,0.028,0.0,40.0
2025-11-07 06:00:00,1.2,6.3,0.028,0.0,40.0
2025-11-07 07:00:00,1.8,7.1,0.027,0.07,40.0
2025-11-07 08:00:00,3.3,8.6,0.026,0.18,43.0
2025-11-07 09:00:00,4.4,10.6,0.02,0.19,44.0
2025-11-07 10:00:00,3.9,6.9,0.03,0.34,47.0
2025-11-07 11:00:00,2.9,7.4,0.03,0.24,49.0
2025-11-07 12:00:00,3.8,8.8,0.026,0.42,49.0
2025-11-07 13:00:00,2.3,5.9,0.029,0.36,51.0
2025-11-07 14:00:00,1.5,4.6,0.03,0.35,53.0
2025-11-07 15:00:00,3.0,8.8,0.028,0.19,54.0
2025-11-07 16:00:00,1.4,7.6,0.028,0.06,53.0
2025-11-07 17:00:00,0.5,5.5,0.031,0.0,51.0
2025-11-07 18:00:00,6.1,17.3,0.015,0.0,49.0
2025-11-07 19:00:00,17.4,29.3,0.002,0.0,47.0
2025-11-07 20:00:00,39.5,31.4,0.001,0.0,47.0
2025-11-07 21:00:00,1.8,18.0,0.015,0.0,45.0
2025-11-07 22:00:00,5.3,20.4,0.008,0.0,42.0
2025-11-07 23:00:00,15.1,23.5,0.005,0.0,41.0
2025-11-08 00:00:00,1.4,18.0,0.012,0.0,41.0
2025-11-08 01:00:00,0.6,16.2,0.011,0.0,40.0
2025-11-08 02:00:00,0.4,10.1,0.021,0.0,43.0
2025-11-08 03:00:00,0.3,6.3,0.027,0.0,43.0
2025-11-08 04:00:00,0.2,4.0,,0.0,42.0
2025-11-08 05:00:00,0.2,4.3,0.03,0.0,42.0
2025-11-08 06:00:00,0.9,11.5,0.017,0.0,39.0
2025-11-08 07:00:00,4.2,17.0,0.01,0.03,37.0
2025-11-08 08:00:00,7.6,13.2,0.019,0.27,42.0
2025-11-08 09:00:00,4.6,7.9,0.029,0.5,46.0
2025-11-08 10:00:00,2.4,3.9,0.038,0.68,47.0
2025-11-08 11:00:00,1.7,3.7,0.041,0.82,49.0
2025-11-08 12:00:00,1.2,2.4,0.044,0.85,51.0
2025-11-08 13:00:00,0.7,1.9,0.047,0.79,52.0
2025-11-08 14:00:00,0.6,2.2,0.048,0.65,53.0
2025-11-08 15:00:00,0.6,2.6,0.047,0.44,54.0
2025-11-08 16:00:00,0.4,3.2,0.046,0.19,53.0
2025-11-08 17:00:00,0.3,4.3,0.042,0.0,50.0
2025-11-08 18:00:00,0.5,5.2,0.038,0.0,47.0
2025-11-08 19:00:00,0.2,6.0,0.032,0.0,46.0
2025-11-08 20:00:00,1.7,17.0,0.019,0.0,44.0
2025-11-08 21:00:00,1.7,21.4,0.015,0.0,42.0
2025-11-08 22:00:00,1.0,11.9,0.026,0.0,41.0
2025-11-08 23:00:00,0.8,7.8,0.028,0.0,40.0
2025-11-09 00:00:00,0.6,6.8,0.028,0.0,39.0
2025-11-09 01:00:00,0.5,4.9,0.033,0.0,40.0
2025-11-09 02:00:00,0.7,7.3,0.031,0.0,39.0
2025-11-09 03:00:00,0.7,6.9,0.029,0.0,38.0
2025-11-09 04:00:00,,,0.027,0.0,37.0
2025-11-09 05:00:00,1.1,7.5,0.028,0.0,37.0
2025-11-09 06:00:00,0.8,5.4,0.029,0.0,37.0
2025-11-09 07:00:00,1.4,8.1,0.026,0.03,36.0
2025-11-09 08:00:00,2.7,6.5,0.026,0.27,38.0
2025-11-09 09:00:00,3.5,6.4,0.028,0.48,41.0
2025-11-09 10:00:00,2.1,3.8,0.034,0.69,45.0
2025-11-09 11:00:00,1.8,3.6,0.036,0.82,49.0
2025-11-09 12:00:00,1.6,3.6,0.039,0.85,51.0
2025-11-09 13:00:00,1.2,3.4,0.041,0.78,53.0
2025-11-09 14:00:00,0.6,2.3,0.047,0.63,55.0
2025-11-09 15:00:00,0.6,2.9,0.049,0.43,55.0
2025-11-09 16:00:00,0.3,3.0,0.048,0.17,54.0
2025-11-09 17:00:00,0.2,3.6,0.044,0.0,51.0
2025-11-09 18:00:00,3.8,25.0,0.019,0.0,49.0
2025-11-09 19:00:00,0.6,13.9,0.027,0.0,47.0
2025-11-09 20:00:00,0.6,15.1,0.023,0.0,45.0
2025-11-09 21:00:00,0.7,15.1,0.026,0.0,44.0
2025-11-09 22:00:00,1.1,12.8,0.027,0.0,43.0
2025-11-09 23:00:00,0.7,9.3,0.029,0.0,42.0
2025-11-10 00:00:00,0.8,10.1,0.026,0.0,42.0
2025-11-10 01:00:00,1.1,8.0,0.028,0.0,41.0
2025-11-10 02:00:00,0.5,8.2,0.026,0.0,40.0
2025-11-10 03:00:00,0.6,11.4,0.02,0.0,38.0
2025-11-10 04:00:00,0.9,7.9,0.027,0.0,39.0
2025-11-10 05:00:00,3.5,17.6,0.014,0.0,37.0
2025-11-10 06:00:00,3.9,14.6,0.023,0.0,40.0
2025-11-10 07:00:00,4.0,14.3,0.021,0.04,39.0
2025-11-10 08:00:00,5.8,9.2,0.026,0.25,42.0
2025-11-10 09:00:00,9.7,12.1,0.023,0.5,44.0
2025-11-10 10:00:00,6.9,10.2,0.029,0.67,49.0
2025-11-10 11:00:00,6.1,10.0,0.03,0.8,52.0
2025-11-10 12:00:00,7.7,12.6,0.031,0.85,56.0
2025-11-10 13:00:00,3.9,8.7,0.035,0.71,56.0
2025-11-10 14:00:00,2.7,7.5,0.038,0.63,58.0
2025-11-10 15:00:00,1.8,7.3,0.041,0.37,59.0
2025-11-10 16:00:00,1.0,8.6,0.039,0.11,55.0
2025-11-10 17:00:00,1.9,14.3,0.029,0.0,53.0
2025-11-10 18:00:00,19.8,38.3,0.004,0.0,51.0
2025-11-10 19:00:00,21.8,42.9,0.001,0.0,50.0
2025-11-10 20:00:00,25.5,37.1,0.001,0.0,47.0
2025-11-10 21:00:00,10.4,31.0,0.001,0.0,44.0
2025-11-10 22:00:00,7.2,26.9,0.008,0.0,46.0
2025-11-10 23:00:00,0.9,8.6,0.024,0.0,48.0
2025-11-11 00:00:00,1.3,15.9,0.014,0.0,44.0
2025-11-11 01:00:00,0.9,6.6,0.025,0.0,47.0
2025-11-11 02:00:00,0.9,9.4,0.021,0.0,45.0
2025-11-11 03:00:00,1.2,15.7,0.012,0.0,41.0
2025-11-11 04:00:00,0.7,14.5,0.013,0.0,41.0
2025-11-11 05:00:00,2.1,16.2,0.011,0.0,40.0
2025-11-11 06:00:00,6.1,20.6,0.007,0.0,40.0
2025-11-11 07:00:00,17.9,24.5,0.006,0.02,40.0
2025-11-11 08:00:00,33.3,23.5,0.008,0.2,42.0
2025-11-11 09:00:00,7.1,9.8,0.02,0.4,46.0
2025-11-11 10:00:00,7.3,9.2,0.022,0.59,49.0
2025-11-11 11:00:00,9.3,10.4,0.022,0.79,53.0
2025-11-11 12:00:00,7.7,10.8,0.026,0.82,58.0
2025-11-11 13:00:00,6.7,10.6,0.027,0.77,60.0
2025-11-11 14:00:00,5.8,10.4,0.028,0.62,60.0
2025-11-11 15:00:00,3.4,10.5,0.031,0.39,60.0
2025-11-11 16:00:00,2.4,11.9,0.028,0.09,59.0
2025-11-11 17:00:00,5.4,23.8,0.014,0.0,55.0
2025-11-11 18:00:00,11.1,31.1,0.003,0.0,52.0
2025-11-11 19:00:00,42.8,35.3,0.001,0.0,51.0
2025-11-11 20:00:00,13.0,28.0,0.009,0.0,50.0
2025-11-11 21:00:00,0.7,9.1,0.026,0.0,51.0
2025-11-11 22:00:00,0.5,9.3,0.025,0.0,51.0
2025-11-11 23:00:00,1.4,11.3,0.022,0.0,49.0
2025-11-12 00:00:00,2.5,9.2,0.026,0.0,49.0
2025-11-12 01:00:00,0.5,7.0,0.027,0.0,49.0
2025-11-12 02:00:00,0.5,6.0,0.026,0.0,48.0
2025-11-12 03:00:00,0.9,7.9,0.024,0.0,48.0
2025-11-12 04:00:00,1.2,10.1,0.022,0.0,47.0
2025-11-12 05:00:00,1.8,12.8,0.019,0.0,46.0
2025-11-12 06:00:00,1.7,7.1,0.025,0.0,47.0
2025-11-12 07:00:00,9.8,12.6,0.02,0.03,46.0
2025-11-12 08:00:00,7.9,10.6,0.021,0.26,48.0
2025-11-12 09:00:00,6.9,9.8,0.022,0.36,51.0
2025-11-12 10:00:00,10.4,12.9,0.02,0.53,54.0
2025-11-12 11:00:00,7.8,12.6,0.021,0.5,55.0
2025-11-12 12:00:00,6.2,13.5,0.021,0.34,57.0
2025-11-12 13:00:00,9.0,17.7,0.019,0.42,59.0
2025-11-12 14:00:00,8.3,19.8,0.015,0.25,60.0
2025-11-12 15:00:00,5.8,15.2,0.015,0.18,58.0
2025-11-12 16:00:00,11.7,23.7,0.006,0.05,56.0
2025-11-12 17:00:00,37.6,31.0,0.001,0.0,55.0
2025-11-12 18:00:00,34.8,29.5,0.001,0.0,54.0
2025-11-12 19:00:00,38.6,29.7,0.001,0.0,55.0
2025-11-12 20:00:00,25.6,29.4,0.001,0.0,55.0
2025-11-12 21:00:00,9.6,21.2,0.009,0.0,55.0
2025-11-12 22:00:00,0.3,13.0,0.016,0.0,55.0
2025-11-12 23:00:00,2.3,11.7,0.018,0.0,55.0
2025-11-13 00:00:00,0.4,11.8,0.017,0.0,54.0
2025-11-13 01:00:00,0.4,5.2,0.027,0.0,53.0
2025-11-13 02:00:00,0.2,5.0,0.029,0.0,53.0
2025-11-13 03:00:00,0.6,6.7,0.027,0.0,52.0
2025-11-13 04:00:00,0.8,6.9,0.028,0.0,52.0
2025-11-13 05:00:00,0.6,5.6,0.03,0.0,53.0
2025-11-13 06:00:00,1.8,8.7,0.028,0.0,53.0
2025-11-13 07:00:00,3.0,11.4,0.027,0.02,52.0
2025-11-13 08:00:00,4.8,10.5,0.028,0.23,54.0
2025-11-13 09:00:00,3.6,6.9,0.032,0.47,57.0
2025-11-13 10:00:00,3.0,5.6,0.035,0.66,62.0
2025-11-13 11:00:00,2.6,5.5,0.039,0.79,67.0
2025-11-13 12:00:00,0.8,3.1,0.049,0.38,68.0
2025-11-13 13:00:00,0.8,2.5,0.048,0.32,70.0
2025-11-13 14:00:00,0.8,1.9,0.048,0.52,71.0
2025-11-13 15:00:00,1.0,2.7,0.047,0.45,72.0
2025-11-13 16:00:00,1.1,5.1,0.041,0.18,70.0
2025-11-13 17:00:00,0.6,12.1,0.034,0.0,67.0
2025-11-13 18:00:00,1.0,24.8,0.022,0.0,64.0
2025-11-13 19:00:00,2.3,32.2,0.011,0.0,59.0
2025-11-13 20:00:00,0.3,13.1,0.029,0.0,59.0
2025-11-13 21:00:00,0.1,6.9,0.035,0.0,59.0
2025-11-13 22:00:00,0.2,5.8,0.035,0.0,59.0
2025-11-13 23:00:00,0.2,5.0,0.034,0.0,56.0
2025-11-14 00:00:00,1.2,8.1,0.03,0.0,56.0
2025-11-14 01:00:00,0.3,5.2,0.033,0.0,55.0
2025-11-14 02:00:00,0.4,4.6,0.034,0.0,54.0
2025-11-14 03:00:00,0.3,4.4,0.035,0.0,53.0
2025-11-14 04:00:00,,,0.034,0.0,55.0
2025-11-14 05:00:00,0.9,8.8,0.033,0.0,56.0
2025-11-14 06:00:00,1.0,7.0,0.033,0.0,55.0
2025-11-14 07:00:00,1.6,14.1,0.026,0.02,56.0
2025-11-14 08:00:00,3.4,12.3,0.03,0.09,57.0
2025-11-14 09:00:00,2.1,9.9,0.034,0.15,59.0
2025-11-14 10:00:00,2.0,10.1,0.032,0.14,60.0
2025-11-14 11:00:00,3.7,12.5,0.028,0.23,60.0
2025-11-14 12:00:00,4.6,16.0,0.027,0.18,63.0
2025-11-14 13:00:00,8.8,24.4,0.018,0.12,63.0
2025-11-14 14:00:00,4.3,20.1,0.022,0.07,63.0
2025-11-14 15:00:00,5.1,26.4,0.016,0.03,63.0
2025-11-14 16:00:00,11.1,35.6,0.008,0.01,63.0
2025-11-14 17:00:00,5.9,34.6,0.008,0.0,62.0
2025-11-14 18:00:00,6.9,36.4,0.004,0.0,62.0
2025-11-14 19:00:00,1.0,23.3,0.018,0.0,62.0
2025-11-14 20:00:00,0.7,9.9,0.031,0.0,61.0
2025-11-14 21:00:00,3.7,24.7,0.014,0.0,60.0
2025-11-14 22:00:00,0.8,10.3,0.028,0.0,60.0
2025-11-14 23:00:00,0.1,2.0,0.031,0.0,60.0
2025-11-15 00:00:00,0.2,7.3,0.025,0.0,57.0
2025-11-15 01:00:00,0.7,12.8,0.018,0.0,55.0
2025-11-15 02:00:00,0.4,7.3,0.025,0.0,54.0
2025-11-15 03:00:00,0.4,6.2,0.023,0.0,51.0
2025-11-15 04:00:00,1.4,6.8,,0.0,52.0
2025-11-15 05:00:00,1.8,6.0,0.026,0.0,52.0
2025-11-15 06:00:00,0.6,5.6,0.024,0.0,50.0
2025-11-15 07:00:00,1.3,7.3,0.021,0.01,49.0
2025-11-15 08:00:00,2.6,5.9,0.023,0.23,51.0
2025-11-15 09:00:00,2.7,4.7,0.026,0.48,54.0
2025-11-15 10:00:00,2.3,4.4,0.028,0.59,57.0
2025-11-15 11:00:00,2.2,4.8,0.03,0.6,60.0
2025-11-15 12:00:00,1.8,4.6,0.031,0.55,61.0
2025-11-15 13:00:00,1.5,4.6,0.032,0.45,61.0
2025-11-15 14:00:00,1.2,4.6,0.034,0.31,62.0
2025-11-15 15:00:00,0.8,5.2,0.031,0.18,61.0
2025-11-15 16:00:00,0.6,7.6,0.028,0.05,58.0
2025-11-15 17:00:00,0.2,9.9,0.023,0.0,56.0
2025-11-15 18:00:00,1.7,20.6,0.011,0.0,56.0
2025-11-15 19:00:00,1.2,26.2,0.005,0.0,54.0
2025-11-15 20:00:00,3.0,27.6,0.005,0.0,54.0
2025-11-15 21:00:00,4.3,23.5,0.01,0.0,55.0
2025-11-15 22:00:00,0.3,4.5,0.032,0.0,60.0
2025-11-15 23:00:00,0.5,11.9,0.018,0.0,53.0
2025-11-16 00:00:00,0.4,4.9,0.031,0.0,59.0
2025-11-16 01:00:00,0.4,4.4,0.031,0.0,59.0
2025-11-16 02:00:00,0.4,6.1,0.025,0.0,55.0
2025-11-16 03:00:00,0.4,3.3,0.032,0.0,58.0
2025-11-16 04:00:00,,,0.031,0.0,57.0
2025-11-16 05:00:00,0.3,4.9,0.028,0.0,55.0
2025-11-16 06:00:00,0.3,2.4,0.033,0.0,56.0
2025-11-16 07:00:00,0.4,3.5,0.033,0.02,57.0
2025-11-16 08:00:00,0.9,4.3,0.03,0.09,57.0
2025-11-16 09:00:00,0.5,1.5,0.029,0.39,56.0
2025-11-16 10:00:00,0.2,0.9,0.032,0.48,56.0
2025-11-16 11:00:00,0.3,1.0,0.033,0.19,57.0
2025-11-16 12:00:00,0.1,1.0,0.031,0.06,52.0
2025-11-16 13:00:00,0.4,1.1,0.038,0.1,44.0
2025-11-16 14:00:00,0.2,0.9,0.041,0.04,44.0
2025-11-16 15:00:00,0.2,2.2,0.041,0.03,42.0
2025-11-16 16:00:00,0.6,5.6,0.038,0.01,44.0
2025-11-16 17:00:00,0.6,6.4,0.034,0.0,45.0
2025-11-16 18:00:00,0.9,10.2,0.027,0.0,44.0
2025-11-16 19:00:00,0.6,6.9,0.029,0.0,44.0
2025-11-16 20:00:00,0.6,5.5,0.029,0.0,45.0
2025-11-16 21:00:00,0.3,3.5,0.03,0.0,45.0
2025-11-16 22:00:00,0.2,2.8,0.033,0.0,46.0
2025-11-16 23:00:00,0.3,3.1,0.032,0.0,45.0
2025-11-17 00:00:00,0.1,1.5,0.034,0.0,45.0
2025-11-17 01:00:00,0.4,4.1,0.029,0.0,45.0
2025-11-17 02:00:00,0.2,1.4,0.033,0.0,44.0
2025-11-17 03:00:00,0.3,2.8,0.029,0.0,43.0
2025-11-17 04:00:00,0.2,2.3,0.033,0.0,44.0
2025-11-17 05:00:00,0.2,2.1,0.034,0.0,44.0
2025-11-17 06:00:00,0.6,2.8,0.032,0.0,44.0
2025-11-17 07:00:00,1.6,7.7,0.028,0.02,44.0
2025-11-17 08:00:00,4.2,10.6,0.027,0.15,46.0
2025-11-17 09:00:00,4.0,7.0,0.032,0.39,47.0
2025-11-17 10:00:00,2.3,5.2,0.033,0.49,48.0
2025-11-17 11:00:00,1.8,3.9,0.035,0.61,50.0
2025-11-17 12:00:00,1.2,2.6,0.038,0.64,52.0
2025-11-17 13:00:00,4.4,6.6,0.037,0.4,52.0
2025-11-17 14:00:00,0.7,2.2,0.039,0.43,53.0
2025-11-17 15:00:00,0.9,4.5,0.037,0.13,53.0
2025-11-17 16:00:00,1.3,3.9,0.033,0.03,52.0
2025-11-17 17:00:00,0.3,3.6,0.032,0.0,51.0
2025-11-17 18:00:00,0.7,7.2,0.026,0.0,51.0
2025-11-17 19:00:00,0.6,11.5,0.024,0.0,51.0
2025-11-17 20:00:00,0.5,7.1,0.023,0.0,50.0
2025-11-17 21:00:00,0.9,8.1,0.022,0.0,49.0
2025-11-17 22:00:00,0.6,5.3,0.024,0.0,48.0
2025-11-17 23:00:00,0.6,6.6,0.021,0.0,47.0
2025-11-18 00:00:00,0.7,5.2,0.022,0.0,47.0
2025-11-18 01:00:00,0.9,5.3,0.02,0.0,47.0
2025-11-18 02:00:00,0.5,4.8,0.021,0.0,46.0
2025-11-18 03:00:00,1.3,5.7,0.021,0.0,46.0
2025-11-18 04:00:00,0.8,5.7,0.02,0.0,46.0
2025-11-18 05:00:00,1.1,4.4,0.023,0.0,47.0
2025-11-18 06:00:00,2.1,6.0,0.021,0.0,47.0
2025-11-18 07:00:00,2.4,8.4,0.02,0.02,47.0
2025-11-18 08:00:00,4.1,7.6,0.02,0.25,48.0
2025-11-18 09:00:00,2.9,4.9,0.027,0.44,51.0
2025-11-18 10:00:00,2.3,3.0,0.032,0.53,53.0
2025-11-18 11:00:00,2.0,3.2,0.035,0.53,54.0
2025-11-18 12:00:00,1.4,2.5,0.037,0.74,56.0
2025-11-18 13:00:00,1.2,2.2,0.038,0.73,57.0
2025-11-18 14:00:00,2.3,4.0,0.033,0.32,55.0
2025-11-18 15:00:00,1.6,6.4,0.031,0.2,55.0
2025-11-18 16:00:00,1.7,7.5,0.031,0.11,56.0
2025-11-18 17:00:00,2.7,7.2,0.032,0.0,55.0
2025-11-18 18:00:00,0.7,3.3,0.034,0.0,54.0
2025-11-18 19:00:00,1.0,3.9,0.033,0.0,53.0
2025-11-18 20:00:00,0.4,2.5,0.035,0.0,53.0
2025-11-18 21:00:00,0.2,2.0,0.034,0.0,52.0
2025-11-18 22:00:00,0.4,2.1,0.032,0.0,52.0
2025-11-18 23:00:00,0.5,4.1,0.03,0.0,51.0
2025-11-19 00:00:00,0.7,4.7,0.03,0.0,51.0
2025-11-19 01:00:00,0.6,3.8,0.029,0.0,50.0
2025-11-19 02:00:00,0.7,3.9,0.027,0.0,49.0
2025-11-19 03:00:00,1.0,4.7,0.026,0.0,49.0
2025-11-19 04:00:00,1.5,6.8,0.023,0.0,48.0
2025-11-19 05:00:00,1.2,5.7,0.025,0.0,48.0
2025-11-19 06:00:00,1.4,6.2,0.025,0.0,49.0
2025-11-19 07:00:00,1.7,7.2,0.025,0.01,50.0
2025-11-19 08:00:00,5.0,14.0,0.015,0.06,48.0
2025-11-19 09:00:00,3.3,8.9,0.019,0.16,48.0
2025-11-19 10:00:00,2.8,7.2,0.024,0.2,49.0
2025-11-19 11:00:00,3.2,5.0,0.024,0.33,49.0
2025-11-19 12:00:00,2.2,3.7,0.028,0.39,50.0
2025-11-19 13:00:00,2.7,4.4,0.029,0.53,51.0
2025-11-19 14:00:00,2.0,3.6,0.03,0.39,53.0
2025-11-19 15:00:00,2.3,4.7,0.03,0.23,54.0
2025-11-19 16:00:00,1.6,6.4,0.027,0.06,54.0
2025-11-19 17:00:00,1.4,11.2,0.022,0.0,52.0
2025-11-19 18:00:00,0.9,11.2,0.021,0.0,52.0
2025-11-19 19:00:00,0.7,8.7,0.023,0.0,51.0
2025-11-19 20:00:00,0.8,6.6,0.024,0.0,51.0
2025-11-19 21:00:00,0.8,6.3,0.023,0.0,50.0
2025-11-19 22:00:00,0.5,4.5,0.026,0.0,50.0
2025-11-19 23:00:00,0.6,4.3,0.026,0.0,49.0
2025-11-20 00:00:00,0.8,4.9,0.026,0.0,49.0
2025-11-20 01:00:00,0.9,6.0,0.023,0.0,48.0
2025-11-20 02:00:00,0.6,4.7,0.023,0.0,48.0
2025-11-20 03:00:00,0.6,5.1,0.024,0.0,48.0
2025-11-20 04:00:00,0.7,5.1,0.019,0.0,45.0
2025-11-20 05:00:00,1.3,6.8,0.016,0.0,44.0
2025-11-20 06:00:00,3.4,12.0,0.01,0.0,43.0
2025-11-20 07:00:00,11.6,17.2,0.006,0.0,44.0
2025-11-20 08:00:00,4.0,11.6,0.015,0.06,45.0
2025-11-20 09:00:00,2.6,6.7,0.024,0.13,46.0
2025-11-20 10:00:00,2.7,4.8,0.03,0.49,48.0
2025-11-20 11:00:00,2.1,3.9,0.032,0.47,49.0
2025-11-20 12:00:00,1.9,3.3,0.031,0.55,50.0
2025-11-20 13:00:00,1.4,2.7,0.031,0.62,51.0
2025-11-20 14:00:00,1.0,2.0,0.035,0.59,52.0
2025-11-20 15:00:00,0.5,1.8,0.037,0.19,52.0
2025-11-20 16:00:00,0.5,4.0,0.034,0.05,50.0
2025-11-20 17:00:00,0.3,5.4,0.031,0.0,49.0
2025-11-20 18:00:00,0.4,11.4,0.017,0.0,47.0
2025-11-20 19:00:00,1.1,15.1,0.013,0.0,46.0
2025-11-20 20:00:00,1.2,13.6,0.011,0.0,45.0
2025-11-20 21:00:00,1.8,15.3,0.008,0.0,43.0
2025-11-20 22:00:00,2.5,18.7,0.007,0.0,43.0
2025-11-20 23:00:00,1.9,16.2,0.009,0.0,42.0
2025-11-21 00:00:00,1.5,9.7,0.011,0.0,41.0
2025-11-21 01:00:00,1.1,5.5,0.014,0.0,40.0
2025-11-21 02:00:00,1.0,5.8,0.015,0.0,40.0
2025-11-21 03:00:00,1.4,7.5,0.014,0.0,40.0
2025-11-21 04:00:00,,,0.014,0.0,39.0
2025-11-21 05:00:00,3.3,12.0,0.01,0.0,39.0
2025-11-21 06:00:00,10.2,16.6,0.004,0.0,39.0
2025-11-21 07:00:00,25.4,18.4,0.002,0.01,38.0
2025-11-21 08:00:00,15.9,12.9,0.006,0.21,40.0
2025-11-21 09:00:00,10.1,9.9,0.013,0.21,43.0
2025-11-21 10:00:00,5.9,6.8,0.02,0.62,46.0
2025-11-21 11:00:00,4.5,5.6,0.022,0.73,48.0
2025-11-21 12:00:00,3.7,5.5,0.024,0.77,49.0
2025-11-21 13:00:00,1.7,4.1,0.03,0.7,50.0
2025-11-21 14:00:00,0.8,2.5,0.037,0.61,51.0
2025-11-21 15:00:00,1.8,7.5,0.03,0.4,51.0
2025-11-21 16:00:00,0.8,7.7,0.029,0.07,49.0
2025-11-21 17:00:00,0.3,8.3,0.027,0.0,48.0
2025-11-21 18:00:00,2.0,13.0,0.019,0.0,45.0
2025-11-21 19:00:00,2.0,21.0,0.009,0.0,44.0
2025-11-21 20:00:00,8.0,27.9,0.002,0.0,43.0
2025-11-21 21:00:00,3.6,22.9,0.007,0.0,42.0
2025-11-21 22:00:00,2.0,17.5,0.01,0.0,41.0
2025-11-21 23:00:00,3.3,18.5,0.007,0.0,40.0
2025-11-22 00:00:00,2.3,15.5,0.006,0.0,38.0
2025-11-22 01:00:00,1.6,9.7,0.011,0.0,38.0
2025-11-22 02:00:00,1.6,9.0,0.01,0.0,37.0
2025-11-22 03:00:00,1.7,8.2,0.011,0.0,38.0
2025-11-22 04:00:00,1.7,9.4,,0.0,37.0
2025-11-22 05:00:00,2.3,9.1,0.011,0.0,37.0
2025-11-22 06:00:00,1.9,8.3,0.011,0.0,36.0
2025-11-22 07:00:00,2.4,8.8,0.012,0.01,37.0
2025-11-22 08:00:00,5.7,7.6,0.01,0.19,36.0
2025-11-22 09:00:00,4.6,5.5,0.016,0.4,40.0
2025-11-22 10:00:00,3.6,5.4,0.02,0.6,43.0
2025-11-22 11:00:00,2.8,5.4,0.023,0.65,45.0
2025-11-22 12:00:00,2.2,5.2,0.026,0.71,46.0
2025-11-22 13:00:00,1.7,4.7,0.027,0.7,47.0
2025-11-22 14:00:00,1.6,5.2,0.029,0.56,48.0
2025-11-22 15:00:00,0.9,5.1,0.03,0.36,48.0
2025-11-22 16:00:00,0.8,6.9,0.028,0.11,48.0
2025-11-22 17:00:00,2.8,12.4,0.02,0.0,46.0
2025-11-22 18:00:00,1.9,21.5,0.011,0.0,46.0
2025-11-22 19:00:00,1.7,14.8,0.012,0.0,42.0
2025-11-22 20:00:00,0.7,13.5,0.014,0.0,42.0
2025-11-22 21:00:00,9.3,24.2,0.003,0.0,41.0
2025-11-22 22:00:00,12.1,25.6,0.001,0.0,39.0
2025-11-22 23:00:00,2.6,19.9,0.006,0.0,39.0
2025-11-23 00:00:00,2.2,21.6,0.002,0.0,38.0
2025-11-23 01:00:00,1.7,16.4,0.006,0.0,38.0
2025-11-23 02:00:00,2.6,18.4,0.004,0.0,37.0
2025-11-23 03:00:00,2.7,17.7,0.004,0.0,38.0
2025-11-23 04:00:00,,,0.009,0.0,39.0
2025-11-23 05:00:00,1.7,12.2,0.01,0.0,39.0
2025-11-23 06:00:00,0.6,11.9,0.012,0.0,40.0
2025-11-23 07:00:00,1.4,12.4,0.011,0.0,39.0
2025-11-23 08:00:00,3.5,12.7,0.009,0.05,38.0
2025-11-23 09:00:00,2.6,8.4,0.012,0.1,38.0
2025-11-23 10:00:00,1.6,7.3,0.017,0.16,40.0
2025-11-23 11:00:00,1.2,7.2,0.018,0.14,40.0
2025-11-23 12:00:00,1.2,6.6,0.02,0.2,40.0
2025-11-23 13:00:00,1.4,6.4,0.022,0.29,41.0
2025-11-23 14:00:00,1.2,6.1,0.024,0.27,42.0
2025-11-23 15:00:00,1.5,6.9,0.024,0.25,42.0
2025-11-23 16:00:00,0.7,7.8,0.024,0.1,41.0
2025-11-23 17:00:00,0.3,9.7,0.02,0.0,39.0
2025-11-23 18:00:00,1.2,16.3,0.012,0.0,39.0
2025-11-23 19:00:00,1.0,15.6,0.014,0.0,40.0
2025-11-23 20:00:00,1.2,16.3,0.009,0.0,38.0
2025-11-23 21:00:00,4.3,16.3,0.007,0.0,36.0
2025-11-23 22:00:00,8.2,20.7,0.005,0.0,36.0
2025-11-23 23:00:00,3.0,14.9,0.01,0.0,36.0
2025-11-24 00:00:00,6.2,16.0,0.008,0.0,35.0
2025-11-24 01:00:00,1.5,12.7,0.012,0.0,35.0
2025-11-24 02:00:00,2.0,12.5,0.011,0.0,34.0
2025-11-24 03:00:00,2.7,14.8,0.005,0.0,34.0
2025-11-24 04:00:00,3.3,15.2,0.006,0.0,34.0
2025-11-24 05:00:00,3.2,13.4,0.009,0.0,33.0
2025-11-24 06:00:00,7.2,19.3,0.004,0.0,33.0
2025-11-24 07:00:00,12.6,21.4,0.003,0.02,32.0
2025-11-24 08:00:00,15.1,17.0,0.009,0.2,33.0
2025-11-24 09:00:00,6.3,9.8,0.014,0.33,33.0
2025-11-24 10:00:00,6.6,8.4,0.016,0.59,37.0
2025-11-24 11:00:00,5.6,7.5,0.018,0.71,39.0
2025-11-24 12:00:00,6.0,8.4,0.02,0.75,43.0
2025-11-24 13:00:00,3.7,6.7,0.022,0.7,44.0
2025-11-24 14:00:00,3.2,7.3,0.023,0.57,45.0
2025-11-24 15:00:00,3.4,9.2,0.022,0.36,46.0
2025-11-24 16:00:00,1.3,9.2,0.02,0.1,46.0
2025-11-24 17:00:00,2.0,14.3,0.012,0.0,43.0
2025-11-24 18:00:00,19.6,23.0,0.002,0.0,42.0
2025-11-24 19:00:00,25.0,23.3,0.0,0.0,39.0
2025-11-24 20:00:00,37.3,23.1,0.001,0.0,38.0
2025-11-24 21:00:00,13.4,22.7,0.006,0.0,38.0
2025-11-24 22:00:00,3.0,18.4,0.009,0.0,37.0
2025-11-24 23:00:00,24.7,21.4,0.001,0.0,34.0
2025-11-25 00:00:00,7.2,22.7,0.003,0.0,35.0
2025-11-25 01:00:00,1.1,15.8,0.009,0.0,37.0
2025-11-25 02:00:00,0.5,9.8,0.019,0.0,40.0
2025-11-25 03:00:00,0.6,10.2,0.016,0.0,39.0
2025-11-25 04:00:00,0.4,7.8,0.021,0.0,39.0
2025-11-25 05:00:00,0.5,6.8,0.022,0.0,39.0
2025-11-25 06:00:00,3.5,22.0,0.009,0.0,38.0
2025-11-25 07:00:00,13.7,25.2,0.01,0.01,37.0
2025-11-25 08:00:00,14.1,15.6,0.024,0.2,38.0
2025-11-25 09:00:00,3.8,9.0,0.031,0.38,39.0
2025-11-25 10:00:00,3.6,7.1,0.033,0.59,41.0
2025-11-25 11:00:00,2.2,4.4,0.036,0.73,43.0
2025-11-25 12:00:00,2.1,4.1,0.037,0.77,45.0
2025-11-25 13:00:00,3.2,4.3,0.04,0.71,46.0
2025-11-25 14:00:00,2.1,3.5,0.042,0.58,47.0
2025-11-25 15:00:00,1.5,3.9,0.041,0.37,47.0
2025-11-25 16:00:00,0.7,4.6,0.037,0.12,45.0
2025-11-25 17:00:00,6.1,14.5,0.025,0.0,42.0
2025-11-25 18:00:00,1.3,11.1,0.025,0.0,40.0
2025-11-25 19:00:00,1.0,20.4,0.016,0.0,40.0
2025-11-25 20:00:00,6.2,24.5,0.01,0.0,37.0
2025-11-25 21:00:00,0.9,12.8,0.021,0.0,37.0
2025-11-25 22:00:00,1.2,13.4,0.021,0.0,36.0
2025-11-25 23:00:00,1.1,8.3,0.024,0.0,35.0
2025-11-26 00:00:00,0.8,7.8,0.024,0.0,35.0
2025-11-26 01:00:00,0.8,6.4,0.024,0.0,36.0
2025-11-26 02:00:00,0.9,7.7,0.024,0.0,36.0
2025-11-26 03:00:00,1.4,9.8,0.02,0.0,34.0
2025-11-26 04:00:00,2.1,16.5,0.013,0.0,33.0
2025-11-26 05:00:00,2.6,12.9,0.016,0.0,34.0
2025-11-26 06:00:00,4.1,14.0,0.017,0.0,34.0
2025-11-26 07:00:00,4.8,11.9,0.018,0.01,34.0
2025-11-26 08:00:00,10.7,13.6,0.016,0.15,34.0
2025-11-26 09:00:00,10.1,11.8,0.017,0.33,36.0
2025-11-26 10:00:00,4.4,7.6,0.024,0.38,40.0
2025-11-26 11:00:00,3.7,5.5,0.028,0.61,42.0
2025-11-26 12:00:00,5.2,8.4,0.027,0.66,45.0
2025-11-26 13:00:00,4.8,8.5,0.029,0.64,47.0
2025-11-26 14:00:00,2.3,5.8,0.033,0.5,48.0
2025-11-26 15:00:00,1.8,6.0,0.036,0.36,47.0
2025-11-26 16:00:00,0.7,4.2,0.038,0.12,47.0
2025-11-26 17:00:00,3.9,10.3,0.028,0.0,45.0
2025-11-26 18:00:00,6.6,19.6,0.016,0.0,41.0
2025-11-26 19:00:00,17.2,36.6,0.002,0.0,42.0
2025-11-26 20:00:00,2.3,15.0,0.022,0.0,42.0
2025-11-26 21:00:00,0.7,8.7,0.027,0.0,42.0
2025-11-26 22:00:00,0.7,8.2,0.027,0.0,40.0
2025-11-26 23:00:00,0.6,5.5,0.029,0.0,40.0
2025-11-27 00:00:00,1.9,10.6,0.023,0.0,39.0
2025-11-27 01:00:00,0.7,4.2,0.03,0.0,39.0
2025-11-27 02:00:00,0.8,6.3,0.026,0.0,38.0
2025-11-27 03:00:00,0.6,2.4,0.03,0.0,38.0
2025-11-27 04:00:00,0.6,4.9,0.028,0.0,38.0
2025-11-27 05:00:00,0.8,3.3,0.03,0.0,38.0
2025-11-27 06:00:00,0.9,7.5,0.024,0.0,36.0
2025-11-27 07:00:00,0.8,3.9,0.028,0.01,37.0
2025-11-27 08:00:00,1.7,4.9,0.026,0.18,38.0
2025-11-27 09:00:00,2.0,3.3,0.029,0.4,41.0
2025-11-27 10:00:00,2.4,3.6,0.028,0.59,44.0
2025-11-27 11:00:00,3.1,5.1,0.029,0.7,48.0
2025-11-27 12:00:00,2.1,3.9,0.03,0.71,50.0
2025-11-27 13:00:00,2.0,4.3,0.03,0.63,51.0
2025-11-27 14:00:00,2.4,6.5,0.03,0.42,53.0
2025-11-27 15:00:00,0.8,4.0,0.031,0.22,52.0
2025-11-27 16:00:00,0.6,5.4,0.025,0.05,50.0
2025-11-27 17:00:00,0.2,8.8,0.021,0.0,47.0
2025-11-27 18:00:00,0.2,8.4,0.018,0.0,44.0
2025-11-27 19:00:00,16.0,28.5,0.002,0.0,45.0
2025-11-27 20:00:00,9.4,21.3,0.009,0.0,45.0
2025-11-27 21:00:00,5.4,25.0,0.002,0.0,41.0
2025-11-27 22:00:00,2.2,20.2,0.009,0.0,42.0
2025-11-27 23:00:00,0.6,7.5,0.023,0.0,44.0
2025-11-28 00:00:00,1.4,16.4,0.011,0.0,41.0
2025-11-28 01:00:00,0.7,6.4,0.024,0.0,43.0
2025-11-28 02:00:00,0.4,3.8,0.027,0.0,43.0
2025-11-28 03:00:00,0.7,3.3,0.026,0.0,42.0
2025-11-28 04:00:00,,,0.026,0.0,41.0
2025-11-28 05:00:00,1.1,5.6,0.023,0.0,40.0
2025-11-28 06:00:00,1.1,7.0,0.022,0.0,41.0
2025-11-28 07:00:00,1.3,7.2,0.023,0.01,42.0
2025-11-28 08:00:00,3.9,10.9,0.02,0.05,43.0
2025-11-28 09:00:00,2.5,9.0,0.021,0.13,44.0
2025-11-28 10:00:00,7.3,12.6,0.016,0.22,44.0
2025-11-28 11:00:00,4.9,6.4,0.026,0.7,50.0
2025-11-28 12:00:00,2.3,3.1,0.031,0.76,55.0
2025-11-28 13:00:00,1.7,3.3,0.033,0.7,56.0
2025-11-28 14:00:00,1.1,2.6,0.036,0.57,54.0
2025-11-28 15:00:00,0.5,1.8,0.042,0.35,53.0
2025-11-28 16:00:00,0.2,1.9,0.039,0.12,50.0
2025-11-28 17:00:00,0.3,2.7,0.037,0.0,48.0
2025-11-28 18:00:00,0.2,2.7,0.036,0.0,46.0
2025-11-28 19:00:00,0.2,6.7,0.03,0.0,45.0
2025-11-28 20:00:00,0.1,3.9,0.033,0.0,45.0
2025-11-28 21:00:00,0.1,2.7,0.034,0.0,44.0
2025-11-28 22:00:00,0.4,4.5,0.03,0.0,42.0
2025-11-28 23:00:00,0.3,3.8,0.029,0.0,40.0
2025-11-29 00:00:00,0.9,3.9,0.025,0.0,38.0
2025-11-29 01:00:00,0.3,3.2,0.027,0.0,38.0
2025-11-29 02:00:00,0.5,6.4,0.024,0.0,37.0
2025-11-29 03:00:00,0.5,5.1,0.026,0.0,39.0
2025-11-29 04:00:00,0.4,4.4,,0.0,38.0
2025-11-29 05:00:00,0.5,5.9,0.027,0.0,39.0
2025-11-29 06:00:00,0.2,3.0,0.028,0.0,38.0
2025-11-29 07:00:00,0.6,7.0,0.02,0.0,37.0
2025-11-29 08:00:00,1.6,8.6,0.018,0.08,37.0
2025-11-29 09:00:00,1.9,5.8,0.023,0.29,38.0
2025-11-29 10:00:00,1.2,2.2,0.029,0.59,40.0
2025-11-29 11:00:00,1.1,2.0,0.03,0.59,41.0
2025-11-29 12:00:00,0.3,1.0,0.032,0.44,41.0
2025-11-29 13:00:00,0.3,1.1,0.033,0.36,42.0
2025-11-29 14:00:00,0.5,2.1,0.033,0.27,43.0
2025-11-29 15:00:00,0.4,1.5,0.034,0.15,43.0
2025-11-29 16:00:00,0.3,2.9,0.03,0.04,42.0
2025-11-29 17:00:00,0.2,5.2,0.026,0.0,40.0
2025-11-29 18:00:00,3.7,19.7,0.012,0.0,39.0
2025-11-29 19:00:00,3.2,19.7,0.012,0.0,38.0
2025-11-29 20:00:00,1.9,17.3,0.014,0.0,37.0
2025-11-29 21:00:00,0.9,11.3,0.02,0.0,37.0
2025-11-29 22:00:00,0.8,5.4,0.026,0.0,38.0
2025-11-29 23:00:00,1.1,9.8,0.02,0.0,38.0
2025-11-30 00:00:00,1.3,13.5,0.017,0.0,37.0
2025-11-30 01:00:00,0.7,17.7,0.01,0.0,36.0
2025-11-30 02:00:00,0.9,8.1,0.022,0.0,38.0
2025-11-30 03:00:00,0.5,3.8,0.025,0.0,38.0
2025-11-30 04:00:00,,,0.022,0.0,37.0
2025-11-30 05:00:00,0.5,6.2,0.022,0.0,37.0
2025-11-30 06:00:00,0.6,6.1,0.021,0.0,38.0
2025-11-30 07:00:00,0.4,11.2,0.014,0.0,37.0
2025-11-30 08:00:00,1.1,12.1,0.015,0.02,37.0
2025-11-30 09:00:00,1.8,7.4,0.023,0.14,35.0
2025-11-30 10:00:00,1.5,6.5,0.025,0.14,37.0
2025-11-30 11:00:00,0.7,5.0,0.029,0.09,38.0
2025-11-30 12:00:00,0.7,2.5,0.035,0.25,38.0
2025-11-30 13:00:00,0.4,1.3,0.039,0.31,40.0
2025-11-30 14:00:00,0.3,1.9,0.033,0.03,35.0
2025-11-30 15:00:00,0.6,2.6,0.028,0.11,32.0
2025-11-30 16:00:00,0.2,2.2,0.029,0.0,33.0
2025-11-30 17:00:00,0.2,2.4,0.028,0.0,35.0
2025-11-30 18:00:00,0.2,2.6,0.028,0.0,35.0
2025-11-30 19:00:00,0.2,2.6,0.027,0.0,35.0
2025-11-30 20:00:00,0.3,2.8,0.027,0.0,34.0
2025-11-30 21:00:00,0.3,3.6,0.025,0.0,34.0
2025-11-30 22:00:00,0.2,3.6,0.025,0.0,34.0
2025-11-30 23:00:00,0.2,2.8,0.026,0.0,33.0
2025-12-01 00:00:00,0.2,3.1,0.026,0.0,33.0
2025-12-01 01:00:00,0.5,4.6,0.022,0.0,32.0
2025-12-01 02:00:00,0.3,3.8,0.022,0.0,32.0
2025-12-01 03:00:00,0.2,2.6,0.025,0.0,32.0
2025-12-01 04:00:00,0.3,3.5,0.024,0.0,32.0
2025-12-01 05:00:00,0.3,4.9,0.022,0.0,32.0
2025-12-01 06:00:00,0.9,7.2,0.019,0.0,32.0
2025-12-01 07:00:00,5.1,11.1,0.013,0.01,30.0
2025-12-01 08:00:00,13.1,14.3,0.009,0.14,30.0
2025-12-01 09:00:00,13.8,12.2,0.015,0.27,31.0
2025-12-01 10:00:00,8.2,8.1,0.02,0.57,33.0
2025-12-01 11:00:00,5.2,6.0,0.024,0.59,35.0
2025-12-01 12:00:00,2.8,4.2,0.029,0.6,36.0
2025-12-01 13:00:00,1.8,3.0,0.031,0.69,38.0
2025-12-01 14:00:00,19.1,8.7,0.03,0.56,39.0
2025-12-01 15:00:00,1.8,3.5,0.034,0.35,40.0
2025-12-01 16:00:00,0.8,5.5,0.032,0.11,39.0
2025-12-01 17:00:00,0.8,8.0,0.027,0.0,36.0
2025-12-01 18:00:00,10.8,24.8,0.005,0.0,33.0
2025-12-01 19:00:00,6.9,23.7,0.008,0.0,33.0
2025-12-01 20:00:00,2.5,14.1,0.017,0.0,32.0
2025-12-01 21:00:00,1.0,8.5,0.02,0.0,31.0
2025-12-01 22:00:00,1.2,8.7,0.02,0.0,32.0
2025-12-01 23:00:00,1.4,8.4,0.02,0.0,32.0
2025-12-02 00:00:00,1.6,8.8,0.021,0.0,32.0
2025-12-02 01:00:00,1.3,6.2,0.022,0.0,32.0
2025-12-02 02:00:00,1.2,6.9,0.021,0.0,31.0
2025-12-02 03:00:00,1.5,8.6,0.02,0.0,32.0
2025-12-02 04:00:00,1.2,7.3,0.02,0.0,32.0
2025-12-02 05:00:00,2.0,10.3,0.017,0.0,32.0
2025-12-02 06:00:00,2.5,11.2,0.019,0.0,33.0
2025-12-02 07:00:00,6.9,13.8,0.022,0.0,34.0
2025-12-02 08:00:00,7.8,14.9,0.017,0.06,34.0
2025-12-02 09:00:00,,,,0.16,35.0
2025-12-02 10:00:00,,,,0.23,37.0
2025-12-02 11:00:00,,,,0.29,38.0
2025-12-02 12:00:00,,,,0.3,40.0
2025-12-02 13:00:00,,,,0.26,41.0
2025-12-02 14:00:00,,,,0.19,41.0
2025-12-02 15:00:00,,,,0.08,41.0
2025-12-02 16:00:00,4.0,20.9,0.017,0.03,41.0
2025-12-02 17:00:00,0.5,11.6,0.023,0.0,39.0
2025-12-02 18:00:00,0.8,4.2,0.034,0.0,33.0
2025-12-02 19:00:00,0.2,7.7,0.028,0.0,32.0
2025-12-02 20:00:00,0.8,13.3,0.023,0.0,32.0
2025-12-02 21:00:00,0.1,11.9,0.022,0.0,32.0
2025-12-02 22:00:00,0.2,12.2,0.021,0.0,32.0
2025-12-02 23:00:00,0.8,19.4,0.013,0.0,32.0
2025-12-03 00:00:00,0.4,10.8,0.016,0.0,32.0
2025-12-03 01:00:00,0.4,12.8,0.015,0.0,32.0
2025-12-03 02:00:00,0.5,13.7,0.013,0.0,32.0
2025-12-03 03:00:00,0.4,14.5,0.017,0.0,33.0
2025-12-03 04:00:00,0.7,9.7,0.024,0.0,33.0
2025-12-03 05:00:00,0.5,11.1,0.019,0.0,33.0
2025-12-03 06:00:00,1.1,17.0,0.012,0.0,33.0
2025-12-03 07:00:00,2.4,18.4,0.014,0.0,34.0
2025-12-03 08:00:00,5.6,16.2,0.016,0.05,34.0
2025-12-03 09:00:00,8.6,13.5,0.018,0.12,34.0
2025-12-03 10:00:00,6.1,12.6,0.019,0.22,35.0
2025-12-03 11:00:00,3.0,7.1,0.024,0.33,36.0
2025-12-03 12:00:00,3.3,6.8,0.022,0.35,36.0
2025-12-03 13:00:00,2.0,5.6,0.025,0.29,37.0
2025-12-03 14:00:00,2.1,5.2,0.026,0.23,37.0
2025-12-03 15:00:00,2.5,5.1,0.026,0.11,37.0
2025-12-03 16:00:00,1.8,6.8,0.021,0.02,37.0
2025-12-03 17:00:00,2.5,9.0,0.019,0.0,36.0
2025-12-03 18:00:00,1.0,3.7,0.024,0.0,35.0
2025-12-03 19:00:00,0.7,8.3,0.021,0.0,36.0
2025-12-03 20:00:00,0.4,7.1,0.022,0.0,36.0
2025-12-03 21:00:00,0.2,6.9,0.02,0.0,34.0
2025-12-03 22:00:00,0.5,2.2,0.025,0.0,34.0
2025-12-03 23:00:00,0.2,2.3,0.023,0.0,33.0
2025-12-04 00:00:00,0.4,6.0,0.02,0.0,34.0
2025-12-04 01:00:00,0.2,6.3,0.019,0.0,34.0
2025-12-04 02:00:00,0.4,5.5,0.019,0.0,32.0
2025-12-04 03:00:00,0.5,9.8,0.014,0.0,32.0
2025-12-04 04:00:00,1.6,8.1,0.015,0.0,31.0
2025-12-04 05:00:00,10.9,19.5,0.005,0.0,30.0
2025-12-04 06:00:00,18.5,22.9,0.001,0.0,29.0
2025-12-04 07:00:00,16.2,22.8,0.004,0.0,29.0
2025-12-04 08:00:00,28.8,23.3,0.005,0.12,29.0
2025-12-04 09:00:00,8.9,11.8,0.017,0.37,32.0
2025-12-04 10:00:00,3.6,5.1,0.024,0.56,33.0
2025-12-04 11:00:00,2.7,4.4,0.027,0.69,35.0
2025-12-04 12:00:00,3.2,4.9,0.025,0.58,37.0
2025-12-04 13:00:00,2.9,4.7,0.028,0.68,38.0
2025-12-04 14:00:00,1.6,3.6,0.031,0.56,39.0
2025-12-04 15:00:00,1.1,3.3,0.032,0.34,40.0
2025-12-04 16:00:00,0.6,4.1,0.031,0.05,39.0
2025-12-04 17:00:00,0.9,7.8,0.025,0.0,38.0
2025-12-04 18:00:00,2.8,17.0,0.014,0.0,36.0
2025-12-04 19:00:00,3.0,22.8,0.007,0.0,34.0
2025-12-04 20:00:00,2.8,19.5,0.011,0.0,35.0
2025-12-04 21:00:00,7.9,27.5,0.003,0.0,35.0
2025-12-04 22:00:00,3.8,21.9,0.008,0.0,34.0
2025-12-04 23:00:00,2.1,21.1,0.007,0.0,34.0
2025-12-05 00:00:00,2.9,17.5,0.01,0.0,33.0
2025-12-05 01:00:00,1.2,9.4,0.017,0.0,34.0
2025-12-05 02:00:00,1.2,9.7,0.018,0.0,34.0
2025-12-05 03:00:00,1.4,9.0,0.022,0.0,35.0
2025-12-05 04:00:00,,,0.021,0.0,35.0
2025-12-05 05:00:00,1.7,10.9,0.02,0.0,35.0
2025-12-05 06:00:00,1.2,12.0,0.019,0.0,36.0
2025-12-05 07:00:00,3.2,16.4,0.018,0.0,36.0
2025-12-05 08:00:00,8.8,17.1,0.02,0.03,36.0
2025-12-05 09:00:00,2.3,8.0,0.033,0.11,35.0
2025-12-05 10:00:00,2.5,6.1,0.033,0.13,34.0
2025-12-05 11:00:00,2.1,7.8,0.031,0.13,34.0
2025-12-05 12:00:00,2.1,9.0,0.03,0.14,36.0
2025-12-05 13:00:00,1.4,6.7,0.033,0.13,37.0
2025-12-05 14:00:00,1.1,6.2,0.033,0.08,38.0
2025-12-05 15:00:00,1.9,10.0,0.028,0.04,38.0
2025-12-05 16:00:00,3.1,14.7,0.024,0.01,39.0
2025-12-05 17:00:00,0.3,9.3,0.023,0.0,38.0
2025-12-05 18:00:00,0.3,10.0,0.022,0.0,37.0
2025-12-05 19:00:00,0.7,10.2,0.022,0.0,38.0
2025-12-05 20:00:00,0.6,9.9,0.02,0.0,39.0
2025-12-05 21:00:00,0.7,9.8,0.02,0.0,40.0
2025-12-05 22:00:00,0.6,9.9,0.019,0.0,39.0
2025-12-05 23:00:00,1.3,9.6,0.024,0.0,38.0
2025-12-06 00:00:00,0.7,5.5,0.029,0.0,37.0
2025-12-06 01:00:00,0.4,7.1,0.024,0.0,38.0
2025-12-06 02:00:00,0.5,10.0,0.02,0.0,39.0
2025-12-06 03:00:00,0.9,13.8,0.015,0.0,39.0
2025-12-06 04:00:00,0.3,9.0,,0.0,39.0
2025-12-06 05:00:00,0.9,10.5,0.017,0.0,40.0
2025-12-06 06:00:00,0.4,8.9,0.018,0.0,40.0
2025-12-06 07:00:00,0.9,8.9,0.02,0.0,40.0
2025-12-06 08:00:00,0.4,6.0,0.023,0.0,40.0
2025-12-06 09:00:00,4.0,4.7,0.034,0.07,41.0
2025-12-06 10:00:00,0.5,2.5,0.038,0.1,43.0
2025-12-06 11:00:00,0.7,2.9,0.035,0.16,43.0
2025-12-06 12:00:00,0.6,3.1,0.034,0.11,43.0
2025-12-06 13:00:00,0.3,1.6,0.04,0.15,45.0
2025-12-06 14:00:00,0.5,1.4,0.041,0.38,46.0
2025-12-06 15:00:00,0.5,1.2,0.041,0.28,47.0
2025-12-06 16:00:00,0.5,2.2,0.037,0.05,45.0
2025-12-06 17:00:00,0.4,3.0,0.035,0.0,42.0
2025-12-06 18:00:00,0.7,12.6,0.021,0.0,39.0
2025-12-06 19:00:00,3.1,23.0,0.009,0.0,38.0
2025-12-06 20:00:00,3.1,27.2,0.005,0.0,37.0
2025-12-06 21:00:00,3.1,24.6,0.005,0.0,36.0
2025-12-06 22:00:00,1.8,17.4,0.008,0.0,36.0
2025-12-06 23:00:00,8.1,26.1,0.002,0.0,37.0
2025-12-07 00:00:00,2.2,21.2,0.006,0.0,35.0
2025-12-07 01:00:00,1.5,17.0,0.008,0.0,35.0
2025-12-07 02:00:00,2.6,20.0,0.005,0.0,33.0
2025-12-07 03:00:00,1.5,16.7,0.009,0.0,33.0
2025-12-07 04:00:00,,,0.004,0.0,32.0
2025-12-07 05:00:00,10.4,23.2,0.001,0.0,30.0
2025-12-07 06:00:00,4.5,18.2,0.008,0.0,31.0
2025-12-07 07:00:00,2.3,17.2,0.005,0.0,29.0
2025-12-07 08:00:00,11.6,17.3,0.008,0.16,32.0
2025-12-07 09:00:00,6.1,8.3,0.019,0.37,35.0
2025-12-07 10:00:00,2.4,3.7,0.027,0.52,39.0
2025-12-07 11:00:00,1.8,3.5,0.031,0.59,42.0
2025-12-07 12:00:00,1.4,3.4,0.032,0.52,43.0
2025-12-07 13:00:00,1.5,3.2,0.037,0.71,46.0
2025-12-07 14:00:00,0.9,3.4,0.038,0.4,47.0
2025-12-07 15:00:00,1.1,3.8,0.037,0.39,47.0
2025-12-07 16:00:00,0.4,4.0,0.033,0.13,46.0
2025-12-07 17:00:00,0.4,7.0,0.025,0.0,42.0
2025-12-07 18:00:00,2.4,20.8,0.01,0.0,41.0
2025-12-07 19:00:00,1.7,18.2,0.019,0.0,42.0
2025-12-07 20:00:00,1.0,9.9,0.025,0.0,41.0
2025-12-07 21:00:00,1.0,10.4,0.022,0.0,40.0
2025-12-07 22:00:00,1.2,9.5,0.024,0.0,40.0
2025-12-07 23:00:00,0.6,4.9,0.027,0.0,39.0
2025-12-08 00:00:00,0.5,4.7,0.027,0.0,38.0
2025-12-08 01:00:00,2.5,9.5,0.022,0.0,39.0
2025-12-08 02:00:00,1.2,6.4,0.028,0.0,40.0
2025-12-08 03:00:00,0.9,5.8,0.027,0.0,40.0
2025-12-08 04:00:00,1.2,8.3,0.024,0.0,39.0
2025-12-08 05:00:00,1.5,10.0,0.021,0.0,39.0
2025-12-08 06:00:00,4.9,19.6,0.011,0.0,37.0
2025-12-08 07:00:00,5.7,18.0,0.012,0.0,37.0
2025-12-08 08:00:00,25.2,25.0,0.006,0.09,37.0
2025-12-08 09:00:00,12.0,12.1,0.02,0.35,40.0
2025-12-08 10:00:00,6.1,6.9,0.025,0.56,44.0
2025-12-08 11:00:00,5.0,7.2,0.028,0.68,47.0
2025-12-08 12:00:00,4.0,6.8,0.028,0.52,48.0
2025-12-08 13:00:00,6.5,9.6,0.028,0.64,50.0
2025-12-08 14:00:00,4.6,9.0,0.029,0.54,51.0
2025-12-08 15:00:00,2.5,6.7,0.027,0.37,50.0
2025-12-08 16:00:00,1.5,6.2,0.028,0.12,48.0
2025-12-08 17:00:00,4.3,17.2,0.014,0.0,45.0
2025-12-08 18:00:00,8.7,24.1,0.005,0.0,44.0
2025-12-08 19:00:00,11.2,28.2,0.004,0.0,42.0
2025-12-08 20:00:00,2.1,19.7,0.014,0.0,41.0
2025-12-08 21:00:00,1.5,15.4,0.016,0.0,40.0
2025-12-08 22:00:00,1.5,11.8,0.018,0.0,39.0
2025-12-08 23:00:00,1.3,14.3,0.014,0.0,38.0
2025-12-09 00:00:00,1.0,7.5,0.024,0.0,39.0
2025-12-09 01:00:00,1.4,8.2,0.024,0.0,39.0
2025-12-09 02:00:00,0.7,9.9,0.02,0.0,38.0
2025-12-09 03:00:00,1.2,9.3,0.02,0.0,37.0
2025-12-09 04:00:00,1.1,6.1,0.022,0.0,37.0
2025-12-09 05:00:00,2.5,13.1,0.017,0.0,37.0
2025-12-09 06:00:00,4.4,18.3,0.012,0.0,37.0
2025-12-09 07:00:00,5.0,19.8,0.009,0.0,35.0
2025-12-09 08:00:00,18.9,22.8,0.01,0.08,37.0
2025-12-09 09:00:00,11.1,15.0,0.016,0.28,38.0
2025-12-09 10:00:00,4.8,6.3,0.025,0.53,42.0
2025-12-09 11:00:00,8.7,12.8,0.021,0.37,45.0
2025-12-09 12:00:00,12.4,20.7,0.019,0.42,46.0
2025-12-09 13:00:00,6.5,13.6,0.022,0.4,47.0
2025-12-09 14:00:00,4.2,8.1,0.029,0.51,51.0
2025-12-09 15:00:00,2.1,7.3,0.03,0.35,52.0
2025-12-09 16:00:00,2.2,11.1,0.022,0.08,48.0
2025-12-09 17:00:00,2.4,13.6,0.02,0.0,44.0
2025-12-09 18:00:00,7.8,22.2,0.008,0.0,45.0
2025-12-09 19:00:00,33.1,30.1,0.0,0.0,44.0
2025-12-09 20:00:00,29.3,27.4,0.0,0.0,42.0
2025-12-09 21:00:00,26.9,29.1,0.001,0.0,44.0
2025-12-09 22:00:00,33.9,23.1,0.001,0.0,39.0
2025-12-09 23:00:00,25.2,20.7,0.001,0.0,39.0
2025-12-10 00:00:00,25.2,23.6,0.001,0.0,40.0
2025-12-10 01:00:00,4.0,19.4,0.004,0.0,39.0
2025-12-10 02:00:00,8.7,19.7,0.001,0.0,38.0
2025-12-10 03:00:00,19.4,18.8,0.001,0.0,35.0
2025-12-10 04:00:00,20.2,21.2,0.001,0.0,37.0
2025-12-10 05:00:00,24.4,22.8,0.001,0.0,37.0
2025-12-10 06:00:00,25.0,21.4,0.001,0.0,35.0
2025-12-10 07:00:00,57.0,25.8,0.001,0.0,37.0
2025-12-10 08:00:00,54.1,27.2,0.002,0.08,38.0
2025-12-10 09:00:00,47.6,24.4,0.005,0.18,40.0
2025-12-10 10:00:00,25.0,16.1,0.01,0.51,43.0
2025-12-10 11:00:00,18.4,14.9,0.015,0.6,48.0
2025-12-10 12:00:00,8.9,12.5,0.023,0.59,51.0
2025-12-10 13:00:00,7.9,12.6,0.023,0.55,53.0
2025-12-10 14:00:00,3.9,8.9,0.025,0.4,54.0
2025-12-10 15:00:00,3.2,9.7,0.024,0.14,50.0
2025-12-10 16:00:00,4.0,15.5,0.018,0.05,48.0
2025-12-10 17:00:00,26.6,30.6,0.002,0.0,47.0
2025-12-10 18:00:00,35.6,30.9,0.0,0.0,45.0
2025-12-10 19:00:00,37.9,29.8,0.001,0.0,43.0
2025-12-10 20:00:00,27.6,28.7,0.004,0.0,44.0
2025-12-10 21:00:00,4.7,18.0,0.012,0.0,44.0
2025-12-10 22:00:00,7.2,13.7,0.015,0.0,44.0
2025-12-10 23:00:00,0.8,7.7,0.021,0.0,44.0
2025-12-11 00:00:00,1.1,9.3,0.016,0.0,41.0
2025-12-11 01:00:00,1.3,13.5,0.013,0.0,41.0
2025-12-11 02:00:00,1.9,12.3,0.012,0.0,40.0
2025-12-11 03:00:00,2.9,13.0,0.013,0.0,40.0
2025-12-11 04:00:00,9.5,16.6,0.007,0.0,39.0
2025-12-11 05:00:00,7.2,14.2,0.009,0.0,38.0
2025-12-11 06:00:00,17.3,20.5,0.005,0.0,37.0
2025-12-11 07:00:00,21.2,18.9,0.006,0.0,36.0
2025-12-11 08:00:00,,,0.007,0.13,38.0
2025-12-11 09:00:00,,,0.009,0.34,40.0
2025-12-11 10:00:00,,,0.015,0.53,44.0
2025-12-11 11:00:00,,,0.017,0.65,47.0
2025-12-11 12:00:00,,,0.016,0.7,49.0
2025-12-11 13:00:00,,,0.02,0.65,52.0
2025-12-11 14:00:00,6.1,8.5,0.019,0.54,53.0
2025-12-11 15:00:00,3.6,8.6,0.022,0.35,54.0
2025-12-11 16:00:00,2.1,10.7,0.021,0.12,51.0
2025-12-11 17:00:00,11.9,19.8,0.009,0.0,47.0
2025-12-11 18:00:00,28.5,29.4,0.001,0.0,47.0
2025-12-11 19:00:00,50.1,26.7,0.001,0.0,44.0
2025-12-11 20:00:00,52.3,26.3,0.001,0.0,42.0
2025-12-11 21:00:00,6.1,21.9,0.006,0.0,42.0
2025-12-11 22:00:00,1.2,10.4,0.017,0.0,42.0
2025-12-11 23:00:00,0.5,6.7,0.021,0.0,42.0
2025-12-12 00:00:00,3.0,12.4,0.015,0.0,41.0
2025-12-12 01:00:00,0.7,6.1,0.022,0.0,40.0
2025-12-12 02:00:00,2.5,8.9,0.018,0.0,39.0
2025-12-12 03:00:00,6.7,18.6,0.009,0.0,38.0
2025-12-12 04:00:00,,,0.018,0.0,38.0
2025-12-12 05:00:00,4.1,11.3,0.016,0.0,37.0
2025-12-12 06:00:00,12.8,18.9,0.009,0.0,36.0
2025-12-12 07:00:00,21.5,17.7,0.009,0.0,35.0
2025-12-12 08:00:00,11.1,16.2,0.013,0.13,37.0
2025-12-12 09:00:00,14.2,12.7,0.014,0.34,39.0
2025-12-12 10:00:00,8.2,7.8,0.021,0.53,43.0
2025-12-12 11:00:00,6.6,7.4,0.023,0.66,46.0
2025-12-12 12:00:00,6.7,7.1,0.022,0.71,49.0
2025-12-12 13:00:00,6.9,8.5,0.021,0.67,50.0
2025-12-12 14:00:00,6.1,9.6,0.022,0.54,52.0
2025-12-12 15:00:00,4.6,10.4,0.02,0.35,51.0
2025-12-12 16:00:00,2.5,12.3,0.021,0.12,48.0
2025-12-12 17:00:00,8.0,22.7,0.011,0.0,45.0
2025-12-12 18:00:00,22.8,32.0,0.0,0.0,44.0
2025-12-12 19:00:00,19.9,29.8,0.0,0.0,42.0
2025-12-12 20:00:00,7.7,21.4,0.01,0.0,42.0
2025-12-12 21:00:00,1.9,15.2,0.016,0.0,42.0
2025-12-12 22:00:00,1.3,15.5,0.013,0.0,40.0
2025-12-12 23:00:00,2.2,15.5,0.015,0.0,38.0
2025-12-13 00:00:00,0.7,9.8,0.018,0.0,37.0
2025-12-13 01:00:00,2.5,13.8,0.016,0.0,37.0
2025-12-13 02:00:00,1.1,7.3,0.021,0.0,37.0
2025-12-13 03:00:00,1.2,9.3,0.021,0.0,37.0
2025-12-13 04:00:00,2.4,13.6,,0.0,35.0
2025-12-13 05:00:00,2.2,7.7,0.023,0.0,37.0
2025-12-13 06:00:00,0.9,4.9,0.024,0.0,36.0
2025-12-13 07:00:00,2.3,8.6,0.021,0.0,35.0
2025-12-13 08:00:00,3.1,9.3,0.021,0.12,36.0
2025-12-13 09:00:00,7.5,8.9,0.019,0.32,37.0
2025-12-13 10:00:00,5.9,7.5,0.02,0.45,39.0
2025-12-13 11:00:00,5.4,6.9,0.024,0.69,44.0
2025-12-13 12:00:00,4.9,7.0,0.025,0.73,47.0
2025-12-13 13:00:00,2.3,4.3,0.028,0.69,49.0
2025-12-13 14:00:00,1.2,3.2,0.029,0.56,50.0
2025-12-13 15:00:00,0.9,3.8,0.028,0.36,47.0
2025-12-13 16:00:00,0.6,5.6,0.026,0.15,48.0
2025-12-13 17:00:00,3.6,10.8,0.018,0.0,45.0
2025-12-13 18:00:00,4.5,19.1,0.007,0.0,42.0
2025-12-13 19:00:00,16.2,25.8,0.001,0.0,40.0
2025-12-13 20:00:00,17.2,27.3,0.001,0.0,39.0
2025-12-13 21:00:00,12.2,24.9,0.001,0.0,38.0
2025-12-13 22:00:00,6.9,25.2,0.002,0.0,37.0
2025-12-13 23:00:00,4.9,22.9,0.002,0.0,35.0
2025-12-14 00:00:00,1.3,20.1,0.007,0.0,35.0
2025-12-14 01:00:00,0.8,15.4,0.012,0.0,36.0
2025-12-14 02:00:00,0.7,5.0,0.029,0.0,39.0
2025-12-14 03:00:00,1.5,7.4,0.025,0.0,37.0
2025-12-14 04:00:00,,,0.019,0.0,35.0
2025-12-14 05:00:00,1.0,9.2,0.021,0.0,35.0
2025-12-14 06:00:00,0.7,10.3,0.018,0.0,33.0
2025-12-14 07:00:00,1.2,11.1,0.018,0.0,33.0
2025-12-14 08:00:00,5.5,11.4,0.02,0.12,35.0
2025-12-14 09:00:00,8.0,10.9,0.019,0.34,36.0
2025-12-14 10:00:00,6.2,6.7,0.018,0.54,38.0
2025-12-14 11:00:00,8.2,9.4,0.021,0.63,43.0
2025-12-14 12:00:00,6.2,9.4,0.024,0.63,46.0
2025-12-14 13:00:00,6.0,9.3,0.026,0.7,50.0
2025-12-14 14:00:00,2.3,5.6,0.028,0.52,50.0
2025-12-14 15:00:00,1.9,7.3,0.025,0.32,48.0
2025-12-14 16:00:00,1.7,10.4,0.024,0.06,45.0
2025-12-14 17:00:00,0.6,12.9,0.019,0.0,43.0
2025-12-14 18:00:00,3.6,20.5,0.013,0.0,43.0
2025-12-14 19:00:00,15.9,30.5,0.001,0.0,40.0
2025-12-14 20:00:00,17.3,25.4,0.001,0.0,39.0
2025-12-14 21:00:00,28.9,26.0,0.001,0.0,38.0
2025-12-14 22:00:00,21.7,23.6,0.001,0.0,35.0
2025-12-14 23:00:00,29.5,25.6,0.0,0.0,35.0
2025-12-15 00:00:00,29.2,25.1,0.0,0.0,36.0
2025-12-15 01:00:00,17.7,24.8,0.001,0.0,34.0
2025-12-15 02:00:00,10.1,25.2,0.001,0.0,34.0
2025-12-15 03:00:00,11.4,23.3,0.001,0.0,32.0
2025-12-15 04:00:00,10.1,20.6,0.001,0.0,31.0
2025-12-15 05:00:00,5.4,19.9,0.005,0.0,32.0
2025-12-15 06:00:00,13.6,21.1,0.004,0.0,30.0
2025-12-15 07:00:00,64.7,30.4,0.001,0.0,32.0
2025-12-15 08:00:00,50.6,22.6,0.004,0.12,31.0
2025-12-15 09:00:00,38.9,21.8,0.007,0.34,35.0
2025-12-15 10:00:00,15.5,13.9,0.017,0.53,40.0
2025-12-15 11:00:00,10.7,10.9,0.019,0.66,43.0
2025-12-15 12:00:00,11.2,10.7,0.017,0.71,45.0
2025-12-15 13:00:00,10.0,10.7,0.019,0.67,48.0
2025-12-15 14:00:00,6.3,9.4,0.02,0.55,48.0
2025-12-15 15:00:00,4.2,10.2,0.021,0.35,48.0
2025-12-15 16:00:00,1.8,12.4,0.02,0.12,46.0
2025-12-15 17:00:00,5.9,21.5,0.012,0.0,42.0
2025-12-15 18:00:00,32.1,35.8,0.001,0.0,42.0
2025-12-15 19:00:00,56.2,33.5,0.001,0.0,40.0
2025-12-15 20:00:00,42.8,30.8,0.001,0.0,40.0
2025-12-15 21:00:00,25.2,25.6,0.001,0.0,37.0
2025-12-15 22:00:00,31.7,26.8,0.002,0.0,36.0
2025-12-15 23:00:00,5.2,20.3,0.005,0.0,36.0
2025-12-16 00:00:00,16.1,23.9,0.002,0.0,35.0
2025-12-16 01:00:00,1.6,16.0,0.01,0.0,36.0
2025-12-16 02:00:00,1.6,15.7,0.009,0.0,35.0
2025-12-16 03:00:00,2.7,17.5,0.008,0.0,34.0
2025-12-16 04:00:00,1.2,17.0,0.008,0.0,33.0
2025-12-16 05:00:00,6.3,19.1,0.003,0.0,31.0
2025-12-16 06:00:00,5.1,15.5,0.011,0.0,35.0
2025-12-16 07:00:00,15.8,22.2,0.006,0.0,34.0
2025-12-16 08:00:00,27.1,19.5,0.007,0.16,34.0
2025-12-16 09:00:00,18.3,15.0,0.007,0.27,35.0
2025-12-16 10:00:00,18.0,14.3,0.01,0.39,37.0
2025-12-16 11:00:00,13.4,13.5,0.012,0.38,40.0
2025-12-16 12:00:00,11.7,13.3,0.013,0.37,41.0
2025-12-16 13:00:00,10.3,14.2,0.015,0.41,44.0
2025-12-16 14:00:00,7.9,11.3,0.017,0.42,46.0
2025-12-16 15:00:00,3.6,10.6,0.019,0.18,43.0
2025-12-16 16:00:00,6.5,14.4,0.015,0.04,43.0
2025-12-16 17:00:00,12.2,19.8,0.007,0.0,42.0
2025-12-16 18:00:00,4.8,20.2,0.005,0.0,39.0
2025-12-16 19:00:00,5.3,22.5,0.002,0.0,40.0
2025-12-16 20:00:00,27.6,26.1,0.0,0.0,39.0
2025-12-16 21:00:00,32.4,23.9,0.001,0.0,36.0
2025-12-16 22:00:00,47.8,24.7,0.001,0.0,36.0
2025-12-16 23:00:00,42.6,25.1,0.001,0.0,37.0
2025-12-17 00:00:00,27.0,22.8,0.001,0.0,35.0
2025-12-17 01:00:00,10.9,18.8,0.008,0.0,38.0
2025-12-17 02:00:00,1.0,7.4,0.023,0.0,42.0
2025-12-17 03:00:00,1.6,12.2,0.017,0.0,40.0
2025-12-17 04:00:00,8.2,15.9,0.015,0.0,39.0
2025-12-17 05:00:00,1.2,9.5,0.021,0.0,42.0
2025-12-17 06:00:00,3.6,14.9,0.017,0.0,43.0
2025-12-17 07:00:00,4.3,16.0,0.018,0.0,45.0
2025-12-17 08:00:00,19.8,27.7,0.005,0.0,44.0
2025-12-17 09:00:00,16.6,26.8,0.008,0.03,46.0
2025-12-17 10:00:00,6.2,12.7,0.022,0.15,49.0
2025-12-17 11:00:00,4.0,12.3,0.023,0.19,52.0
2025-12-17 12:00:00,4.4,13.3,0.023,0.15,56.0
2025-12-17 13:00:00,1.2,2.0,0.032,0.48,63.0
2025-12-17 14:00:00,1.1,2.2,0.03,0.14,59.0
2025-12-17 15:00:00,0.5,3.0,0.028,0.08,50.0
2025-12-17 16:00:00,0.2,3.2,0.031,0.02,47.0
2025-12-17 17:00:00,0.8,4.3,0.032,0.0,45.0
2025-12-17 18:00:00,0.9,4.3,0.032,0.0,44.0
2025-12-17 19:00:00,0.0,2.8,0.039,0.0,44.0
2025-12-17 20:00:00,0.0,1.9,0.042,0.0,43.0
2025-12-17 21:00:00,0.0,3.0,0.041,0.0,42.0
2025-12-17 22:00:00,0.1,3.6,0.041,0.0,41.0
2025-12-17 23:00:00,0.2,3.5,0.04,0.0,40.0
2025-12-18 00:00:00,0.3,5.2,0.034,0.0,37.0
2025-12-18 01:00:00,0.3,3.2,0.037,0.0,36.0
2025-12-18 02:00:00,0.0,2.7,0.036,0.0,35.0
2025-12-18 03:00:00,0.6,6.1,0.03,0.0,34.0
2025-12-18 04:00:00,4.4,19.4,0.014,0.0,33.0
2025-12-18 05:00:00,18.3,34.0,0.001,0.0,31.0
2025-12-18 06:00:00,12.0,29.3,0.002,0.0,29.0
2025-12-18 07:00:00,18.7,32.3,0.007,0.0,31.0
2025-12-18 08:00:00,15.4,23.2,0.016,0.13,32.0
2025-12-18 09:00:00,4.5,9.4,0.027,0.24,34.0
2025-12-18 10:00:00,3.0,7.5,0.032,0.28,37.0
2025-12-18 11:00:00,2.9,6.3,0.034,0.36,39.0
2025-12-18 12:00:00,4.6,11.9,0.03,0.35,41.0
2025-12-18 13:00:00,3.2,13.4,0.03,0.21,43.0
2025-12-18 14:00:00,1.5,10.8,0.032,0.12,43.0
2025-12-18 15:00:00,2.7,20.6,0.023,0.03,44.0
2025-12-18 16:00:00,4.3,30.2,0.012,0.01,44.0
2025-12-18 17:00:00,7.3,26.4,0.008,0.0,41.0
2025-12-18 18:00:00,14.0,31.2,0.004,0.0,40.0
2025-12-18 19:00:00,35.6,34.0,0.001,0.0,40.0
2025-12-18 20:00:00,27.3,30.8,0.0,0.0,40.0
2025-12-18 21:00:00,9.7,28.5,0.003,0.0,40.0
2025-12-18 22:00:00,1.2,14.1,0.018,0.0,41.0
2025-12-18 23:00:00,0.8,11.0,0.021,0.0,42.0
2025-12-19 00:00:00,0.6,11.4,0.018,0.0,42.0
2025-12-19 01:00:00,2.1,10.2,0.022,0.0,44.0
2025-12-19 02:00:00,1.1,8.3,0.024,0.0,45.0
2025-12-19 03:00:00,0.6,7.5,0.023,0.0,46.0
2025-12-19 04:00:00,,,0.02,0.0,46.0
2025-12-19 05:00:00,1.0,12.1,0.017,0.0,46.0
2025-12-19 06:00:00,3.4,18.2,0.013,0.0,47.0
2025-12-19 07:00:00,9.1,23.6,0.01,0.0,49.0
2025-12-19 08:00:00,15.1,25.1,0.008,0.0,49.0
2025-12-19 09:00:00,5.6,20.4,0.012,0.02,50.0
2025-12-19 10:00:00,6.1,22.3,0.012,0.03,52.0
2025-12-19 11:00:00,4.6,18.8,0.017,0.04,56.0
2025-12-19 12:00:00,13.1,26.5,0.01,0.06,55.0
2025-12-19 13:00:00,24.0,32.5,0.006,0.04,55.0
2025-12-19 14:00:00,7.6,19.5,0.018,0.04,57.0
2025-12-19 15:00:00,0.5,5.3,0.032,0.02,57.0
2025-12-19 16:00:00,0.2,4.9,0.034,0.01,59.0
2025-12-19 17:00:00,0.2,7.0,0.028,0.0,52.0
2025-12-19 18:00:00,0.1,9.3,0.027,0.0,53.0
2025-12-19 19:00:00,0.3,9.5,0.025,0.0,51.0
2025-12-19 20:00:00,0.7,14.6,0.02,0.0,51.0
2025-12-19 21:00:00,0.7,19.5,0.013,0.0,49.0
2025-12-19 22:00:00,0.3,11.9,0.02,0.0,48.0
2025-12-19 23:00:00,0.5,10.4,0.024,0.0,49.0
2025-12-20 00:00:00,0.0,3.2,0.032,0.0,51.0
2025-12-20 01:00:00,0.0,2.3,0.029,0.0,50.0
2025-12-20 02:00:00,0.0,1.3,0.032,0.0,51.0
2025-12-20 03:00:00,0.0,3.0,0.029,0.0,50.0
2025-12-20 04:00:00,0.0,3.6,,0.0,50.0
2025-12-20 05:00:00,0.0,2.7,0.027,0.0,47.0
2025-12-20 06:00:00,0.1,4.0,0.024,0.0,44.0
2025-12-20 07:00:00,0.4,7.1,0.023,0.0,45.0
2025-12-20 08:00:00,0.5,6.4,0.024,0.05,45.0
2025-12-20 09:00:00,2.4,7.3,0.022,0.24,45.0
2025-12-20 10:00:00,4.4,6.9,0.024,0.32,44.0
2025-12-20 11:00:00,3.1,7.4,0.023,0.38,44.0
2025-12-20 12:00:00,3.5,7.9,0.024,0.37,47.0
2025-12-20 13:00:00,1.9,6.8,0.026,0.28,47.0
2025-12-20 14:00:00,1.4,5.8,0.028,0.21,48.0
2025-12-20 15:00:00,1.7,8.0,0.025,0.15,49.0
2025-12-20 16:00:00,0.9,7.0,0.025,0.05,49.0
2025-12-20 17:00:00,1.9,11.2,0.017,0.0,46.0
2025-12-20 18:00:00,2.2,19.8,0.009,0.0,44.0
2025-12-20 19:00:00,11.9,29.7,0.001,0.0,44.0
2025-12-20 20:00:00,9.2,26.5,0.002,0.0,44.0
2025-12-20 21:00:00,1.5,12.6,0.014,0.0,44.0
2025-12-20 22:00:00,1.0,8.8,0.022,0.0,46.0
2025-12-20 23:00:00,2.1,9.1,0.018,0.0,45.0
2025-12-21 00:00:00,4.2,19.2,0.006,0.0,43.0
2025-12-21 01:00:00,2.1,15.1,0.009,0.0,43.0
2025-12-21 02:00:00,0.8,8.7,0.017,0.0,44.0
2025-12-21 03:00:00,0.4,6.2,0.021,0.0,45.0
2025-12-21 04:00:00,,,0.016,0.0,44.0
2025-12-21 05:00:00,1.0,10.4,0.011,0.0,42.0
2025-12-21 06:00:00,0.7,7.3,0.019,0.0,45.0
2025-12-21 07:00:00,0.7,6.9,0.021,0.0,47.0
2025-12-21 08:00:00,1.1,7.4,0.021,0.02,48.0
2025-12-21 09:00:00,1.3,6.7,0.023,0.04,50.0
2025-12-21 10:00:00,1.1,5.1,0.026,0.17,52.0
2025-12-21 11:00:00,1.2,5.1,0.026,0.18,53.0
2025-12-21 12:00:00,2.9,8.6,0.022,0.26,53.0
2025-12-21 13:00:00,2.0,8.5,0.025,0.17,55.0
2025-12-21 14:00:00,4.6,11.6,0.023,0.09,56.0
2025-12-21 15:00:00,2.0,14.0,0.019,0.05,55.0
2025-12-21 16:00:00,2.0,13.5,0.018,0.01,56.0
2025-12-21 17:00:00,1.8,20.2,0.011,0.0,55.0
2025-12-21 18:00:00,0.6,10.7,0.02,0.0,55.0
2025-12-21 19:00:00,0.7,8.6,0.021,0.0,55.0
2025-12-21 20:00:00,0.4,8.8,0.02,0.0,55.0
2025-12-21 21:00:00,0.5,8.7,0.019,0.0,54.0
2025-12-21 22:00:00,0.5,10.9,0.017,0.0,54.0
2025-12-21 23:00:00,0.5,6.8,0.022,0.0,54.0
2025-12-22 00:00:00,0.2,5.2,0.022,0.0,54.0
2025-12-22 01:00:00,0.1,3.2,0.024,0.0,54.0
2025-12-22 02:00:00,0.9,4.2,0.022,0.0,53.0
2025-12-22 03:00:00,0.3,3.4,0.023,0.0,53.0
2025-12-22 04:00:00,0.7,4.4,0.022,0.0,53.0
2025-12-22 05:00:00,0.6,5.5,0.023,0.0,54.0
2025-12-22 06:00:00,0.9,7.9,0.02,0.0,53.0
2025-12-22 07:00:00,3.3,13.4,0.016,0.0,53.0
2025-12-22 08:00:00,10.4,18.8,0.015,0.08,54.0
2025-12-22 09:00:00,5.2,8.6,0.025,0.28,57.0
2025-12-22 10:00:00,5.8,7.4,0.03,0.37,61.0
2025-12-22 11:00:00,2.2,5.1,0.035,0.43,64.0
2025-12-22 12:00:00,1.1,2.6,0.036,0.54,65.0
2025-12-22 13:00:00,0.6,1.2,0.038,0.52,66.0
2025-12-22 14:00:00,1.0,2.3,0.038,0.48,66.0
2025-12-22 15:00:00,1.0,3.5,0.037,0.21,66.0
2025-12-22 16:00:00,1.4,6.1,0.033,0.06,64.0
2025-12-22 17:00:00,1.1,6.9,0.032,0.0,63.0
2025-12-22 18:00:00,0.7,4.0,0.032,0.0,59.0
2025-12-22 19:00:00,1.5,18.0,0.017,0.0,55.0
2025-12-22 20:00:00,0.3,11.2,0.022,0.0,55.0
2025-12-22 21:00:00,1.8,10.9,0.024,0.0,55.0
2025-12-22 22:00:00,0.3,8.1,0.028,0.0,55.0
2025-12-22 23:00:00,0.2,4.0,0.031,0.0,54.0
2025-12-23 00:00:00,0.4,3.2,0.032,0.0,54.0
2025-12-23 01:00:00,0.2,3.4,0.031,0.0,54.0
2025-12-23 02:00:00,0.1,2.2,0.031,0.0,54.0
2025-12-23 03:00:00,0.5,2.5,0.029,0.0,54.0
2025-12-23 04:00:00,0.2,2.3,0.029,0.0,54.0
2025-12-23 05:00:00,0.3,2.6,0.029,0.0,54.0
2025-12-23 06:00:00,0.8,3.8,0.028,0.0,54.0
2025-12-23 07:00:00,0.8,3.5,0.028,0.0,54.0
2025-12-23 08:00:00,3.4,5.9,0.026,0.04,54.0
2025-12-23 09:00:00,1.3,3.6,0.028,0.15,55.0
2025-12-23 10:00:00,2.6,4.0,0.029,0.28,56.0
2025-12-23 11:00:00,1.5,3.4,0.029,0.36,58.0
2025-12-23 12:00:00,1.4,3.1,0.031,0.43,60.0
2025-12-23 13:00:00,1.7,3.4,0.031,0.41,62.0
2025-12-23 14:00:00,1.7,4.1,0.031,0.31,64.0
2025-12-23 15:00:00,1.3,4.7,0.031,0.13,63.0
2025-12-23 16:00:00,1.3,4.8,0.031,0.03,62.0
2025-12-23 17:00:00,1.8,5.5,0.029,0.0,60.0
2025-12-23 18:00:00,0.3,3.1,0.031,0.0,59.0
2025-12-23 19:00:00,0.1,2.3,0.032,0.0,58.0
2025-12-23 20:00:00,0.1,3.8,0.031,0.0,58.0
2025-12-23 21:00:00,0.1,3.7,0.035,0.0,59.0
2025-12-23 22:00:00,0.1,4.4,0.031,0.0,57.0
2025-12-23 23:00:00,0.2,4.4,0.031,0.0,57.0
2025-12-24 00:00:00,0.1,3.4,0.034,0.0,57.0
2025-12-24 01:00:00,0.1,2.3,0.032,0.0,55.0
2025-12-24 02:00:00,0.1,3.5,0.03,0.0,54.0
2025-12-24 03:00:00,0.0,2.2,0.03,0.0,52.0
2025-12-24 04:00:00,0.1,5.5,0.027,0.0,51.0
2025-12-24 05:00:00,1.0,6.4,0.025,0.0,50.0
2025-12-24 06:00:00,2.1,13.2,0.02,0.0,50.0
2025-12-24 07:00:00,3.6,7.3,0.026,0.0,53.0
2025-12-24 08:00:00,1.5,3.8,0.029,0.04,53.0
2025-12-24 09:00:00,0.6,2.3,0.031,0.15,55.0
2025-12-24 10:00:00,1.0,2.7,0.033,0.35,57.0
2025-12-24 11:00:00,1.0,3.2,0.034,0.22,59.0
2025-12-24 12:00:00,0.9,2.7,0.035,0.17,60.0
2025-12-24 13:00:00,0.5,2.7,0.035,0.1,60.0
2025-12-24 14:00:00,0.4,2.5,0.034,0.14,58.0
2025-12-24 15:00:00,0.3,1.7,0.034,0.05,59.0
2025-12-24 16:00:00,0.2,2.0,0.033,0.01,60.0
2025-12-24 17:00:00,0.2,1.9,0.033,0.0,60.0
2025-12-24 18:00:00,0.2,1.6,0.033,0.0,61.0
2025-12-24 19:00:00,0.1,2.1,0.032,0.0,61.0
2025-12-24 20:00:00,0.1,1.5,0.033,0.0,60.0
2025-12-24 21:00:00,0.1,1.3,0.032,0.0,60.0
2025-12-24 22:00:00,0.1,1.4,0.033,0.0,61.0
2025-12-24 23:00:00,0.1,1.3,0.032,0.0,58.0
2025-12-25 00:00:00,0.0,1.1,0.032,0.0,57.0
2025-12-25 01:00:00,0.0,0.9,0.031,0.0,57.0
2025-12-25 02:00:00,0.1,1.0,0.03,0.0,56.0
2025-12-25 03:00:00,0.1,1.2,0.029,0.0,56.0
2025-12-25 04:00:00,0.1,1.4,0.027,0.0,55.0
2025-12-25 05:00:00,0.1,1.6,0.028,0.0,56.0
2025-12-25 06:00:00,0.0,0.6,0.034,0.0,54.0
2025-12-25 07:00:00,0.1,0.8,0.032,0.0,53.0
2025-12-25 08:00:00,0.0,0.8,0.031,0.03,53.0
2025-12-25 09:00:00,0.0,0.6,0.032,0.13,54.0
2025-12-25 10:00:00,0.0,0.7,0.036,0.24,56.0
2025-12-25 11:00:00,0.1,0.6,0.039,0.5,58.0
2025-12-25 12:00:00,0.1,0.6,0.041,0.5,58.0
2025-12-25 13:00:00,0.0,0.6,0.041,0.36,58.0
2025-12-25 14:00:00,0.1,0.5,0.041,0.4,58.0
2025-12-25 15:00:00,0.1,0.6,0.041,0.3,58.0
2025-12-25 16:00:00,0.0,0.8,0.042,0.09,57.0
2025-12-25 17:00:00,0.0,1.4,0.037,0.0,53.0
2025-12-25 18:00:00,0.0,2.0,0.039,0.0,53.0
2025-12-25 19:00:00,0.1,2.1,0.04,0.0,54.0
2025-12-25 20:00:00,0.0,1.5,0.04,0.0,53.0
2025-12-25 21:00:00,0.1,2.2,0.036,0.0,50.0
2025-12-25 22:00:00,0.3,9.4,0.025,0.0,47.0
2025-12-25 23:00:00,0.4,8.3,0.025,0.0,45.0
2025-12-26 00:00:00,0.2,4.2,0.028,0.0,45.0
2025-12-26 01:00:00,0.9,5.3,0.024,0.0,44.0
2025-12-26 02:00:00,0.1,3.8,0.026,0.0,45.0
2025-12-26 03:00:00,0.1,4.6,0.026,0.0,46.0
2025-12-26 04:00:00,,,0.026,0.0,45.0
2025-12-26 05:00:00,0.2,5.4,0.026,0.0,46.0
2025-12-26 06:00:00,0.2,4.7,0.029,0.0,48.0
2025-12-26 07:00:00,0.4,8.6,0.027,0.0,48.0
2025-12-26 08:00:00,1.1,11.4,0.021,0.02,47.0
2025-12-26 09:00:00,2.3,12.9,0.02,0.06,47.0
2025-12-26 10:00:00,2.0,8.8,0.026,0.15,49.0
2025-12-26 11:00:00,0.8,5.1,0.03,0.11,50.0
2025-12-26 12:00:00,2.4,11.1,0.023,0.16,51.0
2025-12-26 13:00:00,1.5,6.1,0.031,0.24,52.0
2025-12-26 14:00:00,0.9,6.1,0.031,0.15,53.0
2025-12-26 15:00:00,0.3,2.7,0.036,0.05,55.0
2025-12-26 16:00:00,0.3,1.3,0.038,0.03,55.0
2025-12-26 17:00:00,0.3,1.3,0.037,0.0,53.0
2025-12-26 18:00:00,0.1,2.1,0.037,0.0,52.0
2025-12-26 19:00:00,0.0,1.4,0.039,0.0,51.0
2025-12-26 20:00:00,0.0,1.1,0.039,0.0,51.0
2025-12-26 21:00:00,0.0,1.0,0.039,0.0,50.0
2025-12-26 22:00:00,0.0,0.7,0.039,0.0,49.0
2025-12-26 23:00:00,0.0,0.8,0.04,0.0,49.0
2025-12-27 00:00:00,0.0,0.6,0.041,0.0,49.0
2025-12-27 01:00:00,0.0,1.0,0.039,0.0,46.0
2025-12-27 02:00:00,0.0,1.1,0.04,0.0,41.0
2025-12-27 03:00:00,0.0,1.3,0.04,0.0,41.0
2025-12-27 04:00:00,0.0,1.5,,0.0,40.0
2025-12-27 05:00:00,0.0,6.0,0.034,0.0,40.0
2025-12-27 06:00:00,0.0,6.6,0.034,0.0,40.0
2025-12-27 07:00:00,0.3,5.7,0.034,0.0,39.0
2025-12-27 08:00:00,0.3,1.0,0.038,0.01,37.0
2025-12-27 09:00:00,0.3,2.0,0.039,0.03,37.0
2025-12-27 10:00:00,0.3,3.0,0.039,0.11,35.0
2025-12-27 11:00:00,0.3,2.0,0.041,0.16,37.0
2025-12-27 12:00:00,1.0,3.5,0.04,0.43,39.0
2025-12-27 13:00:00,0.2,1.1,0.042,0.43,42.0
2025-12-27 14:00:00,0.4,1.8,0.039,0.32,42.0
2025-12-27 15:00:00,0.3,1.6,0.038,0.17,43.0
2025-12-27 16:00:00,0.5,3.6,0.037,0.07,41.0
2025-12-27 17:00:00,0.1,4.2,0.036,0.0,40.0
2025-12-27 18:00:00,0.1,3.6,0.036,0.0,40.0
2025-12-27 19:00:00,-0.1,2.1,0.034,0.0,37.0
2025-12-27 20:00:00,0.1,1.8,0.037,0.0,36.0
2025-12-27 21:00:00,0.1,1.0,0.04,0.0,36.0
2025-12-27 22:00:00,0.0,1.1,0.04,0.0,36.0
2025-12-27 23:00:00,0.0,0.8,0.041,0.0,35.0
2025-12-28 00:00:00,0.1,1.1,0.041,0.0,34.0
2025-12-28 01:00:00,0.0,1.8,0.04,0.0,33.0
2025-12-28 02:00:00,-0.1,1.3,0.041,0.0,32.0
2025-12-28 03:00:00,0.0,1.5,0.04,0.0,32.0
2025-12-28 04:00:00,,,0.039,0.0,30.0
2025-12-28 05:00:00,0.0,1.8,0.037,0.0,29.0
2025-12-28 06:00:00,0.0,1.9,0.037,0.0,29.0
2025-12-28 07:00:00,0.3,4.4,0.032,0.0,27.0
2025-12-28 08:00:00,0.6,3.8,0.032,0.08,28.0
2025-12-28 09:00:00,1.0,2.8,0.035,0.32,29.0
2025-12-28 10:00:00,1.4,2.9,0.035,0.52,30.0
2025-12-28 11:00:00,1.8,3.4,0.036,0.65,32.0
2025-12-28 12:00:00,1.2,2.6,0.038,0.72,33.0
2025-12-28 13:00:00,0.8,1.8,0.041,0.68,33.0
2025-12-28 14:00:00,0.6,1.6,0.042,0.57,34.0
2025-12-28 15:00:00,0.7,2.2,0.04,0.35,34.0
2025-12-28 16:00:00,0.4,3.1,0.039,0.14,34.0
2025-12-28 17:00:00,0.8,6.0,0.034,0.0,32.0
2025-12-28 18:00:00,0.2,6.2,0.031,0.0,31.0
2025-12-28 19:00:00,0.1,4.6,0.031,0.0,30.0
2025-12-28 20:00:00,0.3,9.6,0.025,0.0,28.0
2025-12-28 21:00:00,0.9,11.1,0.024,0.0,27.0
2025-12-28 22:00:00,0.8,8.7,0.025,0.0,26.0
2025-12-28 23:00:00,0.7,6.3,0.027,0.0,25.0
2025-12-29 00:00:00,0.7,7.3,0.024,0.0,24.0
2025-12-29 01:00:00,0.7,6.0,0.026,0.0,24.0
2025-12-29 02:00:00,0.9,6.9,0.022,0.0,23.0
2025-12-29 03:00:00,0.7,4.8,0.025,0.0,23.0
2025-12-29 04:00:00,0.7,4.6,0.024,0.0,22.0
2025-12-29 05:00:00,1.5,7.4,0.022,0.0,22.0
2025-12-29 06:00:00,2.5,9.1,0.02,0.0,22.0
2025-12-29 07:00:00,2.5,9.4,0.021,0.0,22.0
2025-12-29 08:00:00,9.8,14.3,0.019,0.1,23.0
2025-12-29 09:00:00,4.3,7.5,0.025,0.31,25.0
2025-12-29 10:00:00,3.4,4.9,0.028,0.51,28.0
2025-12-29 11:00:00,3.8,5.6,0.028,0.64,30.0
2025-12-29 12:00:00,3.5,5.6,0.029,0.7,32.0
2025-12-29 13:00:00,3.6,6.5,0.03,0.67,33.0
2025-12-29 14:00:00,2.2,5.3,0.032,0.56,34.0
2025-12-29 15:00:00,2.0,5.8,0.032,0.37,35.0
2025-12-29 16:00:00,1.3,6.2,0.033,0.15,35.0
2025-12-29 17:00:00,2.9,16.7,0.021,0.0,32.0
2025-12-29 18:00:00,1.3,17.2,0.019,0.0,31.0
2025-12-29 19:00:00,5.3,25.5,0.011,0.0,31.0
2025-12-29 20:00:00,2.1,20.5,0.012,0.0,29.0
2025-12-29 21:00:00,3.1,22.1,0.01,0.0,28.0
2025-12-29 22:00:00,9.1,27.5,0.004,0.0,28.0
2025-12-29 23:00:00,16.5,26.6,0.001,0.0,27.0
2025-12-30 00:00:00,12.1,28.8,0.001,0.0,26.0
2025-12-30 01:00:00,0.9,10.8,0.016,0.0,27.0
2025-12-30 02:00:00,0.8,13.3,0.012,0.0,26.0
2025-12-30 03:00:00,1.6,16.3,0.007,0.0,24.0
2025-12-30 04:00:00,6.3,23.9,0.003,0.0,22.0
2025-12-30 05:00:00,3.6,22.6,0.004,0.0,23.0
2025-12-30 06:00:00,8.6,24.4,0.003,0.0,23.0
2025-12-30 07:00:00,24.1,26.9,0.002,0.0,24.0
2025-12-30 08:00:00,25.7,24.9,0.005,0.09,24.0
2025-12-30 09:00:00,33.1,22.9,0.009,0.31,27.0
2025-12-30 10:00:00,9.6,11.8,0.019,0.51,30.0
2025-12-30 11:00:00,8.5,10.8,0.021,0.64,33.0
2025-12-30 12:00:00,8.2,10.7,0.022,0.7,36.0
2025-12-30 13:00:00,8.9,12.3,0.022,0.67,37.0
2025-12-30 14:00:00,6.5,11.1,0.024,0.56,38.0
2025-12-30 15:00:00,4.1,11.0,0.023,0.38,40.0
2025-12-30 16:00:00,3.4,12.6,0.024,0.14,40.0
2025-12-30 17:00:00,2.9,18.8,0.016,0.0,36.0
2025-12-30 18:00:00,2.9,24.2,0.007,0.0,34.0
2025-12-30 19:00:00,11.4,28.9,0.003,0.0,33.0
2025-12-30 20:00:00,31.2,30.6,0.0,0.0,32.0
2025-12-30 21:00:00,19.7,28.5,0.001,0.0,31.0
2025-12-30 22:00:00,41.6,25.6,0.001,0.0,29.0
2025-12-30 23:00:00,28.0,28.0,0.001,0.0,29.0
2025-12-31 00:00:00,30.9,25.7,0.001,0.0,28.0
2025-12-31 01:00:00,23.0,23.9,0.001,0.0,27.0
2025-12-31 02:00:00,24.2,24.0,0.001,0.0,27.0
2025-12-31 03:00:00,4.3,18.6,0.003,0.0,27.0
2025-12-31 04:00:00,3.4,21.0,0.002,0.0,26.0
2025-12-31 05:00:00,6.0,23.1,0.001,0.0,25.0
2025-12-31 06:00:00,13.3,23.3,0.001,0.0,25.0
2025-12-31 07:00:00,43.7,25.2,0.001,0.0,25.0
2025-12-31 08:00:00,39.8,26.0,0.004,0.1,26.0
2025-12-31 09:00:00,20.8,18.9,0.009,0.28,29.0
2025-12-31 10:00:00,15.1,15.4,0.014,0.46,32.0
2025-12-31 11:00:00,10.4,12.1,0.018,0.65,36.0
2025-12-31 12:00:00,13.2,14.3,0.018,0.7,39.0
2025-12-31 13:00:00,10.6,15.4,0.019,0.54,42.0
2025-12-31 14:00:00,7.9,13.4,0.021,0.56,43.0
2025-12-31 15:00:00,5.3,13.5,0.02,0.33,41.0
2025-12-31 16:00:00,1.7,13.1,0.022,0.05,38.0
2025-12-31 17:00:00,3.7,20.1,0.013,0.0,37.0
2025-12-31 18:00:00,12.1,32.1,0.002,0.0,38.0
2025-12-31 19:00:00,20.6,31.1,0.001,0.0,37.0
2025-12-31 20:00:00,17.6,27.0,0.001,0.0,35.0
2025-12-31 21:00:00,28.3,28.8,0.001,0.0,35.0
2025-12-31 22:00:00,28.4,25.8,0.0,0.0,34.0
2025-12-31 23:00:00,30.9,25.4,0.001,0.0,33.0
2026-01-01 00:00:00,46.6,26.5,0.001,0.0,34.0
2026-01-01 01:00:00,46.6,22.0,0.001,0.0,34.0
2026-01-01 02:00:00,40.3,23.0,0.001,0.0,35.0
2026-01-01 03:00:00,34.4,24.2,0.001,0.0,35.0
2026-01-01 04:00:00,36.2,25.6,0.001,0.0,35.0
2026-01-01 05:00:00,15.2,24.4,0.001,0.0,35.0
2026-01-01 06:00:00,7.2,22.6,0.0,0.0,35.0
2026-01-01 07:00:00,10.4,23.8,0.001,0.0,35.0
2026-01-01 08:00:00,3.2,18.2,0.004,0.01,34.0
2026-01-01 09:00:00,3.1,14.8,0.008,0.06,35.0
2026-01-01 10:00:00,6.2,16.6,0.009,0.1,37.0
2026-01-01 11:00:00,8.4,18.4,0.008,0.1,38.0
2026-01-01 12:00:00,3.5,13.5,0.018,0.07,41.0
2026-01-01 13:00:00,4.8,16.7,0.014,0.09,41.0
2026-01-01 14:00:00,1.4,8.7,0.023,0.1,43.0
2026-01-01 15:00:00,0.9,6.7,0.023,0.07,43.0
2026-01-01 16:00:00,0.9,7.0,0.022,0.02,44.0
2026-01-01 17:00:00,0.7,7.7,0.021,0.0,45.0
2026-01-01 18:00:00,0.6,6.9,0.021,0.0,46.0
2026-01-01 19:00:00,1.5,13.5,0.013,0.0,45.0
2026-01-01 20:00:00,0.6,7.2,0.017,0.0,45.0
2026-01-01 21:00:00,0.3,7.7,0.016,0.0,44.0
2026-01-01 22:00:00,0.5,10.1,0.014,0.0,44.0
2026-01-01 23:00:00,0.6,9.5,0.016,0.0,45.0
2026-01-02 00:00:00,0.6,8.8,0.016,0.0,45.0
2026-01-02 01:00:00,1.2,11.0,0.013,0.0,44.0
2026-01-02 02:00:00,0.2,8.0,0.015,0.0,44.0
2026-01-02 03:00:00,0.2,9.0,0.014,0.0,44.0
2026-01-02 04:00:00,,,0.024,0.0,45.0
2026-01-02 05:00:00,0.2,1.6,0.028,0.0,44.0
2026-01-02 06:00:00,0.1,7.5,0.014,0.0,40.0
2026-01-02 07:00:00,0.3,11.2,0.009,0.0,39.0
2026-01-02 08:00:00,2.4,12.6,0.01,0.01,40.0
2026-01-02 09:00:00,5.2,15.0,0.009,0.05,40.0
2026-01-02 10:00:00,4.0,11.1,0.016,0.13,40.0
2026-01-02 11:00:00,1.6,6.0,0.022,0.16,41.0
2026-01-02 12:00:00,1.5,6.1,0.021,0.15,42.0
2026-01-02 13:00:00,3.4,9.2,0.018,0.23,42.0
2026-01-02 14:00:00,2.7,6.5,0.025,0.36,44.0
2026-01-02 15:00:00,1.0,5.9,0.027,0.17,46.0
2026-01-02 16:00:00,1.6,9.7,0.023,0.05,46.0
2026-01-02 17:00:00,2.6,17.0,0.015,0.0,45.0
2026-01-02 18:00:00,1.7,13.2,0.015,0.0,45.0
2026-01-02 19:00:00,4.8,24.1,0.004,0.0,45.0
2026-01-02 20:00:00,4.8,20.5,0.006,0.0,43.0
2026-01-02 21:00:00,2.5,10.2,0.015,0.0,43.0
2026-01-02 22:00:00,0.8,6.2,0.021,0.0,44.0
2026-01-02 23:00:00,0.6,4.3,0.021,0.0,43.0
2026-01-03 00:00:00,0.5,3.4,0.021,0.0,44.0
2026-01-03 01:00:00,2.7,6.1,0.018,0.0,44.0
2026-01-03 02:00:00,0.4,2.7,0.023,0.0,44.0
2026-01-03 03:00:00,0.6,2.3,0.022,0.0,43.0
2026-01-03 04:00:00,0.6,2.5,,0.0,44.0
2026-01-03 05:00:00,1.6,4.8,0.023,0.0,44.0
2026-01-03 06:00:00,0.6,3.3,0.025,0.0,45.0
2026-01-03 07:00:00,0.6,3.1,0.025,0.0,45.0
2026-01-03 08:00:00,0.8,3.1,0.026,0.05,46.0
2026-01-03 09:00:00,1.3,3.5,0.026,0.1,47.0
2026-01-03 10:00:00,1.7,4.7,0.024,0.14,47.0
2026-01-03 11:00:00,1.4,4.0,0.026,0.24,48.0
2026-01-03 12:00:00,1.1,2.8,0.027,0.32,49.0
2026-01-03 13:00:00,0.9,3.2,0.028,0.24,49.0
2026-01-03 14:00:00,0.9,3.7,0.027,0.19,49.0
2026-01-03 15:00:00,1.0,5.3,0.025,0.1,49.0
2026-01-03 16:00:00,1.4,11.4,0.019,0.02,49.0
2026-01-03 17:00:00,1.3,9.1,0.023,0.0,49.0
2026-01-03 18:00:00,1.1,6.3,0.025,0.0,48.0
2026-01-03 19:00:00,0.8,3.7,0.026,0.0,48.0
2026-01-03 20:00:00,1.8,7.3,0.022,0.0,48.0
2026-01-03 21:00:00,1.4,5.1,0.024,0.0,48.0
2026-01-03 22:00:00,1.8,5.2,0.028,0.0,49.0
2026-01-03 23:00:00,0.3,2.5,0.027,0.0,48.0
2026-01-04 00:00:00,0.4,4.4,0.025,0.0,48.0
2026-01-04 01:00:00,0.6,2.7,0.028,0.0,49.0
2026-01-04 02:00:00,0.2,2.7,0.027,0.0,49.0
2026-01-04 03:00:00,0.3,2.5,0.029,0.0,50.0
2026-01-04 04:00:00,,,0.03,0.0,50.0
2026-01-04 05:00:00,0.5,3.9,0.025,0.0,48.0
2026-01-04 06:00:00,0.3,3.9,0.024,0.0,47.0
2026-01-04 07:00:00,0.6,4.4,0.026,0.0,48.0
2026-01-04 08:00:00,0.8,4.3,0.026,0.05,48.0
2026-01-04 09:00:00,0.9,3.8,0.026,0.12,49.0
2026-01-04 10:00:00,0.7,3.4,0.028,0.18,50.0
2026-01-04 11:00:00,1.0,3.6,0.027,0.21,51.0
2026-01-04 12:00:00,0.4,2.7,0.031,0.14,52.0
2026-01-04 13:00:00,0.4,3.2,0.033,0.1,53.0
2026-01-04 14:00:00,0.1,1.9,0.034,0.15,52.0
2026-01-04 15:00:00,0.4,2.3,0.03,0.12,49.0
2026-01-04 16:00:00,0.7,5.4,0.028,0.03,49.0
2026-01-04 17:00:00,0.4,8.4,0.024,0.0,49.0
2026-01-04 18:00:00,0.4,9.9,0.021,0.0,49.0
2026-01-04 19:00:00,0.1,9.1,0.021,0.0,49.0
2026-01-04 20:00:00,0.2,4.9,0.024,0.0,48.0
2026-01-04 21:00:00,0.3,6.3,0.025,0.0,49.0
2026-01-04 22:00:00,0.2,3.4,0.03,0.0,49.0
2026-01-04 23:00:00,0.1,1.0,0.035,0.0,49.0
2026-01-05 00:00:00,0.1,1.1,0.039,0.0,50.0
2026-01-05 01:00:00,0.1,0.9,0.039,0.0,49.0
2026-01-05 02:00:00,0.1,0.9,0.038,0.0,48.0
2026-01-05 03:00:00,0.0,0.9,0.038,0.0,48.0
2026-01-05 04:00:00,0.1,1.4,0.038,0.0,47.0
2026-01-05 05:00:00,0.1,1.4,0.037,0.0,46.0
2026-01-05 06:00:00,0.4,2.2,0.035,0.0,46.0
2026-01-05 07:00:00,0.3,1.8,0.034,0.0,45.0
2026-01-05 08:00:00,0.3,3.4,0.031,0.06,42.0
2026-01-05 09:00:00,0.4,1.9,0.038,0.04,40.0
2026-01-05 10:00:00,0.4,1.3,0.041,0.07,39.0
2026-01-05 11:00:00,2.9,8.6,0.034,0.24,38.0
2026-01-05 12:00:00,2.0,6.4,0.038,0.19,40.0
2026-01-05 13:00:00,2.2,6.5,0.037,0.21,40.0
2026-01-05 14:00:00,1.6,5.1,0.038,0.25,40.0
2026-01-05 15:00:00,3.1,8.8,0.033,0.18,42.0
2026-01-05 16:00:00,3.5,15.0,0.026,0.12,42.0
2026-01-05 17:00:00,4.9,16.5,0.023,0.0,41.0
2026-01-05 18:00:00,3.7,22.9,0.013,0.0,39.0
2026-01-05 19:00:00,5.7,26.9,0.007,0.0,37.0
2026-01-05 20:00:00,2.1,18.9,0.014,0.0,37.0
2026-01-05 21:00:00,1.2,7.7,0.025,0.0,38.0
2026-01-05 22:00:00,1.3,8.3,0.026,0.0,38.0
2026-01-05 23:00:00,1.1,6.7,0.027,0.0,38.0
2026-01-06 00:00:00,0.5,5.4,0.027,0.0,37.0
2026-01-06 01:00:00,0.8,5.6,0.028,0.0,37.0
2026-01-06 02:00:00,1.3,8.9,0.025,0.0,37.0
2026-01-06 03:00:00,1.2,5.3,0.03,0.0,37.0
2026-01-06 04:00:00,1.7,6.7,0.027,0.0,36.0
2026-01-06 05:00:00,2.9,10.2,0.025,0.0,35.0
2026-01-06 06:00:00,2.1,10.4,0.023,0.0,35.0
2026-01-06 07:00:00,4.7,11.3,0.022,0.0,34.0
2026-01-06 08:00:00,5.0,11.1,0.024,0.1,35.0
2026-01-06 09:00:00,4.7,7.5,0.026,0.32,37.0
2026-01-06 10:00:00,4.4,5.6,0.027,0.51,39.0
2026-01-06 11:00:00,4.6,6.1,0.03,0.66,43.0
2026-01-06 12:00:00,3.8,5.2,0.034,0.72,46.0
2026-01-06 13:00:00,2.0,3.5,0.039,0.7,48.0
2026-01-06 14:00:00,1.3,3.2,0.04,0.63,49.0
2026-01-06 15:00:00,1.3,2.5,0.041,0.43,50.0
2026-01-06 16:00:00,2.0,4.8,0.037,0.18,49.0
2026-01-06 17:00:00,2.5,14.4,0.027,0.0,47.0
2026-01-06 18:00:00,1.5,16.1,0.022,0.0,43.0
2026-01-06 19:00:00,0.8,13.0,0.024,0.0,42.0
2026-01-06 20:00:00,0.8,8.4,0.026,0.0,41.0
2026-01-06 21:00:00,1.1,7.8,0.026,0.0,40.0
2026-01-06 22:00:00,0.9,8.1,0.025,0.0,39.0
2026-01-06 23:00:00,2.0,11.4,0.022,0.0,38.0
2026-01-07 00:00:00,0.9,8.0,0.024,0.0,37.0
2026-01-07 01:00:00,2.3,10.6,0.023,0.0,37.0
2026-01-07 02:00:00,3.4,11.1,0.025,0.0,38.0
2026-01-07 03:00:00,4.7,10.8,0.025,0.0,37.0
2026-01-07 04:00:00,2.2,7.6,0.027,0.0,37.0
2026-01-07 05:00:00,2.4,7.6,0.025,0.0,36.0
2026-01-07 06:00:00,2.0,8.9,0.024,0.0,34.0
2026-01-07 07:00:00,2.7,10.0,0.022,0.0,35.0
2026-01-07 08:00:00,10.1,13.2,0.02,0.06,35.0
2026-01-07 09:00:00,5.3,8.8,0.024,0.31,37.0
2026-01-07 10:00:00,3.8,7.4,0.025,0.25,39.0
2026-01-07 11:00:00,4.5,5.2,0.031,0.65,44.0
2026-01-07 12:00:00,2.0,3.2,0.036,0.76,48.0
2026-01-07 13:00:00,1.6,3.3,0.037,0.45,48.0
2026-01-07 14:00:00,1.2,1.7,0.038,0.33,48.0
2026-01-07 15:00:00,1.5,1.9,0.037,0.29,48.0
2026-01-07 16:00:00,0.7,2.4,0.038,0.04,46.0
2026-01-07 17:00:00,1.4,6.2,0.033,0.0,44.0
2026-01-07 18:00:00,1.1,5.6,0.033,0.0,44.0
2026-01-07 19:00:00,0.0,2.8,0.038,0.0,42.0
2026-01-07 20:00:00,0.2,3.7,0.037,0.0,39.0
2026-01-07 21:00:00,0.4,8.4,0.031,0.0,38.0
2026-01-07 22:00:00,0.4,12.7,0.025,0.0,38.0
2026-01-07 23:00:00,0.4,6.5,0.031,0.0,38.0
2026-01-08 00:00:00,0.7,12.1,0.019,0.0,38.0
2026-01-08 01:00:00,0.3,6.8,0.028,0.0,38.0
2026-01-08 02:00:00,0.0,3.5,0.033,0.0,35.0
2026-01-08 03:00:00,0.4,5.6,0.032,0.0,35.0
2026-01-08 04:00:00,0.0,3.5,0.032,0.0,35.0
2026-01-08 05:00:00,0.2,4.0,0.032,0.0,34.0
2026-01-08 06:00:00,0.8,3.9,0.033,0.0,35.0
2026-01-08 07:00:00,0.9,6.1,0.033,0.0,34.0
2026-01-08 08:00:00,3.2,9.8,0.026,0.04,34.0
2026-01-08 09:00:00,2.3,9.3,0.031,0.11,35.0
2026-01-08 10:00:00,2.2,5.5,0.034,0.24,36.0
2026-01-08 11:00:00,2.3,4.7,0.036,0.43,37.0
2026-01-08 12:00:00,2.1,5.7,0.037,0.36,37.0
2026-01-08 13:00:00,1.6,3.7,0.037,0.29,37.0
2026-01-08 14:00:00,1.5,3.6,0.037,0.2,35.0
2026-01-08 15:00:00,1.1,3.1,0.038,0.16,33.0
2026-01-08 16:00:00,0.2,2.1,0.039,0.05,32.0
2026-01-08 17:00:00,0.9,3.9,0.037,0.0,31.0
2026-01-08 18:00:00,0.2,2.3,0.039,0.0,31.0
2026-01-08 19:00:00,0.2,1.3,0.041,0.0,31.0
2026-01-08 20:00:00,0.0,1.3,0.041,0.0,30.0
2026-01-08 21:00:00,0.0,1.4,0.039,0.0,30.0
2026-01-08 22:00:00,0.1,2.6,0.037,0.0,28.0
2026-01-08 23:00:00,0.1,2.1,0.037,0.0,27.0
2026-01-09 00:00:00,0.1,1.2,0.039,0.0,26.0
2026-01-09 01:00:00,0.2,1.7,0.039,0.0,26.0
2026-01-09 02:00:00,0.1,1.8,0.038,0.0,26.0
2026-01-09 03:00:00,0.2,2.3,0.037,0.0,26.0
2026-01-09 04:00:00,,,0.037,0.0,26.0
2026-01-09 05:00:00,0.0,2.7,0.037,0.0,26.0
2026-01-09 06:00:00,0.6,5.2,0.034,0.0,26.0
2026-01-09 07:00:00,1.4,10.2,0.029,0.0,25.0
2026-01-09 08:00:00,2.2,7.5,0.031,0.06,26.0
2026-01-09 09:00:00,5.9,11.5,0.03,0.31,27.0
2026-01-09 10:00:00,5.5,9.2,0.033,0.43,28.0
2026-01-09 11:00:00,8.8,9.5,0.033,0.65,29.0
2026-01-09 12:00:00,7.5,7.6,0.035,0.46,30.0
2026-01-09 13:00:00,7.5,7.8,0.037,0.44,31.0
2026-01-09 14:00:00,1.3,3.3,0.04,0.25,31.0
2026-01-09 15:00:00,1.3,3.4,0.04,0.25,32.0
2026-01-09 16:00:00,0.8,3.5,0.039,0.2,32.0
2026-01-09 17:00:00,0.1,3.8,0.037,0.0,30.0
2026-01-09 18:00:00,0.1,3.3,0.036,0.0,29.0
2026-01-09 19:00:00,1.1,12.6,0.025,0.0,28.0
2026-01-09 20:00:00,2.2,17.6,0.02,0.0,28.0
2026-01-09 21:00:00,1.2,13.1,0.022,0.0,25.0
2026-01-09 22:00:00,1.0,8.8,0.026,0.0,24.0
2026-01-09 23:00:00,1.1,8.4,0.026,0.0,24.0
2026-01-10 00:00:00,1.1,7.2,0.027,0.0,23.0
2026-01-10 01:00:00,1.0,6.9,0.025,0.0,23.0
2026-01-10 02:00:00,1.8,9.4,0.022,0.0,23.0
2026-01-10 03:00:00,1.1,7.3,0.025,0.0,24.0
2026-01-10 04:00:00,1.2,7.2,,0.0,24.0
2026-01-10 05:00:00,1.1,8.3,0.025,0.0,25.0
2026-01-10 06:00:00,1.6,8.9,0.025,0.0,25.0
2026-01-10 07:00:00,1.9,12.9,0.021,0.0,25.0
2026-01-10 08:00:00,2.2,9.2,0.024,0.06,25.0
2026-01-10 09:00:00,4.7,9.3,0.024,0.28,26.0
2026-01-10 10:00:00,2.5,5.6,0.028,0.38,28.0
2026-01-10 11:00:00,3.0,5.1,0.03,0.65,30.0
2026-01-10 12:00:00,2.3,4.1,0.032,0.74,33.0
2026-01-10 13:00:00,1.2,2.9,0.036,0.71,33.0
2026-01-10 14:00:00,0.7,1.9,0.039,0.6,34.0
2026-01-10 15:00:00,0.3,1.7,0.042,0.42,34.0
2026-01-10 16:00:00,0.6,2.4,0.041,0.19,34.0
2026-01-10 17:00:00,0.2,4.3,0.037,0.0,32.0
2026-01-10 18:00:00,0.3,11.3,0.027,0.0,30.0
2026-01-10 19:00:00,1.0,22.5,0.013,0.0,29.0
2026-01-10 20:00:00,0.9,17.6,0.016,0.0,28.0
2026-01-10 21:00:00,1.1,12.6,0.021,0.0,28.0
2026-01-10 22:00:00,1.5,12.0,0.023,0.0,28.0
2026-01-10 23:00:00,1.4,16.7,0.015,0.0,27.0
2026-01-11 00:00:00,2.2,16.7,0.014,0.0,26.0
2026-01-11 01:00:00,1.4,11.7,0.019,0.0,26.0
2026-01-11 02:00:00,0.4,11.4,0.015,0.0,25.0
2026-01-11 03:00:00,1.1,12.2,0.016,0.0,24.0
2026-01-11 04:00:00,,,0.019,0.0,24.0
2026-01-11 05:00:00,1.6,15.4,0.013,0.0,24.0
2026-01-11 06:00:00,2.9,22.3,0.006,0.0,23.0
2026-01-11 07:00:00,1.5,17.7,0.012,0.0,24.0
2026-01-11 08:00:00,3.1,14.2,0.013,0.06,23.0
2026-01-11 09:00:00,5.4,11.9,0.017,0.18,25.0
2026-01-11 10:00:00,7.0,9.9,0.02,0.46,28.0
2026-01-11 11:00:00,3.9,6.8,0.027,0.61,32.0
2026-01-11 12:00:00,2.3,5.9,0.029,0.59,33.0
2026-01-11 13:00:00,2.6,6.4,0.029,0.59,35.0
2026-01-11 14:00:00,1.9,5.5,0.03,0.48,36.0
2026-01-11 15:00:00,0.9,4.6,0.031,0.34,36.0
2026-01-11 16:00:00,0.4,4.8,0.033,0.15,36.0
2026-01-11 17:00:00,0.1,6.7,0.031,0.0,33.0
2026-01-11 18:00:00,4.8,13.1,0.025,0.0,31.0
2026-01-11 19:00:00,7.4,30.0,0.008,0.0,31.0
2026-01-11 20:00:00,11.0,30.7,0.002,0.0,29.0
2026-01-11 21:00:00,32.8,32.1,0.001,0.0,28.0
2026-01-11 22:00:00,17.7,28.5,0.001,0.0,28.0
2026-01-11 23:00:00,12.7,26.2,0.002,0.0,26.0
2026-01-12 00:00:00,24.1,26.1,0.001,0.0,26.0
2026-01-12 01:00:00,10.0,21.1,0.004,0.0,26.0
2026-01-12 02:00:00,8.2,20.3,0.002,0.0,25.0
2026-01-12 03:00:00,17.4,21.9,0.001,0.0,24.0
2026-01-12 04:00:00,18.0,24.9,0.002,0.0,25.0
2026-01-12 05:00:00,13.3,25.2,0.001,0.0,24.0
2026-01-12 06:00:00,32.4,26.2,0.001,0.0,24.0
2026-01-12 07:00:00,45.7,26.6,0.001,0.0,22.0
2026-01-12 08:00:00,92.1,32.9,0.003,0.08,25.0
2026-01-12 09:00:00,45.6,24.7,0.008,0.3,28.0
2026-01-12 10:00:00,10.3,11.7,0.018,0.53,31.0
2026-01-12 11:00:00,10.5,11.2,0.021,0.66,35.0
2026-01-12 12:00:00,7.2,10.8,0.023,0.73,37.0
2026-01-12 13:00:00,8.2,12.3,0.023,0.71,39.0
2026-01-12 14:00:00,4.8,9.6,0.024,0.6,40.0
2026-01-12 15:00:00,3.0,9.3,0.026,0.43,40.0
2026-01-12 16:00:00,1.8,11.3,0.025,0.21,39.0
2026-01-12 17:00:00,3.5,19.0,0.02,0.01,36.0
2026-01-12 18:00:00,5.5,28.0,0.012,0.0,35.0
2026-01-12 19:00:00,11.8,33.9,0.004,0.0,34.0
2026-01-12 20:00:00,42.6,34.6,0.001,0.0,33.0
2026-01-12 21:00:00,46.4,30.3,0.001,0.0,31.0
2026-01-12 22:00:00,35.2,31.1,0.001,0.0,30.0
2026-01-12 23:00:00,33.5,29.5,0.002,0.0,30.0
2026-01-13 00:00:00,9.9,28.2,0.003,0.0,30.0
2026-01-13 01:00:00,8.6,24.9,0.001,0.0,28.0
2026-01-13 02:00:00,11.9,24.9,0.001,0.0,28.0
2026-01-13 03:00:00,11.0,24.8,0.001,0.0,28.0
2026-01-13 04:00:00,12.8,24.3,0.001,0.0,27.0
2026-01-13 05:00:00,19.0,24.3,0.001,0.0,27.0
2026-01-13 06:00:00,40.8,27.4,0.001,0.0,27.0
2026-01-13 07:00:00,67.5,31.2,0.001,0.0,27.0
2026-01-13 08:00:00,77.4,32.6,0.002,0.06,27.0
2026-01-13 09:00:00,60.5,26.8,0.005,0.27,29.0
2026-01-13 10:00:00,23.8,19.5,0.01,0.41,33.0
2026-01-13 11:00:00,18.3,17.9,0.015,0.67,37.0
2026-01-13 12:00:00,15.0,18.3,0.019,0.73,40.0
2026-01-13 13:00:00,11.7,17.7,0.021,0.66,42.0
2026-01-13 14:00:00,7.6,15.3,0.022,0.52,43.0
2026-01-13 15:00:00,3.0,11.8,0.027,0.31,44.0
2026-01-13 16:00:00,4.5,20.8,0.019,0.13,40.0
2026-01-13 17:00:00,2.9,23.4,0.016,0.01,38.0
2026-01-13 18:00:00,12.2,30.1,0.01,0.0,37.0
2026-01-13 19:00:00,13.4,32.0,0.006,0.0,36.0
2026-01-13 20:00:00,4.0,31.4,0.005,0.0,36.0
2026-01-13 21:00:00,19.6,34.7,0.002,0.0,34.0
2026-01-13 22:00:00,35.5,35.5,0.001,0.0,33.0
2026-01-13 23:00:00,14.1,32.0,0.001,0.0,32.0
2026-01-14 00:00:00,24.1,32.9,0.001,0.0,31.0
2026-01-14 01:00:00,19.9,31.5,0.001,0.0,30.0
2026-01-14 02:00:00,9.0,26.3,0.002,0.0,28.0
2026-01-14 03:00:00,12.6,27.3,0.003,0.0,29.0
2026-01-14 04:00:00,3.9,22.4,0.005,0.0,28.0
2026-01-14 05:00:00,12.8,24.2,0.001,0.0,26.0
2026-01-14 06:00:00,20.6,27.0,0.001,0.0,26.0
2026-01-14 07:00:00,52.8,31.7,0.002,0.0,28.0
2026-01-14 08:00:00,55.9,29.0,0.004,0.1,29.0
2026-01-14 09:00:00,27.6,21.3,0.011,0.31,32.0
2026-01-14 10:00:00,25.8,20.4,0.012,0.51,34.0
2026-01-14 11:00:00,17.6,18.2,0.017,0.66,38.0
2026-01-14 12:00:00,11.7,16.4,0.021,0.74,41.0
2026-01-14 13:00:00,10.6,17.3,0.023,0.72,43.0
2026-01-14 14:00:00,8.1,16.8,0.03,0.62,45.0
2026-01-14 15:00:00,2.9,13.3,0.034,0.44,46.0
2026-01-14 16:00:00,3.0,18.9,0.026,0.21,43.0
2026-01-14 17:00:00,0.9,23.1,0.022,0.01,39.0
2026-01-14 18:00:00,3.9,35.6,0.007,0.0,38.0
2026-01-14 19:00:00,18.6,42.9,0.002,0.0,37.0
2026-01-14 20:00:00,45.1,41.6,0.002,0.0,36.0
2026-01-14 21:00:00,45.2,38.2,0.002,0.0,34.0
2026-01-14 22:00:00,26.5,32.3,0.006,0.0,34.0
2026-01-14 23:00:00,1.1,18.5,0.017,0.0,34.0
2026-01-15 00:00:00,0.8,18.5,0.015,0.0,33.0
2026-01-15 01:00:00,18.5,30.7,0.001,0.0,30.0
2026-01-15 02:00:00,2.2,15.8,0.019,0.0,33.0
2026-01-15 03:00:00,2.0,16.2,0.015,0.0,31.0
2026-01-15 04:00:00,4.4,24.5,0.007,0.0,29.0
2026-01-15 05:00:00,3.8,20.1,0.012,0.0,30.0
2026-01-15 06:00:00,9.9,28.1,0.002,0.0,26.0
2026-01-15 07:00:00,9.5,23.4,0.008,0.0,29.0
2026-01-15 08:00:00,37.4,28.2,0.004,0.09,28.0
2026-01-15 09:00:00,24.0,18.4,0.009,0.32,30.0
2026-01-15 10:00:00,16.5,15.8,0.015,0.53,35.0
2026-01-15 11:00:00,14.2,16.8,0.019,0.68,38.0
2026-01-15 12:00:00,10.2,13.5,0.021,0.75,40.0
2026-01-15 13:00:00,8.0,13.2,0.026,0.74,43.0
2026-01-15 14:00:00,7.2,15.1,0.027,0.63,44.0
2026-01-15 15:00:00,5.2,14.4,0.03,0.44,46.0
2026-01-15 16:00:00,1.3,11.4,0.033,0.21,45.0
2026-01-15 17:00:00,8.7,29.0,0.014,0.01,43.0
2026-01-15 18:00:00,26.2,41.0,0.001,0.0,40.0
2026-01-15 19:00:00,26.5,38.0,0.001,0.0,37.0
2026-01-15 20:00:00,28.5,35.0,0.001,0.0,35.0
2026-01-15 21:00:00,42.2,37.5,0.002,0.0,34.0
2026-01-15 22:00:00,24.8,34.7,0.002,0.0,33.0
2026-01-15 23:00:00,13.7,32.5,0.004,0.0,31.0
2026-01-16 00:00:00,2.0,19.2,0.013,0.0,31.0
2026-01-16 01:00:00,2.4,20.3,0.01,0.0,30.0
2026-01-16 02:00:00,2.1,17.3,0.013,0.0,29.0
2026-01-16 03:00:00,2.6,16.7,0.015,0.0,29.0
2026-01-16 04:00:00,,,0.006,0.0,28.0
2026-01-16 05:00:00,6.8,23.1,0.005,0.0,26.0
2026-01-16 06:00:00,24.5,27.2,0.002,0.0,26.0
2026-01-16 07:00:00,41.0,29.3,0.001,0.0,26.0
2026-01-16 08:00:00,29.0,25.3,0.004,0.09,26.0
2026-01-16 09:00:00,19.2,19.0,0.011,0.31,30.0
2026-01-16 10:00:00,15.0,16.6,0.015,0.51,34.0
2026-01-16 11:00:00,9.9,12.6,0.019,0.66,37.0
2026-01-16 12:00:00,5.5,11.7,0.027,0.73,39.0
2026-01-16 13:00:00,3.7,11.3,0.033,0.72,39.0
2026-01-16 14:00:00,6.4,16.3,0.028,0.61,39.0
2026-01-16 15:00:00,5.9,14.4,0.031,0.44,41.0
2026-01-16 16:00:00,2.1,15.5,0.029,0.18,40.0
2026-01-16 17:00:00,1.9,19.8,0.023,0.01,38.0
2026-01-16 18:00:00,2.7,18.8,0.022,0.0,36.0
2026-01-16 19:00:00,0.4,15.9,0.022,0.0,34.0
2026-01-16 20:00:00,0.6,19.3,0.018,0.0,34.0
2026-01-16 21:00:00,1.3,24.9,0.013,0.0,34.0
2026-01-16 22:00:00,7.5,29.0,0.005,0.0,31.0
2026-01-16 23:00:00,11.7,33.6,0.001,0.0,30.0
2026-01-17 00:00:00,15.9,31.1,0.001,0.0,28.0
2026-01-17 01:00:00,15.2,28.2,0.001,0.0,27.0
2026-01-17 02:00:00,13.7,29.6,0.002,0.0,27.0
2026-01-17 03:00:00,9.9,30.3,0.001,0.0,27.0
2026-01-17 04:00:00,10.3,28.0,,0.0,26.0
2026-01-17 05:00:00,7.1,28.1,0.002,0.0,26.0
2026-01-17 06:00:00,4.3,22.5,0.008,0.0,26.0
2026-01-17 07:00:00,15.0,26.6,0.003,0.0,24.0
2026-01-17 08:00:00,19.0,24.1,0.008,0.11,26.0
2026-01-17 09:00:00,6.6,13.6,0.018,0.31,30.0
2026-01-17 10:00:00,3.8,9.2,0.024,0.53,33.0
2026-01-17 11:00:00,6.0,11.3,0.025,0.67,36.0
2026-01-17 12:00:00,4.1,10.4,0.03,0.75,40.0
2026-01-17 13:00:00,1.9,7.2,0.036,0.73,39.0
2026-01-17 14:00:00,0.8,5.4,0.039,0.63,40.0
2026-01-17 15:00:00,1.0,6.4,0.038,0.45,41.0
2026-01-17 16:00:00,1.0,8.0,0.035,0.22,40.0
2026-01-17 17:00:00,0.5,9.5,0.031,0.02,38.0
2026-01-17 18:00:00,4.5,20.0,0.017,0.0,35.0
2026-01-17 19:00:00,3.2,30.3,0.006,0.0,34.0
2026-01-17 20:00:00,9.4,33.2,0.003,0.0,33.0
2026-01-17 21:00:00,10.5,28.3,0.01,0.0,32.0
2026-01-17 22:00:00,0.8,11.9,0.026,0.0,33.0
2026-01-17 23:00:00,0.8,10.6,0.025,0.0,32.0
2026-01-18 00:00:00,0.8,8.9,0.028,0.0,32.0
2026-01-18 01:00:00,2.4,14.1,0.022,0.0,30.0
2026-01-18 02:00:00,0.9,7.8,0.027,0.0,31.0
2026-01-18 03:00:00,1.0,8.3,0.026,0.0,30.0
2026-01-18 04:00:00,,,0.026,0.0,30.0
2026-01-18 05:00:00,0.9,8.0,0.027,0.0,30.0
2026-01-18 06:00:00,0.9,6.3,0.028,0.0,30.0
2026-01-18 07:00:00,1.8,12.6,0.021,0.0,29.0
2026-01-18 08:00:00,5.2,15.4,0.019,0.1,29.0
2026-01-18 09:00:00,2.8,6.9,0.027,0.33,32.0
2026-01-18 10:00:00,3.6,7.3,0.027,0.54,34.0
2026-01-18 11:00:00,3.5,7.4,0.029,0.69,38.0
2026-01-18 12:00:00,4.3,8.1,0.03,0.78,41.0
2026-01-18 13:00:00,3.8,8.0,0.032,0.75,43.0
2026-01-18 14:00:00,3.0,8.0,0.031,0.56,43.0
2026-01-18 15:00:00,2.0,8.4,0.031,0.33,43.0
2026-01-18 16:00:00,0.6,5.7,0.038,0.2,42.0
2026-01-18 17:00:00,0.6,10.1,0.03,0.01,40.0
2026-01-18 18:00:00,2.7,30.3,0.009,0.0,38.0
2026-01-18 19:00:00,2.9,28.8,0.006,0.0,35.0
2026-01-18 20:00:00,3.2,22.6,0.011,0.0,33.0
2026-01-18 21:00:00,2.0,23.4,0.01,0.0,33.0
2026-01-18 22:00:00,2.8,27.9,0.007,0.0,32.0
2026-01-18 23:00:00,4.7,29.0,0.006,0.0,32.0
2026-01-19 00:00:00,2.5,25.1,0.008,0.0,31.0
2026-01-19 01:00:00,5.0,25.8,0.005,0.0,29.0
2026-01-19 02:00:00,2.3,16.0,0.013,0.0,28.0
2026-01-19 03:00:00,4.1,17.0,0.011,0.0,27.0
2026-01-19 04:00:00,3.2,16.8,0.012,0.0,27.0
2026-01-19 05:00:00,7.6,24.2,0.005,0.0,26.0
2026-01-19 06:00:00,22.0,27.0,0.003,0.0,26.0
2026-01-19 07:00:00,19.7,22.9,0.007,0.0,26.0
2026-01-19 08:00:00,27.4,25.6,0.007,0.09,27.0
2026-01-19 09:00:00,11.6,13.3,0.017,0.33,31.0
2026-01-19 10:00:00,9.9,12.0,0.021,0.54,34.0
2026-01-19 11:00:00,7.8,11.2,0.023,0.69,37.0
2026-01-19 12:00:00,7.1,11.2,0.024,0.76,39.0
2026-01-19 13:00:00,6.0,11.0,0.027,0.75,41.0
2026-01-19 14:00:00,3.3,9.1,0.033,0.65,43.0
2026-01-19 15:00:00,1.7,8.3,0.035,0.47,43.0
2026-01-19 16:00:00,1.9,12.7,0.029,0.24,42.0
2026-01-19 17:00:00,1.4,22.6,0.018,0.02,38.0
2026-01-19 18:00:00,4.7,26.9,0.011,0.0,36.0
2026-01-19 19:00:00,6.4,31.6,0.005,0.0,34.0
2026-01-19 20:00:00,28.5,36.7,0.001,0.0,33.0
2026-01-19 21:00:00,7.5,34.2,0.005,0.0,31.0
2026-01-19 22:00:00,3.2,25.8,0.012,0.0,29.0
2026-01-19 23:00:00,1.0,13.5,0.025,0.0,31.0
2026-01-20 00:00:00,1.6,11.9,0.026,0.0,30.0
2026-01-20 01:00:00,0.8,10.7,0.025,0.0,29.0
2026-01-20 02:00:00,1.1,9.9,0.027,0.0,29.0
2026-01-20 03:00:00,1.7,13.3,0.021,0.0,27.0
2026-01-20 04:00:00,1.2,7.7,0.028,0.0,27.0
2026-01-20 05:00:00,1.0,6.8,0.029,0.0,27.0
2026-01-20 06:00:00,3.1,15.5,0.02,0.0,26.0
2026-01-20 07:00:00,9.0,23.2,0.012,0.0,24.0
2026-01-20 08:00:00,7.0,14.8,0.022,0.1,26.0
2026-01-20 09:00:00,6.2,10.3,0.027,0.34,29.0
2026-01-20 10:00:00,9.4,9.9,0.028,0.56,32.0
2026-01-20 11:00:00,7.2,9.8,0.027,0.71,37.0
2026-01-20 12:00:00,5.1,9.1,0.03,0.79,40.0
2026-01-20 13:00:00,7.6,12.4,0.029,0.77,41.0
2026-01-20 14:00:00,5.5,11.1,0.032,0.67,43.0
2026-01-20 15:00:00,2.2,7.6,0.037,0.48,43.0
2026-01-20 16:00:00,1.4,8.4,0.035,0.26,42.0
2026-01-20 17:00:00,0.8,11.2,0.03,0.03,39.0
2026-01-20 18:00:00,8.5,26.5,0.014,0.0,37.0
2026-01-20 19:00:00,26.9,37.6,0.002,0.0,35.0
2026-01-20 20:00:00,26.5,36.9,0.002,0.0,33.0
2026-01-20 21:00:00,4.2,30.4,0.008,0.0,33.0
2026-01-20 22:00:00,1.3,14.8,0.023,0.0,32.0
2026-01-20 23:00:00,1.3,14.6,0.022,0.0,30.0
2026-01-21 00:00:00,1.3,10.6,0.028,0.0,32.0
2026-01-21 01:00:00,0.9,8.2,0.03,0.0,31.0
2026-01-21 02:00:00,1.2,8.9,0.029,0.0,31.0
2026-01-21 03:00:00,1.1,8.1,0.029,0.0,30.0
2026-01-21 04:00:00,2.0,10.8,0.028,0.0,30.0
2026-01-21 05:00:00,3.0,13.5,0.024,0.0,29.0
2026-01-21 06:00:00,5.2,22.2,0.014,0.0,28.0
2026-01-21 07:00:00,11.3,23.3,0.016,0.0,28.0
2026-01-21 08:00:00,7.9,13.5,0.025,0.1,28.0
2026-01-21 09:00:00,12.3,14.6,0.021,0.35,30.0
2026-01-21 10:00:00,8.7,12.0,0.027,0.55,34.0
2026-01-21 11:00:00,4.2,7.0,0.033,0.7,38.0
2026-01-21 12:00:00,4.4,7.7,0.033,0.73,41.0
2026-01-21 13:00:00,4.6,8.7,0.029,0.61,40.0
2026-01-21 14:00:00,4.6,10.2,0.029,0.47,42.0
2026-01-21 15:00:00,4.4,11.4,0.028,0.38,43.0
2026-01-21 16:00:00,2.5,13.2,0.025,0.11,39.0
2026-01-21 17:00:00,6.1,23.7,0.018,0.01,37.0
2026-01-21 18:00:00,3.2,23.2,0.014,0.0,36.0
2026-01-21 19:00:00,7.9,31.7,0.006,0.0,35.0
2026-01-21 20:00:00,28.7,34.8,0.001,0.0,34.0
2026-01-21 21:00:00,35.7,32.0,0.001,0.0,32.0
2026-01-21 22:00:00,17.5,31.3,0.004,0.0,32.0
2026-01-21 23:00:00,3.1,24.8,0.009,0.0,30.0
2026-01-22 00:00:00,1.2,14.2,0.019,0.0,30.0
2026-01-22 01:00:00,2.0,19.3,0.015,0.0,29.0
2026-01-22 02:00:00,3.9,21.8,0.014,0.0,29.0
2026-01-22 03:00:00,1.7,11.3,0.025,0.0,29.0
2026-01-22 04:00:00,3.4,19.9,0.016,0.0,28.0
2026-01-22 05:00:00,2.0,11.7,0.025,0.0,28.0
2026-01-22 06:00:00,3.1,15.1,0.024,0.0,28.0
2026-01-22 07:00:00,24.4,30.9,0.006,0.0,26.0
2026-01-22 08:00:00,6.5,17.3,0.02,0.11,28.0
2026-01-22 09:00:00,13.8,15.2,0.02,0.36,30.0
2026-01-22 10:00:00,11.3,12.9,0.023,0.6,34.0
2026-01-22 11:00:00,6.4,9.6,0.027,0.65,37.0
2026-01-22 12:00:00,7.4,10.9,0.028,0.83,40.0
2026-01-22 13:00:00,10.7,12.2,0.027,0.68,42.0
2026-01-22 14:00:00,6.4,13.2,0.028,0.51,42.0
2026-01-22 15:00:00,4.4,15.4,0.026,0.24,41.0
2026-01-22 16:00:00,3.6,19.0,0.022,0.11,39.0
2026-01-22 17:00:00,2.4,23.7,0.018,0.01,38.0
2026-01-22 18:00:00,18.0,39.1,0.003,0.0,36.0
2026-01-22 19:00:00,16.0,37.9,0.001,0.0,34.0
2026-01-22 20:00:00,56.6,38.7,0.001,0.0,33.0
2026-01-22 21:00:00,37.5,35.8,0.001,0.0,32.0
2026-01-22 22:00:00,5.0,27.4,0.01,0.0,33.0
2026-01-22 23:00:00,12.3,26.6,0.004,0.0,29.0
2026-01-23 00:00:00,22.6,32.1,0.001,0.0,28.0
2026-01-23 01:00:00,8.0,17.5,0.016,0.0,30.0
2026-01-23 02:00:00,2.0,20.3,0.011,0.0,29.0
2026-01-23 03:00:00,2.4,22.4,0.009,0.0,29.0
2026-01-23 04:00:00,,,0.005,0.0,27.0
2026-01-23 05:00:00,6.5,26.1,0.002,0.0,26.0
2026-01-23 06:00:00,11.5,28.2,0.002,0.0,26.0
2026-01-23 07:00:00,21.5,27.7,0.006,0.0,27.0
2026-01-23 08:00:00,23.6,26.7,0.008,0.14,28.0
2026-01-23 09:00:00,11.4,14.8,0.017,0.46,31.0
2026-01-23 10:00:00,6.8,10.8,0.025,0.56,36.0
2026-01-23 11:00:00,8.8,12.7,0.024,0.65,37.0
2026-01-23 12:00:00,6.5,10.9,0.028,0.64,38.0
2026-01-23 13:00:00,3.9,9.4,0.031,0.52,40.0
2026-01-23 14:00:00,3.8,10.9,0.03,0.42,41.0
2026-01-23 15:00:00,5.3,17.0,0.027,0.34,41.0
2026-01-23 16:00:00,3.2,24.1,0.019,0.06,40.0
2026-01-23 17:00:00,1.1,27.4,0.011,0.0,38.0
2026-01-23 18:00:00,0.5,20.7,0.016,0.0,37.0
2026-01-23 19:00:00,0.3,18.1,0.018,0.0,36.0
2026-01-23 20:00:00,0.4,16.1,0.019,0.0,34.0
2026-01-23 21:00:00,0.4,17.1,0.018,0.0,34.0
2026-01-23 22:00:00,1.8,22.2,0.012,0.0,33.0
2026-01-23 23:00:00,1.0,17.0,0.019,0.0,33.0
2026-01-24 00:00:00,0.3,14.1,0.02,0.0,33.0
2026-01-24 01:00:00,0.4,9.1,0.019,0.0,31.0
2026-01-24 02:00:00,0.3,7.8,0.019,0.0,31.0
2026-01-24 03:00:00,0.3,8.5,0.018,0.0,31.0
2026-01-24 04:00:00,0.3,8.3,,0.0,31.0
2026-01-24 05:00:00,0.3,7.6,0.02,0.0,30.0
2026-01-24 06:00:00,0.3,6.4,0.023,0.0,29.0
2026-01-24 07:00:00,1.1,7.0,0.022,0.0,28.0
2026-01-24 08:00:00,1.8,8.2,0.021,0.02,28.0
2026-01-24 09:00:00,0.9,6.6,0.023,0.13,28.0
2026-01-24 10:00:00,4.0,6.4,0.024,0.36,28.0
2026-01-24 11:00:00,2.2,6.4,0.026,0.41,29.0
2026-01-24 12:00:00,2.3,5.9,0.028,0.46,31.0
2026-01-24 13:00:00,2.0,5.3,0.031,0.68,32.0
2026-01-24 14:00:00,1.5,4.7,0.033,0.68,33.0
2026-01-24 15:00:00,1.4,4.9,0.035,0.5,33.0
2026-01-24 16:00:00,0.9,5.3,0.035,0.26,33.0
2026-01-24 17:00:00,0.6,5.8,0.032,0.03,31.0
2026-01-24 18:00:00,0.3,6.1,0.032,0.0,30.0
2026-01-24 19:00:00,0.4,6.5,0.029,0.0,29.0
2026-01-24 20:00:00,0.8,7.3,0.027,0.0,28.0
2026-01-24 21:00:00,0.8,9.0,0.022,0.0,26.0
2026-01-24 22:00:00,0.6,13.0,0.019,0.0,26.0
2026-01-24 23:00:00,3.7,20.3,0.01,0.0,23.0
2026-01-25 00:00:00,3.2,19.6,0.011,0.0,23.0
2026-01-25 01:00:00,5.5,23.3,0.005,0.0,22.0
2026-01-25 02:00:00,3.5,20.1,0.009,0.0,21.0
2026-01-25 03:00:00,1.6,11.8,0.016,0.0,20.0
2026-01-25 04:00:00,,,0.009,0.0,19.0
2026-01-25 05:00:00,6.2,22.8,0.006,0.0,19.0
2026-01-25 06:00:00,3.9,19.4,0.008,0.0,18.0
2026-01-25 07:00:00,5.2,21.3,0.006,0.0,19.0
2026-01-25 08:00:00,5.0,16.5,0.013,0.06,21.0
2026-01-25 09:00:00,4.1,10.7,0.02,0.2,23.0
2026-01-25 10:00:00,3.4,7.2,0.024,0.37,26.0
2026-01-25 11:00:00,8.5,7.5,0.029,0.45,28.0
2026-01-25 12:00:00,1.7,4.5,0.034,0.76,31.0
2026-01-25 13:00:00,0.6,2.3,0.039,0.73,33.0
2026-01-25 14:00:00,1.0,3.1,0.038,0.71,34.0
2026-01-25 15:00:00,1.1,3.7,0.039,0.52,35.0
2026-01-25 16:00:00,0.5,3.2,0.04,0.29,34.0
2026-01-25 17:00:00,0.1,3.0,0.039,0.04,32.0
2026-01-25 18:00:00,0.1,6.7,0.035,0.0,31.0
2026-01-25 19:00:00,0.3,10.6,0.029,0.0,29.0
2026-01-25 20:00:00,1.3,19.7,0.016,0.0,26.0
2026-01-25 21:00:00,6.5,28.1,0.009,0.0,26.0
2026-01-25 22:00:00,1.7,18.3,0.02,0.0,24.0
2026-01-25 23:00:00,0.6,6.0,0.033,0.0,24.0
2026-01-26 00:00:00,0.6,4.7,0.033,0.0,23.0
2026-01-26 01:00:00,0.6,4.6,0.033,0.0,22.0
2026-01-26 02:00:00,0.9,4.8,0.033,0.0,21.0
2026-01-26 03:00:00,0.8,5.6,0.033,0.0,21.0
2026-01-26 04:00:00,0.8,5.1,0.033,0.0,20.0
2026-01-26 05:00:00,1.3,6.1,0.032,0.0,20.0
2026-01-26 06:00:00,2.1,7.7,0.031,0.0,20.0
2026-01-26 07:00:00,2.0,8.6,0.031,0.0,20.0
2026-01-26 08:00:00,3.6,7.5,0.032,0.12,21.0
2026-01-26 09:00:00,6.5,8.1,0.032,0.37,24.0
2026-01-26 10:00:00,6.6,6.1,0.034,0.59,29.0
2026-01-26 11:00:00,4.1,5.4,0.036,0.75,34.0
2026-01-26 12:00:00,3.2,5.2,0.038,0.83,38.0
2026-01-26 13:00:00,3.7,6.6,0.037,0.82,41.0
2026-01-26 14:00:00,5.1,9.5,0.035,0.71,43.0
2026-01-26 15:00:00,4.2,8.6,0.038,0.51,44.0
2026-01-26 16:00:00,1.3,7.4,0.038,0.23,45.0
2026-01-26 17:00:00,7.3,26.1,0.019,0.02,43.0
2026-01-26 18:00:00,5.3,18.8,0.019,0.0,35.0
2026-01-26 19:00:00,6.9,29.2,0.015,0.0,37.0
2026-01-26 20:00:00,1.2,11.1,0.03,0.0,36.0
2026-01-26 21:00:00,1.0,9.7,0.03,0.0,35.0
2026-01-26 22:00:00,1.4,7.5,0.032,0.0,35.0
2026-01-26 23:00:00,0.7,6.0,0.033,0.0,35.0
2026-01-27 00:00:00,1.1,10.3,0.026,0.0,33.0
2026-01-27 01:00:00,0.4,5.5,0.034,0.0,35.0
2026-01-27 02:00:00,0.6,5.4,0.034,0.0,35.0
2026-01-27 03:00:00,1.4,15.3,0.023,0.0,33.0
2026-01-27 04:00:00,1.6,7.6,0.029,0.0,32.0
2026-01-27 05:00:00,1.6,7.7,0.029,0.0,31.0
2026-01-27 06:00:00,2.1,10.0,0.026,0.0,30.0
2026-01-27 07:00:00,5.9,13.6,0.024,0.0,30.0
2026-01-27 08:00:00,2.8,8.0,0.028,0.12,30.0
2026-01-27 09:00:00,4.4,7.1,0.029,0.37,33.0
2026-01-27 10:00:00,,,,0.59,36.0
2026-01-27 11:00:00,4.1,6.4,0.031,0.76,41.0
2026-01-27 12:00:00,5.0,7.8,0.032,0.83,44.0
2026-01-27 13:00:00,6.4,10.0,0.03,0.82,46.0
2026-01-27 14:00:00,4.3,8.2,0.033,0.68,48.0
2026-01-27 15:00:00,3.4,7.4,0.035,0.38,49.0
2026-01-27 16:00:00,2.0,10.1,0.029,0.18,44.0
2026-01-27 17:00:00,5.6,19.3,0.02,0.03,42.0
2026-01-27 18:00:00,7.8,17.5,0.019,0.0,40.0
2026-01-27 19:00:00,13.8,35.5,0.004,0.0,40.0
2026-01-27 20:00:00,27.6,35.4,0.003,0.0,38.0
2026-01-27 21:00:00,3.6,21.9,0.015,0.0,37.0
2026-01-27 22:00:00,5.2,24.4,0.014,0.0,36.0
2026-01-27 23:00:00,0.7,7.0,0.029,0.0,37.0
2026-01-28 00:00:00,1.4,12.9,0.022,0.0,35.0
2026-01-28 01:00:00,0.4,3.7,0.032,0.0,36.0
2026-01-28 02:00:00,0.7,4.5,0.031,0.0,35.0
2026-01-28 03:00:00,0.6,4.4,0.031,0.0,34.0
2026-01-28 04:00:00,0.9,5.0,0.031,0.0,35.0
2026-01-28 05:00:00,1.3,7.2,0.029,0.0,35.0
2026-01-28 06:00:00,2.1,7.9,0.028,0.0,35.0
2026-01-28 07:00:00,2.3,9.6,0.026,0.0,36.0
2026-01-28 08:00:00,6.4,12.1,0.025,0.08,36.0
2026-01-28 09:00:00,6.5,10.7,0.027,0.2,37.0
2026-01-28 10:00:00,4.1,7.7,0.03,0.47,41.0
2026-01-28 11:00:00,4.7,9.8,0.025,0.34,41.0
2026-01-28 12:00:00,6.5,12.0,0.023,0.43,38.0
2026-01-28 13:00:00,3.2,16.6,0.022,0.06,37.0
2026-01-28 14:00:00,5.5,12.2,0.029,0.54,36.0
2026-01-28 15:00:00,3.9,11.4,0.03,0.44,39.0
2026-01-28 16:00:00,3.5,11.4,0.03,0.3,40.0
2026-01-28 17:00:00,1.9,13.0,0.026,0.02,37.0
2026-01-28 18:00:00,0.9,12.5,0.024,0.0,35.0
2026-01-28 19:00:00,0.4,13.9,0.021,0.0,34.0
2026-01-28 20:00:00,0.7,11.4,0.022,0.0,35.0
2026-01-28 21:00:00,0.2,11.4,0.024,0.0,36.0
2026-01-28 22:00:00,0.3,13.0,0.022,0.0,36.0
2026-01-28 23:00:00,0.4,16.3,0.015,0.0,34.0
2026-01-29 00:00:00,0.5,17.9,0.01,0.0,32.0
2026-01-29 01:00:00,0.9,18.8,0.011,0.0,32.0
2026-01-29 02:00:00,2.3,19.6,0.01,0.0,32.0
2026-01-29 03:00:00,0.6,14.4,0.012,0.0,28.0
2026-01-29 04:00:00,5.5,24.0,0.003,0.0,28.0
2026-01-29 05:00:00,11.1,23.4,0.001,0.0,25.0
2026-01-29 06:00:00,29.8,23.4,0.001,0.0,25.0
2026-01-29 07:00:00,91.8,31.0,0.001,0.0,26.0
2026-01-29 08:00:00,81.8,30.6,0.002,0.05,26.0
2026-01-29 09:00:00,35.6,24.7,0.008,0.25,30.0
2026-01-29 10:00:00,5.3,9.3,0.024,0.58,36.0
2026-01-29 11:00:00,4.6,8.6,0.028,0.73,39.0
2026-01-29 12:00:00,7.1,10.9,0.027,0.81,40.0
2026-01-29 13:00:00,1.9,5.2,0.036,0.81,41.0
2026-01-29 14:00:00,1.3,3.4,0.041,0.7,43.0
2026-01-29 15:00:00,1.4,3.7,0.042,0.52,44.0
2026-01-29 16:00:00,3.4,5.1,0.042,0.28,43.0
2026-01-29 17:00:00,1.3,7.6,0.036,0.04,40.0
2026-01-29 18:00:00,1.4,9.8,0.033,0.0,37.0
2026-01-29 19:00:00,0.6,13.9,0.025,0.0,36.0
2026-01-29 20:00:00,1.3,17.1,0.019,0.0,35.0
2026-01-29 21:00:00,1.3,24.6,0.011,0.0,33.0
2026-01-29 22:00:00,5.3,30.7,0.004,0.0,31.0
2026-01-29 23:00:00,2.4,20.4,0.014,0.0,30.0
2026-01-30 00:00:00,0.9,15.2,0.017,0.0,29.0
2026-01-30 01:00:00,1.8,12.0,0.021,0.0,29.0
2026-01-30 02:00:00,1.3,10.0,0.022,0.0,29.0
2026-01-30 03:00:00,1.2,8.7,0.023,0.0,29.0
2026-01-30 04:00:00,,,0.021,0.0,28.0
2026-01-30 05:00:00,2.9,11.9,0.02,0.0,28.0
2026-01-30 06:00:00,5.7,17.6,0.015,0.0,27.0
2026-01-30 07:00:00,4.8,15.7,0.018,0.0,27.0
2026-01-30 08:00:00,9.8,13.4,0.02,0.12,28.0
2026-01-30 09:00:00,13.1,13.9,0.018,0.37,31.0
2026-01-30 10:00:00,10.0,11.3,0.024,0.58,35.0
2026-01-30 11:00:00,3.8,7.0,0.031,0.75,39.0
2026-01-30 12:00:00,3.3,6.7,0.033,0.82,42.0
2026-01-30 13:00:00,2.9,6.5,0.035,0.8,45.0
2026-01-30 14:00:00,2.2,6.4,0.035,0.58,44.0
2026-01-30 15:00:00,1.1,5.2,0.041,0.42,46.0
2026-01-30 16:00:00,0.5,4.4,0.042,0.29,45.0
2026-01-30 17:00:00,0.5,7.2,0.037,0.02,43.0
2026-01-30 18:00:00,0.3,10.4,0.03,0.0,42.0
2026-01-30 19:00:00,4.4,32.3,0.009,0.0,40.0
2026-01-30 20:00:00,2.5,27.7,0.013,0.0,38.0
2026-01-30 21:00:00,0.8,14.4,0.024,0.0,38.0
2026-01-30 22:00:00,1.6,13.0,0.025,0.0,38.0
2026-01-30 23:00:00,0.5,8.3,0.031,0.0,38.0
2026-01-31 00:00:00,0.6,8.3,0.029,0.0,38.0
2026-01-31 01:00:00,0.7,10.2,0.025,0.0,37.0
2026-01-31 02:00:00,0.8,8.9,0.028,0.0,36.0
2026-01-31 03:00:00,0.8,7.1,0.028,0.0,35.0
2026-01-31 04:00:00,0.8,7.5,,0.0,34.0
2026-01-31 05:00:00,1.3,14.0,0.018,0.0,32.0
2026-01-31 06:00:00,2.7,11.2,0.023,0.0,33.0
2026-01-31 07:00:00,2.7,14.8,0.016,0.0,31.0
2026-01-31 08:00:00,6.1,14.1,0.015,0.13,30.0
2026-01-31 09:00:00,9.4,12.2,0.019,0.35,35.0
2026-01-31 10:00:00,6.6,8.6,0.023,0.58,38.0
2026-01-31 11:00:00,3.1,5.6,0.032,0.73,44.0
2026-01-31 12:00:00,1.8,4.2,0.036,0.82,48.0
2026-01-31 13:00:00,2.8,5.8,0.033,0.8,49.0
2026-01-31 14:00:00,1.7,4.8,0.037,0.71,50.0
2026-01-31 15:00:00,0.5,2.8,0.043,0.53,51.0
2026-01-31 16:00:00,0.5,4.0,0.041,0.26,51.0
2026-01-31 17:00:00,0.5,7.1,0.034,0.03,47.0
2026-01-31 18:00:00,1.5,16.8,0.022,0.0,43.0
2026-01-31 19:00:00,2.7,33.1,0.009,0.0,43.0
2026-01-31 20:00:00,2.7,24.2,0.019,0.0,42.0
2026-01-31 21:00:00,0.8,11.1,0.031,0.0,42.0
2026-01-31 22:00:00,0.5,7.9,0.032,0.0,41.0
2026-01-31 23:00:00,0.8,6.3,0.035,0.0,41.0
2026-02-01 00:00:00,0.4,7.3,0.034,0.0,40.0
2026-02-01 01:00:00,0.7,6.0,0.034,0.0,39.0
2026-02-01 02:00:00,0.5,6.1,0.033,0.0,39.0
2026-02-01 03:00:00,1.0,9.7,0.029,0.0,37.0
2026-02-01 04:00:00,,,0.024,0.0,35.0
2026-02-01 05:00:00,0.7,6.0,0.033,0.0,37.0
2026-02-01 06:00:00,0.7,3.3,0.033,0.0,36.0
2026-02-01 07:00:00,4.5,21.1,0.015,0.01,34.0
2026-02-01 08:00:00,1.0,3.4,0.033,0.13,36.0
2026-02-01 09:00:00,1.7,3.9,0.034,0.39,39.0
2026-02-01 10:00:00,2.2,4.3,0.03,0.58,41.0
2026-02-01 11:00:00,1.4,3.4,0.033,0.73,46.0
2026-02-01 12:00:00,2.2,4.6,0.033,0.86,50.0
2026-02-01 13:00:00,3.0,6.2,0.034,0.86,53.0
2026-02-01 14:00:00,2.6,6.8,0.036,0.74,56.0
2026-02-01 15:00:00,1.4,5.5,0.039,0.48,56.0
2026-02-01 16:00:00,0.5,6.4,0.038,0.14,52.0
2026-02-01 17:00:00,1.0,7.0,0.037,0.02,48.0
2026-02-01 18:00:00,2.5,22.0,0.02,0.0,46.0
2026-02-01 19:00:00,4.0,28.6,0.012,0.0,44.0
2026-02-01 20:00:00,3.7,27.3,0.011,0.0,43.0
2026-02-01 21:00:00,2.2,29.5,0.008,0.0,41.0
2026-02-01 22:00:00,10.4,35.5,0.003,0.0,39.0
2026-02-01 23:00:00,6.0,33.7,0.004,0.0,37.0
2026-02-02 00:00:00,5.1,30.0,0.007,0.0,36.0
2026-02-02 01:00:00,8.8,34.0,0.002,0.0,36.0
2026-02-02 02:00:00,8.8,31.5,0.004,0.0,36.0
2026-02-02 03:00:00,2.6,28.7,0.005,0.0,35.0
2026-02-02 04:00:00,4.4,27.7,0.009,0.0,36.0
2026-02-02 05:00:00,11.9,27.1,0.006,0.0,34.0
2026-02-02 06:00:00,24.4,34.3,0.001,0.0,33.0
2026-02-02 07:00:00,79.9,38.9,0.001,0.0,32.0
2026-02-02 08:00:00,104.1,38.8,0.003,0.14,33.0
2026-02-02 09:00:00,21.4,22.2,0.015,0.37,38.0
2026-02-02 10:00:00,11.3,15.2,0.022,0.6,42.0
2026-02-02 11:00:00,11.9,15.6,0.024,0.76,46.0
2026-02-02 12:00:00,4.2,8.9,0.035,0.84,48.0
2026-02-02 13:00:00,1.8,6.4,0.041,0.83,50.0
2026-02-02 14:00:00,2.6,8.2,0.04,0.73,51.0
2026-02-02 15:00:00,2.4,9.7,0.04,0.55,51.0
2026-02-02 16:00:00,1.3,8.1,0.041,0.31,51.0
2026-02-02 17:00:00,0.3,6.1,0.041,0.07,47.0
2026-02-02 18:00:00,1.7,11.6,0.033,0.0,45.0
2026-02-02 19:00:00,0.9,15.7,0.027,0.0,44.0
2026-02-02 20:00:00,3.0,25.5,0.013,0.0,41.0
2026-02-02 21:00:00,3.3,31.9,0.005,0.0,37.0
2026-02-02 22:00:00,4.1,27.3,0.011,0.0,37.0
2026-02-02 23:00:00,1.2,13.5,0.025,0.0,37.0
2026-02-03 00:00:00,1.2,9.8,0.026,0.0,36.0
2026-02-03 01:00:00,0.5,5.5,0.03,0.0,35.0
2026-02-03 02:00:00,0.8,6.5,0.029,0.0,34.0
2026-02-03 03:00:00,1.5,9.7,0.026,0.0,33.0
2026-02-03 04:00:00,1.4,11.1,0.023,0.0,32.0
2026-02-03 05:00:00,1.8,14.7,0.019,0.0,31.0
2026-02-03 06:00:00,4.0,14.8,0.019,0.0,31.0
2026-02-03 07:00:00,10.0,20.8,0.015,0.0,31.0
2026-02-03 08:00:00,23.2,24.2,0.01,0.14,31.0
2026-02-03 09:00:00,12.2,13.1,0.022,0.38,35.0
2026-02-03 10:00:00,5.7,8.7,0.028,0.57,40.0
2026-02-03 11:00:00,4.2,7.5,0.034,0.78,45.0
2026-02-03 12:00:00,3.4,6.2,0.035,0.84,48.0
2026-02-03 13:00:00,3.6,7.3,0.033,0.75,49.0
2026-02-03 14:00:00,1.1,3.6,0.042,0.68,50.0
2026-02-03 15:00:00,0.7,3.2,0.045,0.55,51.0
2026-02-03 16:00:00,0.8,5.1,0.042,0.27,52.0
2026-02-03 17:00:00,8.8,13.9,0.031,0.05,50.0
2026-02-03 18:00:00,8.5,36.8,0.008,0.0,47.0
2026-02-03 19:00:00,5.9,34.8,0.006,0.0,44.0
2026-02-03 20:00:00,3.5,32.6,0.007,0.0,42.0
2026-02-03 21:00:00,1.0,18.6,0.021,0.0,41.0
2026-02-03 22:00:00,0.6,12.5,0.025,0.0,40.0
2026-02-03 23:00:00,0.6,10.7,0.025,0.0,38.0
2026-02-04 00:00:00,1.1,12.4,0.023,0.0,37.0
2026-02-04 01:00:00,0.5,8.2,0.024,0.0,36.0
2026-02-04 02:00:00,1.3,8.8,0.024,0.0,35.0
2026-02-04 03:00:00,1.4,10.8,0.024,0.0,35.0
2026-02-04 04:00:00,1.3,9.8,0.023,0.0,34.0
2026-02-04 05:00:00,2.4,15.4,0.016,0.0,33.0
2026-02-04 06:00:00,6.2,18.7,0.013,0.0,33.0
2026-02-04 07:00:00,14.6,23.8,0.01,0.01,33.0
2026-02-04 08:00:00,9.2,14.7,0.018,0.14,35.0
2026-02-04 09:00:00,8.8,12.3,0.021,0.4,37.0
2026-02-04 10:00:00,7.5,9.9,0.025,0.6,40.0
2026-02-04 11:00:00,5.9,9.4,0.03,0.79,46.0
2026-02-04 12:00:00,5.7,9.8,0.032,0.84,48.0
2026-02-04 13:00:00,3.3,7.7,0.037,0.83,50.0
2026-02-04 14:00:00,1.0,4.3,0.043,0.74,51.0
2026-02-04 15:00:00,0.9,4.1,0.045,0.58,52.0
2026-02-04 16:00:00,0.3,3.2,0.046,0.25,51.0
2026-02-04 17:00:00,0.2,5.9,0.042,0.08,49.0
2026-02-04 18:00:00,0.8,12.2,0.031,0.0,46.0
2026-02-04 19:00:00,6.1,35.1,0.008,0.0,45.0
2026-02-04 20:00:00,6.9,35.1,0.006,0.0,42.0
2026-02-04 21:00:00,1.9,21.6,0.018,0.0,42.0
2026-02-04 22:00:00,1.0,16.2,0.022,0.0,40.0
2026-02-04 23:00:00,0.9,14.0,0.024,0.0,39.0
2026-02-05 00:00:00,1.4,11.3,0.026,0.0,40.0
2026-02-05 01:00:00,0.7,9.1,0.026,0.0,38.0
2026-02-05 02:00:00,0.8,9.6,0.025,0.0,37.0
2026-02-05 03:00:00,1.1,17.8,0.016,0.0,36.0
2026-02-05 04:00:00,0.8,11.3,0.023,0.0,36.0
2026-02-05 05:00:00,1.3,20.6,0.011,0.0,33.0
2026-02-05 06:00:00,9.0,26.8,0.005,0.0,32.0
2026-02-05 07:00:00,17.3,28.7,0.007,0.0,33.0
2026-02-05 08:00:00,16.2,21.5,0.014,0.15,35.0
2026-02-05 09:00:00,16.9,15.9,0.014,0.4,37.0
2026-02-05 10:00:00,7.3,10.0,0.024,0.62,42.0
2026-02-05 11:00:00,5.6,8.1,0.03,0.78,46.0
2026-02-05 12:00:00,4.3,8.1,0.032,0.86,49.0
2026-02-05 13:00:00,4.5,9.5,0.033,0.85,52.0
2026-02-05 14:00:00,4.5,9.8,0.035,0.75,54.0
2026-02-05 15:00:00,2.8,9.7,0.04,0.57,55.0
2026-02-05 16:00:00,0.9,7.0,0.044,0.33,55.0
2026-02-05 17:00:00,0.9,9.8,0.038,0.08,53.0
2026-02-05 18:00:00,2.4,19.4,0.023,0.0,49.0
2026-02-05 19:00:00,5.3,23.9,0.018,0.0,46.0
2026-02-05 20:00:00,7.5,26.5,0.015,0.0,43.0
2026-02-05 21:00:00,1.4,30.2,0.009,0.0,41.0
2026-02-05 22:00:00,2.7,33.6,0.005,0.0,40.0
2026-02-05 23:00:00,1.7,33.3,0.006,0.0,40.0
2026-02-06 00:00:00,0.8,26.6,0.011,0.0,38.0
2026-02-06 01:00:00,2.4,30.7,0.004,0.0,36.0
2026-02-06 02:00:00,4.7,32.8,0.002,0.0,34.0
2026-02-06 03:00:00,5.6,31.4,0.003,0.0,36.0
2026-02-06 04:00:00,,,0.012,0.0,36.0
2026-02-06 05:00:00,11.0,27.9,0.005,0.0,34.0
2026-02-06 06:00:00,11.8,28.8,0.004,0.0,33.0
2026-02-06 07:00:00,24.5,29.6,0.005,0.01,33.0
2026-02-06 08:00:00,46.4,32.7,0.005,0.12,35.0
2026-02-06 09:00:00,17.7,18.1,0.017,0.38,40.0
2026-02-06 10:00:00,15.6,18.9,0.021,0.6,46.0
2026-02-06 11:00:00,7.9,12.1,0.026,0.77,52.0
2026-02-06 12:00:00,7.7,12.1,0.027,0.85,54.0
2026-02-06 13:00:00,7.2,13.2,0.029,0.73,57.0
2026-02-06 14:00:00,4.1,11.6,0.035,0.58,60.0
2026-02-06 15:00:00,2.0,7.4,0.039,0.63,63.0
2026-02-06 16:00:00,0.8,5.0,0.041,0.4,63.0
2026-02-06 17:00:00,0.3,6.3,0.037,0.07,60.0
2026-02-06 18:00:00,0.6,13.1,0.026,0.0,57.0
2026-02-06 19:00:00,3.8,33.9,0.007,0.0,56.0
2026-02-06 20:00:00,3.3,33.2,0.007,0.0,52.0
2026-02-06 21:00:00,1.0,15.8,0.023,0.0,49.0
2026-02-06 22:00:00,0.3,6.9,0.031,0.0,48.0
2026-02-06 23:00:00,0.4,8.3,0.029,0.0,47.0
2026-02-07 00:00:00,0.4,6.6,0.032,0.0,47.0
2026-02-07 01:00:00,0.5,7.0,0.031,0.0,46.0
2026-02-07 02:00:00,0.6,6.4,0.03,0.0,44.0
2026-02-07 03:00:00,0.7,5.1,0.031,0.0,43.0
2026-02-07 04:00:00,0.7,6.4,,0.0,42.0
2026-02-07 05:00:00,0.8,5.6,0.029,0.0,42.0
2026-02-07 06:00:00,0.7,6.0,0.028,0.0,41.0
2026-02-07 07:00:00,0.9,6.0,0.028,0.01,40.0
2026-02-07 08:00:00,3.1,9.7,0.024,0.16,42.0
2026-02-07 09:00:00,2.4,5.1,0.027,0.4,44.0
2026-02-07 10:00:00,2.6,4.7,0.03,0.63,49.0
2026-02-07 11:00:00,2.0,4.0,0.033,0.79,54.0
2026-02-07 12:00:00,1.5,3.5,0.036,0.87,56.0
2026-02-07 13:00:00,0.8,2.4,0.041,0.86,58.0
2026-02-07 14:00:00,0.2,1.4,0.044,0.76,59.0
2026-02-07 15:00:00,0.2,1.3,0.044,0.58,59.0
2026-02-07 16:00:00,0.4,1.8,0.044,0.34,59.0
2026-02-07 17:00:00,0.7,3.9,0.039,0.08,56.0
2026-02-07 18:00:00,0.7,8.1,0.031,0.0,49.0
2026-02-07 19:00:00,0.2,6.5,0.033,0.0,49.0
2026-02-07 20:00:00,0.2,8.3,0.03,0.0,48.0
2026-02-07 21:00:00,0.3,15.8,0.021,0.0,47.0
2026-02-07 22:00:00,0.9,12.7,0.023,0.0,44.0
2026-02-07 23:00:00,0.5,9.7,0.025,0.0,43.0
2026-02-08 00:00:00,0.5,7.6,0.026,0.0,42.0
2026-02-08 01:00:00,1.1,7.9,0.027,0.0,43.0
2026-02-08 02:00:00,0.6,7.0,0.028,0.0,42.0
2026-02-08 03:00:00,0.6,5.7,0.029,0.0,41.0
2026-02-08 04:00:00,,,0.029,0.0,42.0
2026-02-08 05:00:00,0.8,12.4,0.02,0.0,38.0
2026-02-08 06:00:00,0.6,6.1,0.025,0.0,38.0
2026-02-08 07:00:00,0.9,7.4,0.023,0.01,37.0
2026-02-08 08:00:00,2.5,7.2,0.025,0.18,39.0
2026-02-08 09:00:00,2.6,5.2,0.028,0.41,43.0
2026-02-08 10:00:00,2.0,4.3,0.031,0.55,46.0
2026-02-08 11:00:00,1.7,3.6,0.033,0.77,51.0
2026-02-08 12:00:00,0.9,2.6,0.038,0.86,56.0
2026-02-08 13:00:00,0.7,2.0,0.042,0.88,59.0
2026-02-08 14:00:00,0.4,2.1,0.043,0.78,60.0
2026-02-08 15:00:00,0.3,1.7,0.044,0.58,62.0
2026-02-08 16:00:00,0.1,1.4,0.043,0.33,61.0
2026-02-08 17:00:00,0.1,3.5,0.038,0.05,59.0
2026-02-08 18:00:00,0.2,12.5,0.028,0.0,57.0
2026-02-08 19:00:00,0.4,15.3,0.023,0.0,52.0
2026-02-08 20:00:00,0.3,7.0,0.032,0.0,51.0
2026-02-08 21:00:00,0.2,5.6,0.032,0.0,50.0
2026-02-08 22:00:00,0.2,5.3,0.032,0.0,49.0
2026-02-08 23:00:00,1.4,8.3,0.03,0.0,50.0
2026-02-09 00:00:00,0.2,4.0,0.032,0.0,48.0
2026-02-09 01:00:00,0.5,4.9,0.032,0.0,47.0
2026-02-09 02:00:00,0.7,5.5,0.033,0.0,49.0
2026-02-09 03:00:00,0.4,3.0,0.033,0.0,47.0
2026-02-09 04:00:00,0.5,4.7,0.031,0.0,45.0
2026-02-09 05:00:00,1.0,10.5,0.024,0.0,44.0
2026-02-09 06:00:00,1.7,14.4,0.022,0.0,44.0
2026-02-09 07:00:00,4.3,19.6,0.017,0.01,44.0
2026-02-09 08:00:00,14.1,24.8,0.013,0.12,44.0
2026-02-09 09:00:00,6.3,15.9,0.021,0.2,47.0
2026-02-09 10:00:00,,,,0.22,46.0
2026-02-09 11:00:00,,,,0.21,45.0
2026-02-09 12:00:00,,,0.038,0.35,45.0
2026-02-09 13:00:00,1.4,3.4,0.041,0.3,45.0
2026-02-09 14:00:00,1.1,3.8,0.042,0.21,45.0
2026-02-09 15:00:00,0.7,3.3,0.042,0.14,45.0
2026-02-09 16:00:00,0.4,3.7,0.041,0.1,44.0
2026-02-09 17:00:00,0.3,4.8,0.038,0.02,43.0
2026-02-09 18:00:00,0.1,4.1,0.038,0.0,42.0
2026-02-09 19:00:00,0.1,4.8,0.035,0.0,41.0
2026-02-09 20:00:00,0.6,5.7,0.036,0.0,41.0
2026-02-09 21:00:00,0.1,4.1,0.038,0.0,40.0
2026-02-09 22:00:00,0.1,5.9,0.033,0.0,39.0
2026-02-09 23:00:00,0.1,9.8,0.027,0.0,39.0
2026-02-10 00:00:00,0.5,14.7,0.023,0.0,38.0
2026-02-10 01:00:00,0.3,12.9,0.024,0.0,37.0
2026-02-10 02:00:00,0.4,11.6,0.024,0.0,37.0
2026-02-10 03:00:00,1.0,14.3,0.022,0.0,37.0
2026-02-10 04:00:00,0.9,12.6,0.024,0.0,37.0
2026-02-10 05:00:00,1.7,12.7,0.021,0.0,35.0
2026-02-10 06:00:00,2.0,20.7,0.015,0.0,36.0
2026-02-10 07:00:00,10.7,27.3,0.008,0.0,35.0
2026-02-10 08:00:00,3.9,17.3,0.02,0.06,36.0
2026-02-10 09:00:00,4.7,18.2,,0.11,38.0
2026-02-10 10:00:00,2.2,6.1,0.042,0.23,38.0
2026-02-10 11:00:00,2.1,5.8,0.043,0.33,39.0
2026-02-10 12:00:00,1.4,3.9,0.043,0.39,41.0
2026-02-10 13:00:00,1.9,5.8,0.041,0.29,43.0
2026-02-10 14:00:00,2.3,17.4,0.042,0.3,44.0
2026-02-10 15:00:00,1.3,5.5,0.039,0.12,44.0
2026-02-10 16:00:00,1.3,7.8,0.037,0.03,44.0
2026-02-10 17:00:00,1.3,8.1,0.035,0.0,43.0
2026-02-10 18:00:00,1.0,9.7,0.031,0.0,42.0
2026-02-10 19:00:00,0.3,5.6,0.033,0.0,42.0
2026-02-10 20:00:00,0.6,10.2,0.027,0.0,40.0
2026-02-10 21:00:00,0.3,9.4,0.027,0.0,40.0
2026-02-10 22:00:00,0.2,6.3,0.029,0.0,40.0
2026-02-10 23:00:00,0.6,5.0,0.032,0.0,41.0
2026-02-11 00:00:00,0.6,5.2,0.029,0.0,41.0
2026-02-11 01:00:00,0.6,4.7,0.03,0.0,41.0
2026-02-11 02:00:00,0.8,7.7,0.025,0.0,40.0
2026-02-11 03:00:00,1.2,12.7,0.018,0.0,40.0
2026-02-11 04:00:00,0.7,16.1,0.014,0.0,39.0
2026-02-11 05:00:00,0.7,11.3,0.015,0.0,39.0
2026-02-11 06:00:00,2.5,12.1,0.018,0.0,41.0
2026-02-11 07:00:00,1.5,6.3,0.03,0.0,45.0
2026-02-11 08:00:00,6.7,14.4,0.023,0.03,45.0
2026-02-11 09:00:00,2.9,7.7,0.03,0.13,44.0
2026-02-11 10:00:00,1.8,4.8,0.034,0.25,47.0
2026-02-11 11:00:00,2.5,4.6,0.033,0.34,48.0
2026-02-11 12:00:00,2.2,4.2,0.034,0.57,49.0
2026-02-11 13:00:00,1.9,4.4,0.033,0.57,52.0
2026-02-11 14:00:00,3.1,9.0,0.031,0.41,53.0
2026-02-11 15:00:00,1.3,5.9,0.034,0.25,54.0
2026-02-11 16:00:00,2.1,8.3,0.03,0.12,54.0
2026-02-11 17:00:00,0.7,6.5,0.034,0.01,53.0
2026-02-11 18:00:00,0.2,7.6,0.031,0.0,50.0
2026-02-11 19:00:00,0.7,9.5,0.03,0.0,51.0
2026-02-11 20:00:00,0.2,6.1,0.03,0.0,49.0
2026-02-11 21:00:00,0.5,11.9,0.022,0.0,47.0
2026-02-11 22:00:00,0.3,5.1,0.03,0.0,48.0
2026-02-11 23:00:00,0.3,5.8,0.027,0.0,47.0
2026-02-12 00:00:00,0.3,8.0,0.025,0.0,46.0
2026-02-12 01:00:00,0.5,4.4,0.031,0.0,47.0
2026-02-12 02:00:00,0.2,3.2,0.032,0.0,46.0
2026-02-12 03:00:00,0.2,3.1,0.034,0.0,46.0
2026-02-12 04:00:00,0.3,3.5,0.037,0.0,45.0
2026-02-12 05:00:00,0.5,6.7,0.035,0.0,44.0
2026-02-12 06:00:00,1.8,13.0,0.029,0.0,43.0
2026-02-12 07:00:00,4.6,20.9,0.02,0.01,40.0
2026-02-12 08:00:00,5.1,13.5,0.026,0.13,42.0
2026-02-12 09:00:00,2.7,6.4,0.035,0.38,45.0
2026-02-12 10:00:00,4.5,6.4,0.034,0.39,46.0
2026-02-12 11:00:00,6.6,11.9,0.029,0.15,46.0
2026-02-12 12:00:00,2.3,9.5,0.036,0.12,44.0
2026-02-12 13:00:00,0.9,5.2,0.038,0.09,41.0
2026-02-12 14:00:00,1.9,6.6,0.038,0.46,42.0
2026-02-12 15:00:00,1.7,4.7,0.04,0.37,45.0
2026-02-12 16:00:00,1.4,4.9,0.039,0.2,46.0
2026-02-12 17:00:00,1.2,7.6,0.035,0.04,45.0
2026-02-12 18:00:00,0.7,8.2,0.029,0.0,42.0
2026-02-12 19:00:00,0.4,13.9,0.023,0.0,42.0
2026-02-12 20:00:00,0.3,10.3,0.028,0.0,43.0
2026-02-12 21:00:00,0.3,8.6,0.03,0.0,43.0
2026-02-12 22:00:00,0.2,11.8,0.02,0.0,41.0
2026-02-12 23:00:00,0.7,17.4,0.014,0.0,40.0
2026-02-13 00:00:00,1.2,12.9,0.02,0.0,39.0
2026-02-13 01:00:00,0.4,4.7,0.032,0.0,40.0
2026-02-13 02:00:00,0.5,8.8,0.023,0.0,38.0
2026-02-13 03:00:00,1.1,13.3,0.018,0.0,37.0
2026-02-13 04:00:00,,,0.025,0.0,38.0
2026-02-13 05:00:00,1.0,13.6,0.016,0.0,37.0
2026-02-13 06:00:00,3.4,18.9,0.009,0.0,36.0
2026-02-13 07:00:00,15.8,25.5,0.006,0.01,36.0
2026-02-13 08:00:00,10.7,20.7,0.008,0.11,37.0
2026-02-13 09:00:00,5.8,15.3,0.016,0.14,39.0
2026-02-13 10:00:00,3.7,11.5,0.02,0.15,40.0
2026-02-13 11:00:00,4.6,9.5,0.02,0.29,40.0
2026-02-13 12:00:00,2.8,7.7,0.023,0.32,41.0
2026-02-13 13:00:00,2.5,6.5,0.028,0.48,44.0
2026-02-13 14:00:00,2.3,5.7,0.032,0.64,45.0
2026-02-13 15:00:00,1.7,4.8,0.035,0.63,46.0
2026-02-13 16:00:00,1.1,5.0,0.037,0.35,46.0
2026-02-13 17:00:00,0.3,4.8,0.038,0.11,45.0
2026-02-13 18:00:00,2.9,11.1,0.029,0.0,43.0
2026-02-13 19:00:00,0.1,5.4,0.031,0.0,42.0
2026-02-13 20:00:00,0.2,6.6,0.031,0.0,42.0
2026-02-13 21:00:00,0.3,10.0,0.025,0.0,40.0
2026-02-13 22:00:00,1.1,12.0,0.019,0.0,38.0
2026-02-13 23:00:00,1.3,15.7,0.011,0.0,37.0
2026-02-14 00:00:00,1.6,14.5,0.012,0.0,36.0
2026-02-14 01:00:00,0.5,12.6,0.011,0.0,35.0
2026-02-14 02:00:00,1.8,13.5,0.011,0.0,35.0
2026-02-14 03:00:00,1.2,9.7,0.016,0.0,35.0
2026-02-14 04:00:00,1.5,9.1,,0.0,35.0
2026-02-14 05:00:00,1.7,12.3,0.012,0.0,33.0
2026-02-14 06:00:00,2.6,14.2,0.013,0.0,34.0
2026-02-14 07:00:00,1.7,8.8,0.017,0.02,34.0
2026-02-14 08:00:00,2.9,6.5,0.021,0.2,36.0
2026-02-14 09:00:00,3.1,5.0,0.022,0.44,38.0
2026-02-14 10:00:00,3.0,4.5,0.027,0.69,41.0
2026-02-14 11:00:00,1.9,3.9,0.031,0.86,45.0
2026-02-14 12:00:00,1.5,3.5,0.033,0.94,46.0
2026-02-14 13:00:00,0.8,2.8,0.037,0.93,48.0
2026-02-14 14:00:00,0.4,2.3,0.041,0.77,50.0
2026-02-14 15:00:00,0.3,2.3,0.042,0.52,50.0
2026-02-14 16:00:00,0.3,2.4,0.044,0.29,50.0
2026-02-14 17:00:00,0.2,4.2,0.041,0.07,49.0
2026-02-14 18:00:00,0.3,11.1,0.032,0.0,47.0
2026-02-14 19:00:00,0.6,15.1,0.024,0.0,45.0
2026-02-14 20:00:00,1.3,12.3,0.025,0.0,44.0
2026-02-14 21:00:00,0.5,9.0,0.027,0.0,44.0
2026-02-14 22:00:00,0.4,7.6,0.033,0.0,46.0
2026-02-14 23:00:00,0.4,4.8,0.036,0.0,45.0
2026-02-15 00:00:00,0.4,4.0,0.036,0.0,45.0
2026-02-15 01:00:00,0.5,4.0,0.033,0.0,43.0
2026-02-15 02:00:00,0.5,4.5,0.034,0.0,43.0
2026-02-15 03:00:00,0.3,3.4,0.035,0.0,43.0
2026-02-15 04:00:00,,,0.034,0.0,42.0
2026-02-15 05:00:00,0.7,5.3,0.032,0.0,42.0
2026-02-15 06:00:00,0.4,4.0,0.032,0.0,41.0
2026-02-15 07:00:00,0.6,5.2,0.032,0.02,42.0
2026-02-15 08:00:00,1.2,5.9,0.031,0.1,42.0
2026-02-15 09:00:00,1.6,5.6,0.033,0.3,44.0
2026-02-15 10:00:00,2.1,4.7,0.034,0.57,47.0
2026-02-15 11:00:00,2.0,4.8,0.035,0.48,50.0
2026-02-15 12:00:00,1.0,2.6,0.04,0.63,52.0
2026-02-15 13:00:00,0.4,1.9,0.041,0.52,52.0
2026-02-15 14:00:00,0.1,1.4,0.043,0.36,53.0
2026-02-15 15:00:00,0.5,2.3,0.042,0.28,53.0
2026-02-15 16:00:00,0.4,3.6,0.041,0.16,53.0
2026-02-15 17:00:00,0.4,8.1,0.034,0.04,52.0
2026-02-15 18:00:00,0.4,16.1,0.021,0.0,49.0
2026-02-15 19:00:00,0.9,19.8,0.02,0.0,47.0
2026-02-15 20:00:00,0.5,6.6,0.034,0.0,48.0
2026-02-15 21:00:00,0.3,4.7,0.035,0.0,47.0
2026-02-15 22:00:00,0.7,5.4,0.033,0.0,46.0
2026-02-15 23:00:00,0.3,4.5,0.034,0.0,45.0
2026-02-16 00:00:00,0.5,4.8,0.032,0.0,44.0
2026-02-16 01:00:00,0.5,4.4,0.031,0.0,44.0
2026-02-16 02:00:00,0.6,4.6,0.031,0.0,43.0
2026-02-16 03:00:00,0.6,4.6,0.031,0.0,43.0
2026-02-16 04:00:00,0.7,4.4,0.031,0.0,43.0
2026-02-16 05:00:00,0.9,5.9,0.03,0.0,44.0
2026-02-16 06:00:00,1.5,8.2,0.027,0.0,43.0
2026-02-16 07:00:00,3.2,9.2,0.027,0.01,44.0
2026-02-16 08:00:00,4.3,8.6,0.026,0.1,44.0
2026-02-16 09:00:00,2.8,7.2,0.031,0.33,47.0
2026-02-16 10:00:00,3.0,5.6,0.035,0.6,51.0
2026-02-16 11:00:00,1.7,4.5,0.04,0.5,52.0
2026-02-16 12:00:00,1.9,4.5,0.042,0.66,54.0
2026-02-16 13:00:00,1.6,3.1,0.045,0.95,57.0
2026-02-16 14:00:00,1.2,3.2,0.046,0.76,58.0
2026-02-16 15:00:00,1.2,3.2,0.049,0.65,60.0
2026-02-16 16:00:00,1.0,3.6,0.049,0.34,61.0
2026-02-16 17:00:00,0.6,5.0,0.045,0.06,59.0
2026-02-16 18:00:00,0.4,5.4,0.041,0.0,57.0
2026-02-16 19:00:00,0.7,6.6,0.039,0.0,56.0
2026-02-16 20:00:00,0.1,3.2,0.043,0.0,56.0
2026-02-16 21:00:00,0.1,1.7,0.046,0.0,58.0
2026-02-16 22:00:00,0.1,1.7,0.045,0.0,56.0
2026-02-16 23:00:00,0.0,1.1,0.041,0.0,45.0
2026-02-17 00:00:00,0.1,0.9,0.04,0.0,40.0
2026-02-17 01:00:00,0.0,1.1,0.054,0.0,40.0
2026-02-17 02:00:00,0.0,0.7,0.052,0.0,44.0
2026-02-17 03:00:00,0.0,0.9,0.048,0.0,42.0
2026-02-17 04:00:00,0.1,0.8,0.047,0.0,41.0
2026-02-17 05:00:00,0.0,1.1,0.045,0.0,41.0
2026-02-17 06:00:00,0.3,2.0,0.043,0.0,39.0
2026-02-17 07:00:00,0.5,2.6,0.042,0.01,39.0
2026-02-17 08:00:00,1.5,4.7,0.04,0.1,40.0
2026-02-17 09:00:00,0.8,2.1,0.042,0.24,41.0
2026-02-17 10:00:00,0.7,2.0,0.041,0.41,42.0
2026-02-17 11:00:00,1.2,2.3,0.041,0.51,42.0
2026-02-17 12:00:00,0.9,2.5,0.041,0.21,40.0
2026-02-17 13:00:00,1.3,2.5,0.04,0.45,40.0
2026-02-17 14:00:00,0.4,1.5,0.043,0.17,42.0
2026-02-17 15:00:00,0.4,3.5,0.04,0.06,40.0
2026-02-17 16:00:00,0.6,5.0,0.039,0.11,39.0
2026-02-17 17:00:00,1.1,3.9,0.041,0.07,44.0
2026-02-17 18:00:00,0.7,3.1,0.041,0.0,43.0
2026-02-17 19:00:00,0.1,2.6,0.041,0.0,43.0
2026-02-17 20:00:00,0.1,2.3,0.042,0.0,43.0
2026-02-17 21:00:00,0.1,1.7,0.043,0.0,43.0
2026-02-17 22:00:00,0.0,1.3,0.045,0.0,44.0
2026-02-17 23:00:00,0.1,1.3,0.046,0.0,44.0
2026-02-18 00:00:00,0.1,1.4,0.046,0.0,44.0
2026-02-18 01:00:00,0.0,1.2,0.046,0.0,45.0
2026-02-18 02:00:00,0.1,1.1,0.046,0.0,44.0
2026-02-18 03:00:00,0.1,1.6,0.045,0.0,44.0
2026-02-18 04:00:00,0.1,2.3,0.044,0.0,43.0
2026-02-18 05:00:00,0.1,3.2,0.043,0.0,43.0
2026-02-18 06:00:00,0.5,3.0,0.043,0.0,40.0
2026-02-18 07:00:00,0.7,5.9,0.038,0.0,38.0
2026-02-18 08:00:00,0.9,4.9,0.038,0.02,37.0
2026-02-18 09:00:00,0.6,5.2,0.037,0.06,37.0
2026-02-18 10:00:00,0.6,3.4,0.04,0.05,33.0
2026-02-18 11:00:00,0.4,1.9,0.043,0.12,31.0
2026-02-18 12:00:00,0.4,1.2,0.043,0.22,30.0
2026-02-18 13:00:00,0.5,2.3,0.044,0.22,29.0
2026-02-18 14:00:00,1.1,2.4,0.045,0.21,29.0
2026-02-18 15:00:00,0.5,2.5,0.045,0.13,29.0
2026-02-18 16:00:00,0.5,2.9,0.044,0.08,28.0
2026-02-18 17:00:00,1.2,4.7,0.042,0.03,28.0
2026-02-18 18:00:00,0.5,3.6,0.043,0.0,27.0
2026-02-18 19:00:00,0.1,2.2,0.044,0.0,27.0
2026-02-18 20:00:00,0.4,1.8,0.044,0.0,27.0
2026-02-18 21:00:00,0.2,1.8,0.045,0.0,26.0
2026-02-18 22:00:00,0.1,1.3,0.045,0.0,26.0
2026-02-18 23:00:00,0.1,1.2,0.046,0.0,25.0
2026-02-19 00:00:00,0.1,3.3,0.042,0.0,23.0
2026-02-19 01:00:00,0.1,4.3,0.041,0.0,22.0
2026-02-19 02:00:00,0.9,11.8,0.033,0.0,23.0
2026-02-19 03:00:00,1.1,13.2,0.033,0.0,22.0
2026-02-19 04:00:00,2.1,25.8,0.02,0.0,20.0
2026-02-19 05:00:00,1.3,22.5,0.022,0.0,19.0
2026-02-19 06:00:00,1.5,13.0,0.034,0.0,20.0
2026-02-19 07:00:00,2.1,8.5,0.037,0.01,18.0
2026-02-19 08:00:00,8.0,11.0,0.035,0.26,20.0
2026-02-19 09:00:00,5.2,6.2,0.039,0.53,21.0
2026-02-19 10:00:00,4.7,5.3,0.041,0.76,25.0
2026-02-19 11:00:00,3.8,4.5,0.043,0.93,28.0
2026-02-19 12:00:00,3.4,4.5,0.044,0.87,30.0
2026-02-19 13:00:00,3.0,4.5,0.044,0.95,31.0
2026-02-19 14:00:00,1.6,3.2,0.046,0.78,33.0
2026-02-19 15:00:00,1.3,3.0,0.047,0.56,35.0
2026-02-19 16:00:00,1.4,4.0,0.047,0.27,34.0
2026-02-19 17:00:00,1.3,8.8,0.038,0.06,33.0
2026-02-19 18:00:00,0.2,11.7,0.035,0.0,34.0
2026-02-19 19:00:00,0.3,15.0,0.032,0.0,32.0
2026-02-19 20:00:00,0.3,3.7,0.044,0.0,33.0
2026-02-19 21:00:00,0.5,5.6,0.041,0.0,33.0
2026-02-19 22:00:00,0.4,3.7,0.042,0.0,32.0
2026-02-19 23:00:00,0.3,2.8,0.042,0.0,32.0
2026-02-20 00:00:00,0.0,2.6,0.043,0.0,32.0
2026-02-20 01:00:00,0.1,2.7,0.041,0.0,30.0
2026-02-20 02:00:00,0.2,2.8,0.04,0.0,30.0
2026-02-20 03:00:00,0.1,2.8,0.04,0.0,30.0
2026-02-20 04:00:00,,,0.038,0.0,30.0
2026-02-20 05:00:00,0.2,4.9,0.037,0.0,29.0
2026-02-20 06:00:00,0.1,5.9,0.035,0.0,28.0
2026-02-20 07:00:00,0.8,9.8,0.033,0.01,29.0
2026-02-20 08:00:00,0.8,5.6,0.039,0.12,29.0
2026-02-20 09:00:00,1.5,6.2,0.038,0.24,29.0
2026-02-20 10:00:00,2.1,4.8,0.04,0.44,30.0
2026-02-20 11:00:00,2.5,5.0,0.039,0.46,30.0
2026-02-20 12:00:00,1.9,3.8,0.041,0.59,31.0
2026-02-20 13:00:00,1.7,3.7,0.041,0.46,31.0
2026-02-20 14:00:00,2.0,3.7,0.042,0.73,32.0
2026-02-20 15:00:00,1.3,3.9,0.042,0.41,32.0
2026-02-20 16:00:00,1.2,4.1,0.04,0.18,31.0
2026-02-20 17:00:00,0.7,3.7,0.04,0.09,30.0
2026-02-20 18:00:00,0.2,4.8,0.037,0.0,30.0
2026-02-20 19:00:00,0.3,8.5,0.036,0.0,29.0
2026-02-20 20:00:00,0.4,12.6,0.029,0.0,29.0
2026-02-20 21:00:00,1.0,17.4,0.023,0.0,28.0
2026-02-20 22:00:00,1.0,10.7,0.031,0.0,26.0
2026-02-20 23:00:00,0.7,6.2,0.034,0.0,25.0
2026-02-21 00:00:00,1.3,7.9,0.033,0.0,24.0
2026-02-21 01:00:00,0.9,5.2,0.034,0.0,23.0
2026-02-21 02:00:00,1.1,6.8,0.033,0.0,22.0
2026-02-21 03:00:00,0.9,6.0,0.033,0.0,22.0
2026-02-21 04:00:00,1.2,7.0,,0.0,21.0
2026-02-21 05:00:00,1.1,5.4,0.034,0.0,21.0
2026-02-21 06:00:00,1.0,4.8,0.036,0.0,22.0
2026-02-21 07:00:00,1.2,5.6,0.036,0.02,22.0
2026-02-21 08:00:00,2.3,5.2,0.036,0.27,23.0
2026-02-21 09:00:00,2.8,3.9,0.038,0.53,26.0
2026-02-21 10:00:00,2.2,3.1,0.04,0.78,30.0
2026-02-21 11:00:00,1.4,2.4,0.042,0.95,33.0
2026-02-21 12:00:00,1.6,2.6,0.043,1.03,37.0
2026-02-21 13:00:00,1.8,3.5,0.042,0.99,39.0
2026-02-21 14:00:00,1.1,2.7,0.043,0.9,41.0
2026-02-21 15:00:00,0.7,2.2,0.044,0.67,42.0
2026-02-21 16:00:00,0.4,2.9,0.043,0.29,41.0
2026-02-21 17:00:00,0.7,6.4,0.039,0.11,40.0
2026-02-21 18:00:00,0.6,12.7,0.033,0.0,39.0
2026-02-21 19:00:00,0.6,5.7,0.041,0.0,42.0
2026-02-21 20:00:00,1.1,5.7,0.041,0.0,41.0
2026-02-21 21:00:00,0.4,4.2,0.042,0.0,40.0
2026-02-21 22:00:00,0.5,3.6,0.042,0.0,39.0
2026-02-21 23:00:00,0.4,2.8,0.043,0.0,39.0
2026-02-22 00:00:00,0.5,3.0,0.042,0.0,38.0
2026-02-22 01:00:00,0.5,3.0,0.043,0.0,37.0
2026-02-22 02:00:00,0.6,2.9,0.043,0.0,37.0
2026-02-22 03:00:00,0.5,3.1,0.042,0.0,37.0
2026-02-22 04:00:00,,,0.042,0.0,36.0
2026-02-22 05:00:00,0.6,3.4,0.042,0.0,36.0
2026-02-22 06:00:00,0.6,2.8,0.043,0.0,35.0
2026-02-22 07:00:00,0.7,3.7,0.042,0.03,35.0
2026-02-22 08:00:00,1.4,3.3,0.042,0.28,36.0
2026-02-22 09:00:00,1.2,2.7,0.043,0.5,38.0
2026-02-22 10:00:00,1.3,2.7,0.044,0.73,41.0
2026-02-22 11:00:00,1.1,2.4,0.045,0.85,45.0
2026-02-22 12:00:00,1.0,2.1,0.046,0.99,48.0
2026-02-22 13:00:00,0.9,2.2,0.045,0.99,48.0
2026-02-22 14:00:00,0.4,1.7,0.045,0.85,50.0
2026-02-22 15:00:00,0.5,1.9,0.046,0.63,51.0
2026-02-22 16:00:00,0.3,2.4,0.046,0.37,51.0
2026-02-22 17:00:00,0.2,3.6,0.042,0.08,49.0
2026-02-22 18:00:00,0.3,6.8,0.037,0.0,47.0
2026-02-22 19:00:00,0.5,7.1,0.039,0.0,48.0
2026-02-22 20:00:00,0.4,4.8,0.04,0.0,47.0
2026-02-22 21:00:00,0.4,4.5,0.04,0.0,46.0
2026-02-22 22:00:00,0.4,4.0,0.041,0.0,45.0
2026-02-22 23:00:00,0.7,5.4,0.038,0.0,44.0
2026-02-23 00:00:00,0.8,6.6,0.037,0.0,43.0
2026-02-23 01:00:00,0.6,5.5,0.038,0.0,41.0
2026-02-23 02:00:00,0.8,6.0,0.037,0.0,41.0
2026-02-23 03:00:00,0.3,3.4,0.039,0.0,40.0
2026-02-23 04:00:00,0.5,3.9,0.037,0.0,38.0
2026-02-23 05:00:00,0.9,6.3,0.035,0.0,38.0
2026-02-23 06:00:00,0.9,6.0,0.035,0.0,37.0
2026-02-23 07:00:00,1.4,6.5,0.035,0.04,37.0
2026-02-23 08:00:00,3.1,6.1,0.035,0.26,37.0
2026-02-23 09:00:00,3.8,6.3,0.035,0.49,40.0
2026-02-23 10:00:00,2.5,3.7,0.039,0.79,44.0
2026-02-23 11:00:00,2.8,4.7,0.037,0.92,50.0
2026-02-23 12:00:00,2.4,4.9,0.037,0.92,52.0
2026-02-23 13:00:00,2.1,4.7,0.04,0.85,56.0
2026-02-23 14:00:00,2.3,6.0,0.041,0.73,57.0
2026-02-23 15:00:00,1.1,4.2,0.044,0.59,59.0
2026-02-23 16:00:00,1.0,5.3,0.04,0.29,58.0
2026-02-23 17:00:00,6.1,19.7,0.024,0.07,56.0
2026-02-23 18:00:00,5.0,15.8,0.023,0.0,53.0
2026-02-23 19:00:00,3.4,28.2,0.015,0.0,50.0
2026-02-23 20:00:00,0.4,8.6,0.031,0.0,49.0
2026-02-23 21:00:00,0.9,10.4,0.03,0.0,48.0
2026-02-23 22:00:00,0.3,7.4,0.032,0.0,47.0
2026-02-23 23:00:00,0.3,6.3,0.034,0.0,46.0
2026-02-24 00:00:00,0.3,6.3,0.033,0.0,45.0
2026-02-24 01:00:00,0.4,4.1,0.036,0.0,45.0
2026-02-24 02:00:00,0.8,4.5,0.035,0.0,43.0
2026-02-24 03:00:00,1.0,8.8,0.03,0.0,42.0
2026-02-24 04:00:00,1.3,10.3,0.029,0.0,42.0
2026-02-24 05:00:00,2.1,14.4,0.025,0.0,42.0
2026-02-24 06:00:00,2.3,15.2,0.024,0.0,43.0
2026-02-24 07:00:00,2.8,15.5,0.025,0.0,44.0
2026-02-24 08:00:00,9.8,24.2,0.017,0.02,45.0
2026-02-24 09:00:00,6.5,21.7,0.019,0.06,46.0
2026-02-24 10:00:00,7.0,19.5,0.021,0.11,47.0
2026-02-24 11:00:00,8.2,22.6,0.019,0.12,50.0
2026-02-24 12:00:00,6.8,23.0,0.018,0.12,52.0
2026-02-24 13:00:00,14.0,27.8,0.015,0.16,54.0
2026-02-24 14:00:00,6.9,23.8,0.019,0.11,55.0
2026-02-24 15:00:00,8.1,25.3,0.015,0.08,55.0
2026-02-24 16:00:00,9.1,28.8,0.013,0.03,56.0
2026-02-24 17:00:00,2.0,15.3,0.021,0.01,54.0
2026-02-24 18:00:00,5.2,30.9,0.007,0.0,54.0
2026-02-24 19:00:00,2.7,13.4,0.019,0.0,52.0
2026-02-24 20:00:00,1.0,12.1,0.016,0.0,49.0
2026-02-24 21:00:00,0.9,6.7,0.02,0.0,47.0
2026-02-24 22:00:00,0.8,9.4,0.016,0.0,47.0
2026-02-24 23:00:00,0.5,9.0,0.013,0.0,47.0
2026-02-25 00:00:00,0.1,6.7,0.013,0.0,45.0
2026-02-25 01:00:00,0.2,8.8,0.015,0.0,45.0
2026-02-25 02:00:00,0.8,12.1,0.011,0.0,45.0
2026-02-25 03:00:00,1.1,12.0,0.006,0.0,44.0
2026-02-25 04:00:00,0.6,9.1,0.01,0.0,44.0
2026-02-25 05:00:00,0.7,7.0,0.013,0.0,44.0
2026-02-25 06:00:00,1.6,9.4,0.016,0.0,44.0
2026-02-25 07:00:00,5.2,16.3,0.008,0.01,45.0
2026-02-25 08:00:00,17.4,21.9,0.004,0.07,46.0
2026-02-25 09:00:00,3.3,7.1,0.013,0.21,46.0
2026-02-25 10:00:00,5.0,7.8,0.015,0.36,47.0
2026-02-25 11:00:00,11.0,11.6,0.013,0.44,50.0
2026-02-25 12:00:00,6.0,7.4,0.018,0.57,53.0
2026-02-25 13:00:00,3.4,6.0,0.021,0.48,56.0
2026-02-25 14:00:00,1.9,2.9,0.028,0.54,59.0
2026-02-25 15:00:00,1.6,2.2,0.03,0.54,60.0
2026-02-25 16:00:00,2.0,2.8,0.03,0.23,60.0
2026-02-25 17:00:00,2.0,2.8,0.026,0.06,58.0
2026-02-25 18:00:00,0.9,4.3,0.025,0.0,55.0
2026-02-25 19:00:00,1.9,13.8,0.015,0.0,54.0
2026-02-25 20:00:00,1.8,8.4,0.021,0.0,52.0
2026-02-25 21:00:00,0.1,3.4,0.025,0.0,49.0
2026-02-25 22:00:00,0.1,3.4,0.027,0.0,47.0
2026-02-25 23:00:00,0.2,4.8,0.025,0.0,46.0
2026-02-26 00:00:00,0.3,7.8,0.023,0.0,46.0
2026-02-26 01:00:00,0.5,12.8,0.014,0.0,44.0
2026-02-26 02:00:00,1.3,19.3,0.007,0.0,42.0
2026-02-26 03:00:00,1.8,17.9,0.007,0.0,41.0
2026-02-26 04:00:00,2.9,15.0,0.008,0.0,40.0
2026-02-26 05:00:00,3.9,16.7,0.004,0.0,40.0
2026-02-26 06:00:00,15.7,18.8,0.003,0.0,38.0
2026-02-26 07:00:00,37.5,20.6,0.002,0.04,37.0
2026-02-26 08:00:00,57.5,21.9,0.005,0.26,40.0
2026-02-26 09:00:00,8.9,10.4,0.02,0.45,45.0
2026-02-26 10:00:00,5.1,7.5,0.026,0.64,47.0
2026-02-26 11:00:00,4.5,6.5,0.03,0.84,49.0
2026-02-26 12:00:00,2.0,3.9,0.038,1.05,52.0
2026-02-26 13:00:00,0.8,2.1,0.043,1.03,53.0
2026-02-26 14:00:00,0.8,2.2,0.044,0.92,54.0
2026-02-26 15:00:00,0.7,2.1,0.045,0.72,55.0
2026-02-26 16:00:00,0.5,2.4,0.045,0.46,54.0
2026-02-26 17:00:00,0.3,2.9,0.042,0.15,52.0
2026-02-26 18:00:00,0.3,4.1,0.038,0.0,49.0
2026-02-26 19:00:00,0.2,5.5,0.032,0.0,47.0
2026-02-26 20:00:00,0.6,10.5,0.026,0.0,47.0
2026-02-26 21:00:00,1.2,17.8,0.017,0.0,45.0
2026-02-26 22:00:00,2.3,24.5,0.008,0.0,42.0
2026-02-26 23:00:00,0.4,9.9,0.023,0.0,42.0
2026-02-27 00:00:00,0.4,6.7,0.025,0.0,41.0
2026-02-27 01:00:00,0.8,9.1,0.02,0.0,39.0
2026-02-27 02:00:00,0.8,8.0,0.023,0.0,39.0
2026-02-27 03:00:00,0.8,7.8,0.021,0.0,38.0
2026-02-27 04:00:00,,,0.02,0.0,37.0
2026-02-27 05:00:00,1.3,8.6,0.02,0.0,37.0
2026-02-27 06:00:00,2.5,11.7,0.016,0.0,37.0
2026-02-27 07:00:00,23.0,25.5,0.005,0.05,36.0
2026-02-27 08:00:00,15.6,15.5,0.014,0.28,39.0
2026-02-27 09:00:00,14.8,13.2,0.02,0.56,43.0
2026-02-27 10:00:00,3.4,5.2,0.032,0.78,49.0
2026-02-27 11:00:00,5.5,8.7,0.032,0.86,51.0
2026-02-27 12:00:00,4.3,8.0,0.035,0.93,54.0
2026-02-27 13:00:00,2.7,6.1,0.036,0.76,55.0
2026-02-27 14:00:00,1.2,3.4,0.044,0.69,58.0
2026-02-27 15:00:00,0.5,2.6,0.046,0.46,59.0
2026-02-27 16:00:00,0.8,3.7,0.044,0.41,59.0
2026-02-27 17:00:00,1.5,5.6,0.04,0.15,56.0
2026-02-27 18:00:00,1.3,9.1,0.035,0.0,53.0
2026-02-27 19:00:00,0.1,9.7,0.032,0.0,52.0
2026-02-27 20:00:00,0.3,15.8,0.022,0.0,49.0
2026-02-27 21:00:00,1.0,17.6,0.02,0.0,47.0
2026-02-27 22:00:00,0.2,9.6,0.025,0.0,46.0
2026-02-27 23:00:00,0.2,6.2,0.026,0.0,44.0
2026-02-28 00:00:00,0.3,5.7,0.025,0.0,43.0
2026-02-28 01:00:00,0.3,5.2,0.025,0.0,42.0
2026-02-28 02:00:00,0.8,7.4,0.023,0.0,42.0
2026-02-28 03:00:00,0.9,9.5,0.02,0.0,41.0
2026-02-28 04:00:00,0.6,6.8,,0.0,41.0
2026-02-28 05:00:00,1.2,10.6,0.019,0.0,40.0
2026-02-28 06:00:00,1.1,7.1,0.023,0.0,40.0
2026-02-28 07:00:00,2.2,8.8,0.02,0.04,40.0
2026-02-28 08:00:00,6.4,10.1,0.02,0.3,42.0
2026-02-28 09:00:00,3.9,5.4,0.026,0.58,47.0
2026-02-28 10:00:00,2.5,4.5,0.03,0.73,51.0
2026-02-28 11:00:00,2.3,4.5,0.032,0.87,53.0
2026-02-28 12:00:00,1.7,4.5,0.033,0.62,56.0
2026-02-28 13:00:00,2.2,7.2,0.029,0.4,54.0
2026-02-28 14:00:00,1.7,6.0,0.032,0.42,55.0
2026-02-28 15:00:00,1.1,5.7,0.036,0.33,55.0
2026-02-28 16:00:00,1.5,10.0,0.031,0.16,58.0
2026-02-28 17:00:00,0.7,9.8,0.029,0.02,55.0
2026-02-28 18:00:00,0.1,8.8,0.03,0.0,54.0
2026-02-28 19:00:00,0.6,11.9,0.028,0.0,54.0
2026-02-28 20:00:00,0.1,3.7,0.035,0.0,53.0
2026-02-28 21:00:00,0.2,7.1,0.029,0.0,50.0
2026-02-28 22:00:00,0.1,2.4,0.036,0.0,50.0
2026-02-28 23:00:00,0.0,1.6,0.035,0.0,49.0
2026-03-01 00:00:00,0.1,2.3,0.032,0.0,49.0
2026-03-01 01:00:00,0.5,3.2,0.031,0.0,50.0
2026-03-01 02:00:00,0.3,3.9,0.028,0.0,48.0
2026-03-01 03:00:00,0.3,3.2,0.025,0.0,48.0
2026-03-01 04:00:00,,,0.02,0.0,47.0
2026-03-01 05:00:00,0.5,4.2,0.021,0.0,47.0
2026-03-01 06:00:00,0.4,8.3,0.014,0.0,44.0
2026-03-01 07:00:00,1.1,9.8,0.015,0.04,45.0
2026-03-01 08:00:00,3.7,9.5,0.015,0.2,46.0
2026-03-01 09:00:00,3.2,6.4,0.017,0.42,48.0
2026-03-01 10:00:00,2.2,3.1,0.022,0.67,51.0
2026-03-01 11:00:00,1.6,3.2,0.023,0.57,51.0
2026-03-01 12:00:00,1.7,3.9,0.028,0.66,54.0
2026-03-01 13:00:00,1.6,3.9,0.029,0.78,56.0
2026-03-01 14:00:00,1.7,4.2,0.032,0.69,59.0
2026-03-01 15:00:00,0.8,3.0,0.035,0.65,60.0
2026-03-01 16:00:00,0.2,1.6,0.036,0.44,60.0
2026-03-01 17:00:00,0.1,1.9,0.032,0.15,58.0
2026-03-01 18:00:00,0.5,5.2,0.029,0.0,56.0
2026-03-01 19:00:00,0.1,8.5,0.025,0.0,53.0
2026-03-01 20:00:00,0.0,5.5,0.028,0.0,53.0
2026-03-01 21:00:00,0.0,5.4,0.028,0.0,52.0
2026-03-01 22:00:00,0.5,7.8,0.025,0.0,52.0
2026-03-01 23:00:00,0.0,5.8,0.026,0.0,51.0
2026-03-02 00:00:00,0.0,3.2,0.025,0.0,50.0
2026-03-02 01:00:00,0.1,4.3,0.027,0.0,49.0
2026-03-02 02:00:00,0.1,3.0,0.03,0.0,47.0
2026-03-02 03:00:00,0.2,4.0,0.028,0.0,46.0
2026-03-02 04:00:00,0.5,7.3,0.024,0.0,45.0
2026-03-02 05:00:00,1.8,18.8,0.012,0.0,44.0
2026-03-02 06:00:00,14.9,27.1,0.004,0.0,44.0
2026-03-02 07:00:00,21.4,23.8,0.004,0.07,43.0
2026-03-02 08:00:00,8.7,9.9,0.017,0.39,47.0
2026-03-02 09:00:00,3.9,5.3,0.024,0.64,50.0
2026-03-02 10:00:00,3.6,5.3,0.025,0.57,53.0
2026-03-02 11:00:00,4.2,6.8,0.026,0.67,54.0
2026-03-02 12:00:00,3.7,5.7,0.03,1.05,57.0
2026-03-02 13:00:00,0.9,3.2,0.031,0.47,53.0
2026-03-02 14:00:00,0.7,2.5,0.031,0.26,52.0
2026-03-02 15:00:00,0.4,2.3,0.036,0.12,48.0
2026-03-02 16:00:00,0.5,3.1,0.039,0.03,41.0
2026-03-02 17:00:00,0.6,4.2,0.037,0.01,41.0
2026-03-02 18:00:00,0.0,3.5,0.039,0.0,41.0
2026-03-02 19:00:00,0.0,2.6,0.039,0.0,42.0
2026-03-02 20:00:00,0.0,2.5,0.038,0.0,41.0
2026-03-02 21:00:00,0.0,2.7,0.039,0.0,41.0
2026-03-02 22:00:00,0.0,3.4,0.038,0.0,40.0
2026-03-02 23:00:00,0.1,3.8,0.035,0.0,39.0
2026-03-03 00:00:00,0.1,3.2,0.035,0.0,40.0
2026-03-03 01:00:00,0.2,5.0,0.037,0.0,40.0
2026-03-03 02:00:00,0.0,3.6,0.036,0.0,40.0
2026-03-03 03:00:00,0.0,4.0,0.035,0.0,40.0
2026-03-03 04:00:00,0.0,3.6,0.033,0.0,40.0
2026-03-03 05:00:00,-0.1,4.9,0.034,0.0,40.0
2026-03-03 06:00:00,0.0,4.6,0.039,0.0,40.0
2026-03-03 07:00:00,0.5,7.8,0.036,0.0,40.0
2026-03-03 08:00:00,0.3,7.9,0.036,0.03,40.0
2026-03-03 09:00:00,1.6,14.0,0.03,0.04,40.0
2026-03-03 10:00:00,1.2,7.0,0.037,0.1,40.0
2026-03-03 11:00:00,2.2,8.1,0.033,0.18,42.0
2026-03-03 12:00:00,1.0,5.3,0.036,0.14,43.0
2026-03-03 13:00:00,3.3,8.7,0.033,0.4,43.0
2026-03-03 14:00:00,1.9,5.5,0.036,0.49,45.0
2026-03-03 15:00:00,1.7,4.8,0.038,0.49,47.0
2026-03-03 16:00:00,1.4,4.9,0.039,0.49,49.0
2026-03-03 17:00:00,0.4,4.0,0.04,0.21,49.0
2026-03-03 18:00:00,0.8,6.9,0.034,0.01,46.0
2026-03-03 19:00:00,0.3,11.9,0.024,0.0,45.0
2026-03-03 20:00:00,1.1,16.4,0.017,0.0,43.0
2026-03-03 21:00:00,1.2,9.3,0.021,0.0,42.0
2026-03-03 22:00:00,0.6,6.2,0.022,0.0,42.0
2026-03-03 23:00:00,0.8,8.8,0.02,0.0,41.0
2026-03-04 00:00:00,0.8,7.2,0.02,0.0,40.0
2026-03-04 01:00:00,0.8,6.7,0.021,0.0,40.0
2026-03-04 02:00:00,1.1,5.8,0.02,0.0,39.0
2026-03-04 03:00:00,1.6,5.7,0.019,0.0,38.0
2026-03-04 04:00:00,2.8,7.6,0.016,0.0,38.0
2026-03-04 05:00:00,3.5,9.6,0.017,0.0,38.0
2026-03-04 06:00:00,2.8,10.1,0.017,0.0,38.0
2026-03-04 07:00:00,4.3,10.1,0.016,0.07,38.0
2026-03-04 08:00:00,9.5,10.3,0.017,0.33,40.0
2026-03-04 09:00:00,6.7,6.9,0.022,0.6,44.0
2026-03-04 10:00:00,3.8,4.9,0.03,0.85,48.0
2026-03-04 11:00:00,2.3,3.6,0.034,1.02,52.0
2026-03-04 12:00:00,2.7,4.7,0.032,1.09,54.0
2026-03-04 13:00:00,2.0,4.2,0.037,1.07,57.0
2026-03-04 14:00:00,1.2,3.1,0.043,0.94,61.0
2026-03-04 15:00:00,0.6,1.5,0.044,0.66,62.0
2026-03-04 16:00:00,0.7,3.6,0.043,0.21,61.0
2026-03-04 17:00:00,2.1,9.0,0.036,0.08,60.0
2026-03-04 18:00:00,0.7,4.7,0.037,0.01,59.0
2026-03-04 19:00:00,0.4,13.0,0.03,0.0,57.0
2026-03-04 20:00:00,0.6,9.9,0.03,0.0,55.0
2026-03-04 21:00:00,0.2,6.0,0.033,0.0,51.0
2026-03-04 22:00:00,0.1,1.1,0.039,0.0,45.0
2026-03-04 23:00:00,0.0,1.0,0.043,0.0,42.0
2026-03-05 00:00:00,0.0,1.1,0.044,0.0,39.0
2026-03-05 01:00:00,0.0,0.8,0.044,0.0,38.0
2026-03-05 02:00:00,0.0,0.9,0.045,0.0,36.0
2026-03-05 03:00:00,0.0,1.6,0.041,0.0,36.0
2026-03-05 04:00:00,0.0,3.0,0.039,0.0,34.0
2026-03-05 05:00:00,0.0,3.2,0.036,0.0,34.0
2026-03-05 06:00:00,0.3,2.9,0.036,0.0,34.0
2026-03-05 07:00:00,1.7,7.4,0.028,0.04,34.0
2026-03-05 08:00:00,4.5,10.9,0.029,0.26,36.0
2026-03-05 09:00:00,2.0,4.6,0.038,0.3,38.0
2026-03-05 10:00:00,1.1,3.3,0.04,0.41,38.0
2026-03-05 11:00:00,1.9,3.9,0.04,0.65,39.0
2026-03-05 12:00:00,0.8,2.1,0.043,0.53,40.0
2026-03-05 13:00:00,0.6,2.2,0.042,0.36,41.0
2026-03-05 14:00:00,0.5,1.9,0.04,0.43,40.0
2026-03-05 15:00:00,0.8,2.5,0.04,0.33,41.0
2026-03-05 16:00:00,0.5,2.0,0.039,0.24,40.0
2026-03-05 17:00:00,0.2,2.5,0.038,0.06,39.0
2026-03-05 18:00:00,0.1,3.2,0.035,0.0,37.0
2026-03-05 19:00:00,0.0,4.2,0.034,0.0,36.0
2026-03-05 20:00:00,0.1,7.2,0.03,0.0,35.0
2026-03-05 21:00:00,0.1,6.6,0.029,0.0,35.0
2026-03-05 22:00:00,0.2,1.6,0.031,0.0,35.0
2026-03-05 23:00:00,0.6,6.6,0.026,0.0,35.0
2026-03-06 00:00:00,0.1,5.1,0.027,0.0,36.0
2026-03-06 01:00:00,0.1,2.4,0.03,0.0,35.0
2026-03-06 02:00:00,0.1,2.1,0.029,0.0,34.0
2026-03-06 03:00:00,0.0,1.1,0.036,0.0,35.0
2026-03-06 04:00:00,,,0.035,0.0,36.0
2026-03-06 05:00:00,0.1,1.4,0.035,0.0,36.0
2026-03-06 06:00:00,0.1,2.0,0.033,0.0,35.0
2026-03-06 07:00:00,0.2,2.3,0.033,0.06,35.0
2026-03-06 08:00:00,0.7,3.1,0.033,0.16,35.0
2026-03-06 09:00:00,0.6,2.0,0.034,0.35,35.0
2026-03-06 10:00:00,0.7,1.9,0.035,0.38,35.0
2026-03-06 11:00:00,1.1,2.9,0.035,0.41,36.0
2026-03-06 12:00:00,0.6,1.6,0.036,0.5,37.0
2026-03-06 13:00:00,0.4,1.5,0.037,0.48,38.0
2026-03-06 14:00:00,0.6,1.8,0.036,0.52,40.0
2026-03-06 15:00:00,0.8,2.2,0.036,0.46,41.0
2026-03-06 16:00:00,0.5,2.6,0.036,0.23,41.0
2026-03-06 17:00:00,0.4,2.3,0.038,0.11,42.0
2026-03-06 18:00:00,0.2,2.3,0.04,0.01,42.0
2026-03-06 19:00:00,0.0,2.8,0.038,0.0,40.0
2026-03-06 20:00:00,0.0,4.7,0.034,0.0,39.0
2026-03-06 21:00:00,0.3,11.6,0.025,0.0,37.0
2026-03-06 22:00:00,1.4,18.2,0.02,0.0,36.0
2026-03-06 23:00:00,1.4,18.0,0.018,0.0,34.0
2026-03-07 00:00:00,1.3,15.4,0.02,0.0,32.0
2026-03-07 01:00:00,1.0,9.6,0.026,0.0,31.0
2026-03-07 02:00:00,1.2,8.8,0.028,0.0,32.0
2026-03-07 03:00:00,0.8,9.0,0.026,0.0,31.0
2026-03-07 04:00:00,0.7,9.5,,0.0,29.0
2026-03-07 05:00:00,0.9,7.4,0.026,0.0,28.0
2026-03-07 06:00:00,0.8,5.1,0.028,0.0,28.0
2026-03-07 07:00:00,1.5,6.2,0.027,0.1,28.0
2026-03-07 08:00:00,2.2,3.9,0.03,0.36,30.0
2026-03-07 09:00:00,2.3,3.6,0.034,0.63,35.0
2026-03-07 10:00:00,2.4,3.7,0.035,0.87,38.0
2026-03-07 11:00:00,1.4,2.8,0.039,1.04,41.0
2026-03-07 12:00:00,0.8,2.0,0.041,1.12,43.0
2026-03-07 13:00:00,0.3,1.2,0.045,0.79,44.0
2026-03-07 14:00:00,0.2,1.0,0.045,0.81,45.0
2026-03-07 15:00:00,0.5,1.9,0.046,0.61,46.0
2026-03-07 16:00:00,0.3,1.8,0.046,0.49,47.0
2026-03-07 17:00:00,0.1,2.3,0.045,0.17,47.0
2026-03-07 18:00:00,0.6,4.3,0.041,0.02,46.0
2026-03-07 19:00:00,0.8,7.9,0.036,0.0,44.0
2026-03-07 20:00:00,0.3,9.6,0.03,0.0,43.0
2026-03-07 21:00:00,0.8,20.3,0.018,0.0,41.0
2026-03-07 22:00:00,1.2,18.5,0.018,0.0,40.0
2026-03-07 23:00:00,0.8,15.3,0.02,0.0,37.0
2026-03-08 00:00:00,0.5,9.2,0.026,0.0,37.0
2026-03-08 01:00:00,0.7,8.4,0.028,0.0,37.0
2026-03-08 02:00:00,3.1,13.9,0.021,0.0,37.0
2026-03-08 03:00:00,0.9,8.5,0.023,0.0,35.0
2026-03-08 04:00:00,,,0.022,0.0,34.0
2026-03-08 05:00:00,1.2,10.0,0.023,0.0,35.0
2026-03-08 06:00:00,1.5,10.1,0.022,0.0,34.0
2026-03-08 07:00:00,1.8,7.1,0.025,0.1,35.0
2026-03-08 08:00:00,2.4,4.8,0.028,0.36,37.0
2026-03-08 09:00:00,2.1,4.0,0.033,0.63,42.0
2026-03-08 10:00:00,2.3,4.4,0.036,0.87,46.0
2026-03-08 11:00:00,1.3,3.3,0.042,1.04,49.0
2026-03-08 12:00:00,0.5,2.2,0.043,1.13,51.0
2026-03-08 13:00:00,0.4,2.1,0.045,1.11,54.0
2026-03-08 14:00:00,0.5,2.3,0.045,0.99,55.0
2026-03-08 15:00:00,0.5,2.4,0.046,0.8,57.0
2026-03-08 16:00:00,0.5,2.6,0.045,0.53,57.0
2026-03-08 17:00:00,0.6,3.5,0.043,0.25,58.0
2026-03-08 18:00:00,0.8,7.2,0.033,0.02,53.0
2026-03-08 19:00:00,0.3,9.3,0.028,0.0,49.0
2026-03-08 20:00:00,1.0,18.9,0.019,0.0,49.0
2026-03-08 21:00:00,0.1,7.6,0.03,0.0,48.0
2026-03-08 22:00:00,0.1,5.5,0.031,0.0,48.0
2026-03-08 23:00:00,0.2,5.6,0.03,0.0,47.0
2026-03-09 00:00:00,1.1,5.7,0.029,0.0,46.0
2026-03-09 01:00:00,1.3,4.7,0.03,0.0,46.0
2026-03-09 02:00:00,1.0,4.9,0.027,0.0,44.0
2026-03-09 03:00:00,0.9,4.7,0.027,0.0,44.0
2026-03-09 04:00:00,0.9,5.6,0.026,0.0,43.0
2026-03-09 05:00:00,1.7,6.9,0.024,0.0,42.0
2026-03-09 06:00:00,2.1,8.1,0.023,0.0,42.0
2026-03-09 07:00:00,7.4,10.0,0.022,0.11,43.0
2026-03-09 08:00:00,7.3,8.7,0.025,0.37,47.0
2026-03-09 09:00:00,4.0,4.6,0.026,0.64,51.0
2026-03-09 10:00:00,6.6,8.5,0.026,0.88,55.0
2026-03-09 11:00:00,2.6,4.1,0.035,1.05,62.0
2026-03-09 12:00:00,1.1,1.7,0.041,1.13,65.0
2026-03-09 13:00:00,1.4,1.2,0.042,1.11,67.0
2026-03-09 14:00:00,0.8,1.6,0.043,1.0,68.0
2026-03-09 15:00:00,1.2,1.7,0.042,0.81,69.0
2026-03-09 16:00:00,0.9,1.2,0.042,0.54,69.0
2026-03-09 17:00:00,0.6,2.3,0.038,0.21,68.0
2026-03-09 18:00:00,0.2,8.5,0.029,0.01,64.0
2026-03-09 19:00:00,1.8,25.5,0.016,0.0,62.0
2026-03-09 20:00:00,0.8,19.2,0.018,0.0,60.0
2026-03-09 21:00:00,0.2,12.1,0.022,0.0,58.0
2026-03-09 22:00:00,0.2,2.9,0.036,0.0,60.0
2026-03-09 23:00:00,0.0,1.5,0.041,0.0,61.0
2026-03-10 00:00:00,0.0,1.8,0.039,0.0,59.0
2026-03-10 01:00:00,0.1,1.0,0.041,0.0,59.0
2026-03-10 02:00:00,0.0,1.3,0.042,0.0,58.0
2026-03-10 03:00:00,0.0,1.5,0.041,0.0,58.0
2026-03-10 04:00:00,0.1,1.2,0.04,0.0,56.0
2026-03-10 05:00:00,0.2,3.3,0.037,0.0,54.0
2026-03-10 06:00:00,1.3,4.7,0.035,0.0,53.0
2026-03-10 07:00:00,2.4,7.4,0.032,0.12,54.0
2026-03-10 08:00:00,0.9,2.3,0.039,0.36,57.0
2026-03-10 09:00:00,0.9,1.4,0.04,0.39,58.0
2026-03-10 10:00:00,0.8,1.8,0.039,0.62,59.0
2026-03-10 11:00:00,0.4,0.9,0.04,0.55,60.0
2026-03-10 12:00:00,0.7,1.3,0.042,0.61,61.0
2026-03-10 13:00:00,1.9,4.1,0.038,0.79,59.0
2026-03-10 14:00:00,1.5,6.7,0.033,0.21,53.0
2026-03-10 15:00:00,1.5,6.3,0.034,0.2,52.0
2026-03-10 16:00:00,1.0,6.1,0.035,0.14,51.0
2026-03-10 17:00:00,0.3,3.6,0.038,0.2,48.0
2026-03-10 18:00:00,0.1,4.3,0.038,0.01,44.0
2026-03-10 19:00:00,0.1,3.2,0.039,0.0,42.0
2026-03-10 20:00:00,0.1,2.8,0.041,0.0,41.0
2026-03-10 21:00:00,0.2,2.5,0.042,0.0,40.0
2026-03-10 22:00:00,0.2,2.4,0.043,0.0,39.0
2026-03-10 23:00:00,0.2,2.3,0.043,0.0,38.0
2026-03-11 00:00:00,0.0,2.2,0.043,0.0,37.0
2026-03-11 01:00:00,0.1,3.3,0.042,0.0,36.0
2026-03-11 02:00:00,0.3,8.0,0.036,0.0,35.0
2026-03-11 03:00:00,0.4,11.7,0.031,0.0,34.0
2026-03-11 04:00:00,0.5,8.3,0.033,0.0,32.0
2026-03-11 05:00:00,3.0,11.8,0.029,0.0,32.0
2026-03-11 06:00:00,14.3,30.9,0.012,0.0,32.0
2026-03-11 07:00:00,30.4,34.7,0.01,0.12,33.0
2026-03-11 08:00:00,9.1,15.0,0.027,0.38,35.0
2026-03-11 09:00:00,4.0,7.6,0.038,0.65,39.0
2026-03-11 10:00:00,4.2,5.6,0.041,0.89,41.0
2026-03-11 11:00:00,1.8,3.7,0.044,1.06,43.0
2026-03-11 12:00:00,0.8,1.8,0.049,1.14,45.0
2026-03-11 13:00:00,0.9,2.4,0.049,1.12,46.0
2026-03-11 14:00:00,0.7,1.3,0.049,1.01,48.0
2026-03-11 15:00:00,0.3,1.1,0.049,0.81,50.0
2026-03-11 16:00:00,0.2,1.0,0.049,0.54,51.0
2026-03-11 17:00:00,0.1,1.2,0.048,0.25,51.0
2026-03-11 18:00:00,0.1,3.9,0.044,0.02,50.0
2026-03-11 19:00:00,1.0,15.4,0.03,0.0,47.0
2026-03-11 20:00:00,0.4,19.5,0.021,0.0,44.0
2026-03-11 21:00:00,0.6,9.0,0.032,0.0,44.0
2026-03-11 22:00:00,0.3,6.6,0.033,0.0,42.0
2026-03-11 23:00:00,0.4,5.7,0.031,0.0,40.0
2026-03-12 00:00:00,0.5,7.4,0.03,0.0,40.0
2026-03-12 01:00:00,0.5,5.6,0.031,0.0,39.0
2026-03-12 02:00:00,0.6,7.9,0.027,0.0,39.0
2026-03-12 03:00:00,1.2,10.6,0.025,0.0,39.0
2026-03-12 04:00:00,0.7,9.6,0.026,0.0,38.0
2026-03-12 05:00:00,1.5,15.1,0.021,0.0,39.0
2026-03-12 06:00:00,5.0,18.9,0.019,0.0,39.0
2026-03-12 07:00:00,12.2,21.2,0.017,0.11,40.0
2026-03-12 08:00:00,7.4,11.8,0.025,0.39,44.0
2026-03-12 09:00:00,5.5,8.5,0.031,0.63,50.0
2026-03-12 10:00:00,3.4,5.7,0.034,0.89,54.0
2026-03-12 11:00:00,1.8,3.2,0.037,1.02,59.0
2026-03-12 12:00:00,0.9,1.6,0.037,1.15,63.0
2026-03-12 13:00:00,0.8,1.3,0.036,1.11,65.0
2026-03-12 14:00:00,0.6,1.2,0.036,1.01,66.0
2026-03-12 15:00:00,0.9,1.3,0.034,0.69,67.0
2026-03-12 16:00:00,0.4,0.9,0.034,0.54,67.0
2026-03-12 17:00:00,0.3,1.2,0.032,0.22,66.0
2026-03-12 18:00:00,0.2,1.4,0.031,0.03,61.0
2026-03-12 19:00:00,0.0,1.8,0.032,0.0,59.0
2026-03-12 20:00:00,0.1,2.0,0.028,0.0,56.0
2026-03-12 21:00:00,0.0,4.0,0.025,0.0,55.0
2026-03-12 22:00:00,0.3,12.9,0.017,0.0,55.0
2026-03-12 23:00:00,0.8,20.7,0.007,0.0,52.0
2026-03-13 00:00:00,0.7,15.6,0.012,0.0,49.0
2026-03-13 01:00:00,0.5,11.3,0.016,0.0,48.0
2026-03-13 02:00:00,0.4,12.0,0.016,0.0,47.0
2026-03-13 03:00:00,0.7,12.9,0.016,0.0,47.0
2026-03-13 04:00:00,,,0.01,0.0,47.0
2026-03-13 05:00:00,17.8,26.5,0.002,0.0,44.0
2026-03-13 06:00:00,28.1,27.9,0.001,0.0,42.0
2026-03-13 07:00:00,34.1,23.2,0.005,0.14,43.0
2026-03-13 08:00:00,23.1,17.2,0.013,0.4,49.0
2026-03-13 09:00:00,9.4,9.8,0.023,0.68,58.0
2026-03-13 10:00:00,1.9,2.4,0.031,0.92,61.0
2026-03-13 11:00:00,0.7,1.3,0.034,1.1,62.0
2026-03-13 12:00:00,0.3,1.1,0.035,1.16,64.0
2026-03-13 13:00:00,0.3,1.0,0.037,1.14,66.0
2026-03-13 14:00:00,0.3,0.8,0.036,1.03,67.0
2026-03-13 15:00:00,0.8,1.4,0.034,0.83,69.0
2026-03-13 16:00:00,0.4,1.3,0.034,0.45,68.0
2026-03-13 17:00:00,1.4,2.8,0.032,0.19,67.0
2026-03-13 18:00:00,0.9,4.5,0.027,0.01,63.0
2026-03-13 19:00:00,3.3,22.8,0.008,0.0,61.0
2026-03-13 20:00:00,2.2,17.8,0.014,0.0,58.0
2026-03-13 21:00:00,0.5,10.5,0.021,0.0,56.0
2026-03-13 22:00:00,0.3,7.5,0.022,0.0,53.0
2026-03-13 23:00:00,0.4,8.9,0.022,0.0,52.0
2026-03-14 00:00:00,0.9,6.5,0.021,0.0,50.0
2026-03-14 01:00:00,0.4,6.8,0.021,0.0,48.0
2026-03-14 02:00:00,0.2,5.0,0.022,0.0,48.0
2026-03-14 03:00:00,0.4,5.3,0.021,0.0,47.0
2026-03-14 04:00:00,0.8,7.8,,0.0,45.0
2026-03-14 05:00:00,1.0,8.2,0.017,0.0,45.0
2026-03-14 06:00:00,2.0,12.7,0.014,0.0,46.0
2026-03-14 07:00:00,3.3,11.9,0.014,0.06,47.0
2026-03-14 08:00:00,5.8,14.2,0.013,0.14,49.0
2026-03-14 09:00:00,6.8,12.0,0.013,0.23,51.0
2026-03-14 10:00:00,8.5,15.9,0.01,0.17,53.0
2026-03-14 11:00:00,11.7,18.1,0.008,0.16,52.0
2026-03-14 12:00:00,1.9,5.9,0.029,0.18,56.0
2026-03-14 13:00:00,0.8,3.6,0.036,0.19,58.0
2026-03-14 14:00:00,0.8,2.6,0.038,0.33,58.0
2026-03-14 15:00:00,0.4,2.4,0.038,0.2,58.0
2026-03-14 16:00:00,0.8,3.8,0.037,0.32,59.0
2026-03-14 17:00:00,0.2,2.0,0.035,0.11,60.0
2026-03-14 18:00:00,0.1,0.8,0.034,0.02,59.0
2026-03-14 19:00:00,0.1,1.5,0.035,0.0,57.0
2026-03-14 20:00:00,0.0,2.7,0.033,0.0,55.0
2026-03-14 21:00:00,0.4,1.4,0.034,0.0,53.0
2026-03-14 22:00:00,0.1,1.5,0.035,0.0,49.0
2026-03-14 23:00:00,0.1,1.0,0.042,0.0,46.0
2026-03-15 00:00:00,0.0,0.9,0.045,0.0,43.0
2026-03-15 01:00:00,0.1,1.0,0.048,0.0,41.0
2026-03-15 02:00:00,0.1,0.8,0.049,0.0,39.0
2026-03-15 03:00:00,0.0,0.9,0.049,0.0,37.0
2026-03-15 04:00:00,,,0.046,0.0,35.0
2026-03-15 05:00:00,0.0,1.1,0.045,0.0,35.0
2026-03-15 06:00:00,0.0,2.3,0.04,0.0,33.0
2026-03-15 07:00:00,0.5,2.5,0.039,0.15,33.0
2026-03-15 08:00:00,0.6,2.0,0.041,0.42,34.0
2026-03-15 09:00:00,0.6,1.4,0.044,0.68,36.0
2026-03-15 10:00:00,0.6,0.9,0.047,0.92,38.0
2026-03-15 11:00:00,0.2,0.6,0.049,1.09,39.0
2026-03-15 12:00:00,0.3,0.8,0.049,1.12,40.0
2026-03-15 13:00:00,0.5,1.1,0.05,1.02,42.0
2026-03-15 14:00:00,0.4,1.4,0.05,0.92,43.0
2026-03-15 15:00:00,0.3,1.3,0.051,0.78,44.0
2026-03-15 16:00:00,0.3,1.2,0.051,0.5,44.0
2026-03-15 17:00:00,0.1,1.2,0.05,0.21,43.0
2026-03-15 18:00:00,0.1,1.8,0.048,0.03,42.0
2026-03-15 19:00:00,0.0,2.6,0.045,0.0,40.0
2026-03-15 20:00:00,0.2,9.0,0.032,0.0,37.0
2026-03-15 21:00:00,0.2,12.8,0.031,0.0,37.0
2026-03-15 22:00:00,0.2,11.8,0.031,0.0,37.0
2026-03-15 23:00:00,0.1,8.9,0.033,0.0,37.0
2026-03-16 00:00:00,0.3,18.1,0.019,0.0,36.0
2026-03-16 01:00:00,0.7,23.5,0.019,0.0,36.0
2026-03-16 02:00:00,0.2,16.1,0.022,0.0,37.0
2026-03-16 03:00:00,0.3,13.2,0.024,0.0,37.0
2026-03-16 04:00:00,0.1,12.4,0.027,0.0,38.0
2026-03-16 05:00:00,1.1,17.1,0.021,0.0,38.0
2026-03-16 06:00:00,3.5,20.6,0.02,0.0,38.0
2026-03-16 07:00:00,3.8,20.1,0.022,0.06,38.0
2026-03-16 08:00:00,4.1,17.1,0.029,0.15,40.0
2026-03-16 09:00:00,3.3,11.3,0.034,0.3,41.0
2026-03-16 10:00:00,3.7,9.9,0.036,0.53,44.0
2026-03-16 11:00:00,2.6,7.5,0.039,0.56,47.0
2026-03-16 12:00:00,2.6,7.4,0.039,0.58,48.0
2026-03-16 13:00:00,0.6,2.6,0.044,0.53,50.0
2026-03-16 14:00:00,0.5,1.7,0.043,0.79,53.0
2026-03-16 15:00:00,0.4,1.4,0.042,0.77,55.0
2026-03-16 16:00:00,0.5,2.0,0.04,0.41,55.0
2026-03-16 17:00:00,0.4,2.6,0.039,0.3,57.0
2026-03-16 18:00:00,1.4,7.0,0.033,0.04,55.0
2026-03-16 19:00:00,4.9,10.5,0.026,0.0,52.0
2026-03-16 20:00:00,0.5,15.3,0.02,0.0,52.0
2026-03-16 21:00:00,0.6,22.0,0.011,0.0,50.0
2026-03-16 22:00:00,0.7,16.0,0.016,0.0,48.0
2026-03-16 23:00:00,1.1,20.5,0.007,0.0,45.0
2026-03-17 00:00:00,0.9,19.5,0.005,0.0,44.0
2026-03-17 01:00:00,8.1,26.1,0.003,0.0,43.0
2026-03-17 02:00:00,2.8,22.5,0.008,0.0,42.0
2026-03-17 03:00:00,2.4,19.7,0.007,0.0,41.0
2026-03-17 04:00:00,8.3,25.3,0.003,0.0,41.0
2026-03-17 05:00:00,14.8,25.5,0.001,0.0,39.0
2026-03-17 06:00:00,37.6,26.6,0.002,0.0,39.0
2026-03-17 07:00:00,58.8,26.8,0.004,0.16,43.0
2026-03-17 08:00:00,19.2,14.4,0.014,0.42,46.0
2026-03-17 09:00:00,8.5,10.5,0.023,0.7,52.0
2026-03-17 10:00:00,6.8,9.5,0.027,0.94,56.0
2026-03-17 11:00:00,4.5,7.2,0.03,1.11,60.0
2026-03-17 12:00:00,2.4,4.9,0.036,1.19,64.0
2026-03-17 13:00:00,0.5,1.6,0.044,1.17,67.0
2026-03-17 14:00:00,0.6,1.9,0.046,1.03,67.0
2026-03-17 15:00:00,0.5,2.3,0.047,0.71,69.0
2026-03-17 16:00:00,0.4,2.4,0.047,0.56,70.0
2026-03-17 17:00:00,0.3,2.5,0.044,0.31,69.0
2026-03-17 18:00:00,0.6,4.3,0.039,0.05,65.0
2026-03-17 19:00:00,0.2,16.4,0.024,0.0,62.0
2026-03-17 20:00:00,1.5,24.7,0.011,0.0,58.0
2026-03-17 21:00:00,0.8,22.2,0.015,0.0,57.0
2026-03-17 22:00:00,0.2,10.8,0.027,0.0,56.0
2026-03-17 23:00:00,0.4,7.4,0.027,0.0,53.0
2026-03-18 00:00:00,0.1,3.9,0.031,0.0,53.0
2026-03-18 01:00:00,0.1,7.0,0.028,0.0,51.0
2026-03-18 02:00:00,0.1,4.9,0.029,0.0,51.0
2026-03-18 03:00:00,0.6,5.4,0.028,0.0,50.0
2026-03-18 04:00:00,0.9,7.9,0.025,0.0,49.0
2026-03-18 05:00:00,1.4,8.1,0.025,0.0,49.0
2026-03-18 06:00:00,5.7,12.3,0.021,0.01,48.0
2026-03-18 07:00:00,7.6,10.6,0.023,0.17,49.0
2026-03-18 08:00:00,3.5,5.2,0.028,0.44,53.0
2026-03-18 09:00:00,6.7,8.1,0.025,0.72,57.0
2026-03-18 10:00:00,4.0,6.3,0.031,0.96,63.0
2026-03-18 11:00:00,3.9,6.6,0.032,1.13,67.0
2026-03-18 12:00:00,3.7,7.0,0.035,1.21,70.0
2026-03-18 13:00:00,2.2,5.4,0.041,1.19,74.0
2026-03-18 14:00:00,0.8,2.3,0.048,1.07,77.0
2026-03-18 15:00:00,0.4,1.4,0.05,0.87,78.0
2026-03-18 16:00:00,0.6,2.1,0.05,0.59,78.0
2026-03-18 17:00:00,0.2,1.9,0.048,0.29,78.0
2026-03-18 18:00:00,0.4,5.6,0.038,0.04,73.0
2026-03-18 19:00:00,0.4,17.6,0.021,0.0,67.0
2026-03-18 20:00:00,0.0,8.1,0.032,0.0,65.0
2026-03-18 21:00:00,0.1,5.9,0.035,0.0,64.0
2026-03-18 22:00:00,0.1,7.0,0.035,0.0,63.0
2026-03-18 23:00:00,0.1,4.6,0.034,0.0,60.0
2026-03-19 00:00:00,0.2,6.7,0.032,0.0,58.0
2026-03-19 01:00:00,0.0,3.2,0.035,0.0,57.0
2026-03-19 02:00:00,0.1,3.7,0.036,0.0,57.0
2026-03-19 03:00:00,0.3,5.4,0.033,0.0,55.0
2026-03-19 04:00:00,0.7,7.6,0.029,0.0,53.0
2026-03-19 05:00:00,1.3,6.8,0.031,0.0,53.0
2026-03-19 06:00:00,2.0,8.8,0.03,0.01,53.0
2026-03-19 07:00:00,10.8,15.0,0.023,0.18,53.0
2026-03-19 08:00:00,4.4,7.3,0.03,0.44,56.0
2026-03-19 09:00:00,5.1,7.6,0.031,0.73,62.0
2026-03-19 10:00:00,3.7,6.3,0.032,0.97,67.0
2026-03-19 11:00:00,5.0,8.5,0.031,1.13,69.0
2026-03-19 12:00:00,5.3,10.3,0.036,1.21,74.0
2026-03-19 13:00:00,2.2,5.6,0.041,1.19,76.0
2026-03-19 14:00:00,0.9,3.0,0.044,1.07,78.0
2026-03-19 15:00:00,0.5,1.9,0.048,0.87,81.0
2026-03-19 16:00:00,0.2,1.7,0.049,0.6,81.0
2026-03-19 17:00:00,0.2,3.3,0.053,0.3,78.0
2026-03-19 18:00:00,0.0,5.2,0.049,0.05,72.0
2026-03-19 19:00:00,0.1,4.5,0.044,0.0,67.0
2026-03-19 20:00:00,0.0,6.9,0.036,0.0,65.0
2026-03-19 21:00:00,0.2,14.9,0.029,0.0,63.0
2026-03-19 22:00:00,0.4,7.4,0.034,0.0,63.0
2026-03-19 23:00:00,1.0,7.3,0.032,0.0,61.0
2026-03-20 00:00:00,0.1,3.2,0.036,0.0,59.0
2026-03-20 01:00:00,0.0,3.3,0.037,0.0,59.0
2026-03-20 02:00:00,0.1,3.2,0.036,0.0,58.0
2026-03-20 03:00:00,0.6,5.6,0.032,0.0,55.0
2026-03-20 04:00:00,,,0.033,0.0,55.0
2026-03-20 05:00:00,0.5,5.4,0.033,0.0,54.0
2026-03-20 06:00:00,2.0,8.0,0.03,0.01,53.0
2026-03-20 07:00:00,6.0,12.4,0.028,0.18,54.0
2026-03-20 08:00:00,8.9,14.0,0.024,0.45,55.0
2026-03-20 09:00:00,3.2,6.4,0.035,0.73,62.0
2026-03-20 10:00:00,3.1,7.1,0.039,0.97,66.0
2026-03-20 11:00:00,2.3,6.3,0.042,1.13,70.0
2026-03-20 12:00:00,1.9,6.1,0.046,1.21,73.0
2026-03-20 13:00:00,0.9,4.1,0.053,1.19,77.0
2026-03-20 14:00:00,0.7,3.7,0.056,1.07,79.0
2026-03-20 15:00:00,0.5,2.8,0.054,0.87,82.0
2026-03-20 16:00:00,0.3,2.0,0.051,0.6,82.0
2026-03-20 17:00:00,0.1,2.3,0.048,0.3,82.0
2026-03-20 18:00:00,1.0,6.1,0.04,0.05,76.0
2026-03-20 19:00:00,0.3,19.4,0.024,0.0,73.0
2026-03-20 20:00:00,0.1,10.8,0.03,0.0,69.0
2026-03-20 21:00:00,0.1,6.2,0.033,0.0,68.0
2026-03-20 22:00:00,0.3,5.3,0.034,0.0,67.0
2026-03-20 23:00:00,0.0,3.2,0.035,0.0,65.0
2026-03-21 00:00:00,0.1,2.7,0.034,0.0,64.0
2026-03-21 01:00:00,0.0,2.3,0.034,0.0,63.0
2026-03-21 02:00:00,0.1,2.2,0.033,0.0,61.0
2026-03-21 03:00:00,0.7,5.0,0.029,0.0,59.0
2026-03-21 04:00:00,0.3,3.6,,0.0,58.0
2026-03-21 05:00:00,1.8,6.4,0.029,0.0,57.0
2026-03-21 06:00:00,0.3,4.7,0.028,0.01,55.0
2026-03-21 07:00:00,1.5,5.8,0.028,0.19,58.0
2026-03-21 08:00:00,2.7,5.5,0.029,0.46,61.0
2026-03-21 09:00:00,2.8,5.1,0.031,0.73,67.0
2026-03-21 10:00:00,1.0,2.5,0.039,0.99,72.0
2026-03-21 11:00:00,0.6,2.6,0.044,1.04,77.0
2026-03-21 12:00:00,0.3,1.6,0.046,0.94,79.0
2026-03-21 13:00:00,0.2,1.0,0.046,1.13,82.0
2026-03-21 14:00:00,0.4,1.8,0.046,0.74,82.0
2026-03-21 15:00:00,0.3,0.9,0.044,0.62,82.0
2026-03-21 16:00:00,0.3,1.2,0.041,0.42,81.0
2026-03-21 17:00:00,0.2,1.5,0.04,0.14,76.0
2026-03-21 18:00:00,0.2,3.3,0.038,0.02,71.0
2026-03-21 19:00:00,0.4,4.9,0.034,0.0,70.0
2026-03-21 20:00:00,0.1,5.4,0.032,0.0,68.0
2026-03-21 21:00:00,0.2,9.7,0.025,0.0,65.0
2026-03-21 22:00:00,0.0,6.9,0.027,0.0,65.0
2026-03-21 23:00:00,0.3,12.8,0.019,0.0,61.0
2026-03-22 00:00:00,0.0,5.0,0.026,0.0,60.0
2026-03-22 01:00:00,0.1,5.3,0.025,0.0,57.0
2026-03-22 02:00:00,0.2,6.2,0.021,0.0,54.0
2026-03-22 03:00:00,0.2,6.8,0.018,0.0,51.0
2026-03-22 04:00:00,,,0.015,0.0,50.0
2026-03-22 05:00:00,0.0,2.9,0.021,0.0,52.0
2026-03-22 06:00:00,0.5,4.1,0.021,0.01,53.0
2026-03-22 07:00:00,1.1,4.8,0.022,0.18,55.0
2026-03-22 08:00:00,0.8,1.9,0.026,0.44,57.0
2026-03-22 09:00:00,0.9,2.1,0.028,0.72,59.0
2026-03-22 10:00:00,0.9,2.3,0.031,0.96,60.0
2026-03-22 11:00:00,0.4,1.7,0.036,1.12,62.0
2026-03-22 12:00:00,0.2,1.6,0.04,1.2,64.0
2026-03-22 13:00:00,0.4,1.7,0.042,1.2,66.0
2026-03-22 14:00:00,0.1,1.8,0.047,0.95,67.0
2026-03-22 15:00:00,0.2,1.7,0.052,0.65,68.0
2026-03-22 16:00:00,0.2,2.2,0.05,0.36,68.0
2026-03-22 17:00:00,0.2,3.1,0.048,0.15,65.0
2026-03-22 18:00:00,0.0,3.3,0.045,0.01,63.0
2026-03-22 19:00:00,0.1,3.2,0.042,0.0,61.0
2026-03-22 20:00:00,0.0,4.2,0.038,0.0,59.0
2026-03-22 21:00:00,0.0,4.6,0.035,0.0,57.0
2026-03-22 22:00:00,0.0,8.0,0.032,0.0,57.0
2026-03-22 23:00:00,0.1,10.6,0.027,0.0,56.0
2026-03-23 00:00:00,0.1,9.2,0.027,0.0,56.0
2026-03-23 01:00:00,0.0,7.3,0.027,0.0,56.0
2026-03-23 02:00:00,0.1,5.2,0.028,0.0,56.0
2026-03-23 03:00:00,0.2,6.5,0.024,0.0,54.0
2026-03-23 04:00:00,0.5,7.3,0.023,0.0,54.0
2026-03-23 05:00:00,1.1,12.5,0.018,0.0,54.0
2026-03-23 06:00:00,3.0,12.0,0.018,0.02,54.0
2026-03-23 07:00:00,6.0,15.6,0.013,0.1,53.0
2026-03-23 08:00:00,5.0,12.8,0.019,0.18,55.0
2026-03-23 09:00:00,3.4,9.4,0.021,0.26,56.0
2026-03-23 10:00:00,3.6,8.8,0.022,0.33,57.0
2026-03-23 11:00:00,3.6,8.6,0.022,0.39,58.0
2026-03-23 12:00:00,3.5,7.5,0.026,0.63,61.0
2026-03-23 13:00:00,2.8,5.7,0.032,0.88,64.0
2026-03-23 14:00:00,1.6,4.4,0.037,1.02,69.0
2026-03-23 15:00:00,0.8,3.0,0.04,0.86,71.0
2026-03-23 16:00:00,0.5,2.5,0.038,0.59,71.0
2026-03-23 17:00:00,0.4,2.6,0.04,0.28,69.0
2026-03-23 18:00:00,0.3,3.7,0.036,0.04,66.0
2026-03-23 19:00:00,1.1,7.5,0.034,0.0,65.0
2026-03-23 20:00:00,1.6,19.1,0.019,0.0,62.0
2026-03-23 21:00:00,0.9,15.5,0.021,0.0,60.0
2026-03-23 22:00:00,0.1,11.4,0.022,0.0,58.0
2026-03-23 23:00:00,0.2,10.7,0.021,0.0,57.0
2026-03-24 00:00:00,0.1,5.0,0.025,0.0,56.0
2026-03-24 01:00:00,0.1,3.5,0.025,0.0,55.0
2026-03-24 02:00:00,0.2,5.1,0.026,0.0,55.0
2026-03-24 03:00:00,0.6,5.7,0.025,0.0,54.0
2026-03-24 04:00:00,0.7,6.6,0.024,0.0,53.0
2026-03-24 05:00:00,0.9,7.2,0.023,0.0,53.0
2026-03-24 06:00:00,3.1,10.4,0.02,0.01,52.0
2026-03-24 07:00:00,12.3,15.1,0.016,0.18,53.0
2026-03-24 08:00:00,5.4,7.7,0.023,0.44,57.0
2026-03-24 09:00:00,5.0,7.4,0.026,0.72,63.0
2026-03-24 10:00:00,2.7,4.7,0.034,0.97,69.0
2026-03-24 11:00:00,2.2,5.0,0.037,1.14,73.0
2026-03-24 12:00:00,1.0,2.7,0.042,1.2,76.0
2026-03-24 13:00:00,0.5,2.0,0.043,1.18,78.0
2026-03-24 14:00:00,0.3,1.4,0.037,1.06,80.0
2026-03-24 15:00:00,0.2,0.8,0.026,0.86,81.0
2026-03-24 16:00:00,0.1,0.7,0.027,0.61,81.0
2026-03-24 17:00:00,0.3,1.1,0.029,0.32,81.0
2026-03-24 18:00:00,0.2,1.4,0.027,0.05,79.0
2026-03-24 19:00:00,2.0,11.6,0.014,0.0,73.0
2026-03-24 20:00:00,1.7,15.1,0.009,0.0,69.0
2026-03-24 21:00:00,0.5,5.8,0.017,0.0,69.0
2026-03-24 22:00:00,0.2,3.7,0.017,0.0,67.0
2026-03-24 23:00:00,0.3,4.4,0.017,0.0,65.0
2026-03-25 00:00:00,0.7,3.6,0.017,0.0,64.0
2026-03-25 01:00:00,1.0,4.9,0.015,0.0,62.0
2026-03-25 02:00:00,0.6,3.7,0.016,0.0,60.0
2026-03-25 03:00:00,0.5,5.5,0.014,0.0,59.0
2026-03-25 04:00:00,0.9,5.0,0.015,0.0,59.0
2026-03-25 05:00:00,2.2,7.7,0.013,0.0,59.0
2026-03-25 06:00:00,4.0,6.5,0.013,0.02,57.0
2026-03-25 07:00:00,6.4,6.4,0.014,0.21,59.0
2026-03-25 08:00:00,4.3,4.7,0.017,0.48,62.0
2026-03-25 09:00:00,4.1,4.2,0.019,0.76,68.0
2026-03-25 10:00:00,5.6,6.8,0.023,0.99,74.0
2026-03-25 11:00:00,3.7,6.6,0.032,1.15,77.0
2026-03-25 12:00:00,0.7,2.8,0.042,1.24,81.0
2026-03-25 13:00:00,0.7,2.5,0.045,1.23,83.0
2026-03-25 14:00:00,0.4,1.8,0.044,1.08,85.0
2026-03-25 15:00:00,1.3,1.6,0.036,0.88,86.0
2026-03-25 16:00:00,0.7,1.2,0.034,0.59,86.0
2026-03-25 17:00:00,0.3,1.3,0.032,0.25,84.0
2026-03-25 18:00:00,0.2,2.7,0.029,0.04,82.0
2026-03-25 19:00:00,5.4,18.2,0.015,0.0,79.0
2026-03-25 20:00:00,0.1,10.9,0.025,0.0,75.0
2026-03-25 21:00:00,0.0,1.8,0.036,0.0,74.0
2026-03-25 22:00:00,0.0,1.8,0.037,0.0,74.0
2026-03-25 23:00:00,0.0,1.3,0.035,0.0,71.0
2026-03-26 00:00:00,-0.1,3.1,0.032,0.0,69.0
2026-03-26 01:00:00,0.0,6.1,0.028,0.0,66.0
2026-03-26 02:00:00,0.0,6.8,0.024,0.0,63.0
2026-03-26 03:00:00,0.2,8.3,0.019,0.0,60.0
2026-03-26 04:00:00,1.3,19.4,0.012,0.0,59.0
2026-03-26 05:00:00,2.9,18.1,0.012,0.0,57.0
2026-03-26 06:00:00,5.0,20.4,0.01,0.03,57.0
2026-03-26 07:00:00,16.3,21.0,0.013,0.22,60.0
2026-03-26 08:00:00,3.1,6.2,0.029,0.48,61.0
2026-03-26 09:00:00,1.1,2.7,0.035,0.75,62.0
2026-03-26 10:00:00,0.9,2.4,0.037,0.95,62.0
2026-03-26 11:00:00,0.7,2.0,0.04,1.15,63.0
2026-03-26 12:00:00,0.7,1.9,0.043,1.23,64.0
2026-03-26 13:00:00,0.4,1.8,0.046,1.13,64.0
2026-03-26 14:00:00,0.3,1.5,0.046,1.06,65.0
2026-03-26 15:00:00,0.2,1.3,0.047,0.85,65.0
2026-03-26 16:00:00,0.3,1.4,0.051,0.61,64.0
2026-03-26 17:00:00,0.1,1.3,0.052,0.31,63.0
2026-03-26 18:00:00,0.0,2.0,0.049,0.04,60.0
2026-03-26 19:00:00,-0.1,2.9,0.043,0.0,57.0
2026-03-26 20:00:00,-0.1,2.5,0.043,0.0,56.0
2026-03-26 21:00:00,0.0,3.9,0.042,0.0,53.0
2026-03-26 22:00:00,0.0,4.2,0.042,0.0,51.0
2026-03-26 23:00:00,0.0,5.7,0.042,0.0,50.0
2026-03-27 00:00:00,0.0,4.4,0.042,0.0,49.0
2026-03-27 01:00:00,0.1,4.9,0.04,0.0,47.0
2026-03-27 02:00:00,0.2,7.3,0.035,0.0,46.0
2026-03-27 03:00:00,2.6,13.5,0.03,0.0,46.0
2026-03-27 04:00:00,,,0.025,0.0,43.0
2026-03-27 05:00:00,1.9,13.6,0.028,0.0,44.0
2026-03-27 06:00:00,5.3,21.2,0.022,0.03,42.0
2026-03-27 07:00:00,8.1,19.3,0.021,0.22,43.0
2026-03-27 08:00:00,7.5,15.0,0.03,0.47,47.0
2026-03-27 09:00:00,5.4,10.1,0.035,0.79,51.0
2026-03-27 10:00:00,3.8,7.1,0.039,1.05,54.0
2026-03-27 11:00:00,2.4,5.5,0.045,1.16,56.0
2026-03-27 12:00:00,1.9,5.2,0.049,1.18,58.0
2026-03-27 13:00:00,1.2,4.2,0.054,1.14,61.0
2026-03-27 14:00:00,1.2,4.7,0.056,0.97,63.0
2026-03-27 15:00:00,0.7,4.0,0.059,0.75,65.0
2026-03-27 16:00:00,0.6,3.9,0.059,0.48,66.0
2026-03-27 17:00:00,0.9,5.0,0.055,0.19,65.0
2026-03-27 18:00:00,0.1,6.4,0.051,0.02,63.0
2026-03-27 19:00:00,0.1,8.9,0.046,0.0,60.0
2026-03-27 20:00:00,0.0,8.7,0.043,0.0,59.0
2026-03-27 21:00:00,0.2,9.6,0.036,0.0,56.0
2026-03-27 22:00:00,0.4,17.6,0.026,0.0,54.0
2026-03-27 23:00:00,0.3,16.9,0.028,0.0,54.0
2026-03-28 00:00:00,0.1,7.5,0.037,0.0,56.0
2026-03-28 01:00:00,0.3,7.9,0.035,0.0,55.0
2026-03-28 02:00:00,0.2,6.1,0.036,0.0,54.0
2026-03-28 03:00:00,0.1,3.0,0.037,0.0,54.0
2026-03-28 04:00:00,0.5,7.5,,0.0,53.0
2026-03-28 05:00:00,0.4,7.1,0.032,0.0,51.0
2026-03-28 06:00:00,0.5,10.8,0.028,0.02,52.0
2026-03-28 07:00:00,3.0,8.2,0.03,0.23,53.0
2026-03-28 08:00:00,3.5,8.4,0.03,0.47,55.0
2026-03-28 09:00:00,3.4,8.7,0.032,0.65,60.0
2026-03-28 10:00:00,2.8,6.2,0.037,1.02,65.0
2026-03-28 11:00:00,2.3,6.1,0.041,1.14,69.0
2026-03-28 12:00:00,1.3,5.0,0.047,0.77,72.0
2026-03-28 13:00:00,0.5,2.8,0.052,1.22,75.0
2026-03-28 14:00:00,0.1,1.3,0.051,0.9,78.0
2026-03-28 15:00:00,0.1,1.1,0.049,0.56,77.0
2026-03-28 16:00:00,0.1,1.5,0.05,0.13,75.0
2026-03-28 17:00:00,0.0,1.9,0.051,0.05,73.0
2026-03-28 18:00:00,0.0,3.6,0.054,0.01,69.0
2026-03-28 19:00:00,0.0,3.5,0.049,0.0,70.0
2026-03-28 20:00:00,0.0,6.2,0.043,0.0,69.0
2026-03-28 21:00:00,0.3,6.7,0.039,0.0,66.0
2026-03-28 22:00:00,0.0,3.6,0.042,0.0,65.0
2026-03-28 23:00:00,-0.1,2.4,0.041,0.0,63.0
2026-03-29 00:00:00,0.0,3.4,0.039,0.0,61.0
2026-03-29 01:00:00,0.0,2.7,0.039,0.0,59.0
2026-03-29 02:00:00,0.2,4.4,0.035,0.0,57.0
2026-03-29 03:00:00,0.9,8.1,0.031,0.0,56.0
2026-03-29 04:00:00,,,0.032,0.0,54.0
2026-03-29 05:00:00,0.2,4.5,0.032,0.0,53.0
2026-03-29 06:00:00,2.4,5.4,0.031,0.02,52.0
2026-03-29 07:00:00,1.8,5.7,0.03,0.23,53.0
2026-03-29 08:00:00,1.8,4.4,0.032,0.5,58.0
2026-03-29 09:00:00,2.0,4.3,0.034,0.79,63.0
2026-03-29 10:00:00,0.6,2.0,0.043,1.03,67.0
2026-03-29 11:00:00,0.5,2.2,0.046,1.19,70.0
2026-03-29 12:00:00,0.5,1.5,0.05,1.26,72.0
2026-03-29 13:00:00,0.0,0.6,0.05,1.22,74.0
2026-03-29 14:00:00,0.0,0.7,0.05,1.04,76.0
2026-03-29 15:00:00,0.0,0.6,0.049,0.84,77.0
2026-03-29 16:00:00,0.0,1.0,0.048,0.31,75.0
2026-03-29 17:00:00,0.1,2.0,0.049,0.21,73.0
2026-03-29 18:00:00,0.1,3.3,0.045,0.04,69.0
2026-03-29 19:00:00,0.0,4.6,0.041,0.0,67.0
2026-03-29 20:00:00,0.0,6.5,0.036,0.0,64.0
2026-03-29 21:00:00,0.6,23.1,0.018,0.0,62.0
2026-03-29 22:00:00,0.8,15.9,0.023,0.0,60.0
2026-03-29 23:00:00,0.7,9.9,0.029,0.0,59.0
2026-03-30 00:00:00,0.0,5.0,0.032,0.0,59.0
2026-03-30 01:00:00,0.1,4.1,0.032,0.0,58.0
2026-03-30 02:00:00,0.0,4.6,0.032,0.0,58.0
2026-03-30 03:00:00,0.2,5.8,0.032,0.0,57.0
2026-03-30 04:00:00,0.5,6.7,0.029,0.0,55.0
2026-03-30 05:00:00,1.1,13.2,0.024,0.0,53.0
2026-03-30 06:00:00,3.0,16.4,0.02,0.04,53.0
2026-03-30 07:00:00,10.6,15.4,0.022,0.26,55.0
2026-03-30 08:00:00,6.8,11.2,0.026,0.49,60.0
2026-03-30 09:00:00,3.3,6.6,0.037,0.8,65.0
2026-03-30 10:00:00,1.0,3.1,0.046,0.98,69.0
2026-03-30 11:00:00,0.8,2.5,0.048,1.19,71.0
2026-03-30 12:00:00,0.2,1.1,0.048,1.11,72.0
2026-03-30 13:00:00,0.3,1.4,0.048,0.97,73.0
2026-03-30 14:00:00,0.2,1.1,0.047,0.71,73.0
2026-03-30 15:00:00,0.1,1.1,0.047,0.55,72.0
2026-03-30 16:00:00,0.1,2.2,0.047,0.38,72.0
2026-03-30 17:00:00,0.2,2.9,0.044,0.16,70.0
2026-03-30 18:00:00,0.2,3.6,0.038,0.01,67.0
2026-03-30 19:00:00,0.1,2.7,0.039,0.0,67.0
2026-03-30 20:00:00,0.1,6.5,0.033,0.0,66.0
2026-03-30 21:00:00,0.2,7.2,0.033,0.0,64.0
2026-03-30 22:00:00,0.0,3.0,0.038,0.0,64.0
2026-03-30 23:00:00,0.0,4.9,0.035,0.0,62.0
2026-03-31 00:00:00,0.0,4.1,0.034,0.0,59.0
2026-03-31 01:00:00,0.0,3.7,0.035,0.0,58.0
2026-03-31 02:00:00,0.1,5.4,0.031,0.0,56.0
2026-03-31 03:00:00,0.5,6.4,0.031,0.0,55.0
2026-03-31 04:00:00,0.8,7.5,0.031,0.0,55.0
2026-03-31 05:00:00,1.5,10.3,0.027,0.0,54.0
2026-03-31 06:00:00,1.3,10.1,0.029,0.01,54.0
2026-03-31 07:00:00,2.6,11.7,0.025,0.09,54.0
2026-03-31 08:00:00,3.7,11.9,0.023,0.25,55.0
2026-03-31 09:00:00,4.0,8.7,0.03,0.62,59.0
2026-03-31 10:00:00,2.1,4.5,0.036,0.59,62.0
2026-03-31 11:00:00,1.7,4.0,0.038,0.79,62.0
2026-03-31 12:00:00,0.8,2.4,0.042,1.11,64.0
2026-03-31 13:00:00,0.2,1.4,0.045,0.52,65.0
2026-03-31 14:00:00,0.3,1.6,0.045,0.59,65.0
2026-03-31 15:00:00,1.7,3.4,0.044,0.37,67.0
2026-03-31 16:00:00,1.2,3.8,0.043,0.13,67.0
2026-03-31 17:00:00,0.4,2.1,0.043,0.03,64.0
2026-03-31 18:00:00,0.2,1.0,0.044,0.01,61.0
2026-03-31 19:00:00,0.0,2.5,0.042,0.0,59.0
2026-03-31 20:00:00,0.0,2.8,0.04,0.0,54.0
2026-03-31 21:00:00,0.3,5.2,0.036,0.0,52.0
2026-03-31 22:00:00,0.1,5.4,0.037,0.0,51.0
2026-03-31 23:00:00,0.0,3.0,0.035,0.0,50.0
