datetime,HW,LP,RB
4/20/23,,,
4/20/23 1:00,,,
4/20/23 2:00,,,
4/20/23 3:00,,,
4/20/23 4:00,,,
4/20/23 5:00,,,
4/20/23 6:00,,,
4/20/23 7:00,,,
4/20/23 8:00,,,
4/20/23 9:00,,,
4/20/23 10:00,,,
4/20/23 11:00,,,
4/20/23 12:00,,,
4/20/23 13:00,,,
4/20/23 14:00,,,
4/20/23 15:00,,,
4/20/23 16:00,,,
4/20/23 17:00,,,
4/20/23 18:00,,,
4/20/23 19:00,,,
4/20/23 20:00,,,
4/20/23 21:00,,,
4/20/23 22:00,,,
4/20/23 23:00,,,
4/21/23,,,
4/21/23 1:00,,,
4/21/23 2:00,,,
4/21/23 3:00,,,
4/21/23 4:00,,,
4/21/23 5:00,,,
4/21/23 6:00,,,
4/21/23 7:00,,,
4/21/23 8:00,,,
4/21/23 9:00,,,
4/21/23 10:00,,,
4/21/23 11:00,,,
4/21/23 12:00,,,
4/21/23 13:00,,,
4/21/23 14:00,,,
4/21/23 15:00,,,
4/21/23 16:00,,,
4/21/23 17:00,,,
4/21/23 18:00,,,
4/21/23 19:00,,,
4/21/23 20:00,,,
4/21/23 21:00,,,
4/21/23 22:00,,,
4/21/23 23:00,,,
4/22/23,,,
4/22/23 1:00,,,
4/22/23 2:00,,,
4/22/23 3:00,,,
4/22/23 4:00,,,
4/22/23 5:00,,,
4/22/23 6:00,,,
4/22/23 7:00,,,
4/22/23 8:00,,,
4/22/23 9:00,,,
4/22/23 10:00,,,
4/22/23 11:00,,,
4/22/23 12:00,,,
4/22/23 13:00,,,
4/22/23 14:00,,,
4/22/23 15:00,,,
4/22/23 16:00,,,
4/22/23 17:00,,,
4/22/23 18:00,,,
4/22/23 19:00,,,
4/22/23 20:00,,,
4/22/23 21:00,,,
4/22/23 22:00,,,
4/22/23 23:00,,,
4/23/23,,,
4/23/23 1:00,,,
4/23/23 2:00,,,
4/23/23 3:00,,,
4/23/23 4:00,,,
4/23/23 5:00,,,
4/23/23 6:00,,,
4/23/23 7:00,,,
4/23/23 8:00,,,
4/23/23 9:00,,,
4/23/23 10:00,,,
4/23/23 11:00,,,
4/23/23 12:00,,,
4/23/23 13:00,,,
4/23/23 14:00,,,
4/23/23 15:00,,,
4/23/23 16:00,,,
4/23/23 17:00,,,
4/23/23 18:00,,,
4/23/23 19:00,,,
4/23/23 20:00,,,
4/23/23 21:00,,,
4/23/23 22:00,,,
4/23/23 23:00,,,
4/24/23,,,
4/24/23 1:00,,,
4/24/23 2:00,,,
4/24/23 3:00,,,
4/24/23 4:00,,,
4/24/23 5:00,,,
4/24/23 6:00,,,
4/24/23 7:00,,,
4/24/23 8:00,,,
4/24/23 9:00,,,
4/24/23 10:00,,,
4/24/23 11:00,,,
4/24/23 12:00,,,
4/24/23 13:00,,,
4/24/23 14:00,,,
4/24/23 15:00,,,
4/24/23 16:00,,,
4/24/23 17:00,,,
4/24/23 18:00,,,
4/24/23 19:00,,,
4/24/23 20:00,,,
4/24/23 21:00,,,
4/24/23 22:00,,,
4/24/23 23:00,,,
4/25/23,,,
4/25/23 1:00,,,
4/25/23 2:00,,,
4/25/23 3:00,,,
4/25/23 4:00,,,
4/25/23 5:00,,,
4/25/23 6:00,,,
4/25/23 7:00,,,
4/25/23 8:00,,,
4/25/23 9:00,,,
4/25/23 10:00,,,
4/25/23 11:00,,,
4/25/23 12:00,,,
4/25/23 13:00,,,
4/25/23 14:00,,,
4/25/23 15:00,,,
4/25/23 16:00,,,
4/25/23 17:00,,,
4/25/23 18:00,,,
4/25/23 19:00,,,
4/25/23 20:00,,,
4/25/23 21:00,,,
4/25/23 22:00,,,
4/25/23 23:00,,,
4/26/23,,,
4/26/23 1:00,,,
4/26/23 2:00,,,
4/26/23 3:00,,,
4/26/23 4:00,,,
4/26/23 5:00,,,
4/26/23 6:00,,,
4/26/23 7:00,,,
4/26/23 8:00,,,
4/26/23 9:00,,,
4/26/23 10:00,,,
4/26/23 11:00,,,
4/26/23 12:00,,,
4/26/23 13:00,,,
4/26/23 14:00,,,
4/26/23 15:00,,,
4/26/23 16:00,,,
4/26/23 17:00,,,
4/26/23 18:00,,,
4/26/23 19:00,,,
4/26/23 20:00,,,
4/26/23 21:00,,,
4/26/23 22:00,,,
4/26/23 23:00,,,
4/27/23,,,
4/27/23 1:00,,,
4/27/23 2:00,,,
4/27/23 3:00,,,
4/27/23 4:00,,,
4/27/23 5:00,,,
4/27/23 6:00,,,
4/27/23 7:00,,,
4/27/23 8:00,,,
4/27/23 9:00,,,
4/27/23 10:00,,,
4/27/23 11:00,,,
4/27/23 12:00,,,
4/27/23 13:00,,,
4/27/23 14:00,,,
4/27/23 15:00,,,
4/27/23 16:00,,,
4/27/23 17:00,,,
4/27/23 18:00,,,
4/27/23 19:00,,,
4/27/23 20:00,,,
4/27/23 21:00,,,
4/27/23 22:00,,,
4/27/23 23:00,,,
4/28/23,,,
4/28/23 1:00,,,
4/28/23 2:00,,,
4/28/23 3:00,,,
4/28/23 4:00,,,
4/28/23 5:00,,,
4/28/23 6:00,,,
4/28/23 7:00,,,
4/28/23 8:00,,,
4/28/23 9:00,19,,
4/28/23 10:00,24,,
4/28/23 11:00,27,,
4/28/23 12:00,18,,
4/28/23 13:00,12,,
4/28/23 14:00,23,,
4/28/23 15:00,18,,
4/28/23 16:00,13,,
4/28/23 17:00,7,,
4/28/23 18:00,2,,
4/28/23 19:00,0,,
4/28/23 20:00,0,,
4/28/23 21:00,0,,
4/28/23 22:00,0,,
4/28/23 23:00,0,,
4/29/23,0,,
4/29/23 1:00,0,,
4/29/23 2:00,0,,
4/29/23 3:00,0,,
4/29/23 4:00,0,,
4/29/23 5:00,0,,
4/29/23 6:00,3,,
4/29/23 7:00,8,,
4/29/23 8:00,14,,
4/29/23 9:00,20,,
4/29/23 10:00,24,,
4/29/23 11:00,27,,
4/29/23 12:00,19,,
4/29/23 13:00,13,,
4/29/23 14:00,23,,
4/29/23 15:00,18,,
4/29/23 16:00,13,,
4/29/23 17:00,7,,
4/29/23 18:00,2,,
4/29/23 19:00,0,,
4/29/23 20:00,0,,
4/29/23 21:00,0,,
4/29/23 22:00,0,,
4/29/23 23:00,0,,
4/30/23,0,,
4/30/23 1:00,0,,
4/30/23 2:00,0,,
4/30/23 3:00,0,,
4/30/23 4:00,0,,
4/30/23 5:00,0,,
4/30/23 6:00,3,,
4/30/23 7:00,8,,
4/30/23 8:00,14,,
4/30/23 9:00,20,,
4/30/23 10:00,24,,
4/30/23 11:00,27,,
4/30/23 12:00,19,,
4/30/23 13:00,13,,
4/30/23 14:00,23,,
4/30/23 15:00,18,,
4/30/23 16:00,10,,
4/30/23 17:00,5,,
4/30/23 18:00,2,,
4/30/23 19:00,0,,
4/30/23 20:00,0,,
4/30/23 21:00,0,,
4/30/23 22:00,0,,
4/30/23 23:00,0,,
5/1/23,0,,
5/1/23 1:00,0,,
5/1/23 2:00,0,,
5/1/23 3:00,0,,
5/1/23 4:00,0,,
5/1/23 5:00,0,,
5/1/23 6:00,3,,
5/1/23 7:00,6,,
5/1/23 8:00,11,,
5/1/23 9:00,19,,
5/1/23 10:00,24,,
5/1/23 11:00,27,,
5/1/23 12:00,12,,
5/1/23 13:00,16,,
5/1/23 14:00,23,,
5/1/23 15:00,15,,
5/1/23 16:00,9,,
5/1/23 17:00,6,,
5/1/23 18:00,2,,
5/1/23 19:00,0,,
5/1/23 20:00,0,,
5/1/23 21:00,0,,
5/1/23 22:00,0,,
5/1/23 23:00,0,,
5/2/23,0,,
5/2/23 1:00,0,,
5/2/23 2:00,0,,
5/2/23 3:00,0,,
5/2/23 4:00,0,,
5/2/23 5:00,0,,
5/2/23 6:00,3,,
5/2/23 7:00,9,,
5/2/23 8:00,14,,
5/2/23 9:00,19,,
5/2/23 10:00,17,,
5/2/23 11:00,24,,
5/2/23 12:00,20,,
5/2/23 13:00,14,,
5/2/23 14:00,22,,
5/2/23 15:00,19,,
5/2/23 16:00,13,,
5/2/23 17:00,7,,
5/2/23 18:00,2,,
5/2/23 19:00,0,,
5/2/23 20:00,0,,
5/2/23 21:00,0,,
5/2/23 22:00,0,,
5/2/23 23:00,0,,
5/3/23,0,,
5/3/23 1:00,0,,
5/3/23 2:00,0,,
5/3/23 3:00,0,,
5/3/23 4:00,0,,
5/3/23 5:00,0,,
5/3/23 6:00,3,,
5/3/23 7:00,7,,
5/3/23 8:00,12,,
5/3/23 9:00,17,,
5/3/23 10:00,23,,
5/3/23 11:00,25,,
5/3/23 12:00,20,,
5/3/23 13:00,14,,
5/3/23 14:00,23,,
5/3/23 15:00,17,,
5/3/23 16:00,9,,
5/3/23 17:00,6,,
5/3/23 18:00,1,,
5/3/23 19:00,0,,
5/3/23 20:00,0,,
5/3/23 21:00,0,,
5/3/23 22:00,0,,
5/3/23 23:00,0,,
5/4/23,0,,
5/4/23 1:00,0,,
5/4/23 2:00,0,,
5/4/23 3:00,0,,
5/4/23 4:00,0,,
5/4/23 5:00,0,,
5/4/23 6:00,2,,
5/4/23 7:00,8,,
5/4/23 8:00,12,,
5/4/23 9:00,20,,
5/4/23 10:00,23,,
5/4/23 11:00,20,,
5/4/23 12:00,4,,
5/4/23 13:00,11,,
5/4/23 14:00,10,,
5/4/23 15:00,11,,
5/4/23 16:00,8,,
5/4/23 17:00,4,,
5/4/23 18:00,1,,
5/4/23 19:00,0,,
5/4/23 20:00,0,,
5/4/23 21:00,0,,
5/4/23 22:00,0,,
5/4/23 23:00,0,,
5/5/23,0,,
5/5/23 1:00,0,,
5/5/23 2:00,0,,
5/5/23 3:00,0,,
5/5/23 4:00,0,,
5/5/23 5:00,0,,
5/5/23 6:00,2,,
5/5/23 7:00,6,,
5/5/23 8:00,9,,
5/5/23 9:00,10,,
5/5/23 10:00,,,
5/5/23 11:00,20,,
5/5/23 12:00,16,,
5/5/23 13:00,15,,
5/5/23 14:00,16,,
5/5/23 15:00,9,,
5/5/23 16:00,4,,
5/5/23 17:00,4,,
5/5/23 18:00,1,,
5/5/23 19:00,0,,
5/5/23 20:00,0,,
5/5/23 21:00,0,,
5/5/23 22:00,0,,
5/5/23 23:00,0,,
5/6/23,0,,
5/6/23 1:00,0,,
5/6/23 2:00,0,,
5/6/23 3:00,0,,
5/6/23 4:00,0,,
5/6/23 5:00,0,,
5/6/23 6:00,3,,
5/6/23 7:00,9,,
5/6/23 8:00,15,,
5/6/23 9:00,14,,
5/6/23 10:00,16,,
5/6/23 11:00,16,,
5/6/23 12:00,16,,
5/6/23 13:00,10,,
5/6/23 14:00,9,,
5/6/23 15:00,3,,
5/6/23 16:00,9,,
5/6/23 17:00,4,,
5/6/23 18:00,0,,
5/6/23 19:00,0,,
5/6/23 20:00,0,,
5/6/23 21:00,0,,
5/6/23 22:00,0,,
5/6/23 23:00,0,,
5/7/23,0,,
5/7/23 1:00,0,,
5/7/23 2:00,0,,
5/7/23 3:00,0,,
5/7/23 4:00,0,,
5/7/23 5:00,0,,
5/7/23 6:00,2,,
5/7/23 7:00,5,,
5/7/23 8:00,11,,
5/7/23 9:00,13,,
5/7/23 10:00,17,,
5/7/23 11:00,8,,
5/7/23 12:00,16,,
5/7/23 13:00,17,,
5/7/23 14:00,18,,
5/7/23 15:00,14,,
5/7/23 16:00,5,,
5/7/23 17:00,5,,
5/7/23 18:00,2,,
5/7/23 19:00,0,,
5/7/23 20:00,0,,
5/7/23 21:00,0,,
5/7/23 22:00,0,,
5/7/23 23:00,0,,
5/8/23,0,,
5/8/23 1:00,0,,
5/8/23 2:00,0,,
5/8/23 3:00,0,,
5/8/23 4:00,0,,
5/8/23 5:00,0,,
5/8/23 6:00,3,,
5/8/23 7:00,8,,
5/8/23 8:00,14,,
5/8/23 9:00,21,,
5/8/23 10:00,26,,
5/8/23 11:00,29,,
5/8/23 12:00,22,,
5/8/23 13:00,15,,
5/8/23 14:00,20,,
5/8/23 15:00,11,,
5/8/23 16:00,2,,
5/8/23 17:00,2,,
5/8/23 18:00,2,,
5/8/23 19:00,0,,
5/8/23 20:00,0,,
5/8/23 21:00,0,,
5/8/23 22:00,0,,
5/8/23 23:00,0,,
5/9/23,0,,
5/9/23 1:00,0,,
5/9/23 2:00,0,,
5/9/23 3:00,0,,
5/9/23 4:00,0,,
5/9/23 5:00,1,,
5/9/23 6:00,3,,
5/9/23 7:00,8,,
5/9/23 8:00,14,,
5/9/23 9:00,19,,
5/9/23 10:00,24,,
5/9/23 11:00,28,,
5/9/23 12:00,22,,
5/9/23 13:00,17,,
5/9/23 14:00,23,,
5/9/23 15:00,18,,
5/9/23 16:00,11,,
5/9/23 17:00,6,,
5/9/23 18:00,2,,
5/9/23 19:00,0,,
5/9/23 20:00,0,,
5/9/23 21:00,0,,
5/9/23 22:00,0,,
5/9/23 23:00,0,,
5/10/23,0,,
5/10/23 1:00,0,,
5/10/23 2:00,0,,
5/10/23 3:00,0,,
5/10/23 4:00,0,,
5/10/23 5:00,0,,
5/10/23 6:00,1,,
5/10/23 7:00,5,,
5/10/23 8:00,10,,
5/10/23 9:00,14,,
5/10/23 10:00,21,,
5/10/23 11:00,22,,
5/10/23 12:00,21,,
5/10/23 13:00,15,,
5/10/23 14:00,16,,
5/10/23 15:00,11,,
5/10/23 16:00,4,,
5/10/23 17:00,4,,
5/10/23 18:00,2,,
5/10/23 19:00,0,,
5/10/23 20:00,0,,
5/10/23 21:00,0,,
5/10/23 22:00,0,,
5/10/23 23:00,0,,
5/11/23,0,,
5/11/23 1:00,0,,
5/11/23 2:00,0,,
5/11/23 3:00,0,,
5/11/23 4:00,0,,
5/11/23 5:00,1,,
5/11/23 6:00,4,,
5/11/23 7:00,9,,
5/11/23 8:00,15,,
5/11/23 9:00,21,,
5/11/23 10:00,26,,
5/11/23 11:00,29,,
5/11/23 12:00,23,,
5/11/23 13:00,18,,
5/11/23 14:00,25,,
5/11/23 15:00,20,,
5/11/23 16:00,14,,
5/11/23 17:00,8,,
5/11/23 18:00,3,,
5/11/23 19:00,0,,
5/11/23 20:00,0,,
5/11/23 21:00,0,,
5/11/23 22:00,0,,
5/11/23 23:00,0,,
5/12/23,0,,
5/12/23 1:00,0,,
5/12/23 2:00,0,,
5/12/23 3:00,0,,
5/12/23 4:00,0,,
5/12/23 5:00,1,,
5/12/23 6:00,3,,
5/12/23 7:00,8,,
5/12/23 8:00,15,,
5/12/23 9:00,20,,
5/12/23 10:00,26,,
5/12/23 11:00,27,,
5/12/23 12:00,23,,
5/12/23 13:00,16,,
5/12/23 14:00,22,,
5/12/23 15:00,21,,
5/12/23 16:00,13,,
5/12/23 17:00,8,,
5/12/23 18:00,3,,
5/12/23 19:00,0,,
5/12/23 20:00,0,,
5/12/23 21:00,0,,
5/12/23 22:00,0,,
5/12/23 23:00,0,,
5/13/23,0,,
5/13/23 1:00,0,,
5/13/23 2:00,0,,
5/13/23 3:00,0,,
5/13/23 4:00,0,,
5/13/23 5:00,0,,
5/13/23 6:00,1,,
5/13/23 7:00,1,,
5/13/23 8:00,5,,
5/13/23 9:00,17,,
5/13/23 10:00,20,,
5/13/23 11:00,24,,
5/13/23 12:00,17,,
5/13/23 13:00,12,,
5/13/23 14:00,11,,
5/13/23 15:00,5,,
5/13/23 16:00,5,,
5/13/23 17:00,4,,
5/13/23 18:00,1,,
5/13/23 19:00,0,,
5/13/23 20:00,0,,
5/13/23 21:00,0,,
5/13/23 22:00,0,,
5/13/23 23:00,0,,
5/14/23,0,,
5/14/23 1:00,0,,
5/14/23 2:00,0,,
5/14/23 3:00,0,,
5/14/23 4:00,0,,
5/14/23 5:00,0,,
5/14/23 6:00,1,,
5/14/23 7:00,2,,
5/14/23 8:00,2,,
5/14/23 9:00,10,,
5/14/23 10:00,12,,
5/14/23 11:00,12,,
5/14/23 12:00,22,,
5/14/23 13:00,20,,
5/14/23 14:00,20,,
5/14/23 15:00,19,,
5/14/23 16:00,12,,
5/14/23 17:00,7,,
5/14/23 18:00,1,,
5/14/23 19:00,0,,
5/14/23 20:00,0,,
5/14/23 21:00,0,,
5/14/23 22:00,0,,
5/14/23 23:00,0,,
5/15/23,0,,
5/15/23 1:00,0,,
5/15/23 2:00,0,,
5/15/23 3:00,0,,
5/15/23 4:00,0,,
5/15/23 5:00,0,,
5/15/23 6:00,3,,
5/15/23 7:00,9,,
5/15/23 8:00,16,,
5/15/23 9:00,21,,
5/15/23 10:00,26,,
5/15/23 11:00,29,,
5/15/23 12:00,23,,
5/15/23 13:00,19,,
5/15/23 14:00,18,,
5/15/23 15:00,18,,
5/15/23 16:00,3,,
5/15/23 17:00,6,,
5/15/23 18:00,3,,
5/15/23 19:00,0,,
5/15/23 20:00,0,,
5/15/23 21:00,0,,
5/15/23 22:00,0,,
5/15/23 23:00,0,,
5/16/23,0,,
5/16/23 1:00,0,,
5/16/23 2:00,0,,
5/16/23 3:00,0,,
5/16/23 4:00,0,,
5/16/23 5:00,0,,
5/16/23 6:00,1,,
5/16/23 7:00,4,,
5/16/23 8:00,15,,
5/16/23 9:00,21,,
5/16/23 10:00,26,,
5/16/23 11:00,29,,
5/16/23 12:00,24,,
5/16/23 13:00,20,,
5/16/23 14:00,24,,
5/16/23 15:00,20,,
5/16/23 16:00,13,,
5/16/23 17:00,7,,
5/16/23 18:00,2,,
5/16/23 19:00,0,,
5/16/23 20:00,0,,
5/16/23 21:00,0,,
5/16/23 22:00,0,,
5/16/23 23:00,0,,
5/17/23,0,,
5/17/23 1:00,0,,
5/17/23 2:00,0,,
5/17/23 3:00,0,,
5/17/23 4:00,0,,
5/17/23 5:00,1,,
5/17/23 6:00,4,,
5/17/23 7:00,9,,
5/17/23 8:00,15,,
5/17/23 9:00,21,,
5/17/23 10:00,19,,
5/17/23 11:00,18,,
5/17/23 12:00,16,,
5/17/23 13:00,20,,
5/17/23 14:00,25,,
5/17/23 15:00,18,,
5/17/23 16:00,14,,
5/17/23 17:00,4,,
5/17/23 18:00,0,,
5/17/23 19:00,0,,
5/17/23 20:00,0,,
5/17/23 21:00,0,,
5/17/23 22:00,0,,
5/17/23 23:00,0,,
5/18/23,0,,
5/18/23 1:00,0,,
5/18/23 2:00,0,,
5/18/23 3:00,0,,
5/18/23 4:00,0,,
5/18/23 5:00,1,,
5/18/23 6:00,4,,
5/18/23 7:00,9,,
5/18/23 8:00,16,,
5/18/23 9:00,21,,
5/18/23 10:00,24,,
5/18/23 11:00,29,,
5/18/23 12:00,24,,
5/18/23 13:00,21,,
5/18/23 14:00,25,,
5/18/23 15:00,20,,
5/18/23 16:00,14,,
5/18/23 17:00,7,,
5/18/23 18:00,3,,
5/18/23 19:00,0,,
5/18/23 20:00,0,,
5/18/23 21:00,0,,
5/18/23 22:00,0,,
5/18/23 23:00,0,,
5/19/23,0,,
5/19/23 1:00,0,,
5/19/23 2:00,0,,
5/19/23 3:00,0,,
5/19/23 4:00,0,,
5/19/23 5:00,1,,
5/19/23 6:00,4,,
5/19/23 7:00,9,,
5/19/23 8:00,15,,
5/19/23 9:00,21,,
5/19/23 10:00,26,,
5/19/23 11:00,29,,
5/19/23 12:00,24,,
5/19/23 13:00,21,,
5/19/23 14:00,23,,
5/19/23 15:00,19,,
5/19/23 16:00,13,,
5/19/23 17:00,7,,
5/19/23 18:00,3,,
5/19/23 19:00,0,,
5/19/23 20:00,0,,
5/19/23 21:00,0,,
5/19/23 22:00,0,,
5/19/23 23:00,0,,
5/20/23,0,,
5/20/23 1:00,0,,
5/20/23 2:00,0,,
5/20/23 3:00,0,,
5/20/23 4:00,0,,
5/20/23 5:00,1,,
5/20/23 6:00,3,,
5/20/23 7:00,8,,
5/20/23 8:00,14,,
5/20/23 9:00,19,,
5/20/23 10:00,24,,
5/20/23 11:00,26,,
5/20/23 12:00,23,,
5/20/23 13:00,21,,
5/20/23 14:00,22,,
5/20/23 15:00,18,,
5/20/23 16:00,12,,
5/20/23 17:00,7,,
5/20/23 18:00,3,,
5/20/23 19:00,0,,
5/20/23 20:00,0,,
5/20/23 21:00,0,,
5/20/23 22:00,0,,
5/20/23 23:00,0,,
5/21/23,0,,
5/21/23 1:00,0,,
5/21/23 2:00,0,,
5/21/23 3:00,0,,
5/21/23 4:00,0,,
5/21/23 5:00,1,,
5/21/23 6:00,4,,
5/21/23 7:00,9,,
5/21/23 8:00,14,,
5/21/23 9:00,20,,
5/21/23 10:00,25,,
5/21/23 11:00,28,,
5/21/23 12:00,25,,
5/21/23 13:00,13,,
5/21/23 14:00,19,,
5/21/23 15:00,19,,
5/21/23 16:00,10,,
5/21/23 17:00,8,,
5/21/23 18:00,3,,
5/21/23 19:00,0,,
5/21/23 20:00,0,,
5/21/23 21:00,0,,
5/21/23 22:00,0,,
5/21/23 23:00,0,,
5/22/23,0,,
5/22/23 1:00,0,,
5/22/23 2:00,0,,
5/22/23 3:00,0,,
5/22/23 4:00,0,,
5/22/23 5:00,1,,
5/22/23 6:00,4,,
5/22/23 7:00,9,,
5/22/23 8:00,15,,
5/22/23 9:00,21,,
5/22/23 10:00,26,,
5/22/23 11:00,29,,
5/22/23 12:00,25,,
5/22/23 13:00,21,,
5/22/23 14:00,17,,
5/22/23 15:00,18,,
5/22/23 16:00,11,,
5/22/23 17:00,5,,
5/22/23 18:00,3,,
5/22/23 19:00,0,,
5/22/23 20:00,0,,
5/22/23 21:00,0,,
5/22/23 22:00,0,,
5/22/23 23:00,0,,
5/23/23,0,,
5/23/23 1:00,0,,
5/23/23 2:00,0,,
5/23/23 3:00,0,,
5/23/23 4:00,0,,
5/23/23 5:00,1,,
5/23/23 6:00,4,,
5/23/23 7:00,8,,
5/23/23 8:00,16,,
5/23/23 9:00,21,,
5/23/23 10:00,27,,
5/23/23 11:00,30,,
5/23/23 12:00,26,,
5/23/23 13:00,23,,
5/23/23 14:00,17,,
5/23/23 15:00,8,,
5/23/23 16:00,2,,
5/23/23 17:00,0,,
5/23/23 18:00,1,,
5/23/23 19:00,0,,
5/23/23 20:00,0,,
5/23/23 21:00,0,,
5/23/23 22:00,0,,
5/23/23 23:00,0,,
5/24/23,0,,
5/24/23 1:00,0,,
5/24/23 2:00,0,,
5/24/23 3:00,0,,
5/24/23 4:00,0,,
5/24/23 5:00,1,,
5/24/23 6:00,4,,
5/24/23 7:00,10,,
5/24/23 8:00,16,,
5/24/23 9:00,22,,
5/24/23 10:00,24,,
5/24/23 11:00,28,,
5/24/23 12:00,27,,
5/24/23 13:00,22,,
5/24/23 14:00,22,,
5/24/23 15:00,11,,
5/24/23 16:00,14,,
5/24/23 17:00,3,,
5/24/23 18:00,2,,
5/24/23 19:00,0,,
5/24/23 20:00,0,,
5/24/23 21:00,0,,
5/24/23 22:00,0,,
5/24/23 23:00,0,,
5/25/23,0,,
5/25/23 1:00,0,,
5/25/23 2:00,0,,
5/25/23 3:00,0,,
5/25/23 4:00,0,,
5/25/23 5:00,1,,
5/25/23 6:00,3,,
5/25/23 7:00,6,,
5/25/23 8:00,16,,
5/25/23 9:00,20,,
5/25/23 10:00,18,,
5/25/23 11:00,21,,
5/25/23 12:00,24,,
5/25/23 13:00,9,,
5/25/23 14:00,22,,
5/25/23 15:00,15,,
5/25/23 16:00,8,,
5/25/23 17:00,1,,
5/25/23 18:00,2,,
5/25/23 19:00,0,,
5/25/23 20:00,0,,
5/25/23 21:00,0,,
5/25/23 22:00,0,,
5/25/23 23:00,0,,
5/26/23,0,,
5/26/23 1:00,0,,
5/26/23 2:00,0,,
5/26/23 3:00,0,,
5/26/23 4:00,0,,
5/26/23 5:00,0,,
5/26/23 6:00,4,,
5/26/23 7:00,6,,
5/26/23 8:00,10,,
5/26/23 9:00,22,,
5/26/23 10:00,27,,
5/26/23 11:00,23,,
5/26/23 12:00,21,,
5/26/23 13:00,16,,
5/26/23 14:00,6,,
5/26/23 15:00,6,,
5/26/23 16:00,6,,
5/26/23 17:00,4,,
5/26/23 18:00,2,,
5/26/23 19:00,0,,
5/26/23 20:00,0,,
5/26/23 21:00,0,,
5/26/23 22:00,0,,
5/26/23 23:00,0,,
5/27/23,0,,
5/27/23 1:00,0,,
5/27/23 2:00,0,,
5/27/23 3:00,0,,
5/27/23 4:00,0,,
5/27/23 5:00,1,,
5/27/23 6:00,5,,
5/27/23 7:00,9,,
5/27/23 8:00,16,,
5/27/23 9:00,22,,
5/27/23 10:00,26,,
5/27/23 11:00,22,,
5/27/23 12:00,7,,
5/27/23 13:00,21,,
5/27/23 14:00,18,,
5/27/23 15:00,10,,
5/27/23 16:00,9,,
5/27/23 17:00,3,,
5/27/23 18:00,2,,
5/27/23 19:00,1,,
5/27/23 20:00,0,,
5/27/23 21:00,0,,
5/27/23 22:00,0,,
5/27/23 23:00,0,,
5/28/23,0,,
5/28/23 1:00,0,,
5/28/23 2:00,0,,
5/28/23 3:00,0,,
5/28/23 4:00,0,,
5/28/23 5:00,2,,
5/28/23 6:00,4,,
5/28/23 7:00,7,,
5/28/23 8:00,11,,
5/28/23 9:00,17,,
5/28/23 10:00,23,,
5/28/23 11:00,23,,
5/28/23 12:00,26,,
5/28/23 13:00,25,,
5/28/23 14:00,22,,
5/28/23 15:00,14,,
5/28/23 16:00,6,,
5/28/23 17:00,4,,
5/28/23 18:00,2,,
5/28/23 19:00,0,,
5/28/23 20:00,0,,
5/28/23 21:00,0,,
5/28/23 22:00,0,,
5/28/23 23:00,0,,
5/29/23,0,,
5/29/23 1:00,0,,
5/29/23 2:00,0,,
5/29/23 3:00,0,,
5/29/23 4:00,0,,
5/29/23 5:00,1,,
5/29/23 6:00,4,,
5/29/23 7:00,9,,
5/29/23 8:00,16,,
5/29/23 9:00,21,,
5/29/23 10:00,24,,
5/29/23 11:00,30,,
5/29/23 12:00,26,,
5/29/23 13:00,8,,
5/29/23 14:00,11,,
5/29/23 15:00,21,,
5/29/23 16:00,12,,
5/29/23 17:00,9,,
5/29/23 18:00,4,,
5/29/23 19:00,1,,
5/29/23 20:00,0,,
5/29/23 21:00,0,,
5/29/23 22:00,0,,
5/29/23 23:00,0,,
5/30/23,0,,
5/30/23 1:00,0,,
5/30/23 2:00,0,,
5/30/23 3:00,0,,
5/30/23 4:00,0,,
5/30/23 5:00,1,,
5/30/23 6:00,5,,
5/30/23 7:00,10,,
5/30/23 8:00,16,,
5/30/23 9:00,22,,
5/30/23 10:00,27,,
5/30/23 11:00,30,,
5/30/23 12:00,27,,
5/30/23 13:00,26,,
5/30/23 14:00,24,,
5/30/23 15:00,18,,
5/30/23 16:00,13,,
5/30/23 17:00,8,,
5/30/23 18:00,3,,
5/30/23 19:00,1,,
5/30/23 20:00,0,,
5/30/23 21:00,0,,
5/30/23 22:00,0,,
5/30/23 23:00,0,,
5/31/23,0,,
5/31/23 1:00,0,,
5/31/23 2:00,0,,
5/31/23 3:00,0,,
5/31/23 4:00,0,,
5/31/23 5:00,1,,
5/31/23 6:00,5,,
5/31/23 7:00,9,,
5/31/23 8:00,16,,
5/31/23 9:00,22,,
5/31/23 10:00,24,,
5/31/23 11:00,29,,
5/31/23 12:00,27,,
5/31/23 13:00,15,,
5/31/23 14:00,4,,
5/31/23 15:00,4,,
5/31/23 16:00,8,,
5/31/23 17:00,4,,
5/31/23 18:00,2,,
5/31/23 19:00,0,,
5/31/23 20:00,0,,
5/31/23 21:00,0,,
5/31/23 22:00,0,,
5/31/23 23:00,0,,
6/1/23,0,,
6/1/23 1:00,0,,
6/1/23 2:00,0,,
6/1/23 3:00,0,,
6/1/23 4:00,0,,
6/1/23 5:00,1,,
6/1/23 6:00,5,,
6/1/23 7:00,10,,
6/1/23 8:00,16,,
6/1/23 9:00,22,,
6/1/23 10:00,23,,
6/1/23 11:00,8,,
6/1/23 12:00,6,,
6/1/23 13:00,16,,
6/1/23 14:00,24,,
6/1/23 15:00,11,,
6/1/23 16:00,12,,
6/1/23 17:00,8,,
6/1/23 18:00,3,,
6/1/23 19:00,1,,
6/1/23 20:00,0,,
6/1/23 21:00,0,,
6/1/23 22:00,0,,
6/1/23 23:00,0,,
6/2/23,0,,
6/2/23 1:00,0,,
6/2/23 2:00,0,,
6/2/23 3:00,0,,
6/2/23 4:00,0,,
6/2/23 5:00,1,,
6/2/23 6:00,2,,
6/2/23 7:00,3,,
6/2/23 8:00,5,,
6/2/23 9:00,9,,
6/2/23 10:00,10,,
6/2/23 11:00,27,,
6/2/23 12:00,23,,
6/2/23 13:00,21,,
6/2/23 14:00,13,,
6/2/23 15:00,13,,
6/2/23 16:00,8,,
6/2/23 17:00,5,,
6/2/23 18:00,4,,
6/2/23 19:00,1,,
6/2/23 20:00,0,,
6/2/23 21:00,0,,
6/2/23 22:00,0,,
6/2/23 23:00,0,,
6/3/23,0,,
6/3/23 1:00,0,,
6/3/23 2:00,0,,
6/3/23 3:00,0,,
6/3/23 4:00,0,,
6/3/23 5:00,1,,
6/3/23 6:00,5,,
6/3/23 7:00,10,,
6/3/23 8:00,16,,
6/3/23 9:00,22,,
6/3/23 10:00,27,,
6/3/23 11:00,22,,
6/3/23 12:00,9,,
6/3/23 13:00,21,,
6/3/23 14:00,5,,
6/3/23 15:00,8,,
6/3/23 16:00,12,,
6/3/23 17:00,7,,
6/3/23 18:00,4,,
6/3/23 19:00,0,,
6/3/23 20:00,0,,
6/3/23 21:00,0,,
6/3/23 22:00,0,,
6/3/23 23:00,0,,
6/4/23,0,,
6/4/23 1:00,0,,
6/4/23 2:00,0,,
6/4/23 3:00,0,,
6/4/23 4:00,0,,
6/4/23 5:00,1,,
6/4/23 6:00,2,,
6/4/23 7:00,6,,
6/4/23 8:00,15,,
6/4/23 9:00,19,,
6/4/23 10:00,27,,
6/4/23 11:00,30,,
6/4/23 12:00,28,,
6/4/23 13:00,28,,
6/4/23 14:00,26,,
6/4/23 15:00,19,,
6/4/23 16:00,15,,
6/4/23 17:00,8,,
6/4/23 18:00,3,,
6/4/23 19:00,1,,
6/4/23 20:00,0,,
6/4/23 21:00,0,,
6/4/23 22:00,0,,
6/4/23 23:00,0,,
6/5/23,0,,
6/5/23 1:00,0,,
6/5/23 2:00,0,,
6/5/23 3:00,0,,
6/5/23 4:00,0,,
6/5/23 5:00,1,,
6/5/23 6:00,5,,
6/5/23 7:00,10,,
6/5/23 8:00,16,,
6/5/23 9:00,20,,
6/5/23 10:00,23,,
6/5/23 11:00,29,,
6/5/23 12:00,27,,
6/5/23 13:00,28,,
6/5/23 14:00,22,,
6/5/23 15:00,19,,
6/5/23 16:00,4,,
6/5/23 17:00,5,,
6/5/23 18:00,3,,
6/5/23 19:00,1,,
6/5/23 20:00,0,,
6/5/23 21:00,0,,
6/5/23 22:00,0,,
6/5/23 23:00,0,,
6/6/23,0,,
6/6/23 1:00,0,,
6/6/23 2:00,0,,
6/6/23 3:00,0,,
6/6/23 4:00,0,,
6/6/23 5:00,1,,
6/6/23 6:00,4,,
6/6/23 7:00,7,,
6/6/23 8:00,6,,
6/6/23 9:00,9,,
6/6/23 10:00,17,,
6/6/23 11:00,24,,
6/6/23 12:00,28,,
6/6/23 13:00,22,,
6/6/23 14:00,16,,
6/6/23 15:00,5,,
6/6/23 16:00,3,,
6/6/23 17:00,3,,
6/6/23 18:00,2,,
6/6/23 19:00,0,,
6/6/23 20:00,0,,
6/6/23 21:00,0,,
6/6/23 22:00,0,,
6/6/23 23:00,0,,
6/7/23,0,,
6/7/23 1:00,0,,
6/7/23 2:00,0,,
6/7/23 3:00,0,,
6/7/23 4:00,0,,
6/7/23 5:00,1,,
6/7/23 6:00,3,,
6/7/23 7:00,4,,
6/7/23 8:00,9,,
6/7/23 9:00,20,,
6/7/23 10:00,24,,
6/7/23 11:00,24,,
6/7/23 12:00,11,,
6/7/23 13:00,13,,
6/7/23 14:00,23,,
6/7/23 15:00,19,,
6/7/23 16:00,1,,
6/7/23 17:00,4,,
6/7/23 18:00,3,,
6/7/23 19:00,1,,
6/7/23 20:00,0,,
6/7/23 21:00,0,,
6/7/23 22:00,0,,
6/7/23 23:00,0,,
6/8/23,0,,
6/8/23 1:00,0,,
6/8/23 2:00,0,,
6/8/23 3:00,0,,
6/8/23 4:00,0,,
6/8/23 5:00,1,,
6/8/23 6:00,5,,
6/8/23 7:00,10,,
6/8/23 8:00,16,,
6/8/23 9:00,21,,
6/8/23 10:00,26,,
6/8/23 11:00,18,,
6/8/23 12:00,3,,
6/8/23 13:00,6,,
6/8/23 14:00,17,,
6/8/23 15:00,10,,
6/8/23 16:00,10,,
6/8/23 17:00,4,,
6/8/23 18:00,3,,
6/8/23 19:00,0,,
6/8/23 20:00,0,,
6/8/23 21:00,0,,
6/8/23 22:00,0,,
6/8/23 23:00,0,,
6/9/23,0,,
6/9/23 1:00,0,,
6/9/23 2:00,0,,
6/9/23 3:00,0,,
6/9/23 4:00,0,,
6/9/23 5:00,1,,
6/9/23 6:00,4,,
6/9/23 7:00,9,,
6/9/23 8:00,13,,
6/9/23 9:00,21,,
6/9/23 10:00,24,,
6/9/23 11:00,25,,
6/9/23 12:00,26,,
6/9/23 13:00,27,,
6/9/23 14:00,18,,
6/9/23 15:00,19,,
6/9/23 16:00,14,,
6/9/23 17:00,7,,
6/9/23 18:00,2,,
6/9/23 19:00,1,,
6/9/23 20:00,0,,
6/9/23 21:00,0,,
6/9/23 22:00,0,,
6/9/23 23:00,0,,
6/10/23,0,,
6/10/23 1:00,0,,
6/10/23 2:00,0,,
6/10/23 3:00,0,,
6/10/23 4:00,0,,
6/10/23 5:00,1,,
6/10/23 6:00,5,,
6/10/23 7:00,10,,
6/10/23 8:00,16,,
6/10/23 9:00,21,,
6/10/23 10:00,26,,
6/10/23 11:00,29,,
6/10/23 12:00,22,,
6/10/23 13:00,26,,
6/10/23 14:00,20,,
6/10/23 15:00,14,,
6/10/23 16:00,12,,
6/10/23 17:00,9,,
6/10/23 18:00,4,,
6/10/23 19:00,1,,
6/10/23 20:00,0,,
6/10/23 21:00,0,,
6/10/23 22:00,0,,
6/10/23 23:00,0,,
6/11/23,0,,
6/11/23 1:00,0,,
6/11/23 2:00,0,,
6/11/23 3:00,0,,
6/11/23 4:00,0,,
6/11/23 5:00,1,,
6/11/23 6:00,4,,
6/11/23 7:00,10,,
6/11/23 8:00,13,,
6/11/23 9:00,21,,
6/11/23 10:00,24,,
6/11/23 11:00,24,,
6/11/23 12:00,18,,
6/11/23 13:00,1,,
6/11/23 14:00,6,,
6/11/23 15:00,8,,
6/11/23 16:00,3,,
6/11/23 17:00,4,,
6/11/23 18:00,2,,
6/11/23 19:00,1,,
6/11/23 20:00,0,,
6/11/23 21:00,0,,
6/11/23 22:00,0,,
6/11/23 23:00,0,,
6/12/23,0,,
6/12/23 1:00,0,,
6/12/23 2:00,0,,
6/12/23 3:00,0,,
6/12/23 4:00,0,,
6/12/23 5:00,1,,
6/12/23 6:00,4,,
6/12/23 7:00,9,,
6/12/23 8:00,16,,
6/12/23 9:00,20,,
6/12/23 10:00,24,,
6/12/23 11:00,20,,
6/12/23 12:00,3,,
6/12/23 13:00,3,,
6/12/23 14:00,8,,
6/12/23 15:00,21,,
6/12/23 16:00,13,,
6/12/23 17:00,6,,
6/12/23 18:00,2,,
6/12/23 19:00,1,,
6/12/23 20:00,0,,
6/12/23 21:00,0,,
6/12/23 22:00,0,,
6/12/23 23:00,0,,
6/13/23,0,,
6/13/23 1:00,0,,
6/13/23 2:00,0,,
6/13/23 3:00,0,,
6/13/23 4:00,0,,
6/13/23 5:00,0,,
6/13/23 6:00,3,,
6/13/23 7:00,7,,
6/13/23 8:00,9,,
6/13/23 9:00,5,,
6/13/23 10:00,8,,
6/13/23 11:00,14,,
6/13/23 12:00,23,,
6/13/23 13:00,27,,
6/13/23 14:00,21,,
6/13/23 15:00,16,,
6/13/23 16:00,14,,
6/13/23 17:00,9,,
6/13/23 18:00,4,,
6/13/23 19:00,1,,
6/13/23 20:00,0,,
6/13/23 21:00,0,,
6/13/23 22:00,0,,
6/13/23 23:00,0,,
6/14/23,0,,
6/14/23 1:00,0,,
6/14/23 2:00,0,,
6/14/23 3:00,0,,
6/14/23 4:00,0,,
6/14/23 5:00,1,,
6/14/23 6:00,3,,
6/14/23 7:00,7,,
6/14/23 8:00,8,,
6/14/23 9:00,13,,
6/14/23 10:00,19,,
6/14/23 11:00,6,,
6/14/23 12:00,21,,
6/14/23 13:00,23,,
6/14/23 14:00,22,,
6/14/23 15:00,21,,
6/14/23 16:00,15,,
6/14/23 17:00,9,,
6/14/23 18:00,4,,
6/14/23 19:00,1,,
6/14/23 20:00,0,,
6/14/23 21:00,0,,
6/14/23 22:00,0,,
6/14/23 23:00,0,,
6/15/23,0,,
6/15/23 1:00,0,,
6/15/23 2:00,0,,
6/15/23 3:00,0,,
6/15/23 4:00,0,,
6/15/23 5:00,0,,
6/15/23 6:00,2,,
6/15/23 7:00,3,,
6/15/23 8:00,2,,
6/15/23 9:00,2,,
6/15/23 10:00,8,,
6/15/23 11:00,20,,
6/15/23 12:00,26,,
6/15/23 13:00,23,,
6/15/23 14:00,15,,
6/15/23 15:00,17,,
6/15/23 16:00,14,,
6/15/23 17:00,9,,
6/15/23 18:00,4,,
6/15/23 19:00,1,,
6/15/23 20:00,0,,
6/15/23 21:00,0,,
6/15/23 22:00,0,,
6/15/23 23:00,0,,
6/16/23,0,,
6/16/23 1:00,0,,
6/16/23 2:00,0,,
6/16/23 3:00,0,,
6/16/23 4:00,0,,
6/16/23 5:00,1,,
6/16/23 6:00,5,,
6/16/23 7:00,10,,
6/16/23 8:00,16,,
6/16/23 9:00,21,,
6/16/23 10:00,26,,
6/16/23 11:00,29,,
6/16/23 12:00,27,,
6/16/23 13:00,28,,
6/16/23 14:00,25,,
6/16/23 15:00,21,,
6/16/23 16:00,15,,
6/16/23 17:00,10,,
6/16/23 18:00,4,,
6/16/23 19:00,1,,
6/16/23 20:00,0,,
6/16/23 21:00,0,,
6/16/23 22:00,0,,
6/16/23 23:00,0,,
6/17/23,0,,
6/17/23 1:00,0,,
6/17/23 2:00,0,,
6/17/23 3:00,0,,
6/17/23 4:00,0,,
6/17/23 5:00,1,,
6/17/23 6:00,5,,
6/17/23 7:00,9,,
6/17/23 8:00,14,,
6/17/23 9:00,21,,
6/17/23 10:00,23,,
6/17/23 11:00,23,,
6/17/23 12:00,27,,
6/17/23 13:00,23,,
6/17/23 14:00,19,,
6/17/23 15:00,21,,
6/17/23 16:00,15,,
6/17/23 17:00,10,,
6/17/23 18:00,4,,
6/17/23 19:00,1,,
6/17/23 20:00,0,,
6/17/23 21:00,0,,
6/17/23 22:00,0,,
6/17/23 23:00,0,,
6/18/23,0,,
6/18/23 1:00,0,,
6/18/23 2:00,0,,
6/18/23 3:00,0,,
6/18/23 4:00,0,,
6/18/23 5:00,0,,
6/18/23 6:00,2,,
6/18/23 7:00,3,,
6/18/23 8:00,5,,
6/18/23 9:00,7,,
6/18/23 10:00,8,,
6/18/23 11:00,8,,
6/18/23 12:00,8,,
6/18/23 13:00,5,,
6/18/23 14:00,6,,
6/18/23 15:00,6,,
6/18/23 16:00,6,,
6/18/23 17:00,2,,
6/18/23 18:00,1,,
6/18/23 19:00,0,,
6/18/23 20:00,0,,
6/18/23 21:00,0,,
6/18/23 22:00,0,,
6/18/23 23:00,0,,
6/19/23,0,,
6/19/23 1:00,0,,
6/19/23 2:00,0,,
6/19/23 3:00,0,,
6/19/23 4:00,0,,
6/19/23 5:00,1,,
6/19/23 6:00,2,,
6/19/23 7:00,8,,
6/19/23 8:00,10,,
6/19/23 9:00,9,,
6/19/23 10:00,16,,
6/19/23 11:00,22,,
6/19/23 12:00,22,,
6/19/23 13:00,25,,
6/19/23 14:00,23,,
6/19/23 15:00,11,,
6/19/23 16:00,3,,
6/19/23 17:00,4,,
6/19/23 18:00,2,,
6/19/23 19:00,0,,
6/19/23 20:00,0,,
6/19/23 21:00,0,,
6/19/23 22:00,0,,
6/19/23 23:00,0,,
6/20/23,0,,
6/20/23 1:00,0,,
6/20/23 2:00,0,,
6/20/23 3:00,0,,
6/20/23 4:00,0,,
6/20/23 5:00,0,,
6/20/23 6:00,2,,
6/20/23 7:00,7,,
6/20/23 8:00,12,,
6/20/23 9:00,16,,
6/20/23 10:00,18,,
6/20/23 11:00,24,,
6/20/23 12:00,26,,
6/20/23 13:00,27,,
6/20/23 14:00,25,,
6/20/23 15:00,20,,
6/20/23 16:00,13,,
6/20/23 17:00,9,,
6/20/23 18:00,4,,
6/20/23 19:00,1,,
6/20/23 20:00,0,,
6/20/23 21:00,0,,
6/20/23 22:00,0,,
6/20/23 23:00,0,,
6/21/23,0,,
6/21/23 1:00,0,,
6/21/23 2:00,0,,
6/21/23 3:00,0,,
6/21/23 4:00,0,,
6/21/23 5:00,1,,
6/21/23 6:00,5,,
6/21/23 7:00,10,,
6/21/23 8:00,16,,
6/21/23 9:00,21,,
6/21/23 10:00,26,,
6/21/23 11:00,28,,
6/21/23 12:00,27,,
6/21/23 13:00,27,,
6/21/23 14:00,25,,
6/21/23 15:00,21,,
6/21/23 16:00,15,,
6/21/23 17:00,9,,
6/21/23 18:00,4,,
6/21/23 19:00,1,,
6/21/23 20:00,0,,
6/21/23 21:00,0,,
6/21/23 22:00,0,,
6/21/23 23:00,0,,
6/22/23,0,,
6/22/23 1:00,0,,
6/22/23 2:00,0,,
6/22/23 3:00,0,,
6/22/23 4:00,0,,
6/22/23 5:00,1,,
6/22/23 6:00,4,,
6/22/23 7:00,8,,
6/22/23 8:00,14,,
6/22/23 9:00,21,,
6/22/23 10:00,25,,
6/22/23 11:00,19,,
6/22/23 12:00,24,,
6/22/23 13:00,27,,
6/22/23 14:00,22,,
6/22/23 15:00,21,,
6/22/23 16:00,14,,
6/22/23 17:00,10,,
6/22/23 18:00,4,,
6/22/23 19:00,1,,
6/22/23 20:00,0,,
6/22/23 21:00,0,,
6/22/23 22:00,0,,
6/22/23 23:00,0,,
6/23/23,0,,
6/23/23 1:00,0,,
6/23/23 2:00,0,,
6/23/23 3:00,0,,
6/23/23 4:00,0,,
6/23/23 5:00,1,,
6/23/23 6:00,3,,
6/23/23 7:00,8,,
6/23/23 8:00,16,,
6/23/23 9:00,21,,
6/23/23 10:00,25,,
6/23/23 11:00,28,,
6/23/23 12:00,25,,
6/23/23 13:00,18,,
6/23/23 14:00,11,,
6/23/23 15:00,9,,
6/23/23 16:00,12,,
6/23/23 17:00,9,,
6/23/23 18:00,4,,
6/23/23 19:00,1,,
6/23/23 20:00,0,,
6/23/23 21:00,0,,
6/23/23 22:00,0,,
6/23/23 23:00,0,,
6/24/23,0,,
6/24/23 1:00,0,,
6/24/23 2:00,0,,
6/24/23 3:00,0,,
6/24/23 4:00,0,,
6/24/23 5:00,1,,
6/24/23 6:00,5,,
6/24/23 7:00,10,,
6/24/23 8:00,16,,
6/24/23 9:00,21,,
6/24/23 10:00,26,,
6/24/23 11:00,29,,
6/24/23 12:00,27,,
6/24/23 13:00,27,,
6/24/23 14:00,24,,
6/24/23 15:00,20,,
6/24/23 16:00,14,,
6/24/23 17:00,7,,
6/24/23 18:00,3,,
6/24/23 19:00,0,,
6/24/23 20:00,0,,
6/24/23 21:00,0,,
6/24/23 22:00,0,,
6/24/23 23:00,0,,
6/25/23,0,,
6/25/23 1:00,0,,
6/25/23 2:00,0,,
6/25/23 3:00,0,,
6/25/23 4:00,0,,
6/25/23 5:00,1,,
6/25/23 6:00,4,,
6/25/23 7:00,10,,
6/25/23 8:00,15,,
6/25/23 9:00,21,,
6/25/23 10:00,25,,
6/25/23 11:00,28,,
6/25/23 12:00,27,,
6/25/23 13:00,27,,
6/25/23 14:00,25,,
6/25/23 15:00,21,,
6/25/23 16:00,15,,
6/25/23 17:00,10,,
6/25/23 18:00,4,,
6/25/23 19:00,1,,
6/25/23 20:00,0,,
6/25/23 21:00,0,,
6/25/23 22:00,0,,
6/25/23 23:00,0,,
6/26/23,0,,
6/26/23 1:00,0,,
6/26/23 2:00,0,,
6/26/23 3:00,0,,
6/26/23 4:00,0,,
6/26/23 5:00,1,,
6/26/23 6:00,5,,
6/26/23 7:00,10,,
6/26/23 8:00,16,,
6/26/23 9:00,21,,
6/26/23 10:00,26,,
6/26/23 11:00,29,,
6/26/23 12:00,27,,
6/26/23 13:00,27,,
6/26/23 14:00,25,,
6/26/23 15:00,18,,
6/26/23 16:00,12,,
6/26/23 17:00,9,,
6/26/23 18:00,4,,
6/26/23 19:00,1,,
6/26/23 20:00,0,,
6/26/23 21:00,0,,
6/26/23 22:00,0,,
6/26/23 23:00,0,,
6/27/23,0,,
6/27/23 1:00,0,,
6/27/23 2:00,0,,
6/27/23 3:00,0,,
6/27/23 4:00,0,,
6/27/23 5:00,1,,
6/27/23 6:00,4,,
6/27/23 7:00,9,,
6/27/23 8:00,15,,
6/27/23 9:00,20,,
6/27/23 10:00,25,,
6/27/23 11:00,25,,
6/27/23 12:00,17,,
6/27/23 13:00,11,,
6/27/23 14:00,12,,
6/27/23 15:00,16,,
6/27/23 16:00,14,,
6/27/23 17:00,9,,
6/27/23 18:00,4,,
6/27/23 19:00,1,,
6/27/23 20:00,0,,
6/27/23 21:00,0,,
6/27/23 22:00,0,,
6/27/23 23:00,0,,
6/28/23,0,,
6/28/23 1:00,0,,
6/28/23 2:00,0,,
6/28/23 3:00,0,,
6/28/23 4:00,0,,
6/28/23 5:00,0,,
6/28/23 6:00,2,,
6/28/23 7:00,4,,
6/28/23 8:00,8,,
6/28/23 9:00,17,,
6/28/23 10:00,23,,
6/28/23 11:00,28,,
6/28/23 12:00,22,,
6/28/23 13:00,14,,
6/28/23 14:00,4,,
6/28/23 15:00,2,,
6/28/23 16:00,3,,
6/28/23 17:00,2,,
6/28/23 18:00,2,,
6/28/23 19:00,1,,
6/28/23 20:00,0,,
6/28/23 21:00,0,,
6/28/23 22:00,0,,
6/28/23 23:00,0,,
6/29/23,0,,
6/29/23 1:00,0,,
6/29/23 2:00,0,,
6/29/23 3:00,0,,
6/29/23 4:00,0,,
6/29/23 5:00,1,,
6/29/23 6:00,4,,
6/29/23 7:00,9,,
6/29/23 8:00,15,,
6/29/23 9:00,21,,
6/29/23 10:00,25,,
6/29/23 11:00,26,,
6/29/23 12:00,27,,
6/29/23 13:00,24,,
6/29/23 14:00,20,,
6/29/23 15:00,14,,
6/29/23 16:00,11,,
6/29/23 17:00,6,,
6/29/23 18:00,2,,
6/29/23 19:00,1,,
6/29/23 20:00,0,,
6/29/23 21:00,0,,
6/29/23 22:00,0,,
6/29/23 23:00,0,,
6/30/23,0,,
6/30/23 1:00,0,,
6/30/23 2:00,0,,
6/30/23 3:00,0,,
6/30/23 4:00,0,,
6/30/23 5:00,1,,
6/30/23 6:00,4,,
6/30/23 7:00,9,,
6/30/23 8:00,15,,
6/30/23 9:00,20,,
6/30/23 10:00,25,,
6/30/23 11:00,28,,
6/30/23 12:00,27,,
6/30/23 13:00,26,,
6/30/23 14:00,25,,
6/30/23 15:00,21,,
6/30/23 16:00,15,,
6/30/23 17:00,10,,
6/30/23 18:00,4,,
6/30/23 19:00,1,,
6/30/23 20:00,0,,
6/30/23 21:00,0,,
6/30/23 22:00,0,,
6/30/23 23:00,0,,
7/1/23,0,,
7/1/23 1:00,0,,
7/1/23 2:00,0,,
7/1/23 3:00,0,,
7/1/23 4:00,0,,
7/1/23 5:00,1,,
7/1/23 6:00,4,,
7/1/23 7:00,10,,
7/1/23 8:00,15,,
7/1/23 9:00,21,,
7/1/23 10:00,25,,
7/1/23 11:00,28,,
7/1/23 12:00,27,,
7/1/23 13:00,26,,
7/1/23 14:00,25,,
7/1/23 15:00,21,,
7/1/23 16:00,16,,
7/1/23 17:00,10,,
7/1/23 18:00,5,,
7/1/23 19:00,1,,
7/1/23 20:00,0,,
7/1/23 21:00,0,,
7/1/23 22:00,0,,
7/1/23 23:00,0,,
7/2/23,0,,
7/2/23 1:00,0,,
7/2/23 2:00,0,,
7/2/23 3:00,0,,
7/2/23 4:00,0,,
7/2/23 5:00,1,,
7/2/23 6:00,4,,
7/2/23 7:00,9,,
7/2/23 8:00,15,,
7/2/23 9:00,21,,
7/2/23 10:00,25,,
7/2/23 11:00,28,,
7/2/23 12:00,27,,
7/2/23 13:00,26,,
7/2/23 14:00,25,,
7/2/23 15:00,21,,
7/2/23 16:00,15,,
7/2/23 17:00,8,,
7/2/23 18:00,4,,
7/2/23 19:00,1,,
7/2/23 20:00,0,,
7/2/23 21:00,0,,
7/2/23 22:00,0,,
7/2/23 23:00,0,,
7/3/23,0,,
7/3/23 1:00,0,,
7/3/23 2:00,0,,
7/3/23 3:00,0,,
7/3/23 4:00,0,,
7/3/23 5:00,1,,
7/3/23 6:00,4,,
7/3/23 7:00,9,,
7/3/23 8:00,15,,
7/3/23 9:00,21,,
7/3/23 10:00,25,,
7/3/23 11:00,28,,
7/3/23 12:00,22,,
7/3/23 13:00,26,,
7/3/23 14:00,23,,
7/3/23 15:00,17,,
7/3/23 16:00,3,,
7/3/23 17:00,4,,
7/3/23 18:00,3,,
7/3/23 19:00,1,,
7/3/23 20:00,0,,
7/3/23 21:00,0,,
7/3/23 22:00,0,,
7/3/23 23:00,0,,
7/4/23,0,,
7/4/23 1:00,0,,
7/4/23 2:00,0,,
7/4/23 3:00,0,,
7/4/23 4:00,0,,
7/4/23 5:00,1,,
7/4/23 6:00,4,,
7/4/23 7:00,9,,
7/4/23 8:00,14,,
7/4/23 9:00,12,,
7/4/23 10:00,17,,
7/4/23 11:00,16,,
7/4/23 12:00,21,,
7/4/23 13:00,24,,
7/4/23 14:00,24,,
7/4/23 15:00,13,,
7/4/23 16:00,13,,
7/4/23 17:00,9,,
7/4/23 18:00,4,,
7/4/23 19:00,1,,
7/4/23 20:00,0,,
7/4/23 21:00,0,,
7/4/23 22:00,0,,
7/4/23 23:00,0,,
7/5/23,0,,
7/5/23 1:00,0,,
7/5/23 2:00,0,,
7/5/23 3:00,0,,
7/5/23 4:00,0,,
7/5/23 5:00,1,,
7/5/23 6:00,4,,
7/5/23 7:00,9,,
7/5/23 8:00,15,,
7/5/23 9:00,20,,
7/5/23 10:00,25,,
7/5/23 11:00,27,,
7/5/23 12:00,27,,
7/5/23 13:00,24,,
7/5/23 14:00,25,,
7/5/23 15:00,20,,
7/5/23 16:00,15,,
7/5/23 17:00,9,,
7/5/23 18:00,4,,
7/5/23 19:00,1,,
7/5/23 20:00,0,,
7/5/23 21:00,0,,
7/5/23 22:00,0,,
7/5/23 23:00,0,,
7/6/23,0,,
7/6/23 1:00,0,,
7/6/23 2:00,0,,
7/6/23 3:00,0,,
7/6/23 4:00,0,,
7/6/23 5:00,0,,
7/6/23 6:00,2,,
7/6/23 7:00,3,,
7/6/23 8:00,5,,
7/6/23 9:00,6,,
7/6/23 10:00,5,,
7/6/23 11:00,11,,
7/6/23 12:00,27,,
7/6/23 13:00,24,,
7/6/23 14:00,24,,
7/6/23 15:00,20,,
7/6/23 16:00,15,,
7/6/23 17:00,9,,
7/6/23 18:00,4,,
7/6/23 19:00,1,,
7/6/23 20:00,0,,
7/6/23 21:00,0,,
7/6/23 22:00,0,,
7/6/23 23:00,0,,
7/7/23,0,,
7/7/23 1:00,0,,
7/7/23 2:00,0,,
7/7/23 3:00,0,,
7/7/23 4:00,0,,
7/7/23 5:00,1,,
7/7/23 6:00,3,,
7/7/23 7:00,8,,
7/7/23 8:00,10,,
7/7/23 9:00,20,,
7/7/23 10:00,22,,
7/7/23 11:00,13,,
7/7/23 12:00,19,,
7/7/23 13:00,24,,
7/7/23 14:00,24,,
7/7/23 15:00,17,,
7/7/23 16:00,13,,
7/7/23 17:00,7,,
7/7/23 18:00,4,,
7/7/23 19:00,1,,
7/7/23 20:00,0,,
7/7/23 21:00,0,,
7/7/23 22:00,0,,
7/7/23 23:00,0,,
7/8/23,0,,
7/8/23 1:00,0,,
7/8/23 2:00,0,,
7/8/23 3:00,0,,
7/8/23 4:00,0,,
7/8/23 5:00,1,,
7/8/23 6:00,4,,
7/8/23 7:00,8,,
7/8/23 8:00,9,,
7/8/23 9:00,19,,
7/8/23 10:00,25,,
7/8/23 11:00,28,,
7/8/23 12:00,25,,
7/8/23 13:00,24,,
7/8/23 14:00,24,,
7/8/23 15:00,20,,
7/8/23 16:00,15,,
7/8/23 17:00,9,,
7/8/23 18:00,4,,
7/8/23 19:00,1,,
7/8/23 20:00,0,,
7/8/23 21:00,0,,
7/8/23 22:00,0,,
7/8/23 23:00,0,,
7/9/23,0,,
7/9/23 1:00,0,,
7/9/23 2:00,0,,
7/9/23 3:00,0,,
7/9/23 4:00,0,,
7/9/23 5:00,1,,
7/9/23 6:00,4,,
7/9/23 7:00,9,,
7/9/23 8:00,15,,
7/9/23 9:00,21,,
7/9/23 10:00,25,,
7/9/23 11:00,28,,
7/9/23 12:00,28,,
7/9/23 13:00,24,,
7/9/23 14:00,25,,
7/9/23 15:00,21,,
7/9/23 16:00,15,,
7/9/23 17:00,9,,
7/9/23 18:00,4,,
7/9/23 19:00,1,,
7/9/23 20:00,0,,
7/9/23 21:00,0,,
7/9/23 22:00,0,,
7/9/23 23:00,0,,
7/10/23,0,,
7/10/23 1:00,0,,
7/10/23 2:00,0,,
7/10/23 3:00,0,,
7/10/23 4:00,0,,
7/10/23 5:00,1,,
7/10/23 6:00,4,,
7/10/23 7:00,9,,
7/10/23 8:00,15,,
7/10/23 9:00,21,,
7/10/23 10:00,26,,
7/10/23 11:00,28,,
7/10/23 12:00,28,,
7/10/23 13:00,23,,
7/10/23 14:00,25,,
7/10/23 15:00,21,,
7/10/23 16:00,15,,
7/10/23 17:00,9,,
7/10/23 18:00,4,,
7/10/23 19:00,1,,
7/10/23 20:00,0,,
7/10/23 21:00,0,,
7/10/23 22:00,0,,
7/10/23 23:00,0,,
7/11/23,0,,
7/11/23 1:00,0,,
7/11/23 2:00,0,,
7/11/23 3:00,0,,
7/11/23 4:00,0,,
7/11/23 5:00,1,,
7/11/23 6:00,4,,
7/11/23 7:00,9,,
7/11/23 8:00,15,,
7/11/23 9:00,20,,
7/11/23 10:00,25,,
7/11/23 11:00,28,,
7/11/23 12:00,28,,
7/11/23 13:00,22,,
7/11/23 14:00,25,,
7/11/23 15:00,21,,
7/11/23 16:00,15,,
7/11/23 17:00,10,,
7/11/23 18:00,4,,
7/11/23 19:00,1,,
7/11/23 20:00,0,,
7/11/23 21:00,0,,
7/11/23 22:00,0,,
7/11/23 23:00,0,,
7/12/23,0,,
7/12/23 1:00,0,,
7/12/23 2:00,0,,
7/12/23 3:00,0,,
7/12/23 4:00,0,,
7/12/23 5:00,1,,
7/12/23 6:00,4,,
7/12/23 7:00,9,,
7/12/23 8:00,15,,
7/12/23 9:00,20,,
7/12/23 10:00,25,,
7/12/23 11:00,28,,
7/12/23 12:00,27,,
7/12/23 13:00,22,,
7/12/23 14:00,21,,
7/12/23 15:00,20,,
7/12/23 16:00,15,,
7/12/23 17:00,9,,
7/12/23 18:00,4,,
7/12/23 19:00,1,,
7/12/23 20:00,0,,
7/12/23 21:00,0,,
7/12/23 22:00,0,,
7/12/23 23:00,0,,
7/13/23,0,,
7/13/23 1:00,0,,
7/13/23 2:00,0,,
7/13/23 3:00,0,,
7/13/23 4:00,0,,
7/13/23 5:00,1,,
7/13/23 6:00,4,,
7/13/23 7:00,9,,
7/13/23 8:00,15,,
7/13/23 9:00,20,,
7/13/23 10:00,24,,
7/13/23 11:00,28,,
7/13/23 12:00,27,,
7/13/23 13:00,21,,
7/13/23 14:00,25,,
7/13/23 15:00,21,,
7/13/23 16:00,15,,
7/13/23 17:00,9,,
7/13/23 18:00,4,,
7/13/23 19:00,1,,
7/13/23 20:00,0,,
7/13/23 21:00,0,,
7/13/23 22:00,0,,
7/13/23 23:00,0,,
7/14/23,0,,
7/14/23 1:00,0,,
7/14/23 2:00,0,,
7/14/23 3:00,0,,
7/14/23 4:00,0,,
7/14/23 5:00,1,,
7/14/23 6:00,4,,
7/14/23 7:00,9,,
7/14/23 8:00,15,,
7/14/23 9:00,20,,
7/14/23 10:00,25,,
7/14/23 11:00,28,,
7/14/23 12:00,28,,
7/14/23 13:00,21,,
7/14/23 14:00,25,,
7/14/23 15:00,21,,
7/14/23 16:00,15,,
7/14/23 17:00,9,,
7/14/23 18:00,4,,
7/14/23 19:00,1,,
7/14/23 20:00,0,,
7/14/23 21:00,0,,
7/14/23 22:00,0,,
7/14/23 23:00,0,,
7/15/23,0,,
7/15/23 1:00,0,,
7/15/23 2:00,0,,
7/15/23 3:00,0,,
7/15/23 4:00,0,,
7/15/23 5:00,1,,
7/15/23 6:00,4,,
7/15/23 7:00,9,,
7/15/23 8:00,15,,
7/15/23 9:00,20,,
7/15/23 10:00,25,,
7/15/23 11:00,28,,
7/15/23 12:00,27,,
7/15/23 13:00,20,,
7/15/23 14:00,25,,
7/15/23 15:00,21,,
7/15/23 16:00,15,,
7/15/23 17:00,9,,
7/15/23 18:00,4,,
7/15/23 19:00,1,,
7/15/23 20:00,0,,
7/15/23 21:00,0,,
7/15/23 22:00,0,,
7/15/23 23:00,0,,
7/16/23,0,,
7/16/23 1:00,0,,
7/16/23 2:00,0,,
7/16/23 3:00,0,,
7/16/23 4:00,0,,
7/16/23 5:00,1,,
7/16/23 6:00,4,,
7/16/23 7:00,9,,
7/16/23 8:00,15,,
7/16/23 9:00,20,,
7/16/23 10:00,25,,
7/16/23 11:00,28,,
7/16/23 12:00,27,,
7/16/23 13:00,20,,
7/16/23 14:00,25,,
7/16/23 15:00,20,,
7/16/23 16:00,15,,
7/16/23 17:00,9,,
7/16/23 18:00,4,,
7/16/23 19:00,1,,
7/16/23 20:00,0,,
7/16/23 21:00,0,,
7/16/23 22:00,0,,
7/16/23 23:00,0,,
7/17/23,0,,
7/17/23 1:00,0,,
7/17/23 2:00,0,,
7/17/23 3:00,0,,
7/17/23 4:00,0,,
7/17/23 5:00,1,,
7/17/23 6:00,3,,
7/17/23 7:00,10,,
7/17/23 8:00,15,,
7/17/23 9:00,17,,
7/17/23 10:00,21,,
7/17/23 11:00,22,,
7/17/23 12:00,22,,
7/17/23 13:00,21,,
7/17/23 14:00,25,,
7/17/23 15:00,20,,
7/17/23 16:00,14,,
7/17/23 17:00,8,,
7/17/23 18:00,4,,
7/17/23 19:00,1,,
7/17/23 20:00,0,,
7/17/23 21:00,0,,
7/17/23 22:00,0,,
7/17/23 23:00,0,,
7/18/23,0,,
7/18/23 1:00,0,,
7/18/23 2:00,0,,
7/18/23 3:00,0,,
7/18/23 4:00,0,,
7/18/23 5:00,0,,
7/18/23 6:00,2,,
7/18/23 7:00,8,,
7/18/23 8:00,12,,
7/18/23 9:00,7,,
7/18/23 10:00,10,,
7/18/23 11:00,25,,
7/18/23 12:00,23,,
7/18/23 13:00,16,,
7/18/23 14:00,15,,
7/18/23 15:00,13,,
7/18/23 16:00,3,,
7/18/23 17:00,5,,
7/18/23 18:00,4,,
7/18/23 19:00,1,,
7/18/23 20:00,0,,
7/18/23 21:00,0,,
7/18/23 22:00,0,,
7/18/23 23:00,0,,
7/19/23,0,,
7/19/23 1:00,0,,
7/19/23 2:00,0,,
7/19/23 3:00,0,,
7/19/23 4:00,0,,
7/19/23 5:00,1,,
7/19/23 6:00,3,,
7/19/23 7:00,8,,
7/19/23 8:00,15,,
7/19/23 9:00,20,,
7/19/23 10:00,25,,
7/19/23 11:00,20,,
7/19/23 12:00,13,,
7/19/23 13:00,19,,
7/19/23 14:00,25,,
7/19/23 15:00,19,,
7/19/23 16:00,4,,
7/19/23 17:00,1,,
7/19/23 18:00,0,,
7/19/23 19:00,0,,
7/19/23 20:00,0,,
7/19/23 21:00,0,,
7/19/23 22:00,0,,
7/19/23 23:00,0,,
7/20/23,0,,
7/20/23 1:00,0,,
7/20/23 2:00,0,,
7/20/23 3:00,0,,
7/20/23 4:00,0,,
7/20/23 5:00,1,,
7/20/23 6:00,3,,
7/20/23 7:00,9,,
7/20/23 8:00,15,,
7/20/23 9:00,20,,
7/20/23 10:00,25,,
7/20/23 11:00,28,,
7/20/23 12:00,27,,
7/20/23 13:00,18,,
7/20/23 14:00,25,,
7/20/23 15:00,20,,
7/20/23 16:00,15,,
7/20/23 17:00,9,,
7/20/23 18:00,4,,
7/20/23 19:00,1,,
7/20/23 20:00,0,,
7/20/23 21:00,0,,
7/20/23 22:00,0,,
7/20/23 23:00,0,,
7/21/23,0,,
7/21/23 1:00,0,,
7/21/23 2:00,0,,
7/21/23 3:00,0,,
7/21/23 4:00,0,,
7/21/23 5:00,1,,
7/21/23 6:00,3,,
7/21/23 7:00,9,,
7/21/23 8:00,15,,
7/21/23 9:00,20,,
7/21/23 10:00,25,,
7/21/23 11:00,28,,
7/21/23 12:00,27,,
7/21/23 13:00,18,,
7/21/23 14:00,25,,
7/21/23 15:00,17,,
7/21/23 16:00,15,,
7/21/23 17:00,9,,
7/21/23 18:00,4,,
7/21/23 19:00,1,,
7/21/23 20:00,0,,
7/21/23 21:00,0,,
7/21/23 22:00,0,,
7/21/23 23:00,0,,
7/22/23,0,,
7/22/23 1:00,0,,
7/22/23 2:00,0,,
7/22/23 3:00,0,,
7/22/23 4:00,0,,
7/22/23 5:00,1,,
7/22/23 6:00,4,,
7/22/23 7:00,9,,
7/22/23 8:00,14,,
7/22/23 9:00,20,,
7/22/23 10:00,25,,
7/22/23 11:00,28,,
7/22/23 12:00,27,,
7/22/23 13:00,17,,
7/22/23 14:00,25,,
7/22/23 15:00,20,,
7/22/23 16:00,15,,
7/22/23 17:00,9,,
7/22/23 18:00,4,,
7/22/23 19:00,1,,
7/22/23 20:00,0,,
7/22/23 21:00,0,,
7/22/23 22:00,0,,
7/22/23 23:00,0,,
7/23/23,0,,
7/23/23 1:00,0,,
7/23/23 2:00,0,,
7/23/23 3:00,0,,
7/23/23 4:00,0,,
7/23/23 5:00,0,,
7/23/23 6:00,2,,
7/23/23 7:00,7,,
7/23/23 8:00,14,,
7/23/23 9:00,20,,
7/23/23 10:00,23,,
7/23/23 11:00,16,,
7/23/23 12:00,10,,
7/23/23 13:00,7,,
7/23/23 14:00,25,,
7/23/23 15:00,20,,
7/23/23 16:00,11,,
7/23/23 17:00,8,,
7/23/23 18:00,2,,
7/23/23 19:00,0,,
7/23/23 20:00,0,,
7/23/23 21:00,0,,
7/23/23 22:00,0,,
7/23/23 23:00,0,,
7/24/23,0,,
7/24/23 1:00,0,,
7/24/23 2:00,0,,
7/24/23 3:00,0,,
7/24/23 4:00,0,,
7/24/23 5:00,0,,
7/24/23 6:00,3,,
7/24/23 7:00,5,,
7/24/23 8:00,8,,
7/24/23 9:00,16,,
7/24/23 10:00,11,,
7/24/23 11:00,22,,
7/24/23 12:00,19,,
7/24/23 13:00,16,,
7/24/23 14:00,14,,
7/24/23 15:00,14,,
7/24/23 16:00,12,,
7/24/23 17:00,5,,
7/24/23 18:00,2,,
7/24/23 19:00,0,,
7/24/23 20:00,0,,
7/24/23 21:00,0,,
7/24/23 22:00,0,,
7/24/23 23:00,0,,
7/25/23,0,,
7/25/23 1:00,0,,
7/25/23 2:00,0,,
7/25/23 3:00,0,,
7/25/23 4:00,0,,
7/25/23 5:00,0,,
7/25/23 6:00,3,,
7/25/23 7:00,7,,
7/25/23 8:00,10,,
7/25/23 9:00,15,,
7/25/23 10:00,24,,
7/25/23 11:00,27,,
7/25/23 12:00,26,,
7/25/23 13:00,16,,
7/25/23 14:00,24,,
7/25/23 15:00,20,,
7/25/23 16:00,13,,
7/25/23 17:00,6,,
7/25/23 18:00,2,,
7/25/23 19:00,0,,
7/25/23 20:00,0,,
7/25/23 21:00,0,,
7/25/23 22:00,0,,
7/25/23 23:00,0,,
7/26/23,0,,
7/26/23 1:00,0,,
7/26/23 2:00,0,,
7/26/23 3:00,0,,
7/26/23 4:00,0,,
7/26/23 5:00,0,,
7/26/23 6:00,4,,
7/26/23 7:00,8,,
7/26/23 8:00,14,,
7/26/23 9:00,17,,
7/26/23 10:00,19,,
7/26/23 11:00,28,,
7/26/23 12:00,13,,
7/26/23 13:00,16,,
7/26/23 14:00,25,,
7/26/23 15:00,16,,
7/26/23 16:00,6,,
7/26/23 17:00,6,,
7/26/23 18:00,3,,
7/26/23 19:00,0,,
7/26/23 20:00,0,,
7/26/23 21:00,0,,
7/26/23 22:00,0,,
7/26/23 23:00,0,,
7/27/23,0,,
7/27/23 1:00,0,,
7/27/23 2:00,0,,
7/27/23 3:00,0,,
7/27/23 4:00,0,,
7/27/23 5:00,0,,
7/27/23 6:00,3,,
7/27/23 7:00,4,,
7/27/23 8:00,6,,
7/27/23 9:00,20,,
7/27/23 10:00,25,,
7/27/23 11:00,27,,
7/27/23 12:00,25,,
7/27/23 13:00,14,,
7/27/23 14:00,17,,
7/27/23 15:00,10,,
7/27/23 16:00,12,,
7/27/23 17:00,6,,
7/27/23 18:00,3,,
7/27/23 19:00,1,,
7/27/23 20:00,0,,
7/27/23 21:00,0,,
7/27/23 22:00,0,,
7/27/23 23:00,0,,
7/28/23,0,,
7/28/23 1:00,0,,
7/28/23 2:00,0,,
7/28/23 3:00,0,,
7/28/23 4:00,0,,
7/28/23 5:00,0,,
7/28/23 6:00,3,,
7/28/23 7:00,8,,
7/28/23 8:00,14,,
7/28/23 9:00,18,,
7/28/23 10:00,22,,
7/28/23 11:00,28,,
7/28/23 12:00,25,,
7/28/23 13:00,13,,
7/28/23 14:00,22,,
7/28/23 15:00,21,,
7/28/23 16:00,14,,
7/28/23 17:00,9,,
7/28/23 18:00,4,,
7/28/23 19:00,1,,
7/28/23 20:00,0,,
7/28/23 21:00,0,,
7/28/23 22:00,0,,
7/28/23 23:00,0,,
7/29/23,0,,
7/29/23 1:00,0,,
7/29/23 2:00,0,,
7/29/23 3:00,0,,
7/29/23 4:00,0,,
7/29/23 5:00,0,,
7/29/23 6:00,3,,
7/29/23 7:00,8,,
7/29/23 8:00,14,,
7/29/23 9:00,20,,
7/29/23 10:00,24,,
7/29/23 11:00,28,,
7/29/23 12:00,23,,
7/29/23 13:00,16,,
7/29/23 14:00,22,,
7/29/23 15:00,18,,
7/29/23 16:00,13,,
7/29/23 17:00,7,,
7/29/23 18:00,3,,
7/29/23 19:00,1,,
7/29/23 20:00,0,,
7/29/23 21:00,0,,
7/29/23 22:00,0,,
7/29/23 23:00,0,,
7/30/23,0,,
7/30/23 1:00,0,,
7/30/23 2:00,0,,
7/30/23 3:00,0,,
7/30/23 4:00,0,,
7/30/23 5:00,0,,
7/30/23 6:00,3,,
7/30/23 7:00,6,,
7/30/23 8:00,14,,
7/30/23 9:00,18,,
7/30/23 10:00,19,,
7/30/23 11:00,26,,
7/30/23 12:00,23,,
7/30/23 13:00,12,,
7/30/23 14:00,13,,
7/30/23 15:00,15,,
7/30/23 16:00,13,,
7/30/23 17:00,6,,
7/30/23 18:00,1,,
7/30/23 19:00,0,,
7/30/23 20:00,0,,
7/30/23 21:00,0,,
7/30/23 22:00,0,,
7/30/23 23:00,0,,
7/31/23,0,,
7/31/23 1:00,0,,
7/31/23 2:00,0,,
7/31/23 3:00,0,,
7/31/23 4:00,0,,
7/31/23 5:00,0,,
7/31/23 6:00,2,,
7/31/23 7:00,5,,
7/31/23 8:00,9,,
7/31/23 9:00,16,,
7/31/23 10:00,22,,
7/31/23 11:00,24,,
7/31/23 12:00,23,,
7/31/23 13:00,15,,
7/31/23 14:00,20,,
7/31/23 15:00,9,,
7/31/23 16:00,8,,
7/31/23 17:00,3,,
7/31/23 18:00,2,,
7/31/23 19:00,0,,
7/31/23 20:00,0,,
7/31/23 21:00,0,,
7/31/23 22:00,0,,
7/31/23 23:00,0,,
8/1/23,0,,
8/1/23 1:00,0,,
8/1/23 2:00,0,,
8/1/23 3:00,0,,
8/1/23 4:00,0,,
8/1/23 5:00,0,,
8/1/23 6:00,1,,
8/1/23 7:00,3,,
8/1/23 8:00,8,,
8/1/23 9:00,9,,
8/1/23 10:00,20,,
8/1/23 11:00,27,,
8/1/23 12:00,19,,
8/1/23 13:00,16,,
8/1/23 14:00,25,,
8/1/23 15:00,16,,
8/1/23 16:00,,,
8/1/23 17:00,4,,
8/1/23 18:00,3,,
8/1/23 19:00,0,,
8/1/23 20:00,0,,
8/1/23 21:00,0,,
8/1/23 22:00,0,,
8/1/23 23:00,0,,
8/2/23,0,,
8/2/23 1:00,0,,
8/2/23 2:00,0,,
8/2/23 3:00,0,,
8/2/23 4:00,0,,
8/2/23 5:00,0,,
8/2/23 6:00,3,,
8/2/23 7:00,8,,
8/2/23 8:00,14,,
8/2/23 9:00,20,,
8/2/23 10:00,18,,
8/2/23 11:00,21,,
8/2/23 12:00,18,,
8/2/23 13:00,15,,
8/2/23 14:00,5,,
8/2/23 15:00,0,,
8/2/23 16:00,3,,
8/2/23 17:00,6,,
8/2/23 18:00,2,,
8/2/23 19:00,0,,
8/2/23 20:00,0,,
8/2/23 21:00,0,,
8/2/23 22:00,0,,
8/2/23 23:00,0,,
8/3/23,0,,
8/3/23 1:00,0,,
8/3/23 2:00,0,,
8/3/23 3:00,0,,
8/3/23 4:00,0,,
8/3/23 5:00,0,,
8/3/23 6:00,1,,
8/3/23 7:00,3,,
8/3/23 8:00,9,,
8/3/23 9:00,12,,
8/3/23 10:00,15,,
8/3/23 11:00,13,,
8/3/23 12:00,15,,
8/3/23 13:00,16,,
8/3/23 14:00,21,,
8/3/23 15:00,13,,
8/3/23 16:00,14,,
8/3/23 17:00,8,,
8/3/23 18:00,3,,
8/3/23 19:00,0,,
8/3/23 20:00,0,,
8/3/23 21:00,0,,
8/3/23 22:00,0,,
8/3/23 23:00,0,,
8/4/23,0,,
8/4/23 1:00,0,,
8/4/23 2:00,0,,
8/4/23 3:00,0,,
8/4/23 4:00,0,,
8/4/23 5:00,0,,
8/4/23 6:00,3,,
8/4/23 7:00,8,,
8/4/23 8:00,14,,
8/4/23 9:00,20,,
8/4/23 10:00,25,,
8/4/23 11:00,28,,
8/4/23 12:00,24,,
8/4/23 13:00,13,,
8/4/23 14:00,25,,
8/4/23 15:00,20,,
8/4/23 16:00,15,,
8/4/23 17:00,9,,
8/4/23 18:00,3,,
8/4/23 19:00,0,,
8/4/23 20:00,0,,
8/4/23 21:00,0,,
8/4/23 22:00,0,,
8/4/23 23:00,0,,
8/5/23,0,,
8/5/23 1:00,0,,
8/5/23 2:00,0,,
8/5/23 3:00,0,,
8/5/23 4:00,0,,
8/5/23 5:00,0,,
8/5/23 6:00,3,,
8/5/23 7:00,8,,
8/5/23 8:00,14,,
8/5/23 9:00,20,,
8/5/23 10:00,25,,
8/5/23 11:00,28,,
8/5/23 12:00,24,,
8/5/23 13:00,12,,
8/5/23 14:00,25,,
8/5/23 15:00,20,,
8/5/23 16:00,14,,
8/5/23 17:00,8,,
8/5/23 18:00,3,,
8/5/23 19:00,0,,
8/5/23 20:00,0,,
8/5/23 21:00,0,,
8/5/23 22:00,0,,
8/5/23 23:00,0,,
8/6/23,0,,
8/6/23 1:00,0,,
8/6/23 2:00,0,,
8/6/23 3:00,0,,
8/6/23 4:00,0,,
8/6/23 5:00,0,,
8/6/23 6:00,2,,
8/6/23 7:00,6,,
8/6/23 8:00,13,,
8/6/23 9:00,20,,
8/6/23 10:00,24,,
8/6/23 11:00,27,,
8/6/23 12:00,22,,
8/6/23 13:00,13,,
8/6/23 14:00,24,,
8/6/23 15:00,19,,
8/6/23 16:00,14,,
8/6/23 17:00,8,,
8/6/23 18:00,3,,
8/6/23 19:00,0,,
8/6/23 20:00,0,,
8/6/23 21:00,0,,
8/6/23 22:00,0,,
8/6/23 23:00,0,,
8/7/23,0,,
8/7/23 1:00,0,,
8/7/23 2:00,0,,
8/7/23 3:00,0,,
8/7/23 4:00,0,,
8/7/23 5:00,0,,
8/7/23 6:00,3,,
8/7/23 7:00,7,,
8/7/23 8:00,13,,
8/7/23 9:00,19,,
8/7/23 10:00,23,,
8/7/23 11:00,27,,
8/7/23 12:00,23,,
8/7/23 13:00,12,,
8/7/23 14:00,23,,
8/7/23 15:00,18,,
8/7/23 16:00,9,,
8/7/23 17:00,6,,
8/7/23 18:00,2,,
8/7/23 19:00,0,,
8/7/23 20:00,0,,
8/7/23 21:00,0,,
8/7/23 22:00,0,,
8/7/23 23:00,0,,
8/8/23,0,,
8/8/23 1:00,0,,
8/8/23 2:00,0,,
8/8/23 3:00,0,,
8/8/23 4:00,0,,
8/8/23 5:00,0,,
8/8/23 6:00,1,,
8/8/23 7:00,2,,
8/8/23 8:00,9,,
8/8/23 9:00,18,,
8/8/23 10:00,23,,
8/8/23 11:00,26,,
8/8/23 12:00,22,,
8/8/23 13:00,13,,
8/8/23 14:00,23,,
8/8/23 15:00,19,,
8/8/23 16:00,13,,
8/8/23 17:00,8,,
8/8/23 18:00,3,,
8/8/23 19:00,0,,
8/8/23 20:00,0,,
8/8/23 21:00,0,,
8/8/23 22:00,0,,
8/8/23 23:00,0,,
8/9/23,0,,
8/9/23 1:00,0,,
8/9/23 2:00,0,,
8/9/23 3:00,0,,
8/9/23 4:00,0,,
8/9/23 5:00,0,,
8/9/23 6:00,3,,
8/9/23 7:00,7,,
8/9/23 8:00,13,,
8/9/23 9:00,19,,
8/9/23 10:00,23,,
8/9/23 11:00,26,,
8/9/23 12:00,22,,
8/9/23 13:00,12,,
8/9/23 14:00,21,,
8/9/23 15:00,13,,
8/9/23 16:00,9,,
8/9/23 17:00,7,,
8/9/23 18:00,3,,
8/9/23 19:00,0,,
8/9/23 20:00,0,,
8/9/23 21:00,0,,
8/9/23 22:00,0,,
8/9/23 23:00,0,,
8/10/23,0,,
8/10/23 1:00,0,,
8/10/23 2:00,0,,
8/10/23 3:00,0,,
8/10/23 4:00,0,,
8/10/23 5:00,0,,
8/10/23 6:00,2,,
8/10/23 7:00,7,,
8/10/23 8:00,12,,
8/10/23 9:00,18,,
8/10/23 10:00,23,,
8/10/23 11:00,26,,
8/10/23 12:00,21,,
8/10/23 13:00,11,,
8/10/23 14:00,23,,
8/10/23 15:00,19,,
8/10/23 16:00,13,,
8/10/23 17:00,8,,
8/10/23 18:00,3,,
8/10/23 19:00,0,,
8/10/23 20:00,0,,
8/10/23 21:00,0,,
8/10/23 22:00,0,,
8/10/23 23:00,0,,
8/11/23,0,,
8/11/23 1:00,0,,
8/11/23 2:00,0,,
8/11/23 3:00,0,,
8/11/23 4:00,0,,
8/11/23 5:00,0,,
8/11/23 6:00,2,,
8/11/23 7:00,7,,
8/11/23 8:00,13,,
8/11/23 9:00,19,,
8/11/23 10:00,23,,
8/11/23 11:00,23,,
8/11/23 12:00,21,,
8/11/23 13:00,11,,
8/11/23 14:00,15,,
8/11/23 15:00,11,,
8/11/23 16:00,6,,
8/11/23 17:00,5,,
8/11/23 18:00,2,,
8/11/23 19:00,0,,
8/11/23 20:00,0,,
8/11/23 21:00,0,,
8/11/23 22:00,0,,
8/11/23 23:00,0,,
8/12/23,0,,
8/12/23 1:00,0,,
8/12/23 2:00,0,,
8/12/23 3:00,0,,
8/12/23 4:00,0,,
8/12/23 5:00,0,,
8/12/23 6:00,1,,
8/12/23 7:00,5,,
8/12/23 8:00,7,,
8/12/23 9:00,13,,
8/12/23 10:00,21,,
8/12/23 11:00,27,,
8/12/23 12:00,21,,
8/12/23 13:00,10,,
8/12/23 14:00,24,,
8/12/23 15:00,19,,
8/12/23 16:00,13,,
8/12/23 17:00,8,,
8/12/23 18:00,3,,
8/12/23 19:00,0,,
8/12/23 20:00,0,,
8/12/23 21:00,0,,
8/12/23 22:00,0,,
8/12/23 23:00,0,,
8/13/23,0,,
8/13/23 1:00,0,,
8/13/23 2:00,0,,
8/13/23 3:00,0,,
8/13/23 4:00,0,,
8/13/23 5:00,0,,
8/13/23 6:00,2,,
8/13/23 7:00,7,,
8/13/23 8:00,13,,
8/13/23 9:00,19,,
8/13/23 10:00,23,,
8/13/23 11:00,27,,
8/13/23 12:00,21,,
8/13/23 13:00,10,,
8/13/23 14:00,24,,
8/13/23 15:00,19,,
8/13/23 16:00,13,,
8/13/23 17:00,7,,
8/13/23 18:00,3,,
8/13/23 19:00,0,,
8/13/23 20:00,0,,
8/13/23 21:00,0,,
8/13/23 22:00,0,,
8/13/23 23:00,0,,
8/14/23,0,,
8/14/23 1:00,0,,
8/14/23 2:00,0,,
8/14/23 3:00,0,,
8/14/23 4:00,0,,
8/14/23 5:00,0,,
8/14/23 6:00,2,,
8/14/23 7:00,7,,
8/14/23 8:00,13,,
8/14/23 9:00,19,,
8/14/23 10:00,23,,
8/14/23 11:00,26,,
8/14/23 12:00,21,,
8/14/23 13:00,10,,
8/14/23 14:00,23,,
8/14/23 15:00,18,,
8/14/23 16:00,13,,
8/14/23 17:00,7,,
8/14/23 18:00,2,,
8/14/23 19:00,0,,
8/14/23 20:00,0,,
8/14/23 21:00,0,,
8/14/23 22:00,0,,
8/14/23 23:00,0,,
8/15/23,0,,
8/15/23 1:00,0,,
8/15/23 2:00,0,,
8/15/23 3:00,0,,
8/15/23 4:00,0,,
8/15/23 5:00,0,,
8/15/23 6:00,2,,
8/15/23 7:00,7,,
8/15/23 8:00,12,,
8/15/23 9:00,18,,
8/15/23 10:00,22,,
8/15/23 11:00,21,,
8/15/23 12:00,20,,
8/15/23 13:00,13,,
8/15/23 14:00,15,,
8/15/23 15:00,17,,
8/15/23 16:00,13,,
8/15/23 17:00,7,,
8/15/23 18:00,2,,
8/15/23 19:00,0,,
8/15/23 20:00,0,,
8/15/23 21:00,0,,
8/15/23 22:00,0,,
8/15/23 23:00,0,,
8/16/23,0,,
8/16/23 1:00,0,,
8/16/23 2:00,0,,
8/16/23 3:00,0,,
8/16/23 4:00,0,,
8/16/23 5:00,0,,
8/16/23 6:00,2,,
8/16/23 7:00,7,,
8/16/23 8:00,13,,
8/16/23 9:00,19,,
8/16/23 10:00,23,,
8/16/23 11:00,26,,
8/16/23 12:00,20,,
8/16/23 13:00,10,,
8/16/23 14:00,23,,
8/16/23 15:00,19,,
8/16/23 16:00,13,,
8/16/23 17:00,7,,
8/16/23 18:00,2,,
8/16/23 19:00,0,,
8/16/23 20:00,0,,
8/16/23 21:00,0,,
8/16/23 22:00,0,,
8/16/23 23:00,0,,
8/17/23,0,,
8/17/23 1:00,0,,
8/17/23 2:00,0,,
8/17/23 3:00,0,,
8/17/23 4:00,0,,
8/17/23 5:00,0,,
8/17/23 6:00,2,,
8/17/23 7:00,7,,
8/17/23 8:00,13,,
8/17/23 9:00,18,,
8/17/23 10:00,23,,
8/17/23 11:00,27,,
8/17/23 12:00,20,,
8/17/23 13:00,10,,
8/17/23 14:00,9,,
8/17/23 15:00,3,,
8/17/23 16:00,1,,
8/17/23 17:00,2,,
8/17/23 18:00,1,,
8/17/23 19:00,0,,
8/17/23 20:00,0,,
8/17/23 21:00,0,,
8/17/23 22:00,0,,
8/17/23 23:00,0,,
8/18/23,0,,
8/18/23 1:00,0,,
8/18/23 2:00,0,,
8/18/23 3:00,0,,
8/18/23 4:00,0,,
8/18/23 5:00,0,,
8/18/23 6:00,1,,
8/18/23 7:00,4,,
8/18/23 8:00,9,,
8/18/23 9:00,17,,
8/18/23 10:00,22,,
8/18/23 11:00,13,,
8/18/23 12:00,13,,
8/18/23 13:00,11,,
8/18/23 14:00,16,,
8/18/23 15:00,12,,
8/18/23 16:00,7,,
8/18/23 17:00,3,,
8/18/23 18:00,1,,
8/18/23 19:00,0,,
8/18/23 20:00,0,,
8/18/23 21:00,0,,
8/18/23 22:00,0,,
8/18/23 23:00,0,,
8/19/23,0,,
8/19/23 1:00,0,,
8/19/23 2:00,0,,
8/19/23 3:00,0,,
8/19/23 4:00,0,,
8/19/23 5:00,0,,
8/19/23 6:00,1,,
8/19/23 7:00,6,,
8/19/23 8:00,12,,
8/19/23 9:00,13,,
8/19/23 10:00,15,,
8/19/23 11:00,10,,
8/19/23 12:00,8,,
8/19/23 13:00,15,,
8/19/23 14:00,23,,
8/19/23 15:00,19,,
8/19/23 16:00,12,,
8/19/23 17:00,3,,
8/19/23 18:00,1,,
8/19/23 19:00,0,,
8/19/23 20:00,0,,
8/19/23 21:00,0,,
8/19/23 22:00,0,,
8/19/23 23:00,0,,
8/20/23,0,,
8/20/23 1:00,0,,
8/20/23 2:00,0,,
8/20/23 3:00,0,,
8/20/23 4:00,0,,
8/20/23 5:00,0,,
8/20/23 6:00,1,,
8/20/23 7:00,4,,
8/20/23 8:00,9,,
8/20/23 9:00,15,,
8/20/23 10:00,13,,
8/20/23 11:00,17,,
8/20/23 12:00,14,,
8/20/23 13:00,13,,
8/20/23 14:00,17,,
8/20/23 15:00,9,,
8/20/23 16:00,5,,
8/20/23 17:00,5,,
8/20/23 18:00,2,,
8/20/23 19:00,0,,
8/20/23 20:00,0,,
8/20/23 21:00,0,,
8/20/23 22:00,0,,
8/20/23 23:00,0,,
8/21/23,0,,
8/21/23 1:00,0,,
8/21/23 2:00,0,,
8/21/23 3:00,0,,
8/21/23 4:00,0,,
8/21/23 5:00,0,,
8/21/23 6:00,2,,
8/21/23 7:00,4,,
8/21/23 8:00,9,,
8/21/23 9:00,10,,
8/21/23 10:00,15,,
8/21/23 11:00,20,,
8/21/23 12:00,17,,
8/21/23 13:00,13,,
8/21/23 14:00,13,,
8/21/23 15:00,11,,
8/21/23 16:00,3,,
8/21/23 17:00,3,,
8/21/23 18:00,1,,
8/21/23 19:00,0,,
8/21/23 20:00,0,,
8/21/23 21:00,0,,
8/21/23 22:00,0,,
8/21/23 23:00,0,,
8/22/23,0,,
8/22/23 1:00,0,,
8/22/23 2:00,0,,
8/22/23 3:00,0,,
8/22/23 4:00,0,,
8/22/23 5:00,0,,
8/22/23 6:00,1,,
8/22/23 7:00,2,,
8/22/23 8:00,2,,
8/22/23 9:00,5,,
8/22/23 10:00,10,,
8/22/23 11:00,13,,
8/22/23 12:00,4,,
8/22/23 13:00,8,,
8/22/23 14:00,4,,
8/22/23 15:00,3,,
8/22/23 16:00,2,,
8/22/23 17:00,3,,
8/22/23 18:00,2,,
8/22/23 19:00,0,,
8/22/23 20:00,0,,
8/22/23 21:00,0,,
8/22/23 22:00,0,,
8/22/23 23:00,0,,
8/23/23,0,,
8/23/23 1:00,0,,
8/23/23 2:00,0,,
8/23/23 3:00,0,,
8/23/23 4:00,0,,
8/23/23 5:00,0,,
8/23/23 6:00,2,,
8/23/23 7:00,6,,
8/23/23 8:00,12,,
8/23/23 9:00,18,,
8/23/23 10:00,22,,
8/23/23 11:00,25,,
8/23/23 12:00,20,,
8/23/23 13:00,11,,
8/23/23 14:00,22,,
8/23/23 15:00,17,,
8/23/23 16:00,10,,
8/23/23 17:00,3,,
8/23/23 18:00,0,,
8/23/23 19:00,0,,
8/23/23 20:00,0,,
8/23/23 21:00,0,,
8/23/23 22:00,0,,
8/23/23 23:00,0,,
8/24/23,0,,
8/24/23 1:00,0,,
8/24/23 2:00,0,,
8/24/23 3:00,0,,
8/24/23 4:00,0,,
8/24/23 5:00,0,,
8/24/23 6:00,1,,
8/24/23 7:00,4,,
8/24/23 8:00,9,,
8/24/23 9:00,16,,
8/24/23 10:00,22,,
8/24/23 11:00,24,,
8/24/23 12:00,20,,
8/24/23 13:00,14,,
8/24/23 14:00,20,,
8/24/23 15:00,16,,
8/24/23 16:00,12,,
8/24/23 17:00,6,,
8/24/23 18:00,2,,
8/24/23 19:00,0,,
8/24/23 20:00,0,,
8/24/23 21:00,0,,
8/24/23 22:00,0,,
8/24/23 23:00,0,,
8/25/23,0,,
8/25/23 1:00,0,,
8/25/23 2:00,0,,
8/25/23 3:00,0,,
8/25/23 4:00,0,,
8/25/23 5:00,0,,
8/25/23 6:00,2,,
8/25/23 7:00,6,,
8/25/23 8:00,12,,
8/25/23 9:00,18,,
8/25/23 10:00,23,,
8/25/23 11:00,26,,
8/25/23 12:00,18,,
8/25/23 13:00,9,,
8/25/23 14:00,22,,
8/25/23 15:00,17,,
8/25/23 16:00,12,,
8/25/23 17:00,6,,
8/25/23 18:00,2,,
8/25/23 19:00,0,,
8/25/23 20:00,0,,
8/25/23 21:00,0,,
8/25/23 22:00,0,,
8/25/23 23:00,0,,
8/26/23,0,,
8/26/23 1:00,0,,
8/26/23 2:00,0,,
8/26/23 3:00,0,,
8/26/23 4:00,0,,
8/26/23 5:00,0,,
8/26/23 6:00,2,,
8/26/23 7:00,7,,
8/26/23 8:00,12,,
8/26/23 9:00,17,,
8/26/23 10:00,22,,
8/26/23 11:00,26,,
8/26/23 12:00,18,,
8/26/23 13:00,12,,
8/26/23 14:00,20,,
8/26/23 15:00,17,,
8/26/23 16:00,11,,
8/26/23 17:00,5,,
8/26/23 18:00,1,,
8/26/23 19:00,0,,
8/26/23 20:00,0,,
8/26/23 21:00,0,,
8/26/23 22:00,0,,
8/26/23 23:00,0,,
8/27/23,0,,
8/27/23 1:00,0,,
8/27/23 2:00,0,,
8/27/23 3:00,0,,
8/27/23 4:00,0,,
8/27/23 5:00,0,,
8/27/23 6:00,2,,
8/27/23 7:00,6,,
8/27/23 8:00,9,,
8/27/23 9:00,18,,
8/27/23 10:00,21,,
8/27/23 11:00,25,,
8/27/23 12:00,18,,
8/27/23 13:00,9,,
8/27/23 14:00,22,,
8/27/23 15:00,17,,
8/27/23 16:00,11,,
8/27/23 17:00,5,,
8/27/23 18:00,2,,
8/27/23 19:00,0,,
8/27/23 20:00,0,,
8/27/23 21:00,0,,
8/27/23 22:00,0,,
8/27/23 23:00,0,,
8/28/23,0,,
8/28/23 1:00,0,,
8/28/23 2:00,0,,
8/28/23 3:00,0,,
8/28/23 4:00,0,,
8/28/23 5:00,0,,
8/28/23 6:00,2,,
8/28/23 7:00,6,,
8/28/23 8:00,12,,
8/28/23 9:00,17,,
8/28/23 10:00,22,,
8/28/23 11:00,25,,
8/28/23 12:00,17,,
8/28/23 13:00,8,,
8/28/23 14:00,22,,
8/28/23 15:00,17,,
8/28/23 16:00,11,,
8/28/23 17:00,6,,
8/28/23 18:00,2,,
8/28/23 19:00,0,,
8/28/23 20:00,0,,
8/28/23 21:00,0,,
8/28/23 22:00,0,,
8/28/23 23:00,0,,
8/29/23,0,,
8/29/23 1:00,0,,
8/29/23 2:00,0,,
8/29/23 3:00,0,,
8/29/23 4:00,0,,
8/29/23 5:00,0,,
8/29/23 6:00,2,,
8/29/23 7:00,6,,
8/29/23 8:00,12,,
8/29/23 9:00,18,,
8/29/23 10:00,22,,
8/29/23 11:00,25,,
8/29/23 12:00,17,,
8/29/23 13:00,8,,
8/29/23 14:00,21,,
8/29/23 15:00,17,,
8/29/23 16:00,11,,
8/29/23 17:00,5,,
8/29/23 18:00,1,,
8/29/23 19:00,0,,
8/29/23 20:00,0,,
8/29/23 21:00,0,,
8/29/23 22:00,0,,
8/29/23 23:00,0,,
8/30/23,0,,
8/30/23 1:00,0,,
8/30/23 2:00,0,,
8/30/23 3:00,0,,
8/30/23 4:00,0,,
8/30/23 5:00,0,,
8/30/23 6:00,1,,
8/30/23 7:00,5,,
8/30/23 8:00,10,,
8/30/23 9:00,15,,
8/30/23 10:00,19,,
8/30/23 11:00,22,,
8/30/23 12:00,17,,
8/30/23 13:00,11,,
8/30/23 14:00,19,,
8/30/23 15:00,15,,
8/30/23 16:00,10,,
8/30/23 17:00,5,,
8/30/23 18:00,1,,
8/30/23 19:00,0,,
8/30/23 20:00,0,,
8/30/23 21:00,0,,
8/30/23 22:00,0,,
8/30/23 23:00,0,,
8/31/23,0,,
8/31/23 1:00,0,,
8/31/23 2:00,0,,
8/31/23 3:00,0,,
8/31/23 4:00,0,,
8/31/23 5:00,0,,
8/31/23 6:00,1,,
8/31/23 7:00,5,,
8/31/23 8:00,11,,
8/31/23 9:00,16,,
8/31/23 10:00,21,,
8/31/23 11:00,24,,
8/31/23 12:00,17,,
8/31/23 13:00,9,,
8/31/23 14:00,20,,
8/31/23 15:00,16,,
8/31/23 16:00,10,,
8/31/23 17:00,5,,
8/31/23 18:00,1,,
8/31/23 19:00,0,,
8/31/23 20:00,0,,
8/31/23 21:00,0,,
8/31/23 22:00,0,,
8/31/23 23:00,0,,
9/1/23,0,,
9/1/23 1:00,0,,
9/1/23 2:00,0,,
9/1/23 3:00,0,,
9/1/23 4:00,0,,
9/1/23 5:00,0,,
9/1/23 6:00,1,,
9/1/23 7:00,4,,
9/1/23 8:00,6,,
9/1/23 9:00,9,,
9/1/23 10:00,6,,
9/1/23 11:00,6,,
9/1/23 12:00,4,,
9/1/23 13:00,5,,
9/1/23 14:00,9,,
9/1/23 15:00,8,,
9/1/23 16:00,5,,
9/1/23 17:00,3,,
9/1/23 18:00,1,,
9/1/23 19:00,0,,
9/1/23 20:00,0,,
9/1/23 21:00,0,,
9/1/23 22:00,0,,
9/1/23 23:00,0,,
9/2/23,0,,
9/2/23 1:00,0,,
9/2/23 2:00,0,,
9/2/23 3:00,0,,
9/2/23 4:00,0,,
9/2/23 5:00,0,,
9/2/23 6:00,1,,
9/2/23 7:00,3,,
9/2/23 8:00,2,,
9/2/23 9:00,9,,
9/2/23 10:00,17,,
9/2/23 11:00,14,,
9/2/23 12:00,14,,
9/2/23 13:00,11,,
9/2/23 14:00,21,,
9/2/23 15:00,13,,
9/2/23 16:00,10,,
9/2/23 17:00,4,,
9/2/23 18:00,1,,
9/2/23 19:00,0,,
9/2/23 20:00,0,,
9/2/23 21:00,0,,
9/2/23 22:00,0,,
9/2/23 23:00,0,,
9/3/23,0,,
9/3/23 1:00,0,,
9/3/23 2:00,0,,
9/3/23 3:00,0,,
9/3/23 4:00,0,,
9/3/23 5:00,0,,
9/3/23 6:00,1,,
9/3/23 7:00,5,,
9/3/23 8:00,12,,
9/3/23 9:00,11,,
9/3/23 10:00,13,,
9/3/23 11:00,13,,
9/3/23 12:00,15,,
9/3/23 13:00,11,,
9/3/23 14:00,19,,
9/3/23 15:00,16,,
9/3/23 16:00,11,,
9/3/23 17:00,4,,
9/3/23 18:00,1,,
9/3/23 19:00,0,,
9/3/23 20:00,0,,
9/3/23 21:00,0,,
9/3/23 22:00,0,,
9/3/23 23:00,0,,
9/4/23,0,,
9/4/23 1:00,0,,
9/4/23 2:00,0,,
9/4/23 3:00,0,,
9/4/23 4:00,0,,
9/4/23 5:00,0,,
9/4/23 6:00,0,,
9/4/23 7:00,1,,
9/4/23 8:00,3,,
9/4/23 9:00,4,,
9/4/23 10:00,3,,
9/4/23 11:00,5,,
9/4/23 12:00,14,,
9/4/23 13:00,8,,
9/4/23 14:00,9,,
9/4/23 15:00,6,,
9/4/23 16:00,3,,
9/4/23 17:00,3,,
9/4/23 18:00,1,,
9/4/23 19:00,0,,
9/4/23 20:00,0,,
9/4/23 21:00,0,,
9/4/23 22:00,0,,
9/4/23 23:00,0,,
9/5/23,0,,
9/5/23 1:00,0,,
9/5/23 2:00,0,,
9/5/23 3:00,0,,
9/5/23 4:00,0,,
9/5/23 5:00,0,,
9/5/23 6:00,1,,
9/5/23 7:00,6,,
9/5/23 8:00,11,,
9/5/23 9:00,17,,
9/5/23 10:00,22,,
9/5/23 11:00,24,,
9/5/23 12:00,16,,
9/5/23 13:00,10,,
9/5/23 14:00,21,,
9/5/23 15:00,16,,
9/5/23 16:00,10,,
9/5/23 17:00,5,,
9/5/23 18:00,1,,
9/5/23 19:00,0,,
9/5/23 20:00,0,,
9/5/23 21:00,0,,
9/5/23 22:00,0,,
9/5/23 23:00,0,,
9/6/23,0,,
9/6/23 1:00,0,,
9/6/23 2:00,0,,
9/6/23 3:00,0,,
9/6/23 4:00,0,,
9/6/23 5:00,0,,
9/6/23 6:00,1,,
9/6/23 7:00,5,,
9/6/23 8:00,11,,
9/6/23 9:00,17,,
9/6/23 10:00,21,,
9/6/23 11:00,24,,
9/6/23 12:00,16,,
9/6/23 13:00,10,,
9/6/23 14:00,21,,
9/6/23 15:00,16,,
9/6/23 16:00,8,,
9/6/23 17:00,4,,
9/6/23 18:00,1,,
9/6/23 19:00,0,,
9/6/23 20:00,0,,
9/6/23 21:00,0,,
9/6/23 22:00,0,,
9/6/23 23:00,0,,
9/7/23,0,,
9/7/23 1:00,0,,
9/7/23 2:00,0,,
9/7/23 3:00,0,,
9/7/23 4:00,0,,
9/7/23 5:00,0,,
9/7/23 6:00,1,,
9/7/23 7:00,5,,
9/7/23 8:00,11,,
9/7/23 9:00,17,,
9/7/23 10:00,21,,
9/7/23 11:00,24,,
9/7/23 12:00,16,,
9/7/23 13:00,10,,
9/7/23 14:00,20,,
9/7/23 15:00,15,,
9/7/23 16:00,10,,
9/7/23 17:00,4,,
9/7/23 18:00,1,,
9/7/23 19:00,0,,
9/7/23 20:00,0,,
9/7/23 21:00,0,,
9/7/23 22:00,0,,
9/7/23 23:00,0,,
9/8/23,0,,
9/8/23 1:00,0,,
9/8/23 2:00,0,,
9/8/23 3:00,0,,
9/8/23 4:00,0,,
9/8/23 5:00,0,,
9/8/23 6:00,1,,
9/8/23 7:00,5,,
9/8/23 8:00,11,,
9/8/23 9:00,17,,
9/8/23 10:00,21,,
9/8/23 11:00,24,,
9/8/23 12:00,16,,
9/8/23 13:00,10,,
9/8/23 14:00,20,,
9/8/23 15:00,15,,
9/8/23 16:00,10,,
9/8/23 17:00,4,,
9/8/23 18:00,1,,
9/8/23 19:00,0,,
9/8/23 20:00,0,,
9/8/23 21:00,0,,
9/8/23 22:00,0,,
9/8/23 23:00,0,,
9/9/23,0,,
9/9/23 1:00,0,,
9/9/23 2:00,0,,
9/9/23 3:00,0,,
9/9/23 4:00,0,,
9/9/23 5:00,0,,
9/9/23 6:00,1,,
9/9/23 7:00,5,,
9/9/23 8:00,11,,
9/9/23 9:00,16,,
9/9/23 10:00,21,,
9/9/23 11:00,23,,
9/9/23 12:00,16,,
9/9/23 13:00,11,,
9/9/23 14:00,16,,
9/9/23 15:00,9,,
9/9/23 16:00,3,,
9/9/23 17:00,1,,
9/9/23 18:00,0,,
9/9/23 19:00,0,,
9/9/23 20:00,0,,
9/9/23 21:00,0,,
9/9/23 22:00,0,,
9/9/23 23:00,0,,
9/10/23,0,,
9/10/23 1:00,0,,
9/10/23 2:00,0,,
9/10/23 3:00,0,,
9/10/23 4:00,0,,
9/10/23 5:00,0,,
9/10/23 6:00,1,,
9/10/23 7:00,5,,
9/10/23 8:00,10,,
9/10/23 9:00,16,,
9/10/23 10:00,12,,
9/10/23 11:00,23,,
9/10/23 12:00,16,,
9/10/23 13:00,11,,
9/10/23 14:00,19,,
9/10/23 15:00,13,,
9/10/23 16:00,9,,
9/10/23 17:00,3,,
9/10/23 18:00,1,,
9/10/23 19:00,0,,
9/10/23 20:00,0,,
9/10/23 21:00,0,,
9/10/23 22:00,0,,
9/10/23 23:00,0,,
9/11/23,0,,
9/11/23 1:00,0,,
9/11/23 2:00,0,,
9/11/23 3:00,0,,
9/11/23 4:00,0,,
9/11/23 5:00,0,,
9/11/23 6:00,1,,
9/11/23 7:00,5,,
9/11/23 8:00,11,,
9/11/23 9:00,16,,
9/11/23 10:00,21,,
9/11/23 11:00,23,,
9/11/23 12:00,15,,
9/11/23 13:00,10,,
9/11/23 14:00,19,,
9/11/23 15:00,12,,
9/11/23 16:00,8,,
9/11/23 17:00,4,,
9/11/23 18:00,1,,
9/11/23 19:00,0,,
9/11/23 20:00,0,,
9/11/23 21:00,0,,
9/11/23 22:00,0,,
9/11/23 23:00,0,,
9/12/23,0,,
9/12/23 1:00,0,,
9/12/23 2:00,0,,
9/12/23 3:00,0,,
9/12/23 4:00,0,,
9/12/23 5:00,0,,
9/12/23 6:00,1,,
9/12/23 7:00,5,,
9/12/23 8:00,10,,
9/12/23 9:00,16,,
9/12/23 10:00,19,,
9/12/23 11:00,22,,
9/12/23 12:00,17,,
9/12/23 13:00,11,,
9/12/23 14:00,19,,
9/12/23 15:00,12,,
9/12/23 16:00,8,,
9/12/23 17:00,3,,
9/12/23 18:00,0,,
9/12/23 19:00,0,,
9/12/23 20:00,0,,
9/12/23 21:00,0,,
9/12/23 22:00,0,,
9/12/23 23:00,0,,
9/13/23,0,,
9/13/23 1:00,0,,
9/13/23 2:00,0,,
9/13/23 3:00,0,,
9/13/23 4:00,0,,
9/13/23 5:00,0,,
9/13/23 6:00,1,,
9/13/23 7:00,3,,
9/13/23 8:00,3,,
9/13/23 9:00,8,,
9/13/23 10:00,16,,
9/13/23 11:00,13,,
9/13/23 12:00,17,,
9/13/23 13:00,11,,
9/13/23 14:00,19,,
9/13/23 15:00,14,,
9/13/23 16:00,9,,
9/13/23 17:00,3,,
9/13/23 18:00,0,,
9/13/23 19:00,0,,
9/13/23 20:00,0,,
9/13/23 21:00,0,,
9/13/23 22:00,0,,
9/13/23 23:00,0,,
9/14/23,0,,
9/14/23 1:00,0,,
9/14/23 2:00,0,,
9/14/23 3:00,0,,
9/14/23 4:00,0,,
9/14/23 5:00,0,,
9/14/23 6:00,1,,
9/14/23 7:00,4,,
9/14/23 8:00,10,,
9/14/23 9:00,15,,
9/14/23 10:00,20,,
9/14/23 11:00,23,,
9/14/23 12:00,16,,
9/14/23 13:00,10,,
9/14/23 14:00,19,,
9/14/23 15:00,14,,
9/14/23 16:00,8,,
9/14/23 17:00,3,,
9/14/23 18:00,0,,
9/14/23 19:00,0,,
9/14/23 20:00,0,,
9/14/23 21:00,0,,
9/14/23 22:00,0,,
9/14/23 23:00,0,,
9/15/23,0,,
9/15/23 1:00,0,,
9/15/23 2:00,0,,
9/15/23 3:00,0,,
9/15/23 4:00,0,,
9/15/23 5:00,0,,
9/15/23 6:00,1,,
9/15/23 7:00,5,,
9/15/23 8:00,10,,
9/15/23 9:00,16,,
9/15/23 10:00,20,,
9/15/23 11:00,23,,
9/15/23 12:00,15,,
9/15/23 13:00,9,,
9/15/23 14:00,19,,
9/15/23 15:00,14,,
9/15/23 16:00,8,,
9/15/23 17:00,3,,
9/15/23 18:00,0,,
9/15/23 19:00,0,,
9/15/23 20:00,0,,
9/15/23 21:00,0,,
9/15/23 22:00,0,,
9/15/23 23:00,0,,
9/16/23,0,,
9/16/23 1:00,0,,
9/16/23 2:00,0,,
9/16/23 3:00,0,,
9/16/23 4:00,0,,
9/16/23 5:00,0,,
9/16/23 6:00,1,,
9/16/23 7:00,5,,
9/16/23 8:00,10,,
9/16/23 9:00,15,,
9/16/23 10:00,20,,
9/16/23 11:00,23,,
9/16/23 12:00,16,,
9/16/23 13:00,9,,
9/16/23 14:00,18,,
9/16/23 15:00,14,,
9/16/23 16:00,8,,
9/16/23 17:00,3,,
9/16/23 18:00,0,,
9/16/23 19:00,0,,
9/16/23 20:00,0,,
9/16/23 21:00,0,,
9/16/23 22:00,0,,
9/16/23 23:00,0,,
9/17/23,0,,
9/17/23 1:00,0,,
9/17/23 2:00,0,,
9/17/23 3:00,0,,
9/17/23 4:00,0,,
9/17/23 5:00,0,,
9/17/23 6:00,1,,
9/17/23 7:00,4,,
9/17/23 8:00,10,,
9/17/23 9:00,15,,
9/17/23 10:00,20,,
9/17/23 11:00,23,,
9/17/23 12:00,16,,
9/17/23 13:00,9,,
9/17/23 14:00,16,,
9/17/23 15:00,13,,
9/17/23 16:00,8,,
9/17/23 17:00,3,,
9/17/23 18:00,0,,
9/17/23 19:00,0,,
9/17/23 20:00,0,,
9/17/23 21:00,0,,
9/17/23 22:00,0,,
9/17/23 23:00,0,,
9/18/23,0,,
9/18/23 1:00,0,,
9/18/23 2:00,0,,
9/18/23 3:00,0,,
9/18/23 4:00,0,,
9/18/23 5:00,0,,
9/18/23 6:00,0,,
9/18/23 7:00,3,,
9/18/23 8:00,9,,
9/18/23 9:00,12,,
9/18/23 10:00,19,,
9/18/23 11:00,22,,
9/18/23 12:00,18,,
9/18/23 13:00,8,,
9/18/23 14:00,5,,
9/18/23 15:00,13,,
9/18/23 16:00,8,,
9/18/23 17:00,3,,
9/18/23 18:00,0,,
9/18/23 19:00,0,,
9/18/23 20:00,0,,
9/18/23 21:00,0,,
9/18/23 22:00,0,,
9/18/23 23:00,0,,
9/19/23,0,,
9/19/23 1:00,0,,
9/19/23 2:00,0,,
9/19/23 3:00,0,,
9/19/23 4:00,0,,
9/19/23 5:00,0,,
9/19/23 6:00,1,,
9/19/23 7:00,3,,
9/19/23 8:00,5,,
9/19/23 9:00,14,,
9/19/23 10:00,19,,
9/19/23 11:00,20,,
9/19/23 12:00,11,,
9/19/23 13:00,8,,
9/19/23 14:00,7,,
9/19/23 15:00,13,,
9/19/23 16:00,6,,
9/19/23 17:00,2,,
9/19/23 18:00,0,,
9/19/23 19:00,0,,
9/19/23 20:00,0,,
9/19/23 21:00,0,,
9/19/23 22:00,0,,
9/19/23 23:00,0,,
9/20/23,0,,
9/20/23 1:00,0,,
9/20/23 2:00,0,,
9/20/23 3:00,0,,
9/20/23 4:00,0,,
9/20/23 5:00,0,,
9/20/23 6:00,0,,
9/20/23 7:00,3,,
9/20/23 8:00,7,,
9/20/23 9:00,14,,
9/20/23 10:00,19,,
9/20/23 11:00,22,,
9/20/23 12:00,18,,
9/20/23 13:00,9,,
9/20/23 14:00,18,,
9/20/23 15:00,13,,
9/20/23 16:00,7,,
9/20/23 17:00,3,,
9/20/23 18:00,0,,
9/20/23 19:00,0,,
9/20/23 20:00,0,,
9/20/23 21:00,0,,
9/20/23 22:00,0,,
9/20/23 23:00,0,,
9/21/23,0,,
9/21/23 1:00,0,,
9/21/23 2:00,0,,
9/21/23 3:00,0,,
9/21/23 4:00,0,,
9/21/23 5:00,0,,
9/21/23 6:00,1,,
9/21/23 7:00,3,,
9/21/23 8:00,7,,
9/21/23 9:00,13,,
9/21/23 10:00,13,,
9/21/23 11:00,15,,
9/21/23 12:00,3,,
9/21/23 13:00,11,,
9/21/23 14:00,5,,
9/21/23 15:00,6,,
9/21/23 16:00,2,,
9/21/23 17:00,1,,
9/21/23 18:00,0,,
9/21/23 19:00,0,,
9/21/23 20:00,0,,
9/21/23 21:00,0,,
9/21/23 22:00,0,,
9/21/23 23:00,0,,
9/22/23,0,,
9/22/23 1:00,0,,
9/22/23 2:00,0,,
9/22/23 3:00,0,,
9/22/23 4:00,0,,
9/22/23 5:00,0,,
9/22/23 6:00,1,,
9/22/23 7:00,4,,
9/22/23 8:00,10,,
9/22/23 9:00,12,,
9/22/23 10:00,11,,
9/22/23 11:00,7,,
9/22/23 12:00,7,,
9/22/23 13:00,6,,
9/22/23 14:00,7,,
9/22/23 15:00,8,,
9/22/23 16:00,7,,
9/22/23 17:00,2,,
9/22/23 18:00,0,,
9/22/23 19:00,0,,
9/22/23 20:00,0,,
9/22/23 21:00,0,,
9/22/23 22:00,0,,
9/22/23 23:00,0,,
9/23/23,0,,
9/23/23 1:00,0,,
9/23/23 2:00,0,,
9/23/23 3:00,0,,
9/23/23 4:00,0,,
9/23/23 5:00,0,,
9/23/23 6:00,1,,
9/23/23 7:00,4,,
9/23/23 8:00,9,,
9/23/23 9:00,15,,
9/23/23 10:00,19,,
9/23/23 11:00,22,,
9/23/23 12:00,19,,
9/23/23 13:00,8,,
9/23/23 14:00,17,,
9/23/23 15:00,12,,
9/23/23 16:00,7,,
9/23/23 17:00,2,,
9/23/23 18:00,0,,
9/23/23 19:00,0,,
9/23/23 20:00,0,,
9/23/23 21:00,0,,
9/23/23 22:00,0,,
9/23/23 23:00,0,,
9/24/23,0,,
9/24/23 1:00,0,,
9/24/23 2:00,0,,
9/24/23 3:00,0,,
9/24/23 4:00,0,,
9/24/23 5:00,0,,
9/24/23 6:00,1,,
9/24/23 7:00,4,,
9/24/23 8:00,9,,
9/24/23 9:00,14,,
9/24/23 10:00,19,,
9/24/23 11:00,21,,
9/24/23 12:00,18,,
9/24/23 13:00,8,,
9/24/23 14:00,17,,
9/24/23 15:00,12,,
9/24/23 16:00,6,,
9/24/23 17:00,2,,
9/24/23 18:00,0,,
9/24/23 19:00,0,,
9/24/23 20:00,0,,
9/24/23 21:00,0,,
9/24/23 22:00,0,,
9/24/23 23:00,0,,
9/25/23,0,,
9/25/23 1:00,0,,
9/25/23 2:00,0,,
9/25/23 3:00,0,,
9/25/23 4:00,0,,
9/25/23 5:00,0,,
9/25/23 6:00,1,,
9/25/23 7:00,4,,
9/25/23 8:00,9,,
9/25/23 9:00,14,,
9/25/23 10:00,19,,
9/25/23 11:00,21,,
9/25/23 12:00,18,,
9/25/23 13:00,8,,
9/25/23 14:00,17,,
9/25/23 15:00,12,,
9/25/23 16:00,7,,
9/25/23 17:00,2,,
9/25/23 18:00,0,,
9/25/23 19:00,0,,
9/25/23 20:00,0,,
9/25/23 21:00,0,,
9/25/23 22:00,0,,
9/25/23 23:00,0,,
9/26/23,0,,
9/26/23 1:00,0,,
9/26/23 2:00,0,,
9/26/23 3:00,0,,
9/26/23 4:00,0,,
9/26/23 5:00,0,,
9/26/23 6:00,1,,
9/26/23 7:00,4,,
9/26/23 8:00,9,,
9/26/23 9:00,14,,
9/26/23 10:00,18,,
9/26/23 11:00,21,,
9/26/23 12:00,18,,
9/26/23 13:00,8,,
9/26/23 14:00,17,,
9/26/23 15:00,12,,
9/26/23 16:00,7,,
9/26/23 17:00,2,,
9/26/23 18:00,0,,
9/26/23 19:00,0,,
9/26/23 20:00,0,,
9/26/23 21:00,0,,
9/26/23 22:00,0,,
9/26/23 23:00,0,,
9/27/23,0,,
9/27/23 1:00,0,,
9/27/23 2:00,0,,
9/27/23 3:00,0,,
9/27/23 4:00,0,,
9/27/23 5:00,0,,
9/27/23 6:00,1,,
9/27/23 7:00,4,,
9/27/23 8:00,9,,
9/27/23 9:00,14,,
9/27/23 10:00,18,,
9/27/23 11:00,21,,
9/27/23 12:00,18,,
9/27/23 13:00,8,,
9/27/23 14:00,16,,
9/27/23 15:00,12,,
9/27/23 16:00,6,,
9/27/23 17:00,2,,
9/27/23 18:00,0,,
9/27/23 19:00,0,,
9/27/23 20:00,0,,
9/27/23 21:00,0,,
9/27/23 22:00,0,,
9/27/23 23:00,0,,
9/28/23,0,,
9/28/23 1:00,0,,
9/28/23 2:00,0,,
9/28/23 3:00,0,,
9/28/23 4:00,0,,
9/28/23 5:00,0,,
9/28/23 6:00,0,,
9/28/23 7:00,4,,
9/28/23 8:00,9,,
9/28/23 9:00,14,,
9/28/23 10:00,18,,
9/28/23 11:00,20,,
9/28/23 12:00,17,,
9/28/23 13:00,9,,
9/28/23 14:00,16,,
9/28/23 15:00,11,,
9/28/23 16:00,6,,
9/28/23 17:00,2,,
9/28/23 18:00,0,,
9/28/23 19:00,0,,
9/28/23 20:00,0,,
9/28/23 21:00,0,,
9/28/23 22:00,0,,
9/28/23 23:00,0,,
9/29/23,0,,
9/29/23 1:00,0,,
9/29/23 2:00,0,,
9/29/23 3:00,0,,
9/29/23 4:00,0,,
9/29/23 5:00,0,,
9/29/23 6:00,0,,
9/29/23 7:00,3,,
9/29/23 8:00,9,,
9/29/23 9:00,14,,
9/29/23 10:00,18,,
9/29/23 11:00,20,,
9/29/23 12:00,18,,
9/29/23 13:00,8,,
9/29/23 14:00,16,,
9/29/23 15:00,11,,
9/29/23 16:00,6,,
9/29/23 17:00,2,,
9/29/23 18:00,0,,
9/29/23 19:00,0,,
9/29/23 20:00,0,,
9/29/23 21:00,0,,
9/29/23 22:00,0,,
9/29/23 23:00,0,,
9/30/23,0,,
9/30/23 1:00,0,,
9/30/23 2:00,0,,
9/30/23 3:00,0,,
9/30/23 4:00,0,,
9/30/23 5:00,0,,
9/30/23 6:00,0,,
9/30/23 7:00,4,,
9/30/23 8:00,9,,
9/30/23 9:00,13,,
9/30/23 10:00,16,,
9/30/23 11:00,15,,
9/30/23 12:00,12,,
9/30/23 13:00,10,,
9/30/23 14:00,5,,
9/30/23 15:00,2,,
9/30/23 16:00,1,,
9/30/23 17:00,0,,
9/30/23 18:00,0,,
9/30/23 19:00,0,,
9/30/23 20:00,0,,
9/30/23 21:00,0,,
9/30/23 22:00,0,,
9/30/23 23:00,0,,
10/1/23,0,,
10/1/23 1:00,0,,
10/1/23 2:00,0,,
10/1/23 3:00,0,,
10/1/23 4:00,0,,
10/1/23 5:00,0,,
10/1/23 6:00,0,,
10/1/23 7:00,3,,
10/1/23 8:00,6,,
10/1/23 9:00,12,,
10/1/23 10:00,18,,
10/1/23 11:00,19,,
10/1/23 12:00,18,,
10/1/23 13:00,9,,
10/1/23 14:00,15,,
10/1/23 15:00,8,,
10/1/23 16:00,6,,
10/1/23 17:00,1,,
10/1/23 18:00,0,,
10/1/23 19:00,0,,
10/1/23 20:00,0,,
10/1/23 21:00,0,,
10/1/23 22:00,0,,
10/1/23 23:00,0,,
10/2/23,0,,
10/2/23 1:00,0,,
10/2/23 2:00,0,,
10/2/23 3:00,0,,
10/2/23 4:00,0,,
10/2/23 5:00,0,,
10/2/23 6:00,0,,
10/2/23 7:00,2,,
10/2/23 8:00,3,,
10/2/23 9:00,4,,
10/2/23 10:00,1,,
10/2/23 11:00,1,,
10/2/23 12:00,2,,
10/2/23 13:00,3,,
10/2/23 14:00,6,,
10/2/23 15:00,8,,
10/2/23 16:00,4,,
10/2/23 17:00,1,,
10/2/23 18:00,0,,
10/2/23 19:00,0,,
10/2/23 20:00,0,,
10/2/23 21:00,0,,
10/2/23 22:00,0,,
10/2/23 23:00,0,,
10/3/23,0,,
10/3/23 1:00,0,,
10/3/23 2:00,0,,
10/3/23 3:00,0,,
10/3/23 4:00,0,,
10/3/23 5:00,0,,
10/3/23 6:00,0,,
10/3/23 7:00,2,,
10/3/23 8:00,3,,
10/3/23 9:00,10,,
10/3/23 10:00,15,,
10/3/23 11:00,7,,
10/3/23 12:00,11,,
10/3/23 13:00,5,,
10/3/23 14:00,4,,
10/3/23 15:00,4,,
10/3/23 16:00,1,,
10/3/23 17:00,0,,
10/3/23 18:00,0,,
10/3/23 19:00,0,,
10/3/23 20:00,0,,
10/3/23 21:00,0,,
10/3/23 22:00,0,,
10/3/23 23:00,0,,
10/4/23,0,,
10/4/23 1:00,0,,
10/4/23 2:00,0,,
10/4/23 3:00,0,,
10/4/23 4:00,0,,
10/4/23 5:00,0,,
10/4/23 6:00,0,,
10/4/23 7:00,2,,
10/4/23 8:00,6,,
10/4/23 9:00,11,,
10/4/23 10:00,16,,
10/4/23 11:00,14,,
10/4/23 12:00,16,,
10/4/23 13:00,10,,
10/4/23 14:00,16,,
10/4/23 15:00,11,,
10/4/23 16:00,6,,
10/4/23 17:00,2,,
10/4/23 18:00,0,,
10/4/23 19:00,0,,
10/4/23 20:00,0,,
10/4/23 21:00,0,,
10/4/23 22:00,0,,
10/4/23 23:00,0,,
10/5/23,0,,
10/5/23 1:00,0,,
10/5/23 2:00,0,,
10/5/23 3:00,0,,
10/5/23 4:00,0,,
10/5/23 5:00,0,,
10/5/23 6:00,0,,
10/5/23 7:00,3,,
10/5/23 8:00,8,,
10/5/23 9:00,13,,
10/5/23 10:00,17,,
10/5/23 11:00,19,,
10/5/23 12:00,17,,
10/5/23 13:00,9,,
10/5/23 14:00,15,,
10/5/23 15:00,10,,
10/5/23 16:00,5,,
10/5/23 17:00,1,,
10/5/23 18:00,0,,
10/5/23 19:00,0,,
10/5/23 20:00,0,,
10/5/23 21:00,0,,
10/5/23 22:00,0,,
10/5/23 23:00,0,,
10/6/23,0,,
10/6/23 1:00,0,,
10/6/23 2:00,0,,
10/6/23 3:00,0,,
10/6/23 4:00,0,,
10/6/23 5:00,0,,
10/6/23 6:00,0,,
10/6/23 7:00,3,,
10/6/23 8:00,8,,
10/6/23 9:00,13,,
10/6/23 10:00,17,,
10/6/23 11:00,19,,
10/6/23 12:00,17,,
10/6/23 13:00,8,,
10/6/23 14:00,15,,
10/6/23 15:00,10,,
10/6/23 16:00,5,,
10/6/23 17:00,1,,
10/6/23 18:00,0,,
10/6/23 19:00,0,,
10/6/23 20:00,0,,
10/6/23 21:00,0,,
10/6/23 22:00,0,,
10/6/23 23:00,0,,
10/7/23,0,,
10/7/23 1:00,0,,
10/7/23 2:00,0,,
10/7/23 3:00,0,,
10/7/23 4:00,0,,
10/7/23 5:00,0,,
10/7/23 6:00,0,,
10/7/23 7:00,3,,
10/7/23 8:00,8,,
10/7/23 9:00,13,,
10/7/23 10:00,17,,
10/7/23 11:00,19,,
10/7/23 12:00,17,,
10/7/23 13:00,8,,
10/7/23 14:00,14,,
10/7/23 15:00,10,,
10/7/23 16:00,5,,
10/7/23 17:00,1,,
10/7/23 18:00,0,,
10/7/23 19:00,0,,
10/7/23 20:00,0,,
10/7/23 21:00,0,,
10/7/23 22:00,0,,
10/7/23 23:00,0,,
10/8/23,0,,
10/8/23 1:00,0,,
10/8/23 2:00,0,,
10/8/23 3:00,0,,
10/8/23 4:00,0,,
10/8/23 5:00,0,,
10/8/23 6:00,0,,
10/8/23 7:00,3,,
10/8/23 8:00,8,,
10/8/23 9:00,13,,
10/8/23 10:00,17,,
10/8/23 11:00,19,,
10/8/23 12:00,17,,
10/8/23 13:00,8,,
10/8/23 14:00,14,,
10/8/23 15:00,10,,
10/8/23 16:00,5,,
10/8/23 17:00,1,,
10/8/23 18:00,0,,
10/8/23 19:00,0,,
10/8/23 20:00,0,,
10/8/23 21:00,0,,
10/8/23 22:00,0,,
10/8/23 23:00,0,,
10/9/23,0,,
10/9/23 1:00,0,,
10/9/23 2:00,0,,
10/9/23 3:00,0,,
10/9/23 4:00,0,,
10/9/23 5:00,0,,
10/9/23 6:00,0,,
10/9/23 7:00,3,,
10/9/23 8:00,7,,
10/9/23 9:00,12,,
10/9/23 10:00,17,,
10/9/23 11:00,19,,
10/9/23 12:00,17,,
10/9/23 13:00,8,,
10/9/23 14:00,14,,
10/9/23 15:00,10,,
10/9/23 16:00,5,,
10/9/23 17:00,1,,
10/9/23 18:00,0,,
10/9/23 19:00,0,,
10/9/23 20:00,0,,
10/9/23 21:00,0,,
10/9/23 22:00,0,,
10/9/23 23:00,0,,
10/10/23,0,,
10/10/23 1:00,0,,
10/10/23 2:00,0,,
10/10/23 3:00,0,,
10/10/23 4:00,0,,
10/10/23 5:00,0,,
10/10/23 6:00,0,,
10/10/23 7:00,3,,
10/10/23 8:00,7,,
10/10/23 9:00,12,,
10/10/23 10:00,16,,
10/10/23 11:00,19,,
10/10/23 12:00,17,,
10/10/23 13:00,9,,
10/10/23 14:00,9,,
10/10/23 15:00,6,,
10/10/23 16:00,2,,
10/10/23 17:00,0,,
10/10/23 18:00,0,,
10/10/23 19:00,0,,
10/10/23 20:00,0,,
10/10/23 21:00,0,,
10/10/23 22:00,0,,
10/10/23 23:00,0,,
10/11/23,0,,
10/11/23 1:00,0,,
10/11/23 2:00,0,,
10/11/23 3:00,0,,
10/11/23 4:00,0,,
10/11/23 5:00,0,,
10/11/23 6:00,0,,
10/11/23 7:00,0,,
10/11/23 8:00,1,,
10/11/23 9:00,3,,
10/11/23 10:00,12,,
10/11/23 11:00,11,,
10/11/23 12:00,7,,
10/11/23 13:00,4,,
10/11/23 14:00,7,,
10/11/23 15:00,4,,
10/11/23 16:00,1,,
10/11/23 17:00,0,,
10/11/23 18:00,0,,
10/11/23 19:00,0,,
10/11/23 20:00,0,,
10/11/23 21:00,0,,
10/11/23 22:00,0,,
10/11/23 23:00,0,,
10/12/23,0,,
10/12/23 1:00,0,,
10/12/23 2:00,0,,
10/12/23 3:00,0,,
10/12/23 4:00,0,,
10/12/23 5:00,0,,
10/12/23 6:00,0,,
10/12/23 7:00,0,,
10/12/23 8:00,1,,
10/12/23 9:00,2,,
10/12/23 10:00,7,,
10/12/23 11:00,5,,
10/12/23 12:00,4,,
10/12/23 13:00,4,,
10/12/23 14:00,3,,
10/12/23 15:00,2,,
10/12/23 16:00,1,,
10/12/23 17:00,0,,
10/12/23 18:00,0,,
10/12/23 19:00,0,,
10/12/23 20:00,0,,
10/12/23 21:00,0,,
10/12/23 22:00,0,,
10/12/23 23:00,0,,
10/13/23,0,,
10/13/23 1:00,0,,
10/13/23 2:00,0,,
10/13/23 3:00,0,,
10/13/23 4:00,0,,
10/13/23 5:00,0,,
10/13/23 6:00,0,,
10/13/23 7:00,3,,
10/13/23 8:00,7,,
10/13/23 9:00,12,,
10/13/23 10:00,17,,
10/13/23 11:00,19,,
10/13/23 12:00,19,,
10/13/23 13:00,9,,
10/13/23 14:00,12,,
10/13/23 15:00,8,,
10/13/23 16:00,4,,
10/13/23 17:00,1,,
10/13/23 18:00,0,,
10/13/23 19:00,0,,
10/13/23 20:00,0,,
10/13/23 21:00,0,,
10/13/23 22:00,0,,
10/13/23 23:00,0,,
10/14/23,0,,
10/14/23 1:00,0,,
10/14/23 2:00,0,,
10/14/23 3:00,0,,
10/14/23 4:00,0,,
10/14/23 5:00,0,,
10/14/23 6:00,0,,
10/14/23 7:00,1,,
10/14/23 8:00,4,,
10/14/23 9:00,2,,
10/14/23 10:00,13,,
10/14/23 11:00,18,,
10/14/23 12:00,18,,
10/14/23 13:00,8,,
10/14/23 14:00,13,,
10/14/23 15:00,9,,
10/14/23 16:00,4,,
10/14/23 17:00,1,,
10/14/23 18:00,0,,
10/14/23 19:00,0,,
10/14/23 20:00,0,,
10/14/23 21:00,0,,
10/14/23 22:00,0,,
10/14/23 23:00,0,,
10/15/23,0,,
10/15/23 1:00,0,,
10/15/23 2:00,0,,
10/15/23 3:00,0,,
10/15/23 4:00,0,,
10/15/23 5:00,0,,
10/15/23 6:00,0,,
10/15/23 7:00,2,,
10/15/23 8:00,7,,
10/15/23 9:00,12,,
10/15/23 10:00,16,,
10/15/23 11:00,18,,
10/15/23 12:00,18,,
10/15/23 13:00,8,,
10/15/23 14:00,12,,
10/15/23 15:00,9,,
10/15/23 16:00,4,,
10/15/23 17:00,1,,
10/15/23 18:00,0,,
10/15/23 19:00,0,,
10/15/23 20:00,0,,
10/15/23 21:00,0,,
10/15/23 22:00,0,,
10/15/23 23:00,0,,
10/16/23,0,,
10/16/23 1:00,0,,
10/16/23 2:00,0,,
10/16/23 3:00,0,,
10/16/23 4:00,0,,
10/16/23 5:00,0,,
10/16/23 6:00,0,,
10/16/23 7:00,2,,
10/16/23 8:00,7,,
10/16/23 9:00,11,,
10/16/23 10:00,15,,
10/16/23 11:00,18,,
10/16/23 12:00,17,,
10/16/23 13:00,7,,
10/16/23 14:00,13,,
10/16/23 15:00,8,,
10/16/23 16:00,4,,
10/16/23 17:00,1,,
10/16/23 18:00,0,,
10/16/23 19:00,0,,
10/16/23 20:00,0,,
10/16/23 21:00,0,,
10/16/23 22:00,0,,
10/16/23 23:00,0,,
10/17/23,0,,
10/17/23 1:00,0,,
10/17/23 2:00,0,,
10/17/23 3:00,0,,
10/17/23 4:00,0,,
10/17/23 5:00,0,,
10/17/23 6:00,0,,
10/17/23 7:00,2,,
10/17/23 8:00,6,,
10/17/23 9:00,11,,
10/17/23 10:00,15,,
10/17/23 11:00,17,,
10/17/23 12:00,17,,
10/17/23 13:00,7,,
10/17/23 14:00,12,,
10/17/23 15:00,8,,
10/17/23 16:00,4,,
10/17/23 17:00,1,,
10/17/23 18:00,0,,
10/17/23 19:00,0,,
10/17/23 20:00,0,,
10/17/23 21:00,0,,
10/17/23 22:00,0,,
10/17/23 23:00,0,,
10/18/23,0,,
10/18/23 1:00,0,,
10/18/23 2:00,0,,
10/18/23 3:00,0,,
10/18/23 4:00,0,,
10/18/23 5:00,0,,
10/18/23 6:00,0,,
10/18/23 7:00,2,,
10/18/23 8:00,6,,
10/18/23 9:00,11,,
10/18/23 10:00,15,,
10/18/23 11:00,17,,
10/18/23 12:00,17,,
10/18/23 13:00,7,,
10/18/23 14:00,12,,
10/18/23 15:00,8,,
10/18/23 16:00,4,,
10/18/23 17:00,1,,
10/18/23 18:00,0,,
10/18/23 19:00,0,,
10/18/23 20:00,0,,
10/18/23 21:00,0,,
10/18/23 22:00,0,,
10/18/23 23:00,0,,
10/19/23,0,,
10/19/23 1:00,0,,
10/19/23 2:00,0,,
10/19/23 3:00,0,,
10/19/23 4:00,0,,
10/19/23 5:00,0,,
10/19/23 6:00,0,,
10/19/23 7:00,2,,
10/19/23 8:00,6,,
10/19/23 9:00,11,,
10/19/23 10:00,15,,
10/19/23 11:00,17,,
10/19/23 12:00,17,,
10/19/23 13:00,7,,
10/19/23 14:00,12,,
10/19/23 15:00,8,,
10/19/23 16:00,3,,
10/19/23 17:00,1,,
10/19/23 18:00,0,,
10/19/23 19:00,0,,
10/19/23 20:00,0,,
10/19/23 21:00,0,,
10/19/23 22:00,0,,
10/19/23 23:00,0,,
10/20/23,0,,
10/20/23 1:00,0,,
10/20/23 2:00,0,,
10/20/23 3:00,0,,
10/20/23 4:00,0,,
10/20/23 5:00,0,,
10/20/23 6:00,0,,
10/20/23 7:00,2,,
10/20/23 8:00,6,,
10/20/23 9:00,11,,
10/20/23 10:00,15,,
10/20/23 11:00,17,,
10/20/23 12:00,16,,
10/20/23 13:00,7,,
10/20/23 14:00,11,,
10/20/23 15:00,7,,
10/20/23 16:00,3,,
10/20/23 17:00,0,,
10/20/23 18:00,0,,
10/20/23 19:00,0,,
10/20/23 20:00,0,,
10/20/23 21:00,0,,
10/20/23 22:00,0,,
10/20/23 23:00,0,,
10/21/23,0,,
10/21/23 1:00,0,,
10/21/23 2:00,0,,
10/21/23 3:00,0,,
10/21/23 4:00,0,,
10/21/23 5:00,0,,
10/21/23 6:00,0,,
10/21/23 7:00,2,,
10/21/23 8:00,5,,
10/21/23 9:00,9,,
10/21/23 10:00,14,,
10/21/23 11:00,16,,
10/21/23 12:00,16,,
10/21/23 13:00,7,,
10/21/23 14:00,11,,
10/21/23 15:00,7,,
10/21/23 16:00,3,,
10/21/23 17:00,0,,
10/21/23 18:00,0,,
10/21/23 19:00,0,,
10/21/23 20:00,0,,
10/21/23 21:00,0,,
10/21/23 22:00,0,,
10/21/23 23:00,0,,
10/22/23,0,,
10/22/23 1:00,0,,
10/22/23 2:00,0,,
10/22/23 3:00,0,,
10/22/23 4:00,0,,
10/22/23 5:00,0,,
10/22/23 6:00,0,,
10/22/23 7:00,2,,
10/22/23 8:00,6,,
10/22/23 9:00,10,,
10/22/23 10:00,14,,
10/22/23 11:00,16,,
10/22/23 12:00,14,,
10/22/23 13:00,8,,
10/22/23 14:00,10,,
10/22/23 15:00,6,,
10/22/23 16:00,1,,
10/22/23 17:00,0,,
10/22/23 18:00,0,,
10/22/23 19:00,0,,
10/22/23 20:00,0,,
10/22/23 21:00,0,,
10/22/23 22:00,0,,
10/22/23 23:00,0,,
10/23/23,0,,
10/23/23 1:00,0,,
10/23/23 2:00,0,,
10/23/23 3:00,0,,
10/23/23 4:00,0,,
10/23/23 5:00,0,,
10/23/23 6:00,0,,
10/23/23 7:00,2,,
10/23/23 8:00,6,,
10/23/23 9:00,10,,
10/23/23 10:00,14,,
10/23/23 11:00,16,,
10/23/23 12:00,16,,
10/23/23 13:00,8,,
10/23/23 14:00,6,,
10/23/23 15:00,5,,
10/23/23 16:00,3,,
10/23/23 17:00,0,,
10/23/23 18:00,0,,
10/23/23 19:00,0,,
10/23/23 20:00,0,,
10/23/23 21:00,0,,
10/23/23 22:00,0,,
10/23/23 23:00,0,,
10/24/23,0,,
10/24/23 1:00,0,,
10/24/23 2:00,0,,
10/24/23 3:00,0,,
10/24/23 4:00,0,,
10/24/23 5:00,0,,
10/24/23 6:00,0,,
10/24/23 7:00,1,,
10/24/23 8:00,3,,
10/24/23 9:00,8,,
10/24/23 10:00,12,,
10/24/23 11:00,16,,
10/24/23 12:00,16,,
10/24/23 13:00,8,,
10/24/23 14:00,10,,
10/24/23 15:00,7,,
10/24/23 16:00,3,,
10/24/23 17:00,0,,
10/24/23 18:00,0,,
10/24/23 19:00,0,,
10/24/23 20:00,0,,
10/24/23 21:00,0,,
10/24/23 22:00,0,,
10/24/23 23:00,0,,
10/25/23,0,,
10/25/23 1:00,0,,
10/25/23 2:00,0,,
10/25/23 3:00,0,,
10/25/23 4:00,0,,
10/25/23 5:00,0,,
10/25/23 6:00,0,,
10/25/23 7:00,2,,
10/25/23 8:00,5,,
10/25/23 9:00,7,,
10/25/23 10:00,7,,
10/25/23 11:00,14,,
10/25/23 12:00,16,,
10/25/23 13:00,7,,
10/25/23 14:00,11,,
10/25/23 15:00,5,,
10/25/23 16:00,1,,
10/25/23 17:00,0,,
10/25/23 18:00,0,,
10/25/23 19:00,0,,
10/25/23 20:00,0,,
10/25/23 21:00,0,,
10/25/23 22:00,0,,
10/25/23 23:00,0,,
10/26/23,0,,
10/26/23 1:00,0,,
10/26/23 2:00,0,,
10/26/23 3:00,0,,
10/26/23 4:00,0,,
10/26/23 5:00,0,,
10/26/23 6:00,0,,
10/26/23 7:00,0,,
10/26/23 8:00,1,,
10/26/23 9:00,2,,
10/26/23 10:00,9,,
10/26/23 11:00,16,,
10/26/23 12:00,17,,
10/26/23 13:00,7,,
10/26/23 14:00,11,,
10/26/23 15:00,7,,
10/26/23 16:00,3,,
10/26/23 17:00,0,,
10/26/23 18:00,0,,
10/26/23 19:00,0,,
10/26/23 20:00,0,,
10/26/23 21:00,0,,
10/26/23 22:00,0,,
10/26/23 23:00,0,,
10/27/23,0,,
10/27/23 1:00,0,,
10/27/23 2:00,0,,
10/27/23 3:00,0,,
10/27/23 4:00,0,,
10/27/23 5:00,0,,
10/27/23 6:00,0,,
10/27/23 7:00,2,,
10/27/23 8:00,5,,
10/27/23 9:00,10,,
10/27/23 10:00,13,,
10/27/23 11:00,16,,
10/27/23 12:00,15,,
10/27/23 13:00,7,,
10/27/23 14:00,10,,
10/27/23 15:00,7,,
10/27/23 16:00,3,,
10/27/23 17:00,0,,
10/27/23 18:00,0,,
10/27/23 19:00,0,,
10/27/23 20:00,0,,
10/27/23 21:00,0,,
10/27/23 22:00,0,,
10/27/23 23:00,0,,
10/28/23,0,,
10/28/23 1:00,0,,
10/28/23 2:00,0,,
10/28/23 3:00,0,,
10/28/23 4:00,0,,
10/28/23 5:00,0,,
10/28/23 6:00,0,,
10/28/23 7:00,1,,
10/28/23 8:00,5,,
10/28/23 9:00,9,,
10/28/23 10:00,13,,
10/28/23 11:00,15,,
10/28/23 12:00,10,,
10/28/23 13:00,9,,
10/28/23 14:00,8,,
10/28/23 15:00,5,,
10/28/23 16:00,3,,
10/28/23 17:00,0,,
10/28/23 18:00,0,,
10/28/23 19:00,0,,
10/28/23 20:00,0,,
10/28/23 21:00,0,,
10/28/23 22:00,0,,
10/28/23 23:00,0,,
10/29/23,0,,
10/29/23 1:00,0,,
10/29/23 2:00,0,,
10/29/23 3:00,0,,
10/29/23 4:00,0,,
10/29/23 5:00,0,,
10/29/23 6:00,0,,
10/29/23 7:00,1,,
10/29/23 8:00,5,,
10/29/23 9:00,9,,
10/29/23 10:00,13,,
10/29/23 11:00,15,,
10/29/23 12:00,15,,
10/29/23 13:00,7,,
10/29/23 14:00,10,,
10/29/23 15:00,6,,
10/29/23 16:00,3,,
10/29/23 17:00,0,,
10/29/23 18:00,0,,
10/29/23 19:00,0,,
10/29/23 20:00,0,,
10/29/23 21:00,0,,
10/29/23 22:00,0,,
10/29/23 23:00,0,,
10/30/23,0,,
10/30/23 1:00,0,,
10/30/23 2:00,0,,
10/30/23 3:00,0,,
10/30/23 4:00,0,,
10/30/23 5:00,0,,
10/30/23 6:00,0,,
10/30/23 7:00,1,,
10/30/23 8:00,5,,
10/30/23 9:00,9,,
10/30/23 10:00,13,,
10/30/23 11:00,15,,
10/30/23 12:00,15,,
10/30/23 13:00,7,,
10/30/23 14:00,10,,
10/30/23 15:00,6,,
10/30/23 16:00,2,,
10/30/23 17:00,0,,
10/30/23 18:00,0,,
10/30/23 19:00,0,,
10/30/23 20:00,0,,
10/30/23 21:00,0,,
10/30/23 22:00,0,,
10/30/23 23:00,0,,
10/31/23,0,,
10/31/23 1:00,0,,
10/31/23 2:00,0,,
10/31/23 3:00,0,,
10/31/23 4:00,0,,
10/31/23 5:00,0,,
10/31/23 6:00,0,,
10/31/23 7:00,1,,
10/31/23 8:00,5,,
10/31/23 9:00,9,,
10/31/23 10:00,13,,
10/31/23 11:00,15,,
10/31/23 12:00,15,,
10/31/23 13:00,7,,
10/31/23 14:00,9,,
10/31/23 15:00,6,,
10/31/23 16:00,2,,
10/31/23 17:00,0,,
10/31/23 18:00,0,,
10/31/23 19:00,0,,
10/31/23 20:00,0,,
10/31/23 21:00,0,,
10/31/23 22:00,0,,
10/31/23 23:00,0,,
11/1/23,0,,
11/1/23 1:00,0,,
11/1/23 2:00,0,,
11/1/23 3:00,0,,
11/1/23 4:00,0,,
11/1/23 5:00,0,,
11/1/23 6:00,0,,
11/1/23 7:00,1,,
11/1/23 8:00,5,,
11/1/23 9:00,8,,
11/1/23 10:00,10,,
11/1/23 11:00,13,,
11/1/23 12:00,12,,
11/1/23 13:00,7,,
11/1/23 14:00,9,,
11/1/23 15:00,5,,
11/1/23 16:00,2,,
11/1/23 17:00,0,,
11/1/23 18:00,0,,
11/1/23 19:00,0,,
11/1/23 20:00,0,,
11/1/23 21:00,0,,
11/1/23 22:00,0,,
11/1/23 23:00,0,,
11/2/23,0,,
11/2/23 1:00,0,,
11/2/23 2:00,0,,
11/2/23 3:00,0,,
11/2/23 4:00,0,,
11/2/23 5:00,0,,
11/2/23 6:00,0,,
11/2/23 7:00,1,,
11/2/23 8:00,4,,
11/2/23 9:00,9,,
11/2/23 10:00,12,,
11/2/23 11:00,13,,
11/2/23 12:00,14,,
11/2/23 13:00,7,,
11/2/23 14:00,5,,
11/2/23 15:00,6,,
11/2/23 16:00,2,,
11/2/23 17:00,0,,
11/2/23 18:00,0,,
11/2/23 19:00,0,,
11/2/23 20:00,0,,
11/2/23 21:00,0,,
11/2/23 22:00,0,,
11/2/23 23:00,0,,
11/3/23,0,,
11/3/23 1:00,0,,
11/3/23 2:00,0,,
11/3/23 3:00,0,,
11/3/23 4:00,0,,
11/3/23 5:00,0,,
11/3/23 6:00,0,,
11/3/23 7:00,1,,
11/3/23 8:00,4,,
11/3/23 9:00,9,,
11/3/23 10:00,8,,
11/3/23 11:00,13,,
11/3/23 12:00,12,,
11/3/23 13:00,8,,
11/3/23 14:00,9,,
11/3/23 15:00,5,,
11/3/23 16:00,2,,
11/3/23 17:00,0,,
11/3/23 18:00,0,,
11/3/23 19:00,0,,
11/3/23 20:00,0,,
11/3/23 21:00,0,,
11/3/23 22:00,0,,
11/3/23 23:00,0,,
11/4/23,0,,
11/4/23 1:00,0,,
11/4/23 2:00,0,,
11/4/23 3:00,0,,
11/4/23 4:00,0,,
11/4/23 5:00,0,,
11/4/23 6:00,0,,
11/4/23 7:00,1,,
11/4/23 8:00,4,,
11/4/23 9:00,9,,
11/4/23 10:00,12,,
11/4/23 11:00,14,,
11/4/23 12:00,14,,
11/4/23 13:00,7,,
11/4/23 14:00,6,,
11/4/23 15:00,4,,
11/4/23 16:00,1,,
11/4/23 17:00,0,,
11/4/23 18:00,0,,
11/4/23 19:00,0,,
11/4/23 20:00,0,,
11/4/23 21:00,0,,
11/4/23 22:00,0,,
11/4/23 23:00,0,,
11/5/23,0,,
11/5/23 1:00,0,,
11/5/23 2:00,0,,
11/5/23 3:00,0,,
11/5/23 4:00,0,,
11/5/23 5:00,0,,
11/5/23 6:00,0,,
11/5/23 7:00,0,,
11/5/23 8:00,1,,
11/5/23 9:00,3,,
11/5/23 10:00,5,,
11/5/23 11:00,7,,
11/5/23 12:00,6,,
11/5/23 13:00,6,,
11/5/23 14:00,6,,
11/5/23 15:00,5,,
11/5/23 16:00,2,,
11/5/23 17:00,0,,
11/5/23 18:00,0,,
11/5/23 19:00,0,,
11/5/23 20:00,0,,
11/5/23 21:00,0,,
11/5/23 22:00,0,,
11/5/23 23:00,0,,
11/6/23,0,,
11/6/23 1:00,0,,
11/6/23 2:00,0,,
11/6/23 3:00,0,,
11/6/23 4:00,0,,
11/6/23 5:00,0,,
11/6/23 6:00,0,,
11/6/23 7:00,0,,
11/6/23 8:00,1,,
11/6/23 9:00,1,,
11/6/23 10:00,3,,
11/6/23 11:00,4,,
11/6/23 12:00,4,,
11/6/23 13:00,6,,
11/6/23 14:00,4,,
11/6/23 15:00,3,,
11/6/23 16:00,1,,
11/6/23 17:00,0,,
11/6/23 18:00,0,,
11/6/23 19:00,0,,
11/6/23 20:00,0,,
11/6/23 21:00,0,,
11/6/23 22:00,0,,
11/6/23 23:00,0,,
11/7/23,0,,
11/7/23 1:00,0,,
11/7/23 2:00,0,,
11/7/23 3:00,0,,
11/7/23 4:00,0,,
11/7/23 5:00,0,,
11/7/23 6:00,0,,
11/7/23 7:00,0,,
11/7/23 8:00,1,,
11/7/23 9:00,2,,
11/7/23 10:00,1,,
11/7/23 11:00,4,,
11/7/23 12:00,3,,
11/7/23 13:00,5,,
11/7/23 14:00,4,,
11/7/23 15:00,2,,
11/7/23 16:00,0,,
11/7/23 17:00,0,,
11/7/23 18:00,0,,
11/7/23 19:00,0,,
11/7/23 20:00,0,,
11/7/23 21:00,0,,
11/7/23 22:00,0,,
11/7/23 23:00,0,,
11/8/23,0,,
11/8/23 1:00,0,,
11/8/23 2:00,0,,
11/8/23 3:00,0,,
11/8/23 4:00,0,,
11/8/23 5:00,0,,
11/8/23 6:00,0,,
11/8/23 7:00,1,,
11/8/23 8:00,4,,
11/8/23 9:00,8,,
11/8/23 10:00,12,,
11/8/23 11:00,14,,
11/8/23 12:00,14,,
11/8/23 13:00,8,,
11/8/23 14:00,7,,
11/8/23 15:00,5,,
11/8/23 16:00,2,,
11/8/23 17:00,0,,
11/8/23 18:00,0,,
11/8/23 19:00,0,,
11/8/23 20:00,0,,
11/8/23 21:00,0,,
11/8/23 22:00,0,,
11/8/23 23:00,0,,
11/9/23,0,,
11/9/23 1:00,0,,
11/9/23 2:00,0,,
11/9/23 3:00,0,,
11/9/23 4:00,0,,
11/9/23 5:00,0,,
11/9/23 6:00,0,,
11/9/23 7:00,1,,
11/9/23 8:00,4,,
11/9/23 9:00,8,,
11/9/23 10:00,11,,
11/9/23 11:00,13,,
11/9/23 12:00,13,,
11/9/23 13:00,7,,
11/9/23 14:00,8,,
11/9/23 15:00,5,,
11/9/23 16:00,2,,
11/9/23 17:00,0,,
11/9/23 18:00,0,,
11/9/23 19:00,0,,
11/9/23 20:00,0,,
11/9/23 21:00,0,,
11/9/23 22:00,0,,
11/9/23 23:00,0,,
11/10/23,0,,
11/10/23 1:00,0,,
11/10/23 2:00,0,,
11/10/23 3:00,0,,
11/10/23 4:00,0,,
11/10/23 5:00,0,,
11/10/23 6:00,0,,
11/10/23 7:00,1,,
11/10/23 8:00,4,,
11/10/23 9:00,7,,
11/10/23 10:00,10,,
11/10/23 11:00,13,,
11/10/23 12:00,14,,
11/10/23 13:00,7,,
11/10/23 14:00,7,,
11/10/23 15:00,4,,
11/10/23 16:00,1,,
11/10/23 17:00,0,,
11/10/23 18:00,0,,
11/10/23 19:00,0,,
11/10/23 20:00,0,,
11/10/23 21:00,0,,
11/10/23 22:00,0,,
11/10/23 23:00,0,,
11/11/23,0,,
11/11/23 1:00,0,,
11/11/23 2:00,0,,
11/11/23 3:00,0,,
11/11/23 4:00,0,,
11/11/23 5:00,0,,
11/11/23 6:00,0,,
11/11/23 7:00,1,,
11/11/23 8:00,4,,
11/11/23 9:00,6,,
11/11/23 10:00,11,,
11/11/23 11:00,13,,
11/11/23 12:00,13,,
11/11/23 13:00,7,,
11/11/23 14:00,7,,
11/11/23 15:00,4,,
11/11/23 16:00,2,,
11/11/23 17:00,0,,
11/11/23 18:00,0,,
11/11/23 19:00,0,,
11/11/23 20:00,0,,
11/11/23 21:00,0,,
11/11/23 22:00,0,,
11/11/23 23:00,0,,
11/12/23,0,,
11/12/23 1:00,0,,
11/12/23 2:00,0,,
11/12/23 3:00,0,,
11/12/23 4:00,0,,
11/12/23 5:00,0,,
11/12/23 6:00,0,,
11/12/23 7:00,1,,
11/12/23 8:00,4,,
11/12/23 9:00,8,,
11/12/23 10:00,11,,
11/12/23 11:00,13,,
11/12/23 12:00,13,,
11/12/23 13:00,7,,
11/12/23 14:00,8,,
11/12/23 15:00,5,,
11/12/23 16:00,2,,
11/12/23 17:00,0,,
11/12/23 18:00,0,,
11/12/23 19:00,0,,
11/12/23 20:00,0,,
11/12/23 21:00,0,,
11/12/23 22:00,0,,
11/12/23 23:00,0,,
11/13/23,0,,
11/13/23 1:00,0,,
11/13/23 2:00,0,,
11/13/23 3:00,0,,
11/13/23 4:00,0,,
11/13/23 5:00,0,,
11/13/23 6:00,0,,
11/13/23 7:00,1,,
11/13/23 8:00,3,,
11/13/23 9:00,6,,
11/13/23 10:00,9,,
11/13/23 11:00,10,,
11/13/23 12:00,9,,
11/13/23 13:00,7,,
11/13/23 14:00,7,,
11/13/23 15:00,4,,
11/13/23 16:00,1,,
11/13/23 17:00,0,,
11/13/23 18:00,0,,
11/13/23 19:00,0,,
11/13/23 20:00,0,,
11/13/23 21:00,0,,
11/13/23 22:00,0,,
11/13/23 23:00,0,,
11/14/23,0,,
11/14/23 1:00,0,,
11/14/23 2:00,0,,
11/14/23 3:00,0,,
11/14/23 4:00,0,,
11/14/23 5:00,0,,
11/14/23 6:00,0,,
11/14/23 7:00,1,,
11/14/23 8:00,3,,
11/14/23 9:00,7,,
11/14/23 10:00,11,,
11/14/23 11:00,13,,
11/14/23 12:00,13,,
11/14/23 13:00,7,,
11/14/23 14:00,7,,
11/14/23 15:00,5,,
11/14/23 16:00,1,,
11/14/23 17:00,0,,
11/14/23 18:00,0,,
11/14/23 19:00,0,,
11/14/23 20:00,0,,
11/14/23 21:00,0,,
11/14/23 22:00,0,,
11/14/23 23:00,0,,
11/15/23,0,,
11/15/23 1:00,0,,
11/15/23 2:00,0,,
11/15/23 3:00,0,,
11/15/23 4:00,0,,
11/15/23 5:00,0,,
11/15/23 6:00,0,,
11/15/23 7:00,1,,
11/15/23 8:00,3,,
11/15/23 9:00,7,,
11/15/23 10:00,10,,
11/15/23 11:00,10,,
11/15/23 12:00,13,,
11/15/23 13:00,7,,
11/15/23 14:00,7,,
11/15/23 15:00,4,,
11/15/23 16:00,1,,
11/15/23 17:00,0,,
11/15/23 18:00,0,,
11/15/23 19:00,0,,
11/15/23 20:00,0,,
11/15/23 21:00,0,,
11/15/23 22:00,0,,
11/15/23 23:00,0,,
11/16/23,0,,
11/16/23 1:00,0,,
11/16/23 2:00,0,,
11/16/23 3:00,0,,
11/16/23 4:00,0,,
11/16/23 5:00,0,,
11/16/23 6:00,0,,
11/16/23 7:00,0,,
11/16/23 8:00,0,,
11/16/23 9:00,2,,
11/16/23 10:00,3,,
11/16/23 11:00,5,,
11/16/23 12:00,7,,
11/16/23 13:00,5,,
11/16/23 14:00,7,,
11/16/23 15:00,5,,
11/16/23 16:00,1,,
11/16/23 17:00,0,,
11/16/23 18:00,0,,
11/16/23 19:00,0,,
11/16/23 20:00,0,,
11/16/23 21:00,0,,
11/16/23 22:00,0,,
11/16/23 23:00,0,,
11/17/23,0,,
11/17/23 1:00,0,,
11/17/23 2:00,0,,
11/17/23 3:00,0,,
11/17/23 4:00,0,,
11/17/23 5:00,0,,
11/17/23 6:00,0,,
11/17/23 7:00,0,,
11/17/23 8:00,3,,
11/17/23 9:00,6,,
11/17/23 10:00,10,,
11/17/23 11:00,12,,
11/17/23 12:00,12,,
11/17/23 13:00,7,,
11/17/23 14:00,7,,
11/17/23 15:00,4,,
11/17/23 16:00,1,,
11/17/23 17:00,0,,
11/17/23 18:00,0,,
11/17/23 19:00,0,,
11/17/23 20:00,0,,
11/17/23 21:00,0,,
11/17/23 22:00,0,,
11/17/23 23:00,0,,
11/18/23,0,,
11/18/23 1:00,0,,
11/18/23 2:00,0,,
11/18/23 3:00,0,,
11/18/23 4:00,0,,
11/18/23 5:00,0,,
11/18/23 6:00,0,,
11/18/23 7:00,0,,
11/18/23 8:00,2,,
11/18/23 9:00,2,,
11/18/23 10:00,4,,
11/18/23 11:00,5,,
11/18/23 12:00,7,,
11/18/23 13:00,6,,
11/18/23 14:00,3,,
11/18/23 15:00,2,,
11/18/23 16:00,1,,
11/18/23 17:00,0,,
11/18/23 18:00,0,,
11/18/23 19:00,0,,
11/18/23 20:00,0,,
11/18/23 21:00,0,,
11/18/23 22:00,0,,
11/18/23 23:00,0,,
11/19/23,0,,
11/19/23 1:00,0,,
11/19/23 2:00,0,,
11/19/23 3:00,0,,
11/19/23 4:00,0,,
11/19/23 5:00,0,,
11/19/23 6:00,0,,
11/19/23 7:00,0,,
11/19/23 8:00,0,,
11/19/23 9:00,1,,
11/19/23 10:00,2,,
11/19/23 11:00,3,,
11/19/23 12:00,3,,
11/19/23 13:00,2,,
11/19/23 14:00,1,,
11/19/23 15:00,1,,
11/19/23 16:00,0,,
11/19/23 17:00,0,,
11/19/23 18:00,0,,
11/19/23 19:00,0,,
11/19/23 20:00,0,,
11/19/23 21:00,0,,
11/19/23 22:00,0,,
11/19/23 23:00,0,,
11/20/23,0,,
11/20/23 1:00,0,,
11/20/23 2:00,0,,
11/20/23 3:00,0,,
11/20/23 4:00,0,,
11/20/23 5:00,0,,
11/20/23 6:00,0,,
11/20/23 7:00,0,,
11/20/23 8:00,1,,
11/20/23 9:00,3,,
11/20/23 10:00,7,,
11/20/23 11:00,12,,
11/20/23 12:00,12,,
11/20/23 13:00,7,,
11/20/23 14:00,5,,
11/20/23 15:00,3,,
11/20/23 16:00,1,,
11/20/23 17:00,0,,
11/20/23 18:00,0,,
11/20/23 19:00,0,,
11/20/23 20:00,0,,
11/20/23 21:00,0,,
11/20/23 22:00,0,,
11/20/23 23:00,0,,
11/21/23,0,,
11/21/23 1:00,0,,
11/21/23 2:00,0,,
11/21/23 3:00,0,,
11/21/23 4:00,0,,
11/21/23 5:00,0,,
11/21/23 6:00,0,,
11/21/23 7:00,0,,
11/21/23 8:00,3,,
11/21/23 9:00,7,,
11/21/23 10:00,10,,
11/21/23 11:00,12,,
11/21/23 12:00,12,,
11/21/23 13:00,7,,
11/21/23 14:00,6,,
11/21/23 15:00,4,,
11/21/23 16:00,1,,
11/21/23 17:00,0,,
11/21/23 18:00,0,,
11/21/23 19:00,0,,
11/21/23 20:00,0,,
11/21/23 21:00,0,,
11/21/23 22:00,0,,
11/21/23 23:00,0,,
11/22/23,0,,
11/22/23 1:00,0,,
11/22/23 2:00,0,,
11/22/23 3:00,0,,
11/22/23 4:00,0,,
11/22/23 5:00,0,,
11/22/23 6:00,0,,
11/22/23 7:00,0,,
11/22/23 8:00,3,,
11/22/23 9:00,6,,
11/22/23 10:00,9,,
11/22/23 11:00,11,,
11/22/23 12:00,12,,
11/22/23 13:00,7,,
11/22/23 14:00,6,,
11/22/23 15:00,4,,
11/22/23 16:00,1,,
11/22/23 17:00,0,,
11/22/23 18:00,0,,
11/22/23 19:00,0,,
11/22/23 20:00,0,,
11/22/23 21:00,0,,
11/22/23 22:00,0,,
11/22/23 23:00,0,,
11/23/23,0,,
11/23/23 1:00,0,,
11/23/23 2:00,0,,
11/23/23 3:00,0,,
11/23/23 4:00,0,,
11/23/23 5:00,0,,
11/23/23 6:00,0,,
11/23/23 7:00,0,,
11/23/23 8:00,1,,
11/23/23 9:00,3,,
11/23/23 10:00,5,,
11/23/23 11:00,5,,
11/23/23 12:00,5,,
11/23/23 13:00,7,,
11/23/23 14:00,4,,
11/23/23 15:00,2,,
11/23/23 16:00,0,,
11/23/23 17:00,0,,
11/23/23 18:00,0,,
11/23/23 19:00,0,,
11/23/23 20:00,0,,
11/23/23 21:00,0,,
11/23/23 22:00,0,,
11/23/23 23:00,0,,
11/24/23,0,,
11/24/23 1:00,0,,
11/24/23 2:00,0,,
11/24/23 3:00,0,,
11/24/23 4:00,0,,
11/24/23 5:00,0,,
11/24/23 6:00,0,,
11/24/23 7:00,0,,
11/24/23 8:00,1,,
11/24/23 9:00,4,,
11/24/23 10:00,5,,
11/24/23 11:00,4,,
11/24/23 12:00,5,,
11/24/23 13:00,4,,
11/24/23 14:00,3,,
11/24/23 15:00,2,,
11/24/23 16:00,1,,
11/24/23 17:00,0,,
11/24/23 18:00,0,,
11/24/23 19:00,0,,
11/24/23 20:00,0,,
11/24/23 21:00,0,,
11/24/23 22:00,0,,
11/24/23 23:00,0,,
11/25/23,0,,
11/25/23 1:00,0,,
11/25/23 2:00,0,,
11/25/23 3:00,0,,
11/25/23 4:00,0,,
11/25/23 5:00,0,,
11/25/23 6:00,0,,
11/25/23 7:00,0,,
11/25/23 8:00,2,,
11/25/23 9:00,6,,
11/25/23 10:00,10,,
11/25/23 11:00,12,,
11/25/23 12:00,12,,
11/25/23 13:00,7,,
11/25/23 14:00,3,,
11/25/23 15:00,1,,
11/25/23 16:00,0,,
11/25/23 17:00,0,,
11/25/23 18:00,0,,
11/25/23 19:00,0,,
11/25/23 20:00,0,,
11/25/23 21:00,0,,
11/25/23 22:00,0,,
11/25/23 23:00,0,,
11/26/23,0,,
11/26/23 1:00,0,,
11/26/23 2:00,0,,
11/26/23 3:00,0,,
11/26/23 4:00,0,,
11/26/23 5:00,0,,
11/26/23 6:00,0,,
11/26/23 7:00,0,,
11/26/23 8:00,1,,
11/26/23 9:00,3,,
11/26/23 10:00,5,,
11/26/23 11:00,7,,
11/26/23 12:00,3,,
11/26/23 13:00,5,,
11/26/23 14:00,3,,
11/26/23 15:00,2,,
11/26/23 16:00,1,,
11/26/23 17:00,0,,
11/26/23 18:00,0,,
11/26/23 19:00,0,,
11/26/23 20:00,0,,
11/26/23 21:00,0,,
11/26/23 22:00,0,,
11/26/23 23:00,0,,
11/27/23,0,,
11/27/23 1:00,0,,
11/27/23 2:00,0,,
11/27/23 3:00,0,,
11/27/23 4:00,0,,
11/27/23 5:00,0,,
11/27/23 6:00,0,,
11/27/23 7:00,1,,
11/27/23 8:00,3,,
11/27/23 9:00,6,,
11/27/23 10:00,9,,
11/27/23 11:00,11,,
11/27/23 12:00,11,,
11/27/23 13:00,7,,
11/27/23 14:00,6,,
11/27/23 15:00,4,,
11/27/23 16:00,1,,
11/27/23 17:00,0,,
11/27/23 18:00,0,,
11/27/23 19:00,0,,
11/27/23 20:00,0,,
11/27/23 21:00,0,,
11/27/23 22:00,0,,
11/27/23 23:00,0,,
11/28/23,0,,
11/28/23 1:00,0,,
11/28/23 2:00,0,,
11/28/23 3:00,0,,
11/28/23 4:00,0,,
11/28/23 5:00,0,,
11/28/23 6:00,0,,
11/28/23 7:00,0,,
11/28/23 8:00,2,,
11/28/23 9:00,6,,
11/28/23 10:00,9,,
11/28/23 11:00,11,,
11/28/23 12:00,11,,
11/28/23 13:00,7,,
11/28/23 14:00,6,,
11/28/23 15:00,4,,
11/28/23 16:00,1,,
11/28/23 17:00,0,,
11/28/23 18:00,0,,
11/28/23 19:00,0,,
11/28/23 20:00,0,,
11/28/23 21:00,0,,
11/28/23 22:00,0,,
11/28/23 23:00,0,,
11/29/23,0,,
11/29/23 1:00,0,,
11/29/23 2:00,0,,
11/29/23 3:00,0,,
11/29/23 4:00,0,,
11/29/23 5:00,0,,
11/29/23 6:00,0,,
11/29/23 7:00,0,,
11/29/23 8:00,2,,
11/29/23 9:00,5,,
11/29/23 10:00,7,,
11/29/23 11:00,10,,
11/29/23 12:00,8,,
11/29/23 13:00,8,,
11/29/23 14:00,6,,
11/29/23 15:00,4,,
11/29/23 16:00,1,,
11/29/23 17:00,0,,
11/29/23 18:00,0,,
11/29/23 19:00,0,,
11/29/23 20:00,0,,
11/29/23 21:00,0,,
11/29/23 22:00,0,,
11/29/23 23:00,0,,
11/30/23,0,,
11/30/23 1:00,0,,
11/30/23 2:00,0,,
11/30/23 3:00,0,,
11/30/23 4:00,0,,
11/30/23 5:00,0,,
11/30/23 6:00,0,,
11/30/23 7:00,0,,
11/30/23 8:00,1,,
11/30/23 9:00,2,,
11/30/23 10:00,3,,
11/30/23 11:00,5,,
11/30/23 12:00,5,,
11/30/23 13:00,5,,
11/30/23 14:00,5,,
11/30/23 15:00,3,,
11/30/23 16:00,1,,
11/30/23 17:00,0,,
11/30/23 18:00,0,,
11/30/23 19:00,0,,
11/30/23 20:00,0,,
11/30/23 21:00,0,,
11/30/23 22:00,0,,
11/30/23 23:00,0,,
12/1/23,0,,
12/1/23 1:00,0,,
12/1/23 2:00,0,,
12/1/23 3:00,0,,
12/1/23 4:00,0,,
12/1/23 5:00,0,,
12/1/23 6:00,0,,
12/1/23 7:00,0,,
12/1/23 8:00,1,,
12/1/23 9:00,2,,
12/1/23 10:00,4,,
12/1/23 11:00,3,,
12/1/23 12:00,3,,
12/1/23 13:00,3,,
12/1/23 14:00,3,,
12/1/23 15:00,3,,
12/1/23 16:00,1,,
12/1/23 17:00,0,,
12/1/23 18:00,0,,
12/1/23 19:00,0,,
12/1/23 20:00,0,,
12/1/23 21:00,0,,
12/1/23 22:00,0,,
12/1/23 23:00,0,,
12/2/23,0,,
12/2/23 1:00,0,,
12/2/23 2:00,0,,
12/2/23 3:00,0,,
12/2/23 4:00,0,,
12/2/23 5:00,0,,
12/2/23 6:00,0,,
12/2/23 7:00,0,,
12/2/23 8:00,1,,
12/2/23 9:00,4,,
12/2/23 10:00,6,,
12/2/23 11:00,6,,
12/2/23 12:00,4,,
12/2/23 13:00,5,,
12/2/23 14:00,3,,
12/2/23 15:00,1,,
12/2/23 16:00,0,,
12/2/23 17:00,0,,
12/2/23 18:00,0,,
12/2/23 19:00,0,,
12/2/23 20:00,0,,
12/2/23 21:00,0,,
12/2/23 22:00,0,,
12/2/23 23:00,0,,
12/3/23,0,,
12/3/23 1:00,0,,
12/3/23 2:00,0,,
12/3/23 3:00,0,,
12/3/23 4:00,0,,
12/3/23 5:00,0,,
12/3/23 6:00,0,,
12/3/23 7:00,0,,
12/3/23 8:00,1,,
12/3/23 9:00,2,,
12/3/23 10:00,3,,
12/3/23 11:00,3,,
12/3/23 12:00,3,,
12/3/23 13:00,3,,
12/3/23 14:00,2,,
12/3/23 15:00,2,,
12/3/23 16:00,0,,
12/3/23 17:00,0,,
12/3/23 18:00,0,,
12/3/23 19:00,0,,
12/3/23 20:00,0,,
12/3/23 21:00,0,,
12/3/23 22:00,0,,
12/3/23 23:00,0,,
12/4/23,0,,
12/4/23 1:00,0,,
12/4/23 2:00,0,,
12/4/23 3:00,0,,
12/4/23 4:00,0,,
12/4/23 5:00,0,,
12/4/23 6:00,0,,
12/4/23 7:00,0,,
12/4/23 8:00,1,,
12/4/23 9:00,3,,
12/4/23 10:00,4,,
12/4/23 11:00,4,,
12/4/23 12:00,5,,
12/4/23 13:00,4,,
12/4/23 14:00,4,,
12/4/23 15:00,4,,
12/4/23 16:00,1,,
12/4/23 17:00,0,,
12/4/23 18:00,0,,
12/4/23 19:00,0,,
12/4/23 20:00,0,,
12/4/23 21:00,0,,
12/4/23 22:00,0,,
12/4/23 23:00,0,,
12/5/23,0,,
12/5/23 1:00,0,,
12/5/23 2:00,0,,
12/5/23 3:00,0,,
12/5/23 4:00,0,,
12/5/23 5:00,0,,
12/5/23 6:00,0,,
12/5/23 7:00,0,,
12/5/23 8:00,2,,
12/5/23 9:00,6,,
12/5/23 10:00,9,,
12/5/23 11:00,11,,
12/5/23 12:00,11,,
12/5/23 13:00,7,,
12/5/23 14:00,5,,
12/5/23 15:00,4,,
12/5/23 16:00,1,,
12/5/23 17:00,0,,
12/5/23 18:00,0,,
12/5/23 19:00,0,,
12/5/23 20:00,0,,
12/5/23 21:00,0,,
12/5/23 22:00,0,,
12/5/23 23:00,0,,
12/6/23,0,,
12/6/23 1:00,0,,
12/6/23 2:00,0,,
12/6/23 3:00,0,,
12/6/23 4:00,0,,
12/6/23 5:00,0,,
12/6/23 6:00,0,,
12/6/23 7:00,0,,
12/6/23 8:00,2,,
12/6/23 9:00,5,,
12/6/23 10:00,9,,
12/6/23 11:00,11,,
12/6/23 12:00,11,,
12/6/23 13:00,7,,
12/6/23 14:00,5,,
12/6/23 15:00,3,,
12/6/23 16:00,1,,
12/6/23 17:00,0,,
12/6/23 18:00,0,,
12/6/23 19:00,0,,
12/6/23 20:00,0,,
12/6/23 21:00,0,,
12/6/23 22:00,0,,
12/6/23 23:00,0,,
12/7/23,0,,
12/7/23 1:00,0,,
12/7/23 2:00,0,,
12/7/23 3:00,0,,
12/7/23 4:00,0,,
12/7/23 5:00,0,,
12/7/23 6:00,0,,
12/7/23 7:00,0,,
12/7/23 8:00,1,,
12/7/23 9:00,4,,
12/7/23 10:00,5,,
12/7/23 11:00,2,,
12/7/23 12:00,3,,
12/7/23 13:00,4,,
12/7/23 14:00,5,,
12/7/23 15:00,3,,
12/7/23 16:00,1,,
12/7/23 17:00,0,,
12/7/23 18:00,0,,
12/7/23 19:00,0,,
12/7/23 20:00,0,,
12/7/23 21:00,0,,
12/7/23 22:00,0,,
12/7/23 23:00,0,,
12/8/23,0,,
12/8/23 1:00,0,,
12/8/23 2:00,0,,
12/8/23 3:00,0,,
12/8/23 4:00,0,,
12/8/23 5:00,0,,
12/8/23 6:00,0,,
12/8/23 7:00,0,,
12/8/23 8:00,1,,
12/8/23 9:00,2,,
12/8/23 10:00,3,,
12/8/23 11:00,3,,
12/8/23 12:00,3,,
12/8/23 13:00,3,,
12/8/23 14:00,3,,
12/8/23 15:00,1,,
12/8/23 16:00,0,,
12/8/23 17:00,0,,
12/8/23 18:00,0,,
12/8/23 19:00,0,,
12/8/23 20:00,0,,
12/8/23 21:00,0,,
12/8/23 22:00,0,,
12/8/23 23:00,0,,
12/9/23,0,,
12/9/23 1:00,0,,
12/9/23 2:00,0,,
12/9/23 3:00,0,,
12/9/23 4:00,0,,
12/9/23 5:00,0,,
12/9/23 6:00,0,,
12/9/23 7:00,0,,
12/9/23 8:00,2,,
12/9/23 9:00,5,,
12/9/23 10:00,8,,
12/9/23 11:00,8,,
12/9/23 12:00,7,,
12/9/23 13:00,7,,
12/9/23 14:00,6,,
12/9/23 15:00,4,,
12/9/23 16:00,1,,
12/9/23 17:00,0,,
12/9/23 18:00,0,,
12/9/23 19:00,0,,
12/9/23 20:00,0,,
12/9/23 21:00,0,,
12/9/23 22:00,0,,
12/9/23 23:00,0,,
12/10/23,0,,
12/10/23 1:00,0,,
12/10/23 2:00,0,,
12/10/23 3:00,0,,
12/10/23 4:00,0,,
12/10/23 5:00,0,,
12/10/23 6:00,0,,
12/10/23 7:00,0,,
12/10/23 8:00,1,,
12/10/23 9:00,4,,
12/10/23 10:00,6,,
12/10/23 11:00,8,,
12/10/23 12:00,9,,
12/10/23 13:00,7,,
12/10/23 14:00,5,,
12/10/23 15:00,3,,
12/10/23 16:00,1,,
12/10/23 17:00,0,,
12/10/23 18:00,0,,
12/10/23 19:00,0,,
12/10/23 20:00,0,,
12/10/23 21:00,0,,
12/10/23 22:00,0,,
12/10/23 23:00,0,,
12/11/23,0,,
12/11/23 1:00,0,,
12/11/23 2:00,0,,
12/11/23 3:00,0,,
12/11/23 4:00,0,,
12/11/23 5:00,0,,
12/11/23 6:00,0,,
12/11/23 7:00,0,,
12/11/23 8:00,2,,
12/11/23 9:00,5,,
12/11/23 10:00,8,,
12/11/23 11:00,10,,
12/11/23 12:00,10,,
12/11/23 13:00,7,,
12/11/23 14:00,5,,
12/11/23 15:00,4,,
12/11/23 16:00,1,,
12/11/23 17:00,0,,
12/11/23 18:00,0,,
12/11/23 19:00,0,,
12/11/23 20:00,0,,
12/11/23 21:00,0,,
12/11/23 22:00,0,,
12/11/23 23:00,0,,
12/12/23,0,,
12/12/23 1:00,0,,
12/12/23 2:00,0,,
12/12/23 3:00,0,,
12/12/23 4:00,0,,
12/12/23 5:00,0,,
12/12/23 6:00,0,,
12/12/23 7:00,0,,
12/12/23 8:00,1,,
12/12/23 9:00,4,,
12/12/23 10:00,6,,
12/12/23 11:00,10,,
12/12/23 12:00,10,,
12/12/23 13:00,8,,
12/12/23 14:00,5,,
12/12/23 15:00,3,,
12/12/23 16:00,1,,
12/12/23 17:00,0,,
12/12/23 18:00,0,,
12/12/23 19:00,0,,
12/12/23 20:00,0,,
12/12/23 21:00,0,,
12/12/23 22:00,0,,
12/12/23 23:00,0,,
12/13/23,0,,
12/13/23 1:00,0,,
12/13/23 2:00,0,,
12/13/23 3:00,0,,
12/13/23 4:00,0,,
12/13/23 5:00,0,,
12/13/23 6:00,0,,
12/13/23 7:00,0,,
12/13/23 8:00,2,,
12/13/23 9:00,5,,
12/13/23 10:00,8,,
12/13/23 11:00,7,,
12/13/23 12:00,11,,
12/13/23 13:00,8,,
12/13/23 14:00,6,,
12/13/23 15:00,4,,
12/13/23 16:00,1,,
12/13/23 17:00,0,,
12/13/23 18:00,0,,
12/13/23 19:00,0,,
12/13/23 20:00,0,,
12/13/23 21:00,0,,
12/13/23 22:00,0,,
12/13/23 23:00,0,,
12/14/23,0,,
12/14/23 1:00,0,,
12/14/23 2:00,0,,
12/14/23 3:00,0,,
12/14/23 4:00,0,,
12/14/23 5:00,0,,
12/14/23 6:00,0,,
12/14/23 7:00,0,,
12/14/23 8:00,2,,
12/14/23 9:00,5,,
12/14/23 10:00,8,,
12/14/23 11:00,10,,
12/14/23 12:00,10,,
12/14/23 13:00,7,,
12/14/23 14:00,5,,
12/14/23 15:00,4,,
12/14/23 16:00,1,,
12/14/23 17:00,0,,
12/14/23 18:00,0,,
12/14/23 19:00,0,,
12/14/23 20:00,0,,
12/14/23 21:00,0,,
12/14/23 22:00,0,,
12/14/23 23:00,0,,
12/15/23,0,,
12/15/23 1:00,0,,
12/15/23 2:00,0,,
12/15/23 3:00,0,,
12/15/23 4:00,0,,
12/15/23 5:00,0,,
12/15/23 6:00,0,,
12/15/23 7:00,0,,
12/15/23 8:00,2,,
12/15/23 9:00,5,,
12/15/23 10:00,8,,
12/15/23 11:00,10,,
12/15/23 12:00,10,,
12/15/23 13:00,7,,
12/15/23 14:00,5,,
12/15/23 15:00,4,,
12/15/23 16:00,1,,
12/15/23 17:00,0,,
12/15/23 18:00,0,,
12/15/23 19:00,0,,
12/15/23 20:00,0,,
12/15/23 21:00,0,,
12/15/23 22:00,0,,
12/15/23 23:00,0,,
12/16/23,0,,
12/16/23 1:00,0,,
12/16/23 2:00,0,,
12/16/23 3:00,0,,
12/16/23 4:00,0,,
12/16/23 5:00,0,,
12/16/23 6:00,0,,
12/16/23 7:00,0,,
12/16/23 8:00,2,,
12/16/23 9:00,4,,
12/16/23 10:00,7,,
12/16/23 11:00,9,,
12/16/23 12:00,10,,
12/16/23 13:00,8,,
12/16/23 14:00,5,,
12/16/23 15:00,3,,
12/16/23 16:00,1,,
12/16/23 17:00,0,,
12/16/23 18:00,0,,
12/16/23 19:00,0,,
12/16/23 20:00,0,,
12/16/23 21:00,0,,
12/16/23 22:00,0,,
12/16/23 23:00,0,,
12/17/23,0,,
12/17/23 1:00,0,,
12/17/23 2:00,0,,
12/17/23 3:00,0,,
12/17/23 4:00,0,,
12/17/23 5:00,0,,
12/17/23 6:00,0,,
12/17/23 7:00,0,,
12/17/23 8:00,1,,
12/17/23 9:00,4,,
12/17/23 10:00,7,,
12/17/23 11:00,9,,
12/17/23 12:00,9,,
12/17/23 13:00,7,,
12/17/23 14:00,6,,
12/17/23 15:00,3,,
12/17/23 16:00,1,,
12/17/23 17:00,0,,
12/17/23 18:00,0,,
12/17/23 19:00,0,,
12/17/23 20:00,0,,
12/17/23 21:00,0,,
12/17/23 22:00,0,,
12/17/23 23:00,0,,
12/18/23,0,,
12/18/23 1:00,0,,
12/18/23 2:00,0,,
12/18/23 3:00,0,,
12/18/23 4:00,0,,
12/18/23 5:00,0,,
12/18/23 6:00,0,,
12/18/23 7:00,0,,
12/18/23 8:00,0,,
12/18/23 9:00,2,,
12/18/23 10:00,5,,
12/18/23 11:00,8,,
12/18/23 12:00,8,,
12/18/23 13:00,5,,
12/18/23 14:00,3,,
12/18/23 15:00,2,,
12/18/23 16:00,1,,
12/18/23 17:00,0,,
12/18/23 18:00,0,,
12/18/23 19:00,0,,
12/18/23 20:00,0,,
12/18/23 21:00,0,,
12/18/23 22:00,0,,
12/18/23 23:00,0,,
12/19/23,0,,
12/19/23 1:00,0,,
12/19/23 2:00,0,,
12/19/23 3:00,0,,
12/19/23 4:00,0,,
12/19/23 5:00,0,,
12/19/23 6:00,0,,
12/19/23 7:00,0,,
12/19/23 8:00,1,,
12/19/23 9:00,3,,
12/19/23 10:00,3,,
12/19/23 11:00,5,,
12/19/23 12:00,7,,
12/19/23 13:00,7,,
12/19/23 14:00,5,,
12/19/23 15:00,3,,
12/19/23 16:00,1,,
12/19/23 17:00,0,,
12/19/23 18:00,0,,
12/19/23 19:00,0,,
12/19/23 20:00,0,,
12/19/23 21:00,0,,
12/19/23 22:00,0,,
12/19/23 23:00,0,,
12/20/23,0,,
12/20/23 1:00,0,,
12/20/23 2:00,0,,
12/20/23 3:00,0,,
12/20/23 4:00,0,,
12/20/23 5:00,0,,
12/20/23 6:00,0,,
12/20/23 7:00,0,,
12/20/23 8:00,1,,
12/20/23 9:00,2,,
12/20/23 10:00,6,,
12/20/23 11:00,9,,
12/20/23 12:00,9,,
12/20/23 13:00,6,,
12/20/23 14:00,3,,
12/20/23 15:00,3,,
12/20/23 16:00,1,,
12/20/23 17:00,0,,
12/20/23 18:00,0,,
12/20/23 19:00,0,,
12/20/23 20:00,0,,
12/20/23 21:00,0,,
12/20/23 22:00,0,,
12/20/23 23:00,0,,
12/21/23,0,,
12/21/23 1:00,0,,
12/21/23 2:00,0,,
12/21/23 3:00,0,,
12/21/23 4:00,0,,
12/21/23 5:00,0,,
12/21/23 6:00,0,,
12/21/23 7:00,0,,
12/21/23 8:00,1,,
12/21/23 9:00,3,,
12/21/23 10:00,7,,
12/21/23 11:00,9,,
12/21/23 12:00,8,,
12/21/23 13:00,7,,
12/21/23 14:00,5,,
12/21/23 15:00,3,,
12/21/23 16:00,1,,
12/21/23 17:00,0,,
12/21/23 18:00,0,,
12/21/23 19:00,0,,
12/21/23 20:00,0,,
12/21/23 21:00,0,,
12/21/23 22:00,0,,
12/21/23 23:00,0,,
12/22/23,0,,
12/22/23 1:00,0,,
12/22/23 2:00,0,,
12/22/23 3:00,0,,
12/22/23 4:00,0,,
12/22/23 5:00,0,,
12/22/23 6:00,0,,
12/22/23 7:00,0,,
12/22/23 8:00,1,,
12/22/23 9:00,4,,
12/22/23 10:00,7,,
12/22/23 11:00,8,,
12/22/23 12:00,8,,
12/22/23 13:00,7,,
12/22/23 14:00,5,,
12/22/23 15:00,3,,
12/22/23 16:00,1,,
12/22/23 17:00,0,,
12/22/23 18:00,0,,
12/22/23 19:00,0,,
12/22/23 20:00,0,,
12/22/23 21:00,0,,
12/22/23 22:00,0,,
12/22/23 23:00,0,,
12/23/23,0,,
12/23/23 1:00,0,,
12/23/23 2:00,0,,
12/23/23 3:00,0,,
12/23/23 4:00,0,,
12/23/23 5:00,0,,
12/23/23 6:00,0,,
12/23/23 7:00,0,,
12/23/23 8:00,0,,
12/23/23 9:00,1,,
12/23/23 10:00,2,,
12/23/23 11:00,5,,
12/23/23 12:00,3,,
12/23/23 13:00,7,,
12/23/23 14:00,4,,
12/23/23 15:00,2,,
12/23/23 16:00,1,,
12/23/23 17:00,0,,
12/23/23 18:00,0,,
12/23/23 19:00,0,,
12/23/23 20:00,0,,
12/23/23 21:00,0,,
12/23/23 22:00,0,,
12/23/23 23:00,0,,
12/24/23,0,,
12/24/23 1:00,0,,
12/24/23 2:00,0,,
12/24/23 3:00,0,,
12/24/23 4:00,0,,
12/24/23 5:00,0,,
12/24/23 6:00,0,,
12/24/23 7:00,0,,
12/24/23 8:00,1,,
12/24/23 9:00,4,,
12/24/23 10:00,8,,
12/24/23 11:00,10,,
12/24/23 12:00,11,,
12/24/23 13:00,8,,
12/24/23 14:00,5,,
12/24/23 15:00,4,,
12/24/23 16:00,1,,
12/24/23 17:00,0,,
12/24/23 18:00,0,,
12/24/23 19:00,0,,
12/24/23 20:00,0,,
12/24/23 21:00,0,,
12/24/23 22:00,0,,
12/24/23 23:00,0,,
12/25/23,0,,
12/25/23 1:00,0,,
12/25/23 2:00,0,,
12/25/23 3:00,0,,
12/25/23 4:00,0,,
12/25/23 5:00,0,,
12/25/23 6:00,0,,
12/25/23 7:00,0,,
12/25/23 8:00,1,,
12/25/23 9:00,4,,
12/25/23 10:00,8,,
12/25/23 11:00,10,,
12/25/23 12:00,10,,
12/25/23 13:00,8,,
12/25/23 14:00,5,,
12/25/23 15:00,4,,
12/25/23 16:00,1,,
12/25/23 17:00,0,,
12/25/23 18:00,0,,
12/25/23 19:00,0,,
12/25/23 20:00,0,,
12/25/23 21:00,0,,
12/25/23 22:00,0,,
12/25/23 23:00,0,,
12/26/23,0,,
12/26/23 1:00,0,,
12/26/23 2:00,0,,
12/26/23 3:00,0,,
12/26/23 4:00,0,,
12/26/23 5:00,0,,
12/26/23 6:00,0,,
12/26/23 7:00,0,,
12/26/23 8:00,1,,
12/26/23 9:00,4,,
12/26/23 10:00,7,,
12/26/23 11:00,10,,
12/26/23 12:00,10,,
12/26/23 13:00,8,,
12/26/23 14:00,5,,
12/26/23 15:00,3,,
12/26/23 16:00,1,,
12/26/23 17:00,0,,
12/26/23 18:00,0,,
12/26/23 19:00,0,,
12/26/23 20:00,0,,
12/26/23 21:00,0,,
12/26/23 22:00,0,,
12/26/23 23:00,0,,
12/27/23,0,,
12/27/23 1:00,0,,
12/27/23 2:00,0,,
12/27/23 3:00,0,,
12/27/23 4:00,0,,
12/27/23 5:00,0,,
12/27/23 6:00,0,,
12/27/23 7:00,0,,
12/27/23 8:00,1,,
12/27/23 9:00,4,,
12/27/23 10:00,7,,
12/27/23 11:00,9,,
12/27/23 12:00,9,,
12/27/23 13:00,8,,
12/27/23 14:00,5,,
12/27/23 15:00,3,,
12/27/23 16:00,1,,
12/27/23 17:00,0,,
12/27/23 18:00,0,,
12/27/23 19:00,0,,
12/27/23 20:00,0,,
12/27/23 21:00,0,,
12/27/23 22:00,0,,
12/27/23 23:00,0,,
12/28/23,0,,
12/28/23 1:00,0,,
12/28/23 2:00,0,,
12/28/23 3:00,0,,
12/28/23 4:00,0,,
12/28/23 5:00,0,,
12/28/23 6:00,0,,
12/28/23 7:00,0,,
12/28/23 8:00,1,,
12/28/23 9:00,4,,
12/28/23 10:00,7,,
12/28/23 11:00,9,,
12/28/23 12:00,9,,
12/28/23 13:00,8,,
12/28/23 14:00,5,,
12/28/23 15:00,4,,
12/28/23 16:00,1,,
12/28/23 17:00,0,,
12/28/23 18:00,0,,
12/28/23 19:00,0,,
12/28/23 20:00,0,,
12/28/23 21:00,0,,
12/28/23 22:00,0,,
12/28/23 23:00,0,,
12/29/23,0,,
12/29/23 1:00,0,,
12/29/23 2:00,0,,
12/29/23 3:00,0,,
12/29/23 4:00,0,,
12/29/23 5:00,0,,
12/29/23 6:00,0,,
12/29/23 7:00,0,,
12/29/23 8:00,1,,
12/29/23 9:00,4,,
12/29/23 10:00,7,,
12/29/23 11:00,9,,
12/29/23 12:00,10,,
12/29/23 13:00,8,,
12/29/23 14:00,5,,
12/29/23 15:00,4,,
12/29/23 16:00,1,,
12/29/23 17:00,0,,
12/29/23 18:00,0,,
12/29/23 19:00,0,,
12/29/23 20:00,0,,
12/29/23 21:00,0,,
12/29/23 22:00,0,,
12/29/23 23:00,0,,
12/30/23,0,,
12/30/23 1:00,0,,
12/30/23 2:00,0,,
12/30/23 3:00,0,,
12/30/23 4:00,0,,
12/30/23 5:00,0,,
12/30/23 6:00,0,,
12/30/23 7:00,0,,
12/30/23 8:00,1,,
12/30/23 9:00,3,,
12/30/23 10:00,3,,
12/30/23 11:00,7,,
12/30/23 12:00,4,,
12/30/23 13:00,4,,
12/30/23 14:00,4,,
12/30/23 15:00,2,,
12/30/23 16:00,1,,
12/30/23 17:00,0,,
12/30/23 18:00,0,,
12/30/23 19:00,0,,
12/30/23 20:00,0,,
12/30/23 21:00,0,,
12/30/23 22:00,0,,
12/30/23 23:00,0,,
12/31/23,0,,
12/31/23 1:00,0,,
12/31/23 2:00,0,,
12/31/23 3:00,0,,
12/31/23 4:00,0,,
12/31/23 5:00,0,,
12/31/23 6:00,0,,
12/31/23 7:00,0,,
12/31/23 8:00,1,,
12/31/23 9:00,4,,
12/31/23 10:00,7,,
12/31/23 11:00,9,,
12/31/23 12:00,10,,
12/31/23 13:00,8,,
12/31/23 14:00,5,,
12/31/23 15:00,4,,
12/31/23 16:00,1,,
12/31/23 17:00,0,,
12/31/23 18:00,0,,
12/31/23 19:00,0,,
12/31/23 20:00,0,,
12/31/23 21:00,0,,
12/31/23 22:00,0,,
12/31/23 23:00,0,,
1/1/24,0,,
1/1/24 1:00,0,,
1/1/24 2:00,0,,
1/1/24 3:00,0,,
1/1/24 4:00,0,,
1/1/24 5:00,0,,
1/1/24 6:00,0,,
1/1/24 7:00,0,,
1/1/24 8:00,1,,
1/1/24 9:00,4,,
1/1/24 10:00,7,,
1/1/24 11:00,9,,
1/1/24 12:00,10,,
1/1/24 13:00,8,,
1/1/24 14:00,5,,
1/1/24 15:00,4,,
1/1/24 16:00,1,,
1/1/24 17:00,0,,
1/1/24 18:00,0,,
1/1/24 19:00,0,,
1/1/24 20:00,0,,
1/1/24 21:00,0,,
1/1/24 22:00,0,,
1/1/24 23:00,0,,
1/2/24,0,,
1/2/24 1:00,0,,
1/2/24 2:00,0,,
1/2/24 3:00,0,,
1/2/24 4:00,0,,
1/2/24 5:00,0,,
1/2/24 6:00,0,,
1/2/24 7:00,0,,
1/2/24 8:00,1,,
1/2/24 9:00,4,,
1/2/24 10:00,7,,
1/2/24 11:00,9,,
1/2/24 12:00,10,,
1/2/24 13:00,8,,
1/2/24 14:00,5,,
1/2/24 15:00,4,,
1/2/24 16:00,1,,
1/2/24 17:00,0,,
1/2/24 18:00,0,,
1/2/24 19:00,0,,
1/2/24 20:00,0,,
1/2/24 21:00,0,,
1/2/24 22:00,0,,
1/2/24 23:00,0,,
1/3/24,0,,
1/3/24 1:00,0,,
1/3/24 2:00,0,,
1/3/24 3:00,0,,
1/3/24 4:00,0,,
1/3/24 5:00,0,,
1/3/24 6:00,0,,
1/3/24 7:00,0,,
1/3/24 8:00,1,,
1/3/24 9:00,4,,
1/3/24 10:00,7,,
1/3/24 11:00,7,,
1/3/24 12:00,4,,
1/3/24 13:00,7,,
1/3/24 14:00,4,,
1/3/24 15:00,1,,
1/3/24 16:00,0,,
1/3/24 17:00,0,,
1/3/24 18:00,0,,
1/3/24 19:00,0,,
1/3/24 20:00,0,,
1/3/24 21:00,0,,
1/3/24 22:00,0,,
1/3/24 23:00,0,,
1/4/24,0,,
1/4/24 1:00,0,,
1/4/24 2:00,0,,
1/4/24 3:00,0,,
1/4/24 4:00,0,,
1/4/24 5:00,0,,
1/4/24 6:00,0,,
1/4/24 7:00,0,,
1/4/24 8:00,1,,
1/4/24 9:00,2,,
1/4/24 10:00,2,,
1/4/24 11:00,2,,
1/4/24 12:00,1,,
1/4/24 13:00,2,,
1/4/24 14:00,2,,
1/4/24 15:00,1,,
1/4/24 16:00,0,,
1/4/24 17:00,0,,
1/4/24 18:00,0,,
1/4/24 19:00,0,,
1/4/24 20:00,0,,
1/4/24 21:00,0,,
1/4/24 22:00,0,,
1/4/24 23:00,0,,
1/5/24,0,,
1/5/24 1:00,0,,
1/5/24 2:00,0,,
1/5/24 3:00,0,,
1/5/24 4:00,0,,
1/5/24 5:00,0,,
1/5/24 6:00,0,,
1/5/24 7:00,0,,
1/5/24 8:00,0,,
1/5/24 9:00,2,,
1/5/24 10:00,3,,
1/5/24 11:00,3,,
1/5/24 12:00,3,,
1/5/24 13:00,2,,
1/5/24 14:00,2,,
1/5/24 15:00,1,,
1/5/24 16:00,0,,
1/5/24 17:00,0,,
1/5/24 18:00,0,,
1/5/24 19:00,0,,
1/5/24 20:00,0,,
1/5/24 21:00,0,,
1/5/24 22:00,0,,
1/5/24 23:00,0,,
1/6/24,0,,
1/6/24 1:00,0,,
1/6/24 2:00,0,,
1/6/24 3:00,0,,
1/6/24 4:00,0,,
1/6/24 5:00,0,,
1/6/24 6:00,0,,
1/6/24 7:00,0,,
1/6/24 8:00,1,,
1/6/24 9:00,4,,
1/6/24 10:00,7,,
1/6/24 11:00,9,,
1/6/24 12:00,11,,
1/6/24 13:00,9,,
1/6/24 14:00,6,,
1/6/24 15:00,3,,
1/6/24 16:00,1,,
1/6/24 17:00,0,,
1/6/24 18:00,0,,
1/6/24 19:00,0,,
1/6/24 20:00,0,,
1/6/24 21:00,0,,
1/6/24 22:00,0,,
1/6/24 23:00,0,,
1/7/24,0,,
1/7/24 1:00,0,,
1/7/24 2:00,0,,
1/7/24 3:00,0,,
1/7/24 4:00,0,,
1/7/24 5:00,0,,
1/7/24 6:00,0,,
1/7/24 7:00,0,,
1/7/24 8:00,1,,
1/7/24 9:00,3,,
1/7/24 10:00,6,,
1/7/24 11:00,8,,
1/7/24 12:00,8,,
1/7/24 13:00,7,,
1/7/24 14:00,5,,
1/7/24 15:00,3,,
1/7/24 16:00,1,,
1/7/24 17:00,0,,
1/7/24 18:00,0,,
1/7/24 19:00,0,,
1/7/24 20:00,0,,
1/7/24 21:00,0,,
1/7/24 22:00,0,,
1/7/24 23:00,0,,
1/8/24,0,,
1/8/24 1:00,0,,
1/8/24 2:00,0,,
1/8/24 3:00,0,,
1/8/24 4:00,0,,
1/8/24 5:00,0,,
1/8/24 6:00,0,,
1/8/24 7:00,0,,
1/8/24 8:00,1,,
1/8/24 9:00,5,,
1/8/24 10:00,8,,
1/8/24 11:00,11,,
1/8/24 12:00,12,,
1/8/24 13:00,9,,
1/8/24 14:00,6,,
1/8/24 15:00,5,,
1/8/24 16:00,2,,
1/8/24 17:00,0,,
1/8/24 18:00,0,,
1/8/24 19:00,0,,
1/8/24 20:00,0,,
1/8/24 21:00,0,,
1/8/24 22:00,0,,
1/8/24 23:00,0,,
1/9/24,0,,
1/9/24 1:00,0,,
1/9/24 2:00,0,,
1/9/24 3:00,0,,
1/9/24 4:00,0,,
1/9/24 5:00,0,,
1/9/24 6:00,0,,
1/9/24 7:00,0,,
1/9/24 8:00,1,,
1/9/24 9:00,3,,
1/9/24 10:00,5,,
1/9/24 11:00,4,,
1/9/24 12:00,3,,
1/9/24 13:00,7,,
1/9/24 14:00,6,,
1/9/24 15:00,3,,
1/9/24 16:00,1,,
1/9/24 17:00,0,,
1/9/24 18:00,0,,
1/9/24 19:00,0,,
1/9/24 20:00,0,,
1/9/24 21:00,0,,
1/9/24 22:00,0,,
1/9/24 23:00,0,,
1/10/24,0,,
1/10/24 1:00,0,,
1/10/24 2:00,0,,
1/10/24 3:00,0,,
1/10/24 4:00,0,,
1/10/24 5:00,0,,
1/10/24 6:00,0,,
1/10/24 7:00,0,,
1/10/24 8:00,1,,
1/10/24 9:00,1,,
1/10/24 10:00,4,,
1/10/24 11:00,3,,
1/10/24 12:00,4,,
1/10/24 13:00,7,,
1/10/24 14:00,3,,
1/10/24 15:00,2,,
1/10/24 16:00,0,,
1/10/24 17:00,0,,
1/10/24 18:00,0,,
1/10/24 19:00,0,,
1/10/24 20:00,0,,
1/10/24 21:00,0,,
1/10/24 22:00,0,,
1/10/24 23:00,0,,
1/11/24,0,,
1/11/24 1:00,0,,
1/11/24 2:00,0,,
1/11/24 3:00,0,,
1/11/24 4:00,0,,
1/11/24 5:00,0,,
1/11/24 6:00,0,,
1/11/24 7:00,0,,
1/11/24 8:00,1,,
1/11/24 9:00,2,,
1/11/24 10:00,4,,
1/11/24 11:00,7,,
1/11/24 12:00,8,,
1/11/24 13:00,6,,
1/11/24 14:00,5,,
1/11/24 15:00,4,,
1/11/24 16:00,1,,
1/11/24 17:00,0,,
1/11/24 18:00,0,,
1/11/24 19:00,0,,
1/11/24 20:00,0,,
1/11/24 21:00,0,,
1/11/24 22:00,0,,
1/11/24 23:00,0,,
1/12/24,0,,
1/12/24 1:00,0,,
1/12/24 2:00,0,,
1/12/24 3:00,0,,
1/12/24 4:00,0,,
1/12/24 5:00,0,,
1/12/24 6:00,0,,
1/12/24 7:00,0,,
1/12/24 8:00,1,,
1/12/24 9:00,2,,
1/12/24 10:00,3,,
1/12/24 11:00,4,,
1/12/24 12:00,6,,
1/12/24 13:00,3,,
1/12/24 14:00,2,,
1/12/24 15:00,1,,
1/12/24 16:00,1,,
1/12/24 17:00,0,,
1/12/24 18:00,0,,
1/12/24 19:00,0,,
1/12/24 20:00,0,,
1/12/24 21:00,0,,
1/12/24 22:00,0,,
1/12/24 23:00,0,,
1/13/24,0,,
1/13/24 1:00,0,,
1/13/24 2:00,0,,
1/13/24 3:00,0,,
1/13/24 4:00,0,,
1/13/24 5:00,0,,
1/13/24 6:00,0,,
1/13/24 7:00,0,,
1/13/24 8:00,1,,
1/13/24 9:00,4,,
1/13/24 10:00,6,,
1/13/24 11:00,6,,
1/13/24 12:00,7,,
1/13/24 13:00,5,,
1/13/24 14:00,4,,
1/13/24 15:00,3,,
1/13/24 16:00,1,,
1/13/24 17:00,0,,
1/13/24 18:00,0,,
1/13/24 19:00,0,,
1/13/24 20:00,0,,
1/13/24 21:00,0,,
1/13/24 22:00,0,,
1/13/24 23:00,0,,
1/14/24,0,,
1/14/24 1:00,0,,
1/14/24 2:00,0,,
1/14/24 3:00,0,,
1/14/24 4:00,0,,
1/14/24 5:00,0,,
1/14/24 6:00,0,,
1/14/24 7:00,0,,
1/14/24 8:00,1,,
1/14/24 9:00,3,,
1/14/24 10:00,4,,
1/14/24 11:00,6,,
1/14/24 12:00,5,,
1/14/24 13:00,4,,
1/14/24 14:00,3,,
1/14/24 15:00,2,,
1/14/24 16:00,1,,
1/14/24 17:00,0,,
1/14/24 18:00,0,,
1/14/24 19:00,0,,
1/14/24 20:00,0,,
1/14/24 21:00,0,,
1/14/24 22:00,0,,
1/14/24 23:00,0,,
1/15/24,0,,
1/15/24 1:00,0,,
1/15/24 2:00,0,,
1/15/24 3:00,0,,
1/15/24 4:00,0,,
1/15/24 5:00,0,,
1/15/24 6:00,0,,
1/15/24 7:00,0,,
1/15/24 8:00,2,,
1/15/24 9:00,5,,
1/15/24 10:00,8,,
1/15/24 11:00,12,,
1/15/24 12:00,13,,
1/15/24 13:00,11,,
1/15/24 14:00,7,,
1/15/24 15:00,6,,
1/15/24 16:00,2,,
1/15/24 17:00,0,,
1/15/24 18:00,0,,
1/15/24 19:00,0,,
1/15/24 20:00,0,,
1/15/24 21:00,0,,
1/15/24 22:00,0,,
1/15/24 23:00,0,,
1/16/24,0,,
1/16/24 1:00,0,,
1/16/24 2:00,0,,
1/16/24 3:00,0,,
1/16/24 4:00,0,,
1/16/24 5:00,0,,
1/16/24 6:00,0,,
1/16/24 7:00,0,,
1/16/24 8:00,2,,
1/16/24 9:00,5,,
1/16/24 10:00,9,,
1/16/24 11:00,12,,
1/16/24 12:00,13,,
1/16/24 13:00,10,,
1/16/24 14:00,6,,
1/16/24 15:00,6,,
1/16/24 16:00,2,,
1/16/24 17:00,0,,
1/16/24 18:00,0,,
1/16/24 19:00,0,,
1/16/24 20:00,0,,
1/16/24 21:00,0,,
1/16/24 22:00,0,,
1/16/24 23:00,0,,
1/17/24,0,,
1/17/24 1:00,0,,
1/17/24 2:00,0,,
1/17/24 3:00,0,,
1/17/24 4:00,0,,
1/17/24 5:00,0,,
1/17/24 6:00,0,,
1/17/24 7:00,0,,
1/17/24 8:00,1,,
1/17/24 9:00,2,,
1/17/24 10:00,1,,
1/17/24 11:00,1,,
1/17/24 12:00,1,,
1/17/24 13:00,4,,
1/17/24 14:00,5,,
1/17/24 15:00,4,,
1/17/24 16:00,2,,
1/17/24 17:00,0,,
1/17/24 18:00,0,,
1/17/24 19:00,0,,
1/17/24 20:00,0,,
1/17/24 21:00,0,,
1/17/24 22:00,0,,
1/17/24 23:00,0,,
1/18/24,0,,
1/18/24 1:00,0,,
1/18/24 2:00,0,,
1/18/24 3:00,0,,
1/18/24 4:00,0,,
1/18/24 5:00,0,,
1/18/24 6:00,0,,
1/18/24 7:00,0,,
1/18/24 8:00,1,,
1/18/24 9:00,5,,
1/18/24 10:00,9,,
1/18/24 11:00,12,,
1/18/24 12:00,13,,
1/18/24 13:00,11,,
1/18/24 14:00,7,,
1/18/24 15:00,5,,
1/18/24 16:00,2,,
1/18/24 17:00,0,,
1/18/24 18:00,0,,
1/18/24 19:00,0,,
1/18/24 20:00,0,,
1/18/24 21:00,0,,
1/18/24 22:00,0,,
1/18/24 23:00,0,,
1/19/24,0,,
1/19/24 1:00,0,,
1/19/24 2:00,0,,
1/19/24 3:00,0,,
1/19/24 4:00,0,,
1/19/24 5:00,0,,
1/19/24 6:00,0,,
1/19/24 7:00,0,,
1/19/24 8:00,1,,
1/19/24 9:00,2,,
1/19/24 10:00,6,,
1/19/24 11:00,8,,
1/19/24 12:00,8,,
1/19/24 13:00,10,,
1/19/24 14:00,8,,
1/19/24 15:00,6,,
1/19/24 16:00,2,,
1/19/24 17:00,0,,
1/19/24 18:00,0,,
1/19/24 19:00,0,,
1/19/24 20:00,0,,
1/19/24 21:00,0,,
1/19/24 22:00,0,,
1/19/24 23:00,0,,
1/20/24,0,,
1/20/24 1:00,0,,
1/20/24 2:00,0,,
1/20/24 3:00,0,,
1/20/24 4:00,0,,
1/20/24 5:00,0,,
1/20/24 6:00,0,,
1/20/24 7:00,0,,
1/20/24 8:00,1,,
1/20/24 9:00,4,,
1/20/24 10:00,5,,
1/20/24 11:00,5,,
1/20/24 12:00,4,,
1/20/24 13:00,9,,
1/20/24 14:00,5,,
1/20/24 15:00,2,,
1/20/24 16:00,2,,
1/20/24 17:00,0,,
1/20/24 18:00,0,,
1/20/24 19:00,0,,
1/20/24 20:00,0,,
1/20/24 21:00,0,,
1/20/24 22:00,0,,
1/20/24 23:00,0,,
1/21/24,0,,
1/21/24 1:00,0,,
1/21/24 2:00,0,,
1/21/24 3:00,0,,
1/21/24 4:00,0,,
1/21/24 5:00,0,,
1/21/24 6:00,0,,
1/21/24 7:00,0,,
1/21/24 8:00,1,,
1/21/24 9:00,4,,
1/21/24 10:00,4,,
1/21/24 11:00,5,,
1/21/24 12:00,5,,
1/21/24 13:00,5,,
1/21/24 14:00,4,,
1/21/24 15:00,3,,
1/21/24 16:00,1,,
1/21/24 17:00,0,,
1/21/24 18:00,0,,
1/21/24 19:00,0,,
1/21/24 20:00,0,,
1/21/24 21:00,0,,
1/21/24 22:00,0,,
1/21/24 23:00,0,,
1/22/24,0,,
1/22/24 1:00,0,,
1/22/24 2:00,0,,
1/22/24 3:00,0,,
1/22/24 4:00,0,,
1/22/24 5:00,0,,
1/22/24 6:00,0,,
1/22/24 7:00,0,,
1/22/24 8:00,1,,
1/22/24 9:00,3,,
1/22/24 10:00,5,,
1/22/24 11:00,7,,
1/22/24 12:00,8,,
1/22/24 13:00,9,,
1/22/24 14:00,7,,
1/22/24 15:00,4,,
1/22/24 16:00,1,,
1/22/24 17:00,0,,
1/22/24 18:00,0,,
1/22/24 19:00,0,,
1/22/24 20:00,0,,
1/22/24 21:00,0,,
1/22/24 22:00,0,,
1/22/24 23:00,0,,
1/23/24,0,,
1/23/24 1:00,0,,
1/23/24 2:00,0,,
1/23/24 3:00,0,,
1/23/24 4:00,0,,
1/23/24 5:00,0,,
1/23/24 6:00,0,,
1/23/24 7:00,0,,
1/23/24 8:00,1,,
1/23/24 9:00,4,,
1/23/24 10:00,6,,
1/23/24 11:00,7,,
1/23/24 12:00,7,,
1/23/24 13:00,6,,
1/23/24 14:00,6,,
1/23/24 15:00,4,,
1/23/24 16:00,2,,
1/23/24 17:00,0,,
1/23/24 18:00,0,,
1/23/24 19:00,0,,
1/23/24 20:00,0,,
1/23/24 21:00,0,,
1/23/24 22:00,0,,
1/23/24 23:00,0,,
1/24/24,0,,
1/24/24 1:00,0,,
1/24/24 2:00,0,,
1/24/24 3:00,0,,
1/24/24 4:00,0,,
1/24/24 5:00,0,,
1/24/24 6:00,0,,
1/24/24 7:00,0,,
1/24/24 8:00,2,,
1/24/24 9:00,4,,
1/24/24 10:00,9,,
1/24/24 11:00,12,,
1/24/24 12:00,11,,
1/24/24 13:00,10,,
1/24/24 14:00,5,,
1/24/24 15:00,4,,
1/24/24 16:00,3,,
1/24/24 17:00,0,,
1/24/24 18:00,0,,
1/24/24 19:00,0,,
1/24/24 20:00,0,,
1/24/24 21:00,0,,
1/24/24 22:00,0,,
1/24/24 23:00,0,,
1/25/24,0,,
1/25/24 1:00,0,,
1/25/24 2:00,0,,
1/25/24 3:00,0,,
1/25/24 4:00,0,,
1/25/24 5:00,0,,
1/25/24 6:00,0,,
1/25/24 7:00,0,,
1/25/24 8:00,1,,
1/25/24 9:00,2,,
1/25/24 10:00,2,,
1/25/24 11:00,2,,
1/25/24 12:00,3,,
1/25/24 13:00,2,,
1/25/24 14:00,1,,
1/25/24 15:00,1,,
1/25/24 16:00,0,,
1/25/24 17:00,0,,
1/25/24 18:00,0,,
1/25/24 19:00,0,,
1/25/24 20:00,0,,
1/25/24 21:00,0,,
1/25/24 22:00,0,,
1/25/24 23:00,0,,
1/26/24,0,,
1/26/24 1:00,0,,
1/26/24 2:00,0,,
1/26/24 3:00,0,,
1/26/24 4:00,0,,
1/26/24 5:00,0,,
1/26/24 6:00,0,,
1/26/24 7:00,0,,
1/26/24 8:00,1,,
1/26/24 9:00,3,,
1/26/24 10:00,8,,
1/26/24 11:00,12,,
1/26/24 12:00,11,,
1/26/24 13:00,9,,
1/26/24 14:00,7,,
1/26/24 15:00,7,,
1/26/24 16:00,3,,
1/26/24 17:00,0,,
1/26/24 18:00,0,,
1/26/24 19:00,0,,
1/26/24 20:00,0,,
1/26/24 21:00,0,,
1/26/24 22:00,0,,
1/26/24 23:00,0,,
1/27/24,0,,
1/27/24 1:00,0,,
1/27/24 2:00,0,,
1/27/24 3:00,0,,
1/27/24 4:00,0,,
1/27/24 5:00,0,,
1/27/24 6:00,0,,
1/27/24 7:00,0,,
1/27/24 8:00,2,,
1/27/24 9:00,5,,
1/27/24 10:00,9,,
1/27/24 11:00,12,,
1/27/24 12:00,12,,
1/27/24 13:00,11,,
1/27/24 14:00,7,,
1/27/24 15:00,6,,
1/27/24 16:00,2,,
1/27/24 17:00,0,,
1/27/24 18:00,0,,
1/27/24 19:00,0,,
1/27/24 20:00,0,,
1/27/24 21:00,0,,
1/27/24 22:00,0,,
1/27/24 23:00,0,,
1/28/24,0,,
1/28/24 1:00,0,,
1/28/24 2:00,0,,
1/28/24 3:00,0,,
1/28/24 4:00,0,,
1/28/24 5:00,0,,
1/28/24 6:00,0,,
1/28/24 7:00,0,,
1/28/24 8:00,2,,
1/28/24 9:00,6,,
1/28/24 10:00,9,,
1/28/24 11:00,9,,
1/28/24 12:00,12,,
1/28/24 13:00,10,,
1/28/24 14:00,7,,
1/28/24 15:00,7,,
1/28/24 16:00,3,,
1/28/24 17:00,0,,
1/28/24 18:00,0,,
1/28/24 19:00,0,,
1/28/24 20:00,0,,
1/28/24 21:00,0,,
1/28/24 22:00,0,,
1/28/24 23:00,0,,
1/29/24,0,,
1/29/24 1:00,0,,
1/29/24 2:00,0,,
1/29/24 3:00,0,,
1/29/24 4:00,0,,
1/29/24 5:00,0,,
1/29/24 6:00,0,,
1/29/24 7:00,0,,
1/29/24 8:00,2,,
1/29/24 9:00,6,,
1/29/24 10:00,9,,
1/29/24 11:00,12,,
1/29/24 12:00,13,,
1/29/24 13:00,10,,
1/29/24 14:00,7,,
1/29/24 15:00,6,,
1/29/24 16:00,3,,
1/29/24 17:00,0,,
1/29/24 18:00,0,,
1/29/24 19:00,0,,
1/29/24 20:00,0,,
1/29/24 21:00,0,,
1/29/24 22:00,0,,
1/29/24 23:00,0,,
1/30/24,0,,
1/30/24 1:00,0,,
1/30/24 2:00,0,,
1/30/24 3:00,0,,
1/30/24 4:00,0,,
1/30/24 5:00,0,,
1/30/24 6:00,0,,
1/30/24 7:00,0,,
1/30/24 8:00,2,,
1/30/24 9:00,6,,
1/30/24 10:00,10,,
1/30/24 11:00,12,,
1/30/24 12:00,13,,
1/30/24 13:00,10,,
1/30/24 14:00,7,,
1/30/24 15:00,7,,
1/30/24 16:00,3,,
1/30/24 17:00,0,,
1/30/24 18:00,0,,
1/30/24 19:00,0,,
1/30/24 20:00,0,,
1/30/24 21:00,0,,
1/30/24 22:00,0,,
1/30/24 23:00,0,,
1/31/24,0,,
1/31/24 1:00,0,,
1/31/24 2:00,0,,
1/31/24 3:00,0,,
1/31/24 4:00,0,,
1/31/24 5:00,0,,
1/31/24 6:00,0,,
1/31/24 7:00,0,,
1/31/24 8:00,2,,
1/31/24 9:00,6,,
1/31/24 10:00,10,,
1/31/24 11:00,13,,
1/31/24 12:00,14,,
1/31/24 13:00,11,,
1/31/24 14:00,7,,
1/31/24 15:00,7,,
1/31/24 16:00,3,,
1/31/24 17:00,1,,
1/31/24 18:00,0,,
1/31/24 19:00,0,,
1/31/24 20:00,0,,
1/31/24 21:00,0,,
1/31/24 22:00,0,,
1/31/24 23:00,0,,
2/1/24,0,,
2/1/24 1:00,0,,
2/1/24 2:00,0,,
2/1/24 3:00,0,,
2/1/24 4:00,0,,
2/1/24 5:00,0,,
2/1/24 6:00,0,,
2/1/24 7:00,0,,
2/1/24 8:00,2,,
2/1/24 9:00,5,,
2/1/24 10:00,8,,
2/1/24 11:00,9,,
2/1/24 12:00,8,,
2/1/24 13:00,6,,
2/1/24 14:00,4,,
2/1/24 15:00,3,,
2/1/24 16:00,1,,
2/1/24 17:00,0,,
2/1/24 18:00,0,,
2/1/24 19:00,0,,
2/1/24 20:00,0,,
2/1/24 21:00,0,,
2/1/24 22:00,0,,
2/1/24 23:00,0,,
2/2/24,0,,
2/2/24 1:00,0,,
2/2/24 2:00,0,,
2/2/24 3:00,0,,
2/2/24 4:00,0,,
2/2/24 5:00,0,,
2/2/24 6:00,0,,
2/2/24 7:00,0,,
2/2/24 8:00,1,,
2/2/24 9:00,3,,
2/2/24 10:00,2,,
2/2/24 11:00,4,,
2/2/24 12:00,4,,
2/2/24 13:00,4,,
2/2/24 14:00,2,,
2/2/24 15:00,1,,
2/2/24 16:00,1,,
2/2/24 17:00,0,,
2/2/24 18:00,0,,
2/2/24 19:00,0,,
2/2/24 20:00,0,,
2/2/24 21:00,0,,
2/2/24 22:00,0,,
2/2/24 23:00,0,,
2/3/24,0,,
2/3/24 1:00,0,,
2/3/24 2:00,0,,
2/3/24 3:00,0,,
2/3/24 4:00,0,,
2/3/24 5:00,0,,
2/3/24 6:00,0,,
2/3/24 7:00,0,,
2/3/24 8:00,1,,
2/3/24 9:00,4,,
2/3/24 10:00,5,,
2/3/24 11:00,8,,
2/3/24 12:00,10,,
2/3/24 13:00,10,,
2/3/24 14:00,7,,
2/3/24 15:00,4,,
2/3/24 16:00,1,,
2/3/24 17:00,0,,
2/3/24 18:00,0,,
2/3/24 19:00,0,,
2/3/24 20:00,0,,
2/3/24 21:00,0,,
2/3/24 22:00,0,,
2/3/24 23:00,0,,
2/4/24,0,,
2/4/24 1:00,0,,
2/4/24 2:00,0,,
2/4/24 3:00,0,,
2/4/24 4:00,0,,
2/4/24 5:00,0,,
2/4/24 6:00,0,,
2/4/24 7:00,0,,
2/4/24 8:00,3,,
2/4/24 9:00,7,,
2/4/24 10:00,11,,
2/4/24 11:00,14,,
2/4/24 12:00,15,,
2/4/24 13:00,12,,
2/4/24 14:00,7,,
2/4/24 15:00,7,,
2/4/24 16:00,3,,
2/4/24 17:00,1,,
2/4/24 18:00,0,,
2/4/24 19:00,0,,
2/4/24 20:00,0,,
2/4/24 21:00,0,,
2/4/24 22:00,0,,
2/4/24 23:00,0,,
2/5/24,0,,
2/5/24 1:00,0,,
2/5/24 2:00,0,,
2/5/24 3:00,0,,
2/5/24 4:00,0,,
2/5/24 5:00,0,,
2/5/24 6:00,0,,
2/5/24 7:00,0,,
2/5/24 8:00,2,,
2/5/24 9:00,3,,
2/5/24 10:00,7,,
2/5/24 11:00,7,,
2/5/24 12:00,5,,
2/5/24 13:00,2,,
2/5/24 14:00,2,,
2/5/24 15:00,1,,
2/5/24 16:00,0,,
2/5/24 17:00,0,,
2/5/24 18:00,0,,
2/5/24 19:00,0,,
2/5/24 20:00,0,,
2/5/24 21:00,0,,
2/5/24 22:00,0,,
2/5/24 23:00,0,,
2/6/24,0,,
2/6/24 1:00,0,,
2/6/24 2:00,0,,
2/6/24 3:00,0,,
2/6/24 4:00,0,,
2/6/24 5:00,0,,
2/6/24 6:00,0,,
2/6/24 7:00,0,,
2/6/24 8:00,2,,
2/6/24 9:00,5,,
2/6/24 10:00,6,,
2/6/24 11:00,9,,
2/6/24 12:00,8,,
2/6/24 13:00,5,,
2/6/24 14:00,4,,
2/6/24 15:00,2,,
2/6/24 16:00,1,,
2/6/24 17:00,0,,
2/6/24 18:00,0,,
2/6/24 19:00,0,,
2/6/24 20:00,0,,
2/6/24 21:00,0,,
2/6/24 22:00,0,,
2/6/24 23:00,0,,
2/7/24,0,,
2/7/24 1:00,0,,
2/7/24 2:00,0,,
2/7/24 3:00,0,,
2/7/24 4:00,0,,
2/7/24 5:00,0,,
2/7/24 6:00,0,,
2/7/24 7:00,0,,
2/7/24 8:00,0,,
2/7/24 9:00,1,,
2/7/24 10:00,1,,
2/7/24 11:00,2,,
2/7/24 12:00,3,,
2/7/24 13:00,2,,
2/7/24 14:00,2,,
2/7/24 15:00,2,,
2/7/24 16:00,1,,
2/7/24 17:00,0,,
2/7/24 18:00,0,,
2/7/24 19:00,0,,
2/7/24 20:00,0,,
2/7/24 21:00,0,,
2/7/24 22:00,0,,
2/7/24 23:00,0,,
2/8/24,0,,
2/8/24 1:00,0,,
2/8/24 2:00,0,,
2/8/24 3:00,0,,
2/8/24 4:00,0,,
2/8/24 5:00,0,,
2/8/24 6:00,0,,
2/8/24 7:00,0,,
2/8/24 8:00,1,,
2/8/24 9:00,4,,
2/8/24 10:00,6,,
2/8/24 11:00,7,,
2/8/24 12:00,7,,
2/8/24 13:00,11,,
2/8/24 14:00,9,,
2/8/24 15:00,6,,
2/8/24 16:00,3,,
2/8/24 17:00,1,,
2/8/24 18:00,0,,
2/8/24 19:00,0,,
2/8/24 20:00,0,,
2/8/24 21:00,0,,
2/8/24 22:00,0,,
2/8/24 23:00,0,,
2/9/24,0,,
2/9/24 1:00,0,,
2/9/24 2:00,0,,
2/9/24 3:00,0,,
2/9/24 4:00,0,,
2/9/24 5:00,0,,
2/9/24 6:00,0,,
2/9/24 7:00,0,,
2/9/24 8:00,0,,
2/9/24 9:00,1,,
2/9/24 10:00,3,,
2/9/24 11:00,4,,
2/9/24 12:00,8,,
2/9/24 13:00,5,,
2/9/24 14:00,8,,
2/9/24 15:00,7,,
2/9/24 16:00,4,,
2/9/24 17:00,1,,
2/9/24 18:00,0,,
2/9/24 19:00,0,,
2/9/24 20:00,0,,
2/9/24 21:00,0,,
2/9/24 22:00,0,,
2/9/24 23:00,0,,
2/10/24,0,,
2/10/24 1:00,0,,
2/10/24 2:00,0,,
2/10/24 3:00,0,,
2/10/24 4:00,0,,
2/10/24 5:00,0,,
2/10/24 6:00,0,,
2/10/24 7:00,0,,
2/10/24 8:00,3,,
2/10/24 9:00,7,,
2/10/24 10:00,12,,
2/10/24 11:00,14,,
2/10/24 12:00,15,,
2/10/24 13:00,11,,
2/10/24 14:00,7,,
2/10/24 15:00,5,,
2/10/24 16:00,3,,
2/10/24 17:00,1,,
2/10/24 18:00,0,,
2/10/24 19:00,0,,
2/10/24 20:00,0,,
2/10/24 21:00,0,,
2/10/24 22:00,0,,
2/10/24 23:00,0,,
2/11/24,0,,
2/11/24 1:00,0,,
2/11/24 2:00,0,,
2/11/24 3:00,0,,
2/11/24 4:00,0,,
2/11/24 5:00,0,,
2/11/24 6:00,0,,
2/11/24 7:00,0,,
2/11/24 8:00,3,,
2/11/24 9:00,8,,
2/11/24 10:00,12,,
2/11/24 11:00,15,,
2/11/24 12:00,16,,
2/11/24 13:00,12,,
2/11/24 14:00,9,,
2/11/24 15:00,9,,
2/11/24 16:00,5,,
2/11/24 17:00,1,,
2/11/24 18:00,0,,
2/11/24 19:00,0,,
2/11/24 20:00,0,,
2/11/24 21:00,0,,
2/11/24 22:00,0,,
2/11/24 23:00,0,,
2/12/24,0,,
2/12/24 1:00,0,,
2/12/24 2:00,0,,
2/12/24 3:00,0,,
2/12/24 4:00,0,,
2/12/24 5:00,0,,
2/12/24 6:00,0,,
2/12/24 7:00,0,,
2/12/24 8:00,3,,
2/12/24 9:00,7,,
2/12/24 10:00,11,,
2/12/24 11:00,13,,
2/12/24 12:00,15,,
2/12/24 13:00,11,,
2/12/24 14:00,9,,
2/12/24 15:00,8,,
2/12/24 16:00,4,,
2/12/24 17:00,1,,
2/12/24 18:00,0,,
2/12/24 19:00,0,,
2/12/24 20:00,0,,
2/12/24 21:00,0,,
2/12/24 22:00,0,,
2/12/24 23:00,0,,
2/13/24,0,,
2/13/24 1:00,0,,
2/13/24 2:00,0,,
2/13/24 3:00,0,,
2/13/24 4:00,0,,
2/13/24 5:00,0,,
2/13/24 6:00,0,,
2/13/24 7:00,0,,
2/13/24 8:00,3,,
2/13/24 9:00,7,,
2/13/24 10:00,12,,
2/13/24 11:00,14,,
2/13/24 12:00,15,,
2/13/24 13:00,12,,
2/13/24 14:00,9,,
2/13/24 15:00,7,,
2/13/24 16:00,3,,
2/13/24 17:00,1,,
2/13/24 18:00,0,,
2/13/24 19:00,0,,
2/13/24 20:00,0,,
2/13/24 21:00,0,,
2/13/24 22:00,0,,
2/13/24 23:00,0,,
2/14/24,0,,
2/14/24 1:00,0,,
2/14/24 2:00,0,,
2/14/24 3:00,0,,
2/14/24 4:00,0,,
2/14/24 5:00,0,,
2/14/24 6:00,0,,
2/14/24 7:00,0,,
2/14/24 8:00,3,,
2/14/24 9:00,8,,
2/14/24 10:00,11,,
2/14/24 11:00,10,,
2/14/24 12:00,11,,
2/14/24 13:00,11,,
2/14/24 14:00,7,,
2/14/24 15:00,6,,
2/14/24 16:00,3,,
2/14/24 17:00,1,,
2/14/24 18:00,0,,
2/14/24 19:00,0,,
2/14/24 20:00,0,,
2/14/24 21:00,0,,
2/14/24 22:00,0,,
2/14/24 23:00,0,,
2/15/24,0,,
2/15/24 1:00,0,,
2/15/24 2:00,0,,
2/15/24 3:00,0,,
2/15/24 4:00,0,,
2/15/24 5:00,0,,
2/15/24 6:00,0,,
2/15/24 7:00,0,,
2/15/24 8:00,1,,
2/15/24 9:00,1,,
2/15/24 10:00,1,,
2/15/24 11:00,2,,
2/15/24 12:00,6,,
2/15/24 13:00,10,,
2/15/24 14:00,7,,
2/15/24 15:00,5,,
2/15/24 16:00,5,,
2/15/24 17:00,1,,
2/15/24 18:00,0,,
2/15/24 19:00,0,,
2/15/24 20:00,0,,
2/15/24 21:00,0,,
2/15/24 22:00,0,,
2/15/24 23:00,0,,
2/16/24,0,,
2/16/24 1:00,0,,
2/16/24 2:00,0,,
2/16/24 3:00,0,,
2/16/24 4:00,0,,
2/16/24 5:00,0,,
2/16/24 6:00,0,,
2/16/24 7:00,0,,
2/16/24 8:00,1,,
2/16/24 9:00,3,,
2/16/24 10:00,6,,
2/16/24 11:00,3,,
2/16/24 12:00,5,,
2/16/24 13:00,4,,
2/16/24 14:00,2,,
2/16/24 15:00,2,,
2/16/24 16:00,2,,
2/16/24 17:00,0,,
2/16/24 18:00,0,,
2/16/24 19:00,0,,
2/16/24 20:00,0,,
2/16/24 21:00,0,,
2/16/24 22:00,0,,
2/16/24 23:00,0,,
2/17/24,0,,
2/17/24 1:00,0,,
2/17/24 2:00,0,,
2/17/24 3:00,0,,
2/17/24 4:00,0,,
2/17/24 5:00,0,,
2/17/24 6:00,0,,
2/17/24 7:00,1,,
2/17/24 8:00,4,,
2/17/24 9:00,7,,
2/17/24 10:00,12,,
2/17/24 11:00,15,,
2/17/24 12:00,17,,
2/17/24 13:00,12,,
2/17/24 14:00,9,,
2/17/24 15:00,8,,
2/17/24 16:00,5,,
2/17/24 17:00,1,,
2/17/24 18:00,0,,
2/17/24 19:00,0,,
2/17/24 20:00,0,,
2/17/24 21:00,0,,
2/17/24 22:00,0,,
2/17/24 23:00,0,,
2/18/24,0,,
2/18/24 1:00,0,,
2/18/24 2:00,0,,
2/18/24 3:00,0,,
2/18/24 4:00,0,,
2/18/24 5:00,0,,
2/18/24 6:00,0,,
2/18/24 7:00,0,,
2/18/24 8:00,1,,
2/18/24 9:00,2,,
2/18/24 10:00,7,,
2/18/24 11:00,10,,
2/18/24 12:00,10,,
2/18/24 13:00,4,,
2/18/24 14:00,5,,
2/18/24 15:00,9,,
2/18/24 16:00,5,,
2/18/24 17:00,1,,
2/18/24 18:00,0,,
2/18/24 19:00,0,,
2/18/24 20:00,0,,
2/18/24 21:00,0,,
2/18/24 22:00,0,,
2/18/24 23:00,0,,
2/19/24,0,,
2/19/24 1:00,0,,
2/19/24 2:00,0,,
2/19/24 3:00,0,,
2/19/24 4:00,0,,
2/19/24 5:00,0,,
2/19/24 6:00,0,,
2/19/24 7:00,0,,
2/19/24 8:00,2,,
2/19/24 9:00,6,,
2/19/24 10:00,6,,
2/19/24 11:00,8,,
2/19/24 12:00,12,,
2/19/24 13:00,10,,
2/19/24 14:00,9,,
2/19/24 15:00,2,,
2/19/24 16:00,1,,
2/19/24 17:00,0,,
2/19/24 18:00,0,,
2/19/24 19:00,0,,
2/19/24 20:00,0,,
2/19/24 21:00,0,,
2/19/24 22:00,0,,
2/19/24 23:00,0,,
2/20/24,0,,
2/20/24 1:00,0,,
2/20/24 2:00,0,,
2/20/24 3:00,0,,
2/20/24 4:00,0,,
2/20/24 5:00,0,,
2/20/24 6:00,0,,
2/20/24 7:00,0,,
2/20/24 8:00,3,,
2/20/24 9:00,6,,
2/20/24 10:00,2,,
2/20/24 11:00,5,,
2/20/24 12:00,13,,
2/20/24 13:00,11,,
2/20/24 14:00,5,,
2/20/24 15:00,3,,
2/20/24 16:00,1,,
2/20/24 17:00,0,,
2/20/24 18:00,0,,
2/20/24 19:00,0,,
2/20/24 20:00,0,,
2/20/24 21:00,0,,
2/20/24 22:00,0,,
2/20/24 23:00,0,,
2/21/24,0,,
2/21/24 1:00,0,,
2/21/24 2:00,0,,
2/21/24 3:00,0,,
2/21/24 4:00,0,,
2/21/24 5:00,0,,
2/21/24 6:00,0,,
2/21/24 7:00,0,,
2/21/24 8:00,2,,
2/21/24 9:00,4,,
2/21/24 10:00,5,,
2/21/24 11:00,6,,
2/21/24 12:00,4,,
2/21/24 13:00,9,,
2/21/24 14:00,4,,
2/21/24 15:00,3,,
2/21/24 16:00,2,,
2/21/24 17:00,1,,
2/21/24 18:00,0,,
2/21/24 19:00,0,,
2/21/24 20:00,0,,
2/21/24 21:00,0,,
2/21/24 22:00,0,,
2/21/24 23:00,0,,
2/22/24,0,,
2/22/24 1:00,0,,
2/22/24 2:00,0,,
2/22/24 3:00,0,,
2/22/24 4:00,0,,
2/22/24 5:00,0,,
2/22/24 6:00,0,,
2/22/24 7:00,0,,
2/22/24 8:00,3,,
2/22/24 9:00,7,,
2/22/24 10:00,13,,
2/22/24 11:00,15,,
2/22/24 12:00,15,,
2/22/24 13:00,7,,
2/22/24 14:00,9,,
2/22/24 15:00,9,,
2/22/24 16:00,5,,
2/22/24 17:00,2,,
2/22/24 18:00,0,,
2/22/24 19:00,0,,
2/22/24 20:00,0,,
2/22/24 21:00,0,,
2/22/24 22:00,0,,
2/22/24 23:00,0,,
2/23/24,0,,
2/23/24 1:00,0,,
2/23/24 2:00,0,,
2/23/24 3:00,0,,
2/23/24 4:00,0,,
2/23/24 5:00,0,,
2/23/24 6:00,0,,
2/23/24 7:00,1,,
2/23/24 8:00,4,,
2/23/24 9:00,9,,
2/23/24 10:00,13,,
2/23/24 11:00,16,,
2/23/24 12:00,17,,
2/23/24 13:00,12,,
2/23/24 14:00,10,,
2/23/24 15:00,10,,
2/23/24 16:00,5,,
2/23/24 17:00,2,,
2/23/24 18:00,0,,
2/23/24 19:00,0,,
2/23/24 20:00,0,,
2/23/24 21:00,0,,
2/23/24 22:00,0,,
2/23/24 23:00,0,,
2/24/24,0,,
2/24/24 1:00,0,,
2/24/24 2:00,0,,
2/24/24 3:00,0,,
2/24/24 4:00,0,,
2/24/24 5:00,0,,
2/24/24 6:00,0,,
2/24/24 7:00,1,,
2/24/24 8:00,4,,
2/24/24 9:00,9,,
2/24/24 10:00,13,,
2/24/24 11:00,15,,
2/24/24 12:00,17,,
2/24/24 13:00,12,,
2/24/24 14:00,10,,
2/24/24 15:00,10,,
2/24/24 16:00,5,,
2/24/24 17:00,2,,
2/24/24 18:00,0,,
2/24/24 19:00,0,,
2/24/24 20:00,0,,
2/24/24 21:00,0,,
2/24/24 22:00,0,,
2/24/24 23:00,0,,
2/25/24,0,,
2/25/24 1:00,0,,
2/25/24 2:00,0,,
2/25/24 3:00,0,,
2/25/24 4:00,0,,
2/25/24 5:00,0,,
2/25/24 6:00,0,,
2/25/24 7:00,1,,
2/25/24 8:00,4,,
2/25/24 9:00,9,,
2/25/24 10:00,14,,
2/25/24 11:00,17,,
2/25/24 12:00,18,,
2/25/24 13:00,12,,
2/25/24 14:00,11,,
2/25/24 15:00,11,,
2/25/24 16:00,6,,
2/25/24 17:00,2,,
2/25/24 18:00,0,,
2/25/24 19:00,0,,
2/25/24 20:00,0,,
2/25/24 21:00,0,,
2/25/24 22:00,0,,
2/25/24 23:00,0,,
2/26/24,0,,
2/26/24 1:00,0,,
2/26/24 2:00,0,,
2/26/24 3:00,0,,
2/26/24 4:00,0,,
2/26/24 5:00,0,,
2/26/24 6:00,0,,
2/26/24 7:00,1,,
2/26/24 8:00,4,,
2/26/24 9:00,6,,
2/26/24 10:00,7,,
2/26/24 11:00,16,,
2/26/24 12:00,18,,
2/26/24 13:00,8,,
2/26/24 14:00,3,,
2/26/24 15:00,3,,
2/26/24 16:00,4,,
2/26/24 17:00,1,,
2/26/24 18:00,0,,
2/26/24 19:00,0,,
2/26/24 20:00,0,,
2/26/24 21:00,0,,
2/26/24 22:00,0,,
2/26/24 23:00,0,,
2/27/24,0,,
2/27/24 1:00,0,,
2/27/24 2:00,0,,
2/27/24 3:00,0,,
2/27/24 4:00,0,,
2/27/24 5:00,0,,
2/27/24 6:00,0,,
2/27/24 7:00,0,,
2/27/24 8:00,1,,
2/27/24 9:00,4,,
2/27/24 10:00,9,,
2/27/24 11:00,15,,
2/27/24 12:00,19,,
2/27/24 13:00,10,,
2/27/24 14:00,11,,
2/27/24 15:00,12,,
2/27/24 16:00,6,,
2/27/24 17:00,2,,
2/27/24 18:00,0,,
2/27/24 19:00,0,,
2/27/24 20:00,0,,
2/27/24 21:00,0,,
2/27/24 22:00,0,,
2/27/24 23:00,0,,
2/28/24,0,,
2/28/24 1:00,0,,
2/28/24 2:00,0,,
2/28/24 3:00,0,,
2/28/24 4:00,0,,
2/28/24 5:00,0,,
2/28/24 6:00,0,,
2/28/24 7:00,1,,
2/28/24 8:00,5,,
2/28/24 9:00,10,,
2/28/24 10:00,14,,
2/28/24 11:00,18,,
2/28/24 12:00,19,,
2/28/24 13:00,11,,
2/28/24 14:00,12,,
2/28/24 15:00,11,,
2/28/24 16:00,6,,
2/28/24 17:00,2,,
2/28/24 18:00,0,,
2/28/24 19:00,0,,
2/28/24 20:00,0,,
2/28/24 21:00,0,,
2/28/24 22:00,0,,
2/28/24 23:00,0,,
2/29/24,0,,
2/29/24 1:00,0,,
2/29/24 2:00,0,,
2/29/24 3:00,0,,
2/29/24 4:00,0,,
2/29/24 5:00,0,,
2/29/24 6:00,0,,
2/29/24 7:00,1,,
2/29/24 8:00,3,,
2/29/24 9:00,7,,
2/29/24 10:00,13,,
2/29/24 11:00,16,,
2/29/24 12:00,17,,
2/29/24 13:00,12,,
2/29/24 14:00,11,,
2/29/24 15:00,7,,
2/29/24 16:00,5,,
2/29/24 17:00,2,,
2/29/24 18:00,0,,
2/29/24 19:00,0,,
2/29/24 20:00,0,,
2/29/24 21:00,0,,
2/29/24 22:00,0,,
2/29/24 23:00,0,,
3/1/24,0,,
3/1/24 1:00,0,,
3/1/24 2:00,0,,
3/1/24 3:00,0,,
3/1/24 4:00,0,,
3/1/24 5:00,0,,
3/1/24 6:00,0,,
3/1/24 7:00,1,,
3/1/24 8:00,4,,
3/1/24 9:00,10,,
3/1/24 10:00,13,,
3/1/24 11:00,16,,
3/1/24 12:00,18,,
3/1/24 13:00,11,,
3/1/24 14:00,10,,
3/1/24 15:00,10,,
3/1/24 16:00,5,,
3/1/24 17:00,1,,
3/1/24 18:00,0,,
3/1/24 19:00,0,,
3/1/24 20:00,0,,
3/1/24 21:00,0,,
3/1/24 22:00,0,,
3/1/24 23:00,0,,
3/2/24,0,,
3/2/24 1:00,0,,
3/2/24 2:00,0,,
3/2/24 3:00,0,,
3/2/24 4:00,0,,
3/2/24 5:00,0,,
3/2/24 6:00,0,,
3/2/24 7:00,0,,
3/2/24 8:00,2,,
3/2/24 9:00,4,,
3/2/24 10:00,7,,
3/2/24 11:00,5,,
3/2/24 12:00,4,,
3/2/24 13:00,0,,
3/2/24 14:00,1,,
3/2/24 15:00,0,,
3/2/24 16:00,0,,
3/2/24 17:00,0,,
3/2/24 18:00,0,,
3/2/24 19:00,0,,
3/2/24 20:00,0,,
3/2/24 21:00,0,,
3/2/24 22:00,0,,
3/2/24 23:00,0,,
3/3/24,0,,
3/3/24 1:00,0,,
3/3/24 2:00,0,,
3/3/24 3:00,0,,
3/3/24 4:00,0,,
3/3/24 5:00,0,,
3/3/24 6:00,0,,
3/3/24 7:00,0,,
3/3/24 8:00,1,,
3/3/24 9:00,2,,
3/3/24 10:00,3,,
3/3/24 11:00,8,,
3/3/24 12:00,14,,
3/3/24 13:00,12,,
3/3/24 14:00,10,,
3/3/24 15:00,9,,
3/3/24 16:00,6,,
3/3/24 17:00,2,,
3/3/24 18:00,0,,
3/3/24 19:00,0,,
3/3/24 20:00,0,,
3/3/24 21:00,0,,
3/3/24 22:00,0,,
3/3/24 23:00,0,,
3/4/24,0,,
3/4/24 1:00,0,,
3/4/24 2:00,0,,
3/4/24 3:00,0,,
3/4/24 4:00,0,,
3/4/24 5:00,0,,
3/4/24 6:00,0,,
3/4/24 7:00,1,,
3/4/24 8:00,3,,
3/4/24 9:00,7,,
3/4/24 10:00,13,,
3/4/24 11:00,15,,
3/4/24 12:00,16,,
3/4/24 13:00,12,,
3/4/24 14:00,11,,
3/4/24 15:00,9,,
3/4/24 16:00,6,,
3/4/24 17:00,2,,
3/4/24 18:00,0,,
3/4/24 19:00,0,,
3/4/24 20:00,0,,
3/4/24 21:00,0,,
3/4/24 22:00,0,,
3/4/24 23:00,0,,
3/5/24,0,,
3/5/24 1:00,0,,
3/5/24 2:00,0,,
3/5/24 3:00,0,,
3/5/24 4:00,0,,
3/5/24 5:00,0,,
3/5/24 6:00,0,,
3/5/24 7:00,1,,
3/5/24 8:00,3,,
3/5/24 9:00,6,,
3/5/24 10:00,10,,
3/5/24 11:00,18,,
3/5/24 12:00,13,,
3/5/24 13:00,10,,
3/5/24 14:00,14,,
3/5/24 15:00,12,,
3/5/24 16:00,7,,
3/5/24 17:00,2,,
3/5/24 18:00,0,,
3/5/24 19:00,0,,
3/5/24 20:00,0,,
3/5/24 21:00,0,,
3/5/24 22:00,0,,
3/5/24 23:00,0,,
3/6/24,0,,
3/6/24 1:00,0,,
3/6/24 2:00,0,,
3/6/24 3:00,0,,
3/6/24 4:00,0,,
3/6/24 5:00,0,,
3/6/24 6:00,0,,
3/6/24 7:00,1,,
3/6/24 8:00,4,,
3/6/24 9:00,11,,
3/6/24 10:00,16,,
3/6/24 11:00,11,,
3/6/24 12:00,18,,
3/6/24 13:00,11,,
3/6/24 14:00,8,,
3/6/24 15:00,7,,
3/6/24 16:00,6,,
3/6/24 17:00,2,,
3/6/24 18:00,0,,
3/6/24 19:00,0,,
3/6/24 20:00,0,,
3/6/24 21:00,0,,
3/6/24 22:00,0,,
3/6/24 23:00,0,,
3/7/24,0,,
3/7/24 1:00,0,,
3/7/24 2:00,0,,
3/7/24 3:00,0,,
3/7/24 4:00,0,,
3/7/24 5:00,0,,
3/7/24 6:00,0,,
3/7/24 7:00,1,,
3/7/24 8:00,2,,
3/7/24 9:00,2,,
3/7/24 10:00,3,,
3/7/24 11:00,5,,
3/7/24 12:00,7,,
3/7/24 13:00,8,,
3/7/24 14:00,6,,
3/7/24 15:00,4,,
3/7/24 16:00,3,,
3/7/24 17:00,1,,
3/7/24 18:00,0,,
3/7/24 19:00,0,,
3/7/24 20:00,0,,
3/7/24 21:00,0,,
3/7/24 22:00,0,,
3/7/24 23:00,0,,
3/8/24,0,,
3/8/24 1:00,0,,
3/8/24 2:00,0,,
3/8/24 3:00,0,,
3/8/24 4:00,0,,
3/8/24 5:00,0,,
3/8/24 6:00,0,,
3/8/24 7:00,2,,
3/8/24 8:00,6,,
3/8/24 9:00,11,,
3/8/24 10:00,16,,
3/8/24 11:00,18,,
3/8/24 12:00,19,,
3/8/24 13:00,11,,
3/8/24 14:00,14,,
3/8/24 15:00,11,,
3/8/24 16:00,7,,
3/8/24 17:00,3,,
3/8/24 18:00,0,,
3/8/24 19:00,0,,
3/8/24 20:00,0,,
3/8/24 21:00,0,,
3/8/24 22:00,0,,
3/8/24 23:00,0,,
3/9/24,0,,
3/9/24 1:00,0,,
3/9/24 2:00,0,,
3/9/24 3:00,0,,
3/9/24 4:00,0,,
3/9/24 5:00,0,,
3/9/24 6:00,0,,
3/9/24 7:00,2,,
3/9/24 8:00,6,,
3/9/24 9:00,11,,
3/9/24 10:00,16,,
3/9/24 11:00,19,,
3/9/24 12:00,20,,
3/9/24 13:00,10,,
3/9/24 14:00,14,,
3/9/24 15:00,12,,
3/9/24 16:00,7,,
3/9/24 17:00,2,,
3/9/24 18:00,0,,
3/9/24 19:00,0,,
3/9/24 20:00,0,,
3/9/24 21:00,0,,
3/9/24 22:00,0,,
3/9/24 23:00,0,,
3/10/24,0,,
3/10/24 1:00,0,,
3/10/24 2:00,0,,
3/10/24 3:00,0,,
3/10/24 4:00,0,,
3/10/24 5:00,0,,
3/10/24 6:00,0,,
3/10/24 7:00,2,,
3/10/24 8:00,6,,
3/10/24 9:00,12,,
3/10/24 10:00,16,,
3/10/24 11:00,19,,
3/10/24 12:00,18,,
3/10/24 13:00,11,,
3/10/24 14:00,14,,
3/10/24 15:00,11,,
3/10/24 16:00,6,,
3/10/24 17:00,2,,
3/10/24 18:00,0,,
3/10/24 19:00,0,,
3/10/24 20:00,0,,
3/10/24 21:00,0,,
3/10/24 22:00,0,,
3/10/24 23:00,0,,
3/11/24,0,,
3/11/24 1:00,0,,
3/11/24 2:00,0,,
3/11/24 3:00,0,,
3/11/24 4:00,0,,
3/11/24 5:00,0,,
3/11/24 6:00,0,,
3/11/24 7:00,1,,
3/11/24 8:00,4,,
3/11/24 9:00,7,,
3/11/24 10:00,8,,
3/11/24 11:00,14,,
3/11/24 12:00,15,,
3/11/24 13:00,5,,
3/11/24 14:00,4,,
3/11/24 15:00,4,,
3/11/24 16:00,5,,
3/11/24 17:00,3,,
3/11/24 18:00,0,,
3/11/24 19:00,0,,
3/11/24 20:00,0,,
3/11/24 21:00,0,,
3/11/24 22:00,0,,
3/11/24 23:00,0,,
3/12/24,0,,
3/12/24 1:00,0,,
3/12/24 2:00,0,,
3/12/24 3:00,0,,
3/12/24 4:00,0,,
3/12/24 5:00,0,,
3/12/24 6:00,0,,
3/12/24 7:00,0,,
3/12/24 8:00,2,,
3/12/24 9:00,5,,
3/12/24 10:00,4,,
3/12/24 11:00,3,,
3/12/24 12:00,5,,
3/12/24 13:00,4,,
3/12/24 14:00,6,,
3/12/24 15:00,3,,
3/12/24 16:00,2,,
3/12/24 17:00,1,,
3/12/24 18:00,0,,
3/12/24 19:00,0,,
3/12/24 20:00,0,,
3/12/24 21:00,0,,
3/12/24 22:00,0,,
3/12/24 23:00,0,,
3/13/24,0,,
3/13/24 1:00,0,,
3/13/24 2:00,0,,
3/13/24 3:00,0,,
3/13/24 4:00,0,,
3/13/24 5:00,0,,
3/13/24 6:00,0,,
3/13/24 7:00,1,,
3/13/24 8:00,1,,
3/13/24 9:00,4,,
3/13/24 10:00,7,,
3/13/24 11:00,11,,
3/13/24 12:00,7,,
3/13/24 13:00,6,,
3/13/24 14:00,8,,
3/13/24 15:00,3,,
3/13/24 16:00,6,,
3/13/24 17:00,3,,
3/13/24 18:00,0,,
3/13/24 19:00,0,,
3/13/24 20:00,0,,
3/13/24 21:00,0,,
3/13/24 22:00,0,,
3/13/24 23:00,0,,
3/14/24,0,,
3/14/24 1:00,0,,
3/14/24 2:00,0,,
3/14/24 3:00,0,,
3/14/24 4:00,0,,
3/14/24 5:00,0,,
3/14/24 6:00,0,,
3/14/24 7:00,2,,
3/14/24 8:00,6,,
3/14/24 9:00,8,,
3/14/24 10:00,9,,
3/14/24 11:00,15,,
3/14/24 12:00,17,,
3/14/24 13:00,10,,
3/14/24 14:00,15,,
3/14/24 15:00,11,,
3/14/24 16:00,7,,
3/14/24 17:00,3,,
3/14/24 18:00,0,,
3/14/24 19:00,0,,
3/14/24 20:00,0,,
3/14/24 21:00,0,,
3/14/24 22:00,0,,
3/14/24 23:00,0,,
3/15/24,0,,
3/15/24 1:00,0,,
3/15/24 2:00,0,,
3/15/24 3:00,0,,
3/15/24 4:00,0,,
3/15/24 5:00,0,,
3/15/24 6:00,0,,
3/15/24 7:00,3,,
3/15/24 8:00,7,,
3/15/24 9:00,13,,
3/15/24 10:00,17,,
3/15/24 11:00,21,,
3/15/24 12:00,22,,
3/15/24 13:00,9,,
3/15/24 14:00,15,,
3/15/24 15:00,12,,
3/15/24 16:00,7,,
3/15/24 17:00,3,,
3/15/24 18:00,0,,
3/15/24 19:00,0,,
3/15/24 20:00,0,,
3/15/24 21:00,0,,
3/15/24 22:00,0,,
3/15/24 23:00,0,,
3/16/24,0,,
3/16/24 1:00,0,,
3/16/24 2:00,0,,
3/16/24 3:00,0,,
3/16/24 4:00,0,,
3/16/24 5:00,0,,
3/16/24 6:00,0,,
3/16/24 7:00,3,,
3/16/24 8:00,8,,
3/16/24 9:00,13,,
3/16/24 10:00,18,,
3/16/24 11:00,21,,
3/16/24 12:00,22,,
3/16/24 13:00,9,,
3/16/24 14:00,15,,
3/16/24 15:00,14,,
3/16/24 16:00,8,,
3/16/24 17:00,3,,
3/16/24 18:00,0,,
3/16/24 19:00,0,,
3/16/24 20:00,0,,
3/16/24 21:00,0,,
3/16/24 22:00,0,,
3/16/24 23:00,0,,
3/17/24,0,,
3/17/24 1:00,0,,
3/17/24 2:00,0,,
3/17/24 3:00,0,,
3/17/24 4:00,0,,
3/17/24 5:00,0,,
3/17/24 6:00,0,,
3/17/24 7:00,3,,
3/17/24 8:00,8,,
3/17/24 9:00,13,,
3/17/24 10:00,18,,
3/17/24 11:00,21,,
3/17/24 12:00,22,,
3/17/24 13:00,9,,
3/17/24 14:00,15,,
3/17/24 15:00,14,,
3/17/24 16:00,8,,
3/17/24 17:00,3,,
3/17/24 18:00,0,,
3/17/24 19:00,0,,
3/17/24 20:00,0,,
3/17/24 21:00,0,,
3/17/24 22:00,0,,
3/17/24 23:00,0,,
3/18/24,0,,
3/18/24 1:00,0,,
3/18/24 2:00,0,,
3/18/24 3:00,0,,
3/18/24 4:00,0,,
3/18/24 5:00,0,,
3/18/24 6:00,0,,
3/18/24 7:00,3,,
3/18/24 8:00,8,,
3/18/24 9:00,13,,
3/18/24 10:00,18,,
3/18/24 11:00,21,,
3/18/24 12:00,22,,
3/18/24 13:00,8,,
3/18/24 14:00,15,,
3/18/24 15:00,14,,
3/18/24 16:00,8,,
3/18/24 17:00,3,,
3/18/24 18:00,0,,
3/18/24 19:00,0,,
3/18/24 20:00,0,,
3/18/24 21:00,0,,
3/18/24 22:00,0,,
3/18/24 23:00,0,,
3/19/24,0,,
3/19/24 1:00,0,,
3/19/24 2:00,0,,
3/19/24 3:00,0,,
3/19/24 4:00,0,,
3/19/24 5:00,0,,
3/19/24 6:00,0,,
3/19/24 7:00,3,,
3/19/24 8:00,8,,
3/19/24 9:00,13,,
3/19/24 10:00,18,,
3/19/24 11:00,21,,
3/19/24 12:00,22,,
3/19/24 13:00,8,,
3/19/24 14:00,15,,
3/19/24 15:00,14,,
3/19/24 16:00,9,,
3/19/24 17:00,4,,
3/19/24 18:00,0,,
3/19/24 19:00,0,,
3/19/24 20:00,0,,
3/19/24 21:00,0,,
3/19/24 22:00,0,,
3/19/24 23:00,0,,
3/20/24,0,,
3/20/24 1:00,0,,
3/20/24 2:00,0,,
3/20/24 3:00,0,,
3/20/24 4:00,0,,
3/20/24 5:00,0,,
3/20/24 6:00,0,,
3/20/24 7:00,3,,
3/20/24 8:00,,,
3/20/24 9:00,14,,
3/20/24 10:00,18,,
3/20/24 11:00,21,,
3/20/24 12:00,21,,
3/20/24 13:00,8,,
3/20/24 14:00,16,,
3/20/24 15:00,14,,
3/20/24 16:00,9,,
3/20/24 17:00,4,,
3/20/24 18:00,1,,
3/20/24 19:00,0,,
3/20/24 20:00,0,,
3/20/24 21:00,0,,
3/20/24 22:00,0,,
3/20/24 23:00,0,,
3/21/24,0,,
3/21/24 1:00,0,,
3/21/24 2:00,0,,
3/21/24 3:00,0,,
3/21/24 4:00,0,,
3/21/24 5:00,0,,
3/21/24 6:00,0,,
3/21/24 7:00,1,,
3/21/24 8:00,5,,
3/21/24 9:00,11,,
3/21/24 10:00,6,,
3/21/24 11:00,11,,
3/21/24 12:00,16,,
3/21/24 13:00,12,,
3/21/24 14:00,12,,
3/21/24 15:00,13,,
3/21/24 16:00,9,,
3/21/24 17:00,4,,
3/21/24 18:00,1,,
3/21/24 19:00,0,,
3/21/24 20:00,0,,
3/21/24 21:00,0,,
3/21/24 22:00,0,,
3/21/24 23:00,0,,
3/22/24,0,,
3/22/24 1:00,0,,
3/22/24 2:00,0,,
3/22/24 3:00,0,,
3/22/24 4:00,0,,
3/22/24 5:00,0,,
3/22/24 6:00,0,,
3/22/24 7:00,3,,
3/22/24 8:00,8,,
3/22/24 9:00,13,,
3/22/24 10:00,18,,
3/22/24 11:00,20,,
3/22/24 12:00,17,,
3/22/24 13:00,11,,
3/22/24 14:00,5,,
3/22/24 15:00,4,,
3/22/24 16:00,3,,
3/22/24 17:00,2,,
3/22/24 18:00,0,,
3/22/24 19:00,0,,
3/22/24 20:00,0,,
3/22/24 21:00,0,,
3/22/24 22:00,0,,
3/22/24 23:00,0,,
3/23/24,0,,
3/23/24 1:00,0,,
3/23/24 2:00,0,,
3/23/24 3:00,0,,
3/23/24 4:00,0,,
3/23/24 5:00,0,,
3/23/24 6:00,0,,
3/23/24 7:00,2,,
3/23/24 8:00,4,,
3/23/24 9:00,10,,
3/23/24 10:00,11,,
3/23/24 11:00,7,,
3/23/24 12:00,9,,
3/23/24 13:00,7,,
3/23/24 14:00,4,,
3/23/24 15:00,2,,
3/23/24 16:00,3,,
3/23/24 17:00,2,,
3/23/24 18:00,0,,
3/23/24 19:00,0,,
3/23/24 20:00,0,,
3/23/24 21:00,0,,
3/23/24 22:00,0,,
3/23/24 23:00,0,,
3/24/24,0,,
3/24/24 1:00,0,,
3/24/24 2:00,0,,
3/24/24 3:00,0,,
3/24/24 4:00,0,,
3/24/24 5:00,0,,
3/24/24 6:00,0,,
3/24/24 7:00,1,,
3/24/24 8:00,4,,
3/24/24 9:00,2,,
3/24/24 10:00,13,,
3/24/24 11:00,8,,
3/24/24 12:00,4,,
3/24/24 13:00,5,,
3/24/24 14:00,17,,
3/24/24 15:00,5,,
3/24/24 16:00,5,,
3/24/24 17:00,2,,
3/24/24 18:00,0,,
3/24/24 19:00,0,,
3/24/24 20:00,0,,
3/24/24 21:00,0,,
3/24/24 22:00,0,,
3/24/24 23:00,0,,
3/25/24,0,,
3/25/24 1:00,0,,
3/25/24 2:00,0,,
3/25/24 3:00,0,,
3/25/24 4:00,0,,
3/25/24 5:00,0,,
3/25/24 6:00,0,,
3/25/24 7:00,2,,
3/25/24 8:00,7,,
3/25/24 9:00,3,,
3/25/24 10:00,4,,
3/25/24 11:00,7,,
3/25/24 12:00,6,,
3/25/24 13:00,10,,
3/25/24 14:00,17,,
3/25/24 15:00,15,,
3/25/24 16:00,7,,
3/25/24 17:00,4,,
3/25/24 18:00,0,,
3/25/24 19:00,0,,
3/25/24 20:00,0,,
3/25/24 21:00,0,,
3/25/24 22:00,0,,
3/25/24 23:00,0,,
3/26/24,0,,
3/26/24 1:00,0,,
3/26/24 2:00,0,,
3/26/24 3:00,0,,
3/26/24 4:00,0,,
3/26/24 5:00,0,,
3/26/24 6:00,0,,
3/26/24 7:00,2,,
3/26/24 8:00,4,,
3/26/24 9:00,5,,
3/26/24 10:00,11,,
3/26/24 11:00,14,,
3/26/24 12:00,19,,
3/26/24 13:00,11,,
3/26/24 14:00,9,,
3/26/24 15:00,11,,
3/26/24 16:00,8,,
3/26/24 17:00,3,,
3/26/24 18:00,1,,
3/26/24 19:00,0,,
3/26/24 20:00,0,,
3/26/24 21:00,0,,
3/26/24 22:00,0,,
3/26/24 23:00,0,,
3/27/24,0,,
3/27/24 1:00,0,,
3/27/24 2:00,0,,
3/27/24 3:00,0,,
3/27/24 4:00,0,,
3/27/24 5:00,0,,
3/27/24 6:00,1,,
3/27/24 7:00,4,,
3/27/24 8:00,9,,
3/27/24 9:00,15,,
3/27/24 10:00,20,,
3/27/24 11:00,20,,
3/27/24 12:00,18,,
3/27/24 13:00,10,,
3/27/24 14:00,17,,
3/27/24 15:00,10,,
3/27/24 16:00,7,,
3/27/24 17:00,2,,
3/27/24 18:00,0,,
3/27/24 19:00,0,,
3/27/24 20:00,0,,
3/27/24 21:00,0,,
3/27/24 22:00,0,,
3/27/24 23:00,0,,
3/28/24,0,,
3/28/24 1:00,0,,
3/28/24 2:00,0,,
3/28/24 3:00,0,,
3/28/24 4:00,0,,
3/28/24 5:00,0,,
3/28/24 6:00,0,,
3/28/24 7:00,0,,
3/28/24 8:00,1,,
3/28/24 9:00,2,,
3/28/24 10:00,4,,
3/28/24 11:00,4,,
3/28/24 12:00,3,,
3/28/24 13:00,2,,
3/28/24 14:00,1,,
3/28/24 15:00,3,,
3/28/24 16:00,2,,
3/28/24 17:00,1,,
3/28/24 18:00,0,,
3/28/24 19:00,0,,
3/28/24 20:00,0,,
3/28/24 21:00,0,,
3/28/24 22:00,0,,
3/28/24 23:00,0,,
3/29/24,0,,
3/29/24 1:00,0,,
3/29/24 2:00,0,,
3/29/24 3:00,0,,
3/29/24 4:00,0,,
3/29/24 5:00,0,,
3/29/24 6:00,0,,
3/29/24 7:00,2,,
3/29/24 8:00,6,,
3/29/24 9:00,12,,
3/29/24 10:00,19,,
3/29/24 11:00,21,,
3/29/24 12:00,18,,
3/29/24 13:00,10,,
3/29/24 14:00,16,,
3/29/24 15:00,10,,
3/29/24 16:00,3,,
3/29/24 17:00,2,,
3/29/24 18:00,1,,
3/29/24 19:00,0,,
3/29/24 20:00,0,,
3/29/24 21:00,0,,
3/29/24 22:00,0,,
3/29/24 23:00,0,,
3/30/24,0,,
3/30/24 1:00,0,,
3/30/24 2:00,0,,
3/30/24 3:00,0,,
3/30/24 4:00,0,,
3/30/24 5:00,0,,
3/30/24 6:00,0,,
3/30/24 7:00,1,,
3/30/24 8:00,2,,
3/30/24 9:00,4,,
3/30/24 10:00,7,,
3/30/24 11:00,8,,
3/30/24 12:00,7,,
3/30/24 13:00,6,,
3/30/24 14:00,6,,
3/30/24 15:00,3,,
3/30/24 16:00,4,,
3/30/24 17:00,2,,
3/30/24 18:00,0,,
3/30/24 19:00,0,,
3/30/24 20:00,0,,
3/30/24 21:00,0,,
3/30/24 22:00,0,,
3/30/24 23:00,0,,
3/31/24,0,,
3/31/24 1:00,0,,
3/31/24 2:00,0,,
3/31/24 3:00,0,,
3/31/24 4:00,0,,
3/31/24 5:00,0,,
3/31/24 6:00,0,,
3/31/24 7:00,1,,
3/31/24 8:00,3,,
3/31/24 9:00,4,,
3/31/24 10:00,11,,
3/31/24 11:00,17,,
3/31/24 12:00,11,,
3/31/24 13:00,10,,
3/31/24 14:00,19,,
3/31/24 15:00,7,,
3/31/24 16:00,6,,
3/31/24 17:00,2,,
3/31/24 18:00,0,,
3/31/24 19:00,0,,
3/31/24 20:00,0,,
3/31/24 21:00,0,,
3/31/24 22:00,0,,
3/31/24 23:00,0,,
4/1/24,0,,
4/1/24 1:00,0,,
4/1/24 2:00,0,,
4/1/24 3:00,0,,
4/1/24 4:00,0,,
4/1/24 5:00,0,,
4/1/24 6:00,1,,
4/1/24 7:00,3,,
4/1/24 8:00,6,,
4/1/24 9:00,13,,
4/1/24 10:00,12,,
4/1/24 11:00,22,,
4/1/24 12:00,15,,
4/1/24 13:00,10,,
4/1/24 14:00,7,,
4/1/24 15:00,6,,
4/1/24 16:00,6,,
4/1/24 17:00,4,,
4/1/24 18:00,1,,
4/1/24 19:00,0,,
4/1/24 20:00,0,,
4/1/24 21:00,0,,
4/1/24 22:00,0,,
4/1/24 23:00,0,,
4/2/24,0,,
4/2/24 1:00,0,,
4/2/24 2:00,0,,
4/2/24 3:00,0,,
4/2/24 4:00,0,,
4/2/24 5:00,0,,
4/2/24 6:00,1,,
4/2/24 7:00,5,,
4/2/24 8:00,10,,
4/2/24 9:00,16,,
4/2/24 10:00,20,,
4/2/24 11:00,23,,
4/2/24 12:00,17,,
4/2/24 13:00,9,,
4/2/24 14:00,20,,
4/2/24 15:00,16,,
4/2/24 16:00,10,,
4/2/24 17:00,5,,
4/2/24 18:00,1,,
4/2/24 19:00,0,,
4/2/24 20:00,0,,
4/2/24 21:00,0,,
4/2/24 22:00,0,,
4/2/24 23:00,0,,
4/3/24,0,,
4/3/24 1:00,0,,
4/3/24 2:00,0,,
4/3/24 3:00,0,,
4/3/24 4:00,0,,
4/3/24 5:00,0,,
4/3/24 6:00,1,,
4/3/24 7:00,5,,
4/3/24 8:00,10,,
4/3/24 9:00,16,,
4/3/24 10:00,21,,
4/3/24 11:00,24,,
4/3/24 12:00,17,,
4/3/24 13:00,9,,
4/3/24 14:00,20,,
4/3/24 15:00,16,,
4/3/24 16:00,10,,
4/3/24 17:00,5,,
4/3/24 18:00,1,,
4/3/24 19:00,0,,
4/3/24 20:00,0,,
4/3/24 21:00,0,,
4/3/24 22:00,0,,
4/3/24 23:00,0,,
4/4/24,0,,
4/4/24 1:00,0,,
4/4/24 2:00,0,,
4/4/24 3:00,0,,
4/4/24 4:00,0,,
4/4/24 5:00,0,,
4/4/24 6:00,1,,
4/4/24 7:00,3,,
4/4/24 8:00,5,,
4/4/24 9:00,9,,
4/4/24 10:00,11,,
4/4/24 11:00,17,,
4/4/24 12:00,15,,
4/4/24 13:00,13,,
4/4/24 14:00,13,,
4/4/24 15:00,10,,
4/4/24 16:00,6,,
4/4/24 17:00,3,,
4/4/24 18:00,1,,
4/4/24 19:00,0,,
4/4/24 20:00,0,,
4/4/24 21:00,0,,
4/4/24 22:00,0,,
4/4/24 23:00,0,,
4/5/24,0,,
4/5/24 1:00,0,,
4/5/24 2:00,0,,
4/5/24 3:00,0,,
4/5/24 4:00,0,,
4/5/24 5:00,0,,
4/5/24 6:00,1,,
4/5/24 7:00,4,,
4/5/24 8:00,8,,
4/5/24 9:00,15,,
4/5/24 10:00,21,,
4/5/24 11:00,19,,
4/5/24 12:00,7,,
4/5/24 13:00,4,,
4/5/24 14:00,4,,
4/5/24 15:00,4,,
4/5/24 16:00,4,,
4/5/24 17:00,1,,
4/5/24 18:00,1,,
4/5/24 19:00,0,,
4/5/24 20:00,0,,
4/5/24 21:00,0,,
4/5/24 22:00,0,,
4/5/24 23:00,0,,
4/6/24,0,,
4/6/24 1:00,0,,
4/6/24 2:00,0,,
4/6/24 3:00,0,,
4/6/24 4:00,0,,
4/6/24 5:00,0,,
4/6/24 6:00,0,,
4/6/24 7:00,0,,
4/6/24 8:00,3,,
4/6/24 9:00,9,,
4/6/24 10:00,9,,
4/6/24 11:00,6,,
4/6/24 12:00,13,,
4/6/24 13:00,3,,
4/6/24 14:00,16,,
4/6/24 15:00,7,,
4/6/24 16:00,6,,
4/6/24 17:00,4,,
4/6/24 18:00,0,,
4/6/24 19:00,0,,
4/6/24 20:00,0,,
4/6/24 21:00,0,,
4/6/24 22:00,0,,
4/6/24 23:00,0,,
4/7/24,0,,
4/7/24 1:00,0,,
4/7/24 2:00,0,,
4/7/24 3:00,0,,
4/7/24 4:00,0,,
4/7/24 5:00,0,,
4/7/24 6:00,1,,
4/7/24 7:00,4,,
4/7/24 8:00,8,,
4/7/24 9:00,14,,
4/7/24 10:00,20,,
4/7/24 11:00,16,,
4/7/24 12:00,17,,
4/7/24 13:00,13,,
4/7/24 14:00,20,,
4/7/24 15:00,17,,
4/7/24 16:00,11,,
4/7/24 17:00,5,,
4/7/24 18:00,1,,
4/7/24 19:00,0,,
4/7/24 20:00,0,,
4/7/24 21:00,0,,
4/7/24 22:00,0,,
4/7/24 23:00,0,,
4/8/24,0,,
4/8/24 1:00,0,,
4/8/24 2:00,0,,
4/8/24 3:00,0,,
4/8/24 4:00,0,,
4/8/24 5:00,0,,
4/8/24 6:00,1,,
4/8/24 7:00,5,,
4/8/24 8:00,10,,
4/8/24 9:00,14,,
4/8/24 10:00,9,,
4/8/24 11:00,12,,
4/8/24 12:00,12,,
4/8/24 13:00,12,,
4/8/24 14:00,18,,
4/8/24 15:00,13,,
4/8/24 16:00,11,,
4/8/24 17:00,5,,
4/8/24 18:00,1,,
4/8/24 19:00,0,,
4/8/24 20:00,0,,
4/8/24 21:00,0,,
4/8/24 22:00,0,,
4/8/24 23:00,0,,
4/9/24,0,,
4/9/24 1:00,0,,
4/9/24 2:00,0,,
4/9/24 3:00,0,,
4/9/24 4:00,0,,
4/9/24 5:00,0,,
4/9/24 6:00,1,,
4/9/24 7:00,5,,
4/9/24 8:00,11,,
4/9/24 9:00,17,,
4/9/24 10:00,21,,
4/9/24 11:00,24,,
4/9/24 12:00,16,,
4/9/24 13:00,10,,
4/9/24 14:00,17,,
4/9/24 15:00,15,,
4/9/24 16:00,11,,
4/9/24 17:00,5,,
4/9/24 18:00,1,,
4/9/24 19:00,0,,
4/9/24 20:00,0,,
4/9/24 21:00,0,,
4/9/24 22:00,0,,
4/9/24 23:00,0,,
4/10/24,0,,
4/10/24 1:00,0,,
4/10/24 2:00,0,,
4/10/24 3:00,0,,
4/10/24 4:00,0,,
4/10/24 5:00,0,,
4/10/24 6:00,1,,
4/10/24 7:00,6,,
4/10/24 8:00,11,,
4/10/24 9:00,16,,
4/10/24 10:00,20,,
4/10/24 11:00,22,,
4/10/24 12:00,16,,
4/10/24 13:00,9,,
4/10/24 14:00,21,,
4/10/24 15:00,16,,
4/10/24 16:00,11,,
4/10/24 17:00,5,,
4/10/24 18:00,1,,
4/10/24 19:00,0,,
4/10/24 20:00,0,,
4/10/24 21:00,0,,
4/10/24 22:00,0,,
4/10/24 23:00,0,,
4/11/24,0,,
4/11/24 1:00,0,,
4/11/24 2:00,0,,
4/11/24 3:00,0,,
4/11/24 4:00,0,,
4/11/24 5:00,0,,
4/11/24 6:00,1,,
4/11/24 7:00,6,,
4/11/24 8:00,11,,
4/11/24 9:00,17,,
4/11/24 10:00,21,,
4/11/24 11:00,24,,
4/11/24 12:00,16,,
4/11/24 13:00,9,,
4/11/24 14:00,21,,
4/11/24 15:00,16,,
4/11/24 16:00,11,,
4/11/24 17:00,5,,
4/11/24 18:00,1,,
4/11/24 19:00,0,,
4/11/24 20:00,0,,
4/11/24 21:00,0,,
4/11/24 22:00,0,,
4/11/24 23:00,0,,
4/12/24,0,,
4/12/24 1:00,0,,
4/12/24 2:00,0,,
4/12/24 3:00,0,,
4/12/24 4:00,0,,
4/12/24 5:00,0,,
4/12/24 6:00,2,,
4/12/24 7:00,6,,
4/12/24 8:00,12,,
4/12/24 9:00,17,,
4/12/24 10:00,22,,
4/12/24 11:00,25,,
4/12/24 12:00,16,,
4/12/24 13:00,9,,
4/12/24 14:00,20,,
4/12/24 15:00,12,,
4/12/24 16:00,8,,
4/12/24 17:00,3,,
4/12/24 18:00,1,,
4/12/24 19:00,0,,
4/12/24 20:00,0,,
4/12/24 21:00,0,,
4/12/24 22:00,0,,
4/12/24 23:00,0,,
4/13/24,0,,
4/13/24 1:00,0,,
4/13/24 2:00,0,,
4/13/24 3:00,0,,
4/13/24 4:00,0,,
4/13/24 5:00,0,,
4/13/24 6:00,2,,
4/13/24 7:00,6,,
4/13/24 8:00,11,,
4/13/24 9:00,17,,
4/13/24 10:00,22,,
4/13/24 11:00,25,,
4/13/24 12:00,16,,
4/13/24 13:00,9,,
4/13/24 14:00,21,,
4/13/24 15:00,16,,
4/13/24 16:00,11,,
4/13/24 17:00,5,,
4/13/24 18:00,1,,
4/13/24 19:00,0,,
4/13/24 20:00,0,,
4/13/24 21:00,0,,
4/13/24 22:00,0,,
4/13/24 23:00,0,,
4/14/24,0,,
4/14/24 1:00,0,,
4/14/24 2:00,0,,
4/14/24 3:00,0,,
4/14/24 4:00,0,,
4/14/24 5:00,0,,
4/14/24 6:00,2,,
4/14/24 7:00,6,,
4/14/24 8:00,12,,
4/14/24 9:00,17,,
4/14/24 10:00,22,,
4/14/24 11:00,25,,
4/14/24 12:00,17,,
4/14/24 13:00,10,,
4/14/24 14:00,20,,
4/14/24 15:00,12,,
4/14/24 16:00,6,,
4/14/24 17:00,3,,
4/14/24 18:00,1,,
4/14/24 19:00,0,,
4/14/24 20:00,0,,
4/14/24 21:00,0,,
4/14/24 22:00,0,,
4/14/24 23:00,0,,
4/15/24,0,,
4/15/24 1:00,0,,
4/15/24 2:00,0,,
4/15/24 3:00,0,,
4/15/24 4:00,0,,
4/15/24 5:00,0,,
4/15/24 6:00,0,,
4/15/24 7:00,1,,
4/15/24 8:00,3,,
4/15/24 9:00,5,,
4/15/24 10:00,5,,
4/15/24 11:00,5,,
4/15/24 12:00,6,,
4/15/24 13:00,3,,
4/15/24 14:00,3,,
4/15/24 15:00,2,,
4/15/24 16:00,1,,
4/15/24 17:00,1,,
4/15/24 18:00,1,,
4/15/24 19:00,0,,
4/15/24 20:00,0,,
4/15/24 21:00,0,,
4/15/24 22:00,0,,
4/15/24 23:00,0,,
4/16/24,0,,
4/16/24 1:00,0,,
4/16/24 2:00,0,,
4/16/24 3:00,0,,
4/16/24 4:00,0,,
4/16/24 5:00,0,,
4/16/24 6:00,1,,
4/16/24 7:00,6,,
4/16/24 8:00,12,,
4/16/24 9:00,18,,
4/16/24 10:00,20,,
4/16/24 11:00,25,,
4/16/24 12:00,17,,
4/16/24 13:00,10,,
4/16/24 14:00,20,,
4/16/24 15:00,16,,
4/16/24 16:00,10,,
4/16/24 17:00,4,,
4/16/24 18:00,1,,
4/16/24 19:00,0,,
4/16/24 20:00,0,,
4/16/24 21:00,0,,
4/16/24 22:00,0,,
4/16/24 23:00,0,,
4/17/24,0,,
4/17/24 1:00,0,,
4/17/24 2:00,0,,
4/17/24 3:00,0,,
4/17/24 4:00,0,,
4/17/24 5:00,0,,
4/17/24 6:00,1,,
4/17/24 7:00,3,,
4/17/24 8:00,6,,
4/17/24 9:00,8,,
4/17/24 10:00,15,,
4/17/24 11:00,23,,
4/17/24 12:00,17,,
4/17/24 13:00,11,,
4/17/24 14:00,22,,
4/17/24 15:00,17,,
4/17/24 16:00,11,,
4/17/24 17:00,6,,
4/17/24 18:00,2,,
4/17/24 19:00,0,,
4/17/24 20:00,0,,
4/17/24 21:00,0,,
4/17/24 22:00,0,,
4/17/24 23:00,0,,
4/18/24,0,,
4/18/24 1:00,0,,
4/18/24 2:00,0,,
4/18/24 3:00,0,,
4/18/24 4:00,0,,
4/18/24 5:00,0,,
4/18/24 6:00,2,,
4/18/24 7:00,6,,
4/18/24 8:00,12,,
4/18/24 9:00,18,,
4/18/24 10:00,23,,
4/18/24 11:00,25,,
4/18/24 12:00,16,,
4/18/24 13:00,10,,
4/18/24 14:00,21,,
4/18/24 15:00,17,,
4/18/24 16:00,11,,
4/18/24 17:00,6,,
4/18/24 18:00,2,,
4/18/24 19:00,0,,
4/18/24 20:00,0,,
4/18/24 21:00,0,,
4/18/24 22:00,0,,
4/18/24 23:00,0,,
4/19/24,0,,
4/19/24 1:00,0,,
4/19/24 2:00,0,,
4/19/24 3:00,0,,
4/19/24 4:00,0,,
4/19/24 5:00,0,,
4/19/24 6:00,2,,
4/19/24 7:00,5,,
4/19/24 8:00,9,,
4/19/24 9:00,15,,
4/19/24 10:00,21,,
4/19/24 11:00,23,,
4/19/24 12:00,17,,
4/19/24 13:00,14,,
4/19/24 14:00,16,,
4/19/24 15:00,16,,
4/19/24 16:00,8,,
4/19/24 17:00,4,,
4/19/24 18:00,1,,
4/19/24 19:00,0,,
4/19/24 20:00,0,,
4/19/24 21:00,0,,
4/19/24 22:00,0,,
4/19/24 23:00,0,,
4/20/24,0,,
4/20/24 1:00,0,,
4/20/24 2:00,0,,
4/20/24 3:00,0,,
4/20/24 4:00,0,,
4/20/24 5:00,0,,
4/20/24 6:00,2,,
4/20/24 7:00,5,,
4/20/24 8:00,11,,
4/20/24 9:00,16,,
4/20/24 10:00,22,,
4/20/24 11:00,24,,
4/20/24 12:00,17,,
4/20/24 13:00,11,,
4/20/24 14:00,21,,
4/20/24 15:00,17,,
4/20/24 16:00,10,,
4/20/24 17:00,6,,
4/20/24 18:00,2,,
4/20/24 19:00,0,,
4/20/24 20:00,0,,
4/20/24 21:00,0,,
4/20/24 22:00,0,,
4/20/24 23:00,0,,
4/21/24,0,,
4/21/24 1:00,0,,
4/21/24 2:00,0,,
4/21/24 3:00,0,,
4/21/24 4:00,0,,
4/21/24 5:00,0,,
4/21/24 6:00,2,,
4/21/24 7:00,7,,
4/21/24 8:00,12,,
4/21/24 9:00,18,,
4/21/24 10:00,23,,
4/21/24 11:00,25,,
4/21/24 12:00,17,,
4/21/24 13:00,12,,
4/21/24 14:00,21,,
4/21/24 15:00,16,,
4/21/24 16:00,10,,
4/21/24 17:00,5,,
4/21/24 18:00,2,,
4/21/24 19:00,0,,
4/21/24 20:00,0,,
4/21/24 21:00,0,,
4/21/24 22:00,0,,
4/21/24 23:00,0,,
4/22/24,0,,
4/22/24 1:00,0,,
4/22/24 2:00,0,,
4/22/24 3:00,0,,
4/22/24 4:00,0,,
4/22/24 5:00,0,,
4/22/24 6:00,2,,
4/22/24 7:00,7,,
4/22/24 8:00,11,,
4/22/24 9:00,16,,
4/22/24 10:00,22,,
4/22/24 11:00,25,,
4/22/24 12:00,17,,
4/22/24 13:00,11,,
4/22/24 14:00,21,,
4/22/24 15:00,16,,
4/22/24 16:00,10,,
4/22/24 17:00,5,,
4/22/24 18:00,1,,
4/22/24 19:00,0,,
4/22/24 20:00,0,,
4/22/24 21:00,0,,
4/22/24 22:00,0,,
4/22/24 23:00,0,,
4/23/24,0,,
4/23/24 1:00,0,,
4/23/24 2:00,0,,
4/23/24 3:00,0,,
4/23/24 4:00,0,,
4/23/24 5:00,0,,
4/23/24 6:00,1,,
4/23/24 7:00,6,,
4/23/24 8:00,12,,
4/23/24 9:00,16,,
4/23/24 10:00,21,,
4/23/24 11:00,22,,
4/23/24 12:00,17,,
4/23/24 13:00,11,,
4/23/24 14:00,21,,
4/23/24 15:00,17,,
4/23/24 16:00,11,,
4/23/24 17:00,6,,
4/23/24 18:00,2,,
4/23/24 19:00,0,,
4/23/24 20:00,0,,
4/23/24 21:00,0,,
4/23/24 22:00,0,,
4/23/24 23:00,0,,
4/24/24,0,,
4/24/24 1:00,0,,
4/24/24 2:00,0,,
4/24/24 3:00,0,,
4/24/24 4:00,0,,
4/24/24 5:00,0,,
4/24/24 6:00,2,,
4/24/24 7:00,7,,
4/24/24 8:00,11,,
4/24/24 9:00,17,,
4/24/24 10:00,15,,
4/24/24 11:00,19,,
4/24/24 12:00,13,,
4/24/24 13:00,12,,
4/24/24 14:00,16,,
4/24/24 15:00,9,,
4/24/24 16:00,8,,
4/24/24 17:00,5,,
4/24/24 18:00,2,,
4/24/24 19:00,0,,
4/24/24 20:00,0,,
4/24/24 21:00,0,,
4/24/24 22:00,0,,
4/24/24 23:00,0,,
4/25/24,0,,
4/25/24 1:00,0,,
4/25/24 2:00,0,,
4/25/24 3:00,0,,
4/25/24 4:00,0,,
4/25/24 5:00,0,,
4/25/24 6:00,2,,
4/25/24 7:00,5,,
4/25/24 8:00,13,,
4/25/24 9:00,14,,
4/25/24 10:00,17,,
4/25/24 11:00,6,,
4/25/24 12:00,1,,
4/25/24 13:00,7,,
4/25/24 14:00,14,,
4/25/24 15:00,17,,
4/25/24 16:00,11,,
4/25/24 17:00,3,,
4/25/24 18:00,1,,
4/25/24 19:00,0,,
4/25/24 20:00,0,,
4/25/24 21:00,0,,
4/25/24 22:00,0,,
4/25/24 23:00,0,,
4/26/24,0,,
4/26/24 1:00,0,,
4/26/24 2:00,0,,
4/26/24 3:00,0,,
4/26/24 4:00,0,,
4/26/24 5:00,0,,
4/26/24 6:00,0,,
4/26/24 7:00,1,,
4/26/24 8:00,1,,
4/26/24 9:00,8,,
4/26/24 10:00,17,,
4/26/24 11:00,5,,
4/26/24 12:00,8,,
4/26/24 13:00,10,,
4/26/24 14:00,4,,
4/26/24 15:00,3,,
4/26/24 16:00,4,,
4/26/24 17:00,3,,
4/26/24 18:00,1,,
4/26/24 19:00,0,,
4/26/24 20:00,0,,
4/26/24 21:00,0,,
4/26/24 22:00,0,,
4/26/24 23:00,0,,
4/27/24,0,,
4/27/24 1:00,0,,
4/27/24 2:00,0,,
4/27/24 3:00,0,,
4/27/24 4:00,0,,
4/27/24 5:00,0,,
4/27/24 6:00,0,,
4/27/24 7:00,1,,
4/27/24 8:00,4,,
4/27/24 9:00,6,,
4/27/24 10:00,8,,
4/27/24 11:00,8,,
4/27/24 12:00,8,,
4/27/24 13:00,7,,
4/27/24 14:00,5,,
4/27/24 15:00,6,,
4/27/24 16:00,2,,
4/27/24 17:00,1,,
4/27/24 18:00,1,,
4/27/24 19:00,0,,
4/27/24 20:00,0,,
4/27/24 21:00,0,,
4/27/24 22:00,0,,
4/27/24 23:00,0,,
4/28/24,0,,
4/28/24 1:00,0,,
4/28/24 2:00,0,,
4/28/24 3:00,0,,
4/28/24 4:00,0,,
4/28/24 5:00,0,,
4/28/24 6:00,2,,
4/28/24 7:00,3,,
4/28/24 8:00,6,,
4/28/24 9:00,10,,
4/28/24 10:00,11,,
4/28/24 11:00,21,,
4/28/24 12:00,18,,
4/28/24 13:00,13,,
4/28/24 14:00,23,,
4/28/24 15:00,18,,
4/28/24 16:00,12,,
4/28/24 17:00,6,,
4/28/24 18:00,2,,
4/28/24 19:00,0,,
4/28/24 20:00,0,,
4/28/24 21:00,0,,
4/28/24 22:00,0,,
4/28/24 23:00,0,,
4/29/24,0,,
4/29/24 1:00,0,,
4/29/24 2:00,0,,
4/29/24 3:00,0,,
4/29/24 4:00,0,,
4/29/24 5:00,0,,
4/29/24 6:00,2,,
4/29/24 7:00,6,,
4/29/24 8:00,12,,
4/29/24 9:00,17,,
4/29/24 10:00,23,,
4/29/24 11:00,28,,
4/29/24 12:00,17,,
4/29/24 13:00,8,,
4/29/24 14:00,9,,
4/29/24 15:00,6,,
4/29/24 16:00,4,,
4/29/24 17:00,4,,
4/29/24 18:00,1,,
4/29/24 19:00,0,,
4/29/24 20:00,0,,
4/29/24 21:00,0,,
4/29/24 22:00,0,,
4/29/24 23:00,0,,
4/30/24,0,,
4/30/24 1:00,0,,
4/30/24 2:00,0,,
4/30/24 3:00,0,,
4/30/24 4:00,0,,
4/30/24 5:00,0,,
4/30/24 6:00,3,,
4/30/24 7:00,8,,
4/30/24 8:00,13,,
4/30/24 9:00,18,,
4/30/24 10:00,23,,
4/30/24 11:00,23,,
4/30/24 12:00,18,,
4/30/24 13:00,14,,
4/30/24 14:00,23,,
4/30/24 15:00,17,,
4/30/24 16:00,11,,
4/30/24 17:00,7,,
4/30/24 18:00,2,,
4/30/24 19:00,0,,
4/30/24 20:00,0,,
4/30/24 21:00,0,,
4/30/24 22:00,0,,
4/30/24 23:00,0,,
5/1/24,0,,
5/1/24 1:00,0,,
5/1/24 2:00,0,,
5/1/24 3:00,0,,
5/1/24 4:00,0,,
5/1/24 5:00,0,,
5/1/24 6:00,2,,
5/1/24 7:00,7,,
5/1/24 8:00,14,,
5/1/24 9:00,19,,
5/1/24 10:00,24,,
5/1/24 11:00,26,,
5/1/24 12:00,18,,
5/1/24 13:00,13,,
5/1/24 14:00,23,,
5/1/24 15:00,18,,
5/1/24 16:00,12,,
5/1/24 17:00,7,,
5/1/24 18:00,2,,
5/1/24 19:00,0,,
5/1/24 20:00,0,,
5/1/24 21:00,0,,
5/1/24 22:00,0,,
5/1/24 23:00,0,,
5/2/24,0,,
5/2/24 1:00,0,,
5/2/24 2:00,0,,
5/2/24 3:00,0,,
5/2/24 4:00,0,,
5/2/24 5:00,0,,
5/2/24 6:00,3,,
5/2/24 7:00,7,,
5/2/24 8:00,11,,
5/2/24 9:00,19,,
5/2/24 10:00,22,,
5/2/24 11:00,23,,
5/2/24 12:00,20,,
5/2/24 13:00,16,,
5/2/24 14:00,21,,
5/2/24 15:00,12,,
5/2/24 16:00,7,,
5/2/24 17:00,3,,
5/2/24 18:00,1,,
5/2/24 19:00,0,,
5/2/24 20:00,0,,
5/2/24 21:00,0,,
5/2/24 22:00,0,,
5/2/24 23:00,0,,
5/3/24,0,,
5/3/24 1:00,0,,
5/3/24 2:00,0,,
5/3/24 3:00,0,,
5/3/24 4:00,0,,
5/3/24 5:00,0,,
5/3/24 6:00,1,,
5/3/24 7:00,7,,
5/3/24 8:00,13,,
5/3/24 9:00,14,,
5/3/24 10:00,14,,
5/3/24 11:00,18,,
5/3/24 12:00,19,,
5/3/24 13:00,15,,
5/3/24 14:00,22,,
5/3/24 15:00,18,,
5/3/24 16:00,12,,
5/3/24 17:00,7,,
5/3/24 18:00,2,,
5/3/24 19:00,0,,
5/3/24 20:00,0,,
5/3/24 21:00,0,,
5/3/24 22:00,0,,
5/3/24 23:00,0,,
5/4/24,0,,
5/4/24 1:00,0,,
5/4/24 2:00,0,,
5/4/24 3:00,0,,
5/4/24 4:00,0,,
5/4/24 5:00,0,,
5/4/24 6:00,3,,
5/4/24 7:00,8,,
5/4/24 8:00,14,,
5/4/24 9:00,19,,
5/4/24 10:00,24,,
5/4/24 11:00,26,,
5/4/24 12:00,18,,
5/4/24 13:00,14,,
5/4/24 14:00,22,,
5/4/24 15:00,14,,
5/4/24 16:00,8,,
5/4/24 17:00,5,,
5/4/24 18:00,1,,
5/4/24 19:00,0,,
5/4/24 20:00,0,,
5/4/24 21:00,0,,
5/4/24 22:00,0,,
5/4/24 23:00,0,,
5/5/24,0,,
5/5/24 1:00,0,,
5/5/24 2:00,0,,
5/5/24 3:00,0,,
5/5/24 4:00,0,,
5/5/24 5:00,0,,
5/5/24 6:00,1,,
5/5/24 7:00,2,,
5/5/24 8:00,2,,
5/5/24 9:00,2,,
5/5/24 10:00,2,,
5/5/24 11:00,3,,
5/5/24 12:00,2,,
5/5/24 13:00,2,,
5/5/24 14:00,2,,
5/5/24 15:00,2,,
5/5/24 16:00,3,,
5/5/24 17:00,3,,
5/5/24 18:00,1,,
5/5/24 19:00,0,,
5/5/24 20:00,0,,
5/5/24 21:00,0,,
5/5/24 22:00,0,,
5/5/24 23:00,0,,
5/6/24,0,,
5/6/24 1:00,0,,
5/6/24 2:00,0,,
5/6/24 3:00,0,,
5/6/24 4:00,0,,
5/6/24 5:00,0,,
5/6/24 6:00,0,,
5/6/24 7:00,1,,
5/6/24 8:00,2,,
5/6/24 9:00,4,,
5/6/24 10:00,4,,
5/6/24 11:00,6,,
5/6/24 12:00,6,,
5/6/24 13:00,4,,
5/6/24 14:00,15,,
5/6/24 15:00,17,,
5/6/24 16:00,10,,
5/6/24 17:00,2,,
5/6/24 18:00,1,,
5/6/24 19:00,0,,
5/6/24 20:00,0,,
5/6/24 21:00,0,,
5/6/24 22:00,0,,
5/6/24 23:00,0,,
5/7/24,0,,
5/7/24 1:00,0,,
5/7/24 2:00,0,,
5/7/24 3:00,0,,
5/7/24 4:00,0,,
5/7/24 5:00,0,,
5/7/24 6:00,1,,
5/7/24 7:00,4,,
5/7/24 8:00,6,,
5/7/24 9:00,12,,
5/7/24 10:00,14,,
5/7/24 11:00,24,,
5/7/24 12:00,13,,
5/7/24 13:00,14,,
5/7/24 14:00,14,,
5/7/24 15:00,12,,
5/7/24 16:00,10,,
5/7/24 17:00,5,,
5/7/24 18:00,2,,
5/7/24 19:00,0,,
5/7/24 20:00,0,,
5/7/24 21:00,0,,
5/7/24 22:00,0,,
5/7/24 23:00,0,,
5/8/24,0,,
5/8/24 1:00,0,,
5/8/24 2:00,0,,
5/8/24 3:00,0,,
5/8/24 4:00,0,,
5/8/24 5:00,0,,
5/8/24 6:00,2,,
5/8/24 7:00,7,,
5/8/24 8:00,13,,
5/8/24 9:00,14,,
5/8/24 10:00,17,,
5/8/24 11:00,17,,
5/8/24 12:00,20,,
5/8/24 13:00,18,,
5/8/24 14:00,16,,
5/8/24 15:00,7,,
5/8/24 16:00,7,,
5/8/24 17:00,4,,
5/8/24 18:00,1,,
5/8/24 19:00,0,,
5/8/24 20:00,0,,
5/8/24 21:00,0,,
5/8/24 22:00,0,,
5/8/24 23:00,0,,
5/9/24,0,,
5/9/24 1:00,0,,
5/9/24 2:00,0,,
5/9/24 3:00,0,,
5/9/24 4:00,0,,
5/9/24 5:00,0,,
5/9/24 6:00,2,,
5/9/24 7:00,5,,
5/9/24 8:00,7,,
5/9/24 9:00,13,,
5/9/24 10:00,16,,
5/9/24 11:00,21,,
5/9/24 12:00,19,,
5/9/24 13:00,16,,
5/9/24 14:00,21,,
5/9/24 15:00,11,,
5/9/24 16:00,9,,
5/9/24 17:00,5,,
5/9/24 18:00,2,,
5/9/24 19:00,0,,
5/9/24 20:00,0,,
5/9/24 21:00,0,,
5/9/24 22:00,0,,
5/9/24 23:00,0,,
5/10/24,0,,
5/10/24 1:00,0,,
5/10/24 2:00,0,,
5/10/24 3:00,0,,
5/10/24 4:00,0,,
5/10/24 5:00,1,,
5/10/24 6:00,3,,
5/10/24 7:00,6,,
5/10/24 8:00,6,,
5/10/24 9:00,15,,
5/10/24 10:00,24,,
5/10/24 11:00,25,,
5/10/24 12:00,19,,
5/10/24 13:00,11,,
5/10/24 14:00,7,,
5/10/24 15:00,6,,
5/10/24 16:00,8,,
5/10/24 17:00,8,,
5/10/24 18:00,3,,
5/10/24 19:00,0,,
5/10/24 20:00,0,,
5/10/24 21:00,0,,
5/10/24 22:00,0,,
5/10/24 23:00,0,,
5/11/24,0,,
5/11/24 1:00,0,,
5/11/24 2:00,0,,
5/11/24 3:00,0,,
5/11/24 4:00,0,,
5/11/24 5:00,1,,
5/11/24 6:00,4,,
5/11/24 7:00,7,,
5/11/24 8:00,12,,
5/11/24 9:00,20,,
5/11/24 10:00,24,,
5/11/24 11:00,27,,
5/11/24 12:00,21,,
5/11/24 13:00,16,,
5/11/24 14:00,24,,
5/11/24 15:00,19,,
5/11/24 16:00,14,,
5/11/24 17:00,6,,
5/11/24 18:00,1,,
5/11/24 19:00,0,,
5/11/24 20:00,0,,
5/11/24 21:00,0,,
5/11/24 22:00,0,,
5/11/24 23:00,0,,
5/12/24,0,,
5/12/24 1:00,0,,
5/12/24 2:00,0,,
5/12/24 3:00,0,,
5/12/24 4:00,0,,
5/12/24 5:00,1,,
5/12/24 6:00,4,,
5/12/24 7:00,9,,
5/12/24 8:00,15,,
5/12/24 9:00,20,,
5/12/24 10:00,24,,
5/12/24 11:00,27,,
5/12/24 12:00,20,,
5/12/24 13:00,17,,
5/12/24 14:00,24,,
5/12/24 15:00,19,,
5/12/24 16:00,13,,
5/12/24 17:00,8,,
5/12/24 18:00,3,,
5/12/24 19:00,0,,
5/12/24 20:00,0,,
5/12/24 21:00,0,,
5/12/24 22:00,0,,
5/12/24 23:00,0,,
5/13/24,0,,
5/13/24 1:00,0,,
5/13/24 2:00,0,,
5/13/24 3:00,0,,
5/13/24 4:00,0,,
5/13/24 5:00,1,,
5/13/24 6:00,4,,
5/13/24 7:00,9,,
5/13/24 8:00,15,,
5/13/24 9:00,19,,
5/13/24 10:00,25,,
5/13/24 11:00,27,,
5/13/24 12:00,21,,
5/13/24 13:00,15,,
5/13/24 14:00,16,,
5/13/24 15:00,19,,
5/13/24 16:00,13,,
5/13/24 17:00,7,,
5/13/24 18:00,2,,
5/13/24 19:00,0,,
5/13/24 20:00,0,,
5/13/24 21:00,0,,
5/13/24 22:00,0,,
5/13/24 23:00,0,,
5/14/24,0,,
5/14/24 1:00,0,,
5/14/24 2:00,0,,
5/14/24 3:00,0,,
5/14/24 4:00,0,,
5/14/24 5:00,1,,
5/14/24 6:00,4,,
5/14/24 7:00,8,,
5/14/24 8:00,14,,
5/14/24 9:00,20,,
5/14/24 10:00,24,,
5/14/24 11:00,26,,
5/14/24 12:00,21,,
5/14/24 13:00,18,,
5/14/24 14:00,24,,
5/14/24 15:00,19,,
5/14/24 16:00,13,,
5/14/24 17:00,8,,
5/14/24 18:00,3,,
5/14/24 19:00,0,,
5/14/24 20:00,0,,
5/14/24 21:00,0,,
5/14/24 22:00,0,,
5/14/24 23:00,0,,
5/15/24,0,,
5/15/24 1:00,0,,
5/15/24 2:00,0,,
5/15/24 3:00,0,,
5/15/24 4:00,0,,
5/15/24 5:00,1,,
5/15/24 6:00,3,,
5/15/24 7:00,8,,
5/15/24 8:00,14,,
5/15/24 9:00,20,,
5/15/24 10:00,24,,
5/15/24 11:00,22,,
5/15/24 12:00,21,,
5/15/24 13:00,18,,
5/15/24 14:00,16,,
5/15/24 15:00,17,,
5/15/24 16:00,9,,
5/15/24 17:00,8,,
5/15/24 18:00,3,,
5/15/24 19:00,0,,
5/15/24 20:00,0,,
5/15/24 21:00,0,,
5/15/24 22:00,0,,
5/15/24 23:00,0,,
5/16/24,0,,
5/16/24 1:00,0,,
5/16/24 2:00,0,,
5/16/24 3:00,0,,
5/16/24 4:00,0,,
5/16/24 5:00,1,,
5/16/24 6:00,4,,
5/16/24 7:00,9,,
5/16/24 8:00,15,,
5/16/24 9:00,20,,
5/16/24 10:00,25,,
5/16/24 11:00,26,,
5/16/24 12:00,21,,
5/16/24 13:00,18,,
5/16/24 14:00,23,,
5/16/24 15:00,19,,
5/16/24 16:00,13,,
5/16/24 17:00,8,,
5/16/24 18:00,3,,
5/16/24 19:00,0,,
5/16/24 20:00,0,,
5/16/24 21:00,0,,
5/16/24 22:00,0,,
5/16/24 23:00,0,,
5/17/24,0,,
5/17/24 1:00,0,,
5/17/24 2:00,0,,
5/17/24 3:00,0,,
5/17/24 4:00,0,,
5/17/24 5:00,1,,
5/17/24 6:00,3,,
5/17/24 7:00,8,,
5/17/24 8:00,11,,
5/17/24 9:00,13,,
5/17/24 10:00,21,,
5/17/24 11:00,25,,
5/17/24 12:00,20,,
5/17/24 13:00,18,,
5/17/24 14:00,23,,
5/17/24 15:00,19,,
5/17/24 16:00,13,,
5/17/24 17:00,7,,
5/17/24 18:00,3,,
5/17/24 19:00,0,,
5/17/24 20:00,0,,
5/17/24 21:00,0,,
5/17/24 22:00,0,,
5/17/24 23:00,0,,
5/18/24,0,,
5/18/24 1:00,0,,
5/18/24 2:00,0,,
5/18/24 3:00,0,,
5/18/24 4:00,0,,
5/18/24 5:00,1,,
5/18/24 6:00,4,,
5/18/24 7:00,9,,
5/18/24 8:00,15,,
5/18/24 9:00,20,,
5/18/24 10:00,24,,
5/18/24 11:00,27,,
5/18/24 12:00,21,,
5/18/24 13:00,17,,
5/18/24 14:00,23,,
5/18/24 15:00,18,,
5/18/24 16:00,9,,
5/18/24 17:00,5,,
5/18/24 18:00,2,,
5/18/24 19:00,0,,
5/18/24 20:00,0,,
5/18/24 21:00,0,,
5/18/24 22:00,0,,
5/18/24 23:00,0,,
5/19/24,0,,
5/19/24 1:00,0,,
5/19/24 2:00,0,,
5/19/24 3:00,0,,
5/19/24 4:00,0,,
5/19/24 5:00,1,,
5/19/24 6:00,3,,
5/19/24 7:00,8,,
5/19/24 8:00,15,,
5/19/24 9:00,19,,
5/19/24 10:00,24,,
5/19/24 11:00,27,,
5/19/24 12:00,22,,
5/19/24 13:00,18,,
5/19/24 14:00,23,,
5/19/24 15:00,19,,
5/19/24 16:00,13,,
5/19/24 17:00,8,,
5/19/24 18:00,3,,
5/19/24 19:00,0,,
5/19/24 20:00,0,,
5/19/24 21:00,0,,
5/19/24 22:00,0,,
5/19/24 23:00,0,,
5/20/24,0,,
5/20/24 1:00,0,,
5/20/24 2:00,0,,
5/20/24 3:00,0,,
5/20/24 4:00,0,,
5/20/24 5:00,0,,
5/20/24 6:00,1,,
5/20/24 7:00,2,,
5/20/24 8:00,5,,
5/20/24 9:00,7,,
5/20/24 10:00,2,,
5/20/24 11:00,3,,
5/20/24 12:00,6,,
5/20/24 13:00,7,,
5/20/24 14:00,3,,
5/20/24 15:00,11,,
5/20/24 16:00,11,,
5/20/24 17:00,4,,
5/20/24 18:00,1,,
5/20/24 19:00,0,,
5/20/24 20:00,0,,
5/20/24 21:00,0,,
5/20/24 22:00,0,,
5/20/24 23:00,0,,
5/21/24,0,,
5/21/24 1:00,0,,
5/21/24 2:00,0,,
5/21/24 3:00,0,,
5/21/24 4:00,0,,
5/21/24 5:00,1,,
5/21/24 6:00,4,,
5/21/24 7:00,9,,
5/21/24 8:00,15,,
5/21/24 9:00,21,,
5/21/24 10:00,24,,
5/21/24 11:00,28,,
5/21/24 12:00,20,,
5/21/24 13:00,18,,
5/21/24 14:00,24,,
5/21/24 15:00,19,,
5/21/24 16:00,14,,
5/21/24 17:00,8,,
5/21/24 18:00,3,,
5/21/24 19:00,1,,
5/21/24 20:00,0,,
5/21/24 21:00,0,,
5/21/24 22:00,0,,
5/21/24 23:00,0,,
5/22/24,0,,
5/22/24 1:00,0,,
5/22/24 2:00,0,,
5/22/24 3:00,0,,
5/22/24 4:00,0,,
5/22/24 5:00,0,,
5/22/24 6:00,2,,
5/22/24 7:00,4,,
5/22/24 8:00,5,,
5/22/24 9:00,7,,
5/22/24 10:00,14,,
5/22/24 11:00,23,,
5/22/24 12:00,18,,
5/22/24 13:00,15,,
5/22/24 14:00,17,,
5/22/24 15:00,15,,
5/22/24 16:00,11,,
5/22/24 17:00,7,,
5/22/24 18:00,3,,
5/22/24 19:00,0,,
5/22/24 20:00,0,,
5/22/24 21:00,0,,
5/22/24 22:00,0,,
5/22/24 23:00,0,,
5/23/24,0,,
5/23/24 1:00,0,,
5/23/24 2:00,0,,
5/23/24 3:00,0,,
5/23/24 4:00,0,,
5/23/24 5:00,0,,
5/23/24 6:00,2,,
5/23/24 7:00,5,,
5/23/24 8:00,7,,
5/23/24 9:00,13,,
5/23/24 10:00,25,,
5/23/24 11:00,26,,
5/23/24 12:00,23,,
5/23/24 13:00,20,,
5/23/24 14:00,24,,
5/23/24 15:00,19,,
5/23/24 16:00,14,,
5/23/24 17:00,8,,
5/23/24 18:00,3,,
5/23/24 19:00,1,,
5/23/24 20:00,0,,
5/23/24 21:00,0,,
5/23/24 22:00,0,,
5/23/24 23:00,0,,
5/24/24,0,,
5/24/24 1:00,0,,
5/24/24 2:00,0,,
5/24/24 3:00,0,,
5/24/24 4:00,0,,
5/24/24 5:00,1,,
5/24/24 6:00,4,,
5/24/24 7:00,10,,
5/24/24 8:00,15,,
5/24/24 9:00,21,,
5/24/24 10:00,23,,
5/24/24 11:00,19,,
5/24/24 12:00,13,,
5/24/24 13:00,20,,
5/24/24 14:00,16,,
5/24/24 15:00,8,,
5/24/24 16:00,4,,
5/24/24 17:00,2,,
5/24/24 18:00,1,,
5/24/24 19:00,0,,
5/24/24 20:00,0,,
5/24/24 21:00,0,,
5/24/24 22:00,0,,
5/24/24 23:00,0,,
5/25/24,0,,
5/25/24 1:00,0,,
5/25/24 2:00,0,,
5/25/24 3:00,0,,
5/25/24 4:00,0,,
5/25/24 5:00,1,,
5/25/24 6:00,2,,
5/25/24 7:00,1,,
5/25/24 8:00,4,,
5/25/24 9:00,13,,
5/25/24 10:00,12,,
5/25/24 11:00,2,,
5/25/24 12:00,2,,
5/25/24 13:00,5,,
5/25/24 14:00,16,,
5/25/24 15:00,11,,
5/25/24 16:00,12,,
5/25/24 17:00,4,,
5/25/24 18:00,3,,
5/25/24 19:00,1,,
5/25/24 20:00,0,,
5/25/24 21:00,0,,
5/25/24 22:00,0,,
5/25/24 23:00,0,,
5/26/24,0,,
5/26/24 1:00,0,,
5/26/24 2:00,0,,
5/26/24 3:00,0,,
5/26/24 4:00,0,,
5/26/24 5:00,1,,
5/26/24 6:00,3,,
5/26/24 7:00,7,,
5/26/24 8:00,13,,
5/26/24 9:00,20,,
5/26/24 10:00,25,,
5/26/24 11:00,27,,
5/26/24 12:00,23,,
5/26/24 13:00,20,,
5/26/24 14:00,23,,
5/26/24 15:00,19,,
5/26/24 16:00,14,,
5/26/24 17:00,8,,
5/26/24 18:00,3,,
5/26/24 19:00,1,,
5/26/24 20:00,0,,
5/26/24 21:00,0,,
5/26/24 22:00,0,,
5/26/24 23:00,0,,
5/27/24,0,,
5/27/24 1:00,0,,
5/27/24 2:00,0,,
5/27/24 3:00,0,,
5/27/24 4:00,0,,
5/27/24 5:00,1,,
5/27/24 6:00,4,,
5/27/24 7:00,9,,
5/27/24 8:00,15,,
5/27/24 9:00,20,,
5/27/24 10:00,25,,
5/27/24 11:00,27,,
5/27/24 12:00,23,,
5/27/24 13:00,21,,
5/27/24 14:00,23,,
5/27/24 15:00,19,,
5/27/24 16:00,14,,
5/27/24 17:00,8,,
5/27/24 18:00,3,,
5/27/24 19:00,1,,
5/27/24 20:00,0,,
5/27/24 21:00,0,,
5/27/24 22:00,0,,
5/27/24 23:00,0,,
5/28/24,0,,
5/28/24 1:00,0,,
5/28/24 2:00,0,,
5/28/24 3:00,0,,
5/28/24 4:00,0,,
5/28/24 5:00,1,,
5/28/24 6:00,4,,
5/28/24 7:00,9,,
5/28/24 8:00,15,,
5/28/24 9:00,20,,
5/28/24 10:00,25,,
5/28/24 11:00,27,,
5/28/24 12:00,22,,
5/28/24 13:00,13,,
5/28/24 14:00,7,,
5/28/24 15:00,19,,
5/28/24 16:00,14,,
5/28/24 17:00,8,,
5/28/24 18:00,3,,
5/28/24 19:00,1,,
5/28/24 20:00,0,,
5/28/24 21:00,0,,
5/28/24 22:00,0,,
5/28/24 23:00,0,,
5/29/24,0,,
5/29/24 1:00,0,,
5/29/24 2:00,0,,
5/29/24 3:00,0,,
5/29/24 4:00,0,,
5/29/24 5:00,1,,
5/29/24 6:00,4,,
5/29/24 7:00,9,,
5/29/24 8:00,15,,
5/29/24 9:00,21,,
5/29/24 10:00,25,,
5/29/24 11:00,27,,
5/29/24 12:00,24,,
5/29/24 13:00,20,,
5/29/24 14:00,21,,
5/29/24 15:00,19,,
5/29/24 16:00,14,,
5/29/24 17:00,8,,
5/29/24 18:00,4,,
5/29/24 19:00,1,,
5/29/24 20:00,0,,
5/29/24 21:00,0,,
5/29/24 22:00,0,,
5/29/24 23:00,0,,
5/30/24,0,,
5/30/24 1:00,0,,
5/30/24 2:00,0,,
5/30/24 3:00,0,,
5/30/24 4:00,0,,
5/30/24 5:00,1,,
5/30/24 6:00,5,,
5/30/24 7:00,10,,
5/30/24 8:00,15,,
5/30/24 9:00,21,,
5/30/24 10:00,25,,
5/30/24 11:00,28,,
5/30/24 12:00,24,,
5/30/24 13:00,22,,
5/30/24 14:00,23,,
5/30/24 15:00,17,,
5/30/24 16:00,11,,
5/30/24 17:00,9,,
5/30/24 18:00,3,,
5/30/24 19:00,1,,
5/30/24 20:00,0,,
5/30/24 21:00,0,,
5/30/24 22:00,0,,
5/30/24 23:00,0,,
5/31/24,0,,
5/31/24 1:00,0,,
5/31/24 2:00,0,,
5/31/24 3:00,0,,
5/31/24 4:00,0,,
5/31/24 5:00,1,,
5/31/24 6:00,4,,
5/31/24 7:00,10,,
5/31/24 8:00,15,,
5/31/24 9:00,20,,
5/31/24 10:00,24,,
5/31/24 11:00,27,,
5/31/24 12:00,25,,
5/31/24 13:00,22,,
5/31/24 14:00,24,,
5/31/24 15:00,19,,
5/31/24 16:00,14,,
5/31/24 17:00,8,,
5/31/24 18:00,4,,
5/31/24 19:00,1,,
5/31/24 20:00,0,,
5/31/24 21:00,0,,
5/31/24 22:00,0,,
5/31/24 23:00,0,,
6/1/24,0,,
6/1/24 1:00,0,,
6/1/24 2:00,0,,
6/1/24 3:00,0,,
6/1/24 4:00,0,,
6/1/24 5:00,1,,
6/1/24 6:00,4,,
6/1/24 7:00,8,,
6/1/24 8:00,13,,
6/1/24 9:00,17,,
6/1/24 10:00,25,,
6/1/24 11:00,27,,
6/1/24 12:00,23,,
6/1/24 13:00,13,,
6/1/24 14:00,21,,
6/1/24 15:00,18,,
6/1/24 16:00,9,,
6/1/24 17:00,7,,
6/1/24 18:00,3,,
6/1/24 19:00,0,,
6/1/24 20:00,0,,
6/1/24 21:00,0,,
6/1/24 22:00,0,,
6/1/24 23:00,0,,
6/2/24,0,,
6/2/24 1:00,0,,
6/2/24 2:00,0,,
6/2/24 3:00,0,,
6/2/24 4:00,0,,
6/2/24 5:00,1,,
6/2/24 6:00,3,,
6/2/24 7:00,7,,
6/2/24 8:00,12,,
6/2/24 9:00,15,,
6/2/24 10:00,24,,
6/2/24 11:00,26,,
6/2/24 12:00,25,,
6/2/24 13:00,24,,
6/2/24 14:00,24,,
6/2/24 15:00,18,,
6/2/24 16:00,13,,
6/2/24 17:00,8,,
6/2/24 18:00,4,,
6/2/24 19:00,1,,
6/2/24 20:00,0,,
6/2/24 21:00,0,,
6/2/24 22:00,0,,
6/2/24 23:00,0,,
6/3/24,0,,
6/3/24 1:00,0,,
6/3/24 2:00,0,,
6/3/24 3:00,0,,
6/3/24 4:00,0,,
6/3/24 5:00,0,,
6/3/24 6:00,1,,
6/3/24 7:00,2,,
6/3/24 8:00,7,,
6/3/24 9:00,8,,
6/3/24 10:00,10,,
6/3/24 11:00,13,,
6/3/24 12:00,9,,
6/3/24 13:00,6,,
6/3/24 14:00,3,,
6/3/24 15:00,4,,
6/3/24 16:00,3,,
6/3/24 17:00,7,,
6/3/24 18:00,2,,
6/3/24 19:00,1,,
6/3/24 20:00,0,,
6/3/24 21:00,0,,
6/3/24 22:00,0,,
6/3/24 23:00,0,,
6/4/24,0,,
6/4/24 1:00,0,,
6/4/24 2:00,0,,
6/4/24 3:00,0,,
6/4/24 4:00,0,,
6/4/24 5:00,1,,
6/4/24 6:00,5,,
6/4/24 7:00,10,,
6/4/24 8:00,16,,
6/4/24 9:00,21,,
6/4/24 10:00,25,,
6/4/24 11:00,28,,
6/4/24 12:00,25,,
6/4/24 13:00,23,,
6/4/24 14:00,24,,
6/4/24 15:00,20,,
6/4/24 16:00,14,,
6/4/24 17:00,9,,
6/4/24 18:00,4,,
6/4/24 19:00,1,,
6/4/24 20:00,0,,
6/4/24 21:00,0,,
6/4/24 22:00,0,,
6/4/24 23:00,0,,
6/5/24,0,,
6/5/24 1:00,0,,
6/5/24 2:00,0,,
6/5/24 3:00,0,,
6/5/24 4:00,0,,
6/5/24 5:00,1,,
6/5/24 6:00,5,,
6/5/24 7:00,10,,
6/5/24 8:00,16,,
6/5/24 9:00,21,,
6/5/24 10:00,25,,
6/5/24 11:00,28,,
6/5/24 12:00,26,,
6/5/24 13:00,24,,
6/5/24 14:00,24,,
6/5/24 15:00,20,,
6/5/24 16:00,15,,
6/5/24 17:00,9,,
6/5/24 18:00,4,,
6/5/24 19:00,1,,
6/5/24 20:00,0,,
6/5/24 21:00,0,,
6/5/24 22:00,0,,
6/5/24 23:00,0,,
6/6/24,0,,
6/6/24 1:00,0,,
6/6/24 2:00,0,,
6/6/24 3:00,0,,
6/6/24 4:00,0,,
6/6/24 5:00,1,,
6/6/24 6:00,5,,
6/6/24 7:00,10,,
6/6/24 8:00,16,,
6/6/24 9:00,21,,
6/6/24 10:00,25,,
6/6/24 11:00,28,,
6/6/24 12:00,25,,
6/6/24 13:00,23,,
6/6/24 14:00,24,,
6/6/24 15:00,19,,
6/6/24 16:00,15,,
6/6/24 17:00,9,,
6/6/24 18:00,4,,
6/6/24 19:00,1,,
6/6/24 20:00,0,,
6/6/24 21:00,0,,
6/6/24 22:00,0,,
6/6/24 23:00,0,,
6/7/24,0,,
6/7/24 1:00,0,,
6/7/24 2:00,0,,
6/7/24 3:00,0,,
6/7/24 4:00,0,,
6/7/24 5:00,0,,
6/7/24 6:00,3,,
6/7/24 7:00,10,,
6/7/24 8:00,14,,
6/7/24 9:00,21,,
6/7/24 10:00,25,,
6/7/24 11:00,27,,
6/7/24 12:00,24,,
6/7/24 13:00,14,,
6/7/24 14:00,23,,
6/7/24 15:00,15,,
6/7/24 16:00,11,,
6/7/24 17:00,3,,
6/7/24 18:00,0,,
6/7/24 19:00,0,,
6/7/24 20:00,0,,
6/7/24 21:00,0,,
6/7/24 22:00,0,,
6/7/24 23:00,0,,
6/8/24,0,,
6/8/24 1:00,0,,
6/8/24 2:00,0,,
6/8/24 3:00,0,,
6/8/24 4:00,0,,
6/8/24 5:00,1,,
6/8/24 6:00,5,,
6/8/24 7:00,10,,
6/8/24 8:00,15,,
6/8/24 9:00,21,,
6/8/24 10:00,25,,
6/8/24 11:00,28,,
6/8/24 12:00,26,,
6/8/24 13:00,24,,
6/8/24 14:00,24,,
6/8/24 15:00,20,,
6/8/24 16:00,14,,
6/8/24 17:00,7,,
6/8/24 18:00,3,,
6/8/24 19:00,1,,
6/8/24 20:00,0,,
6/8/24 21:00,0,,
6/8/24 22:00,0,,
6/8/24 23:00,0,,
6/9/24,0,,
6/9/24 1:00,0,,
6/9/24 2:00,0,,
6/9/24 3:00,0,,
6/9/24 4:00,0,,
6/9/24 5:00,1,,
6/9/24 6:00,3,,
6/9/24 7:00,7,,
6/9/24 8:00,13,,
6/9/24 9:00,16,,
6/9/24 10:00,22,,
6/9/24 11:00,27,,
6/9/24 12:00,26,,
6/9/24 13:00,23,,
6/9/24 14:00,13,,
6/9/24 15:00,16,,
6/9/24 16:00,14,,
6/9/24 17:00,8,,
6/9/24 18:00,3,,
6/9/24 19:00,1,,
6/9/24 20:00,0,,
6/9/24 21:00,0,,
6/9/24 22:00,0,,
6/9/24 23:00,0,,
6/10/24,0,,
6/10/24 1:00,0,,
6/10/24 2:00,0,,
6/10/24 3:00,0,,
6/10/24 4:00,0,,
6/10/24 5:00,1,,
6/10/24 6:00,4,,
6/10/24 7:00,9,,
6/10/24 8:00,15,,
6/10/24 9:00,20,,
6/10/24 10:00,24,,
6/10/24 11:00,27,,
6/10/24 12:00,26,,
6/10/24 13:00,24,,
6/10/24 14:00,24,,
6/10/24 15:00,20,,19
6/10/24 16:00,14,,15
6/10/24 17:00,9,,9
6/10/24 18:00,4,,4
6/10/24 19:00,1,,1
6/10/24 20:00,0,,0
6/10/24 21:00,0,,0
6/10/24 22:00,0,,0
6/10/24 23:00,0,,0
6/11/24,0,,0
6/11/24 1:00,0,,0
6/11/24 2:00,0,,0
6/11/24 3:00,0,,0
6/11/24 4:00,0,,0
6/11/24 5:00,1,,1
6/11/24 6:00,5,,4
6/11/24 7:00,10,,10
6/11/24 8:00,15,,16
6/11/24 9:00,21,,22
6/11/24 10:00,25,,26
6/11/24 11:00,27,,29
6/11/24 12:00,26,,30
6/11/24 13:00,24,,29
6/11/24 14:00,24,,26
6/11/24 15:00,20,,21
6/11/24 16:00,14,,15
6/11/24 17:00,9,,9
6/11/24 18:00,4,,4
6/11/24 19:00,1,,1
6/11/24 20:00,0,,0
6/11/24 21:00,0,,0
6/11/24 22:00,0,,0
6/11/24 23:00,0,,0
6/12/24,0,,0
6/12/24 1:00,0,,0
6/12/24 2:00,0,,0
6/12/24 3:00,0,,0
6/12/24 4:00,0,,0
6/12/24 5:00,1,,1
6/12/24 6:00,4,,4
6/12/24 7:00,9,,10
6/12/24 8:00,15,,16
6/12/24 9:00,20,,22
6/12/24 10:00,24,,26
6/12/24 11:00,27,,29
6/12/24 12:00,19,,22
6/12/24 13:00,17,,26
6/12/24 14:00,22,,25
6/12/24 15:00,19,,21
6/12/24 16:00,14,,15
6/12/24 17:00,8,,8
6/12/24 18:00,3,,4
6/12/24 19:00,1,,1
6/12/24 20:00,0,,0
6/12/24 21:00,0,,0
6/12/24 22:00,0,,0
6/12/24 23:00,0,,0
6/13/24,0,,0
6/13/24 1:00,0,,0
6/13/24 2:00,0,,0
6/13/24 3:00,0,,0
6/13/24 4:00,0,,0
6/13/24 5:00,1,,1
6/13/24 6:00,4,,4
6/13/24 7:00,9,,10
6/13/24 8:00,15,,16
6/13/24 9:00,20,,22
6/13/24 10:00,24,,26
6/13/24 11:00,27,,29
6/13/24 12:00,26,,30
6/13/24 13:00,23,,29
6/13/24 14:00,24,,25
6/13/24 15:00,19,,20
6/13/24 16:00,14,,15
6/13/24 17:00,9,,9
6/13/24 18:00,3,,4
6/13/24 19:00,1,,1
6/13/24 20:00,0,,0
6/13/24 21:00,0,,0
6/13/24 22:00,0,,0
6/13/24 23:00,0,,0
6/14/24,0,,0
6/14/24 1:00,0,,0
6/14/24 2:00,0,,0
6/14/24 3:00,0,,0
6/14/24 4:00,0,,0
6/14/24 5:00,1,,1
6/14/24 6:00,4,,4
6/14/24 7:00,9,,8
6/14/24 8:00,13,,14
6/14/24 9:00,19,,21
6/14/24 10:00,24,,26
6/14/24 11:00,27,,29
6/14/24 12:00,25,,30
6/14/24 13:00,23,,28
6/14/24 14:00,23,,25
6/14/24 15:00,19,,20
6/14/24 16:00,13,,14
6/14/24 17:00,8,,8
6/14/24 18:00,3,,4
6/14/24 19:00,1,,1
6/14/24 20:00,0,,0
6/14/24 21:00,0,,0
6/14/24 22:00,0,,0
6/14/24 23:00,0,,0
6/15/24,0,,0
6/15/24 1:00,0,,0
6/15/24 2:00,0,,0
6/15/24 3:00,0,,0
6/15/24 4:00,0,,0
6/15/24 5:00,1,,1
6/15/24 6:00,5,,5
6/15/24 7:00,5,,5
6/15/24 8:00,6,,7
6/15/24 9:00,17,,18
6/15/24 10:00,24,,26
6/15/24 11:00,27,,29
6/15/24 12:00,26,,30
6/15/24 13:00,23,,29
6/15/24 14:00,24,,26
6/15/24 15:00,19,,21
6/15/24 16:00,14,,15
6/15/24 17:00,9,,10
6/15/24 18:00,4,,4
6/15/24 19:00,1,,1
6/15/24 20:00,0,,0
6/15/24 21:00,0,,0
6/15/24 22:00,0,,0
6/15/24 23:00,0,,0
6/16/24,0,,0
6/16/24 1:00,0,,0
6/16/24 2:00,0,,0
6/16/24 3:00,0,,0
6/16/24 4:00,0,,0
6/16/24 5:00,1,,1
6/16/24 6:00,4,,5
6/16/24 7:00,8,,9
6/16/24 8:00,13,,14
6/16/24 9:00,19,,21
6/16/24 10:00,25,,27
6/16/24 11:00,28,,30
6/16/24 12:00,26,,31
6/16/24 13:00,24,,29
6/16/24 14:00,24,,26
6/16/24 15:00,20,,21
6/16/24 16:00,15,,16
6/16/24 17:00,9,,10
6/16/24 18:00,3,,4
6/16/24 19:00,1,,1
6/16/24 20:00,0,,0
6/16/24 21:00,0,,0
6/16/24 22:00,0,,0
6/16/24 23:00,0,,0
6/17/24,0,,0
6/17/24 1:00,0,,0
6/17/24 2:00,0,,0
6/17/24 3:00,0,,0
6/17/24 4:00,0,,0
6/17/24 5:00,1,,1
6/17/24 6:00,4,,4
6/17/24 7:00,9,,10
6/17/24 8:00,16,,16
6/17/24 9:00,20,,22
6/17/24 10:00,24,,26
6/17/24 11:00,27,,29
6/17/24 12:00,26,,30
6/17/24 13:00,22,,29
6/17/24 14:00,23,,20
6/17/24 15:00,6,,8
6/17/24 16:00,2,,2
6/17/24 17:00,2,,2
6/17/24 18:00,3,,3
6/17/24 19:00,0,,0
6/17/24 20:00,0,,0
6/17/24 21:00,0,,0
6/17/24 22:00,0,,0
6/17/24 23:00,0,,0
6/18/24,0,,0
6/18/24 1:00,0,,0
6/18/24 2:00,0,,0
6/18/24 3:00,0,,0
6/18/24 4:00,0,,0
6/18/24 5:00,1,,1
6/18/24 6:00,5,,4
6/18/24 7:00,10,,10
6/18/24 8:00,15,,16
6/18/24 9:00,20,,22
6/18/24 10:00,25,,27
6/18/24 11:00,27,,29
6/18/24 12:00,26,,30
6/18/24 13:00,23,,29
6/18/24 14:00,24,,26
6/18/24 15:00,20,,21
6/18/24 16:00,14,,16
6/18/24 17:00,9,,10
6/18/24 18:00,4,,5
6/18/24 19:00,1,,1
6/18/24 20:00,0,,0
6/18/24 21:00,0,,0
6/18/24 22:00,0,,0
6/18/24 23:00,0,,0
6/19/24,0,,0
6/19/24 1:00,0,,0
6/19/24 2:00,0,,0
6/19/24 3:00,0,,0
6/19/24 4:00,0,,0
6/19/24 5:00,1,,1
6/19/24 6:00,4,,4
6/19/24 7:00,8,,9
6/19/24 8:00,13,,14
6/19/24 9:00,19,,20
6/19/24 10:00,19,,22
6/19/24 11:00,18,,19
6/19/24 12:00,23,,21
6/19/24 13:00,19,,27
6/19/24 14:00,20,,21
6/19/24 15:00,15,,17
6/19/24 16:00,9,,10
6/19/24 17:00,5,,5
6/19/24 18:00,3,,3
6/19/24 19:00,1,,0
6/19/24 20:00,0,,0
6/19/24 21:00,0,,0
6/19/24 22:00,0,,0
6/19/24 23:00,0,,0
6/20/24,0,,0
6/20/24 1:00,0,,0
6/20/24 2:00,0,,0
6/20/24 3:00,0,,0
6/20/24 4:00,0,,0
6/20/24 5:00,1,,1
6/20/24 6:00,4,,4
6/20/24 7:00,8,,9
6/20/24 8:00,15,,16
6/20/24 9:00,20,,21
6/20/24 10:00,25,,26
6/20/24 11:00,27,,29
6/20/24 12:00,26,,30
6/20/24 13:00,19,,29
6/20/24 14:00,21,,22
6/20/24 15:00,19,,21
6/20/24 16:00,14,,15
6/20/24 17:00,9,,9
6/20/24 18:00,4,,4
6/20/24 19:00,1,,1
6/20/24 20:00,0,,0
6/20/24 21:00,0,,0
6/20/24 22:00,0,,0
6/20/24 23:00,0,,0
6/21/24,0,,0
6/21/24 1:00,0,,0
6/21/24 2:00,0,,0
6/21/24 3:00,0,,0
6/21/24 4:00,0,,0
6/21/24 5:00,1,,1
6/21/24 6:00,3,,4
6/21/24 7:00,9,,10
6/21/24 8:00,13,,16
6/21/24 9:00,10,,12
6/21/24 10:00,19,,31
6/21/24 11:00,11,,13
6/21/24 12:00,2,,2
6/21/24 13:00,19,,22
6/21/24 14:00,24,,27
6/21/24 15:00,20,,22
6/21/24 16:00,14,,16
6/21/24 17:00,9,,10
6/21/24 18:00,4,,5
6/21/24 19:00,1,,1
6/21/24 20:00,0,,0
6/21/24 21:00,0,,0
6/21/24 22:00,0,,0
6/21/24 23:00,0,,0
6/22/24,0,,0
6/22/24 1:00,0,,0
6/22/24 2:00,0,,0
6/22/24 3:00,0,,0
6/22/24 4:00,0,,0
6/22/24 5:00,1,,1
6/22/24 6:00,4,,4
6/22/24 7:00,9,,9
6/22/24 8:00,15,,16
6/22/24 9:00,20,,22
6/22/24 10:00,25,,27
6/22/24 11:00,27,,30
6/22/24 12:00,27,,31
6/22/24 13:00,23,,30
6/22/24 14:00,23,,27
6/22/24 15:00,20,,21
6/22/24 16:00,14,,15
6/22/24 17:00,9,,10
6/22/24 18:00,4,,5
6/22/24 19:00,1,,1
6/22/24 20:00,0,,0
6/22/24 21:00,0,,0
6/22/24 22:00,0,,0
6/22/24 23:00,0,,0
6/23/24,0,,0
6/23/24 1:00,0,,0
6/23/24 2:00,0,,0
6/23/24 3:00,0,,0
6/23/24 4:00,0,,0
6/23/24 5:00,1,,1
6/23/24 6:00,4,,4
6/23/24 7:00,9,,10
6/23/24 8:00,15,,16
6/23/24 9:00,20,,22
6/23/24 10:00,25,,27
6/23/24 11:00,27,,30
6/23/24 12:00,27,,31
6/23/24 13:00,24,,30
6/23/24 14:00,23,,26
6/23/24 15:00,15,,15
6/23/24 16:00,15,,15
6/23/24 17:00,9,,10
6/23/24 18:00,4,,5
6/23/24 19:00,1,,1
6/23/24 20:00,0,,0
6/23/24 21:00,0,,0
6/23/24 22:00,0,,0
6/23/24 23:00,0,,0
6/24/24,0,,0
6/24/24 1:00,0,,0
6/24/24 2:00,0,,0
6/24/24 3:00,0,,0
6/24/24 4:00,0,,0
6/24/24 5:00,1,,1
6/24/24 6:00,4,,4
6/24/24 7:00,9,,10
6/24/24 8:00,15,,16
6/24/24 9:00,20,,22
6/24/24 10:00,24,,26
6/24/24 11:00,27,,29
6/24/24 12:00,26,,31
6/24/24 13:00,23,,29
6/24/24 14:00,24,,26
6/24/24 15:00,20,,22
6/24/24 16:00,14,,16
6/24/24 17:00,9,,10
6/24/24 18:00,4,,5
6/24/24 19:00,1,,1
6/24/24 20:00,0,,0
6/24/24 21:00,0,,0
6/24/24 22:00,0,,0
6/24/24 23:00,0,,0
6/25/24,0,,0
6/25/24 1:00,0,,0
6/25/24 2:00,0,,0
6/25/24 3:00,0,,0
6/25/24 4:00,0,,0
6/25/24 5:00,1,,1
6/25/24 6:00,4,,4
6/25/24 7:00,8,,9
6/25/24 8:00,15,,16
6/25/24 9:00,20,,22
6/25/24 10:00,24,,27
6/25/24 11:00,27,,30
6/25/24 12:00,26,,31
6/25/24 13:00,23,,29
6/25/24 14:00,24,,26
6/25/24 15:00,20,,22
6/25/24 16:00,15,,16
6/25/24 17:00,9,,10
6/25/24 18:00,4,,5
6/25/24 19:00,1,,1
6/25/24 20:00,0,,0
6/25/24 21:00,0,,0
6/25/24 22:00,0,,0
6/25/24 23:00,0,,0
6/26/24,0,,0
6/26/24 1:00,0,,0
6/26/24 2:00,0,,0
6/26/24 3:00,0,,0
6/26/24 4:00,0,,0
6/26/24 5:00,1,,1
6/26/24 6:00,2,,2
6/26/24 7:00,4,,4
6/26/24 8:00,8,,8
6/26/24 9:00,15,,16
6/26/24 10:00,21,,23
6/26/24 11:00,20,,24
6/26/24 12:00,18,,25
6/26/24 13:00,24,,28
6/26/24 14:00,24,,26
6/26/24 15:00,14,,16
6/26/24 16:00,6,,6
6/26/24 17:00,5,,5
6/26/24 18:00,3,,4
6/26/24 19:00,0,,0
6/26/24 20:00,0,,0
6/26/24 21:00,0,,0
6/26/24 22:00,0,,0
6/26/24 23:00,0,,0
6/27/24,0,,0
6/27/24 1:00,0,,0
6/27/24 2:00,0,,0
6/27/24 3:00,0,,0
6/27/24 4:00,0,,0
6/27/24 5:00,1,,1
6/27/24 6:00,4,,4
6/27/24 7:00,9,,10
6/27/24 8:00,15,,16
6/27/24 9:00,20,,22
6/27/24 10:00,24,,26
6/27/24 11:00,26,,29
6/27/24 12:00,26,,28
6/27/24 13:00,16,,12
6/27/24 14:00,24,,26
6/27/24 15:00,20,,22
6/27/24 16:00,15,,16
6/27/24 17:00,9,,10
6/27/24 18:00,4,,5
6/27/24 19:00,1,,1
6/27/24 20:00,0,,0
6/27/24 21:00,0,,0
6/27/24 22:00,0,,0
6/27/24 23:00,0,,0
6/28/24,0,,0
6/28/24 1:00,0,,0
6/28/24 2:00,0,,0
6/28/24 3:00,0,,0
6/28/24 4:00,0,,0
6/28/24 5:00,1,,1
6/28/24 6:00,4,,4
6/28/24 7:00,9,,10
6/28/24 8:00,14,,16
6/28/24 9:00,18,,21
6/28/24 10:00,22,,22
6/28/24 11:00,27,,30
6/28/24 12:00,27,,31
6/28/24 13:00,22,,29
6/28/24 14:00,24,,26
6/28/24 15:00,20,,22
6/28/24 16:00,15,,16
6/28/24 17:00,9,,10
6/28/24 18:00,4,,5
6/28/24 19:00,1,,1
6/28/24 20:00,0,,0
6/28/24 21:00,0,,0
6/28/24 22:00,0,,0
6/28/24 23:00,0,,0
6/29/24,0,,0
6/29/24 1:00,0,,0
6/29/24 2:00,0,,0
6/29/24 3:00,0,,0
6/29/24 4:00,0,,0
6/29/24 5:00,1,,1
6/29/24 6:00,4,,4
6/29/24 7:00,8,,9
6/29/24 8:00,15,,16
6/29/24 9:00,20,,22
6/29/24 10:00,25,,27
6/29/24 11:00,28,,30
6/29/24 12:00,28,,31
6/29/24 13:00,22,,30
6/29/24 14:00,25,,26
6/29/24 15:00,20,,22
6/29/24 16:00,13,,15
6/29/24 17:00,7,,7
6/29/24 18:00,4,,4
6/29/24 19:00,1,,1
6/29/24 20:00,0,,0
6/29/24 21:00,0,,0
6/29/24 22:00,0,,0
6/29/24 23:00,0,,0
6/30/24,0,,0
6/30/24 1:00,0,,0
6/30/24 2:00,0,,0
6/30/24 3:00,0,,0
6/30/24 4:00,0,,0
6/30/24 5:00,1,,1
6/30/24 6:00,4,,5
6/30/24 7:00,8,,10
6/30/24 8:00,12,,17
6/30/24 9:00,16,,21
6/30/24 10:00,25,,27
6/30/24 11:00,28,,30
6/30/24 12:00,27,,30
6/30/24 13:00,22,,30
6/30/24 14:00,23,,23
6/30/24 15:00,18,,18
6/30/24 16:00,11,,10
6/30/24 17:00,4,,4
6/30/24 18:00,2,,2
6/30/24 19:00,1,,1
6/30/24 20:00,0,,0
6/30/24 21:00,0,,0
6/30/24 22:00,0,,0
6/30/24 23:00,0,,0
7/1/24,0,,0
7/1/24 1:00,0,,0
7/1/24 2:00,0,,0
7/1/24 3:00,0,,0
7/1/24 4:00,0,,0
7/1/24 5:00,1,,1
7/1/24 6:00,3,,3
7/1/24 7:00,6,,6
7/1/24 8:00,10,,8
7/1/24 9:00,6,,5
7/1/24 10:00,11,,9
7/1/24 11:00,11,,13
7/1/24 12:00,13,,14
7/1/24 13:00,6,,8
7/1/24 14:00,17,,18
7/1/24 15:00,11,,12
7/1/24 16:00,6,,6
7/1/24 17:00,5,,5
7/1/24 18:00,2,,2
7/1/24 19:00,1,,0
7/1/24 20:00,0,,0
7/1/24 21:00,0,,0
7/1/24 22:00,0,,0
7/1/24 23:00,0,,0
7/2/24,0,,0
7/2/24 1:00,0,,0
7/2/24 2:00,0,,0
7/2/24 3:00,0,,0
7/2/24 4:00,0,,0
7/2/24 5:00,1,,1
7/2/24 6:00,4,,4
7/2/24 7:00,9,,10
7/2/24 8:00,15,,16
7/2/24 9:00,20,,22
7/2/24 10:00,24,,26
7/2/24 11:00,27,,30
7/2/24 12:00,27,,31
7/2/24 13:00,21,,30
7/2/24 14:00,24,,26
7/2/24 15:00,20,,22
7/2/24 16:00,15,,16
7/2/24 17:00,9,,10
7/2/24 18:00,4,,5
7/2/24 19:00,1,,1
7/2/24 20:00,0,,0
7/2/24 21:00,0,,0
7/2/24 22:00,0,,0
7/2/24 23:00,0,,0
7/3/24,0,,0
7/3/24 1:00,0,,0
7/3/24 2:00,0,,0
7/3/24 3:00,0,,0
7/3/24 4:00,0,,0
7/3/24 5:00,1,,1
7/3/24 6:00,4,,4
7/3/24 7:00,9,,10
7/3/24 8:00,14,,16
7/3/24 9:00,20,,21
7/3/24 10:00,24,,26
7/3/24 11:00,27,,29
7/3/24 12:00,27,,30
7/3/24 13:00,21,,30
7/3/24 14:00,24,,26
7/3/24 15:00,20,,20
7/3/24 16:00,15,,16
7/3/24 17:00,9,,10
7/3/24 18:00,4,,5
7/3/24 19:00,1,,1
7/3/24 20:00,0,,0
7/3/24 21:00,0,,0
7/3/24 22:00,0,,0
7/3/24 23:00,0,,0
7/4/24,0,,0
7/4/24 1:00,0,,0
7/4/24 2:00,0,,0
7/4/24 3:00,0,,0
7/4/24 4:00,0,,0
7/4/24 5:00,1,,1
7/4/24 6:00,4,,4
7/4/24 7:00,9,,10
7/4/24 8:00,15,,16
7/4/24 9:00,20,,22
7/4/24 10:00,25,,27
7/4/24 11:00,27,,30
7/4/24 12:00,27,,31
7/4/24 13:00,21,,30
7/4/24 14:00,25,,27
7/4/24 15:00,20,,22
7/4/24 16:00,15,,16
7/4/24 17:00,9,,10
7/4/24 18:00,4,,5
7/4/24 19:00,1,,1
7/4/24 20:00,0,,0
7/4/24 21:00,0,,0
7/4/24 22:00,0,,0
7/4/24 23:00,0,,0
7/5/24,0,,0
7/5/24 1:00,0,,0
7/5/24 2:00,0,,0
7/5/24 3:00,0,,0
7/5/24 4:00,0,,0
7/5/24 5:00,1,,1
7/5/24 6:00,4,,4
7/5/24 7:00,9,,10
7/5/24 8:00,15,,16
7/5/24 9:00,20,,22
7/5/24 10:00,24,,27
7/5/24 11:00,27,,30
7/5/24 12:00,27,,30
7/5/24 13:00,21,,30
7/5/24 14:00,25,,27
7/5/24 15:00,20,,22
7/5/24 16:00,15,,16
7/5/24 17:00,9,,10
7/5/24 18:00,4,,5
7/5/24 19:00,1,,1
7/5/24 20:00,0,,0
7/5/24 21:00,0,,0
7/5/24 22:00,0,,0
7/5/24 23:00,0,,0
7/6/24,0,,0
7/6/24 1:00,0,,0
7/6/24 2:00,0,,0
7/6/24 3:00,0,,0
7/6/24 4:00,0,,0
7/6/24 5:00,1,,1
7/6/24 6:00,4,,4
7/6/24 7:00,9,,10
7/6/24 8:00,15,,16
7/6/24 9:00,20,,22
7/6/24 10:00,24,,26
7/6/24 11:00,27,,29
7/6/24 12:00,27,,31
7/6/24 13:00,19,,28
7/6/24 14:00,20,,22
7/6/24 15:00,20,,22
7/6/24 16:00,15,,13
7/6/24 17:00,9,,10
7/6/24 18:00,4,,5
7/6/24 19:00,1,,1
7/6/24 20:00,0,,0
7/6/24 21:00,0,,0
7/6/24 22:00,0,,0
7/6/24 23:00,0,,0
7/7/24,0,,0
7/7/24 1:00,0,,0
7/7/24 2:00,0,,0
7/7/24 3:00,0,,0
7/7/24 4:00,0,,0
7/7/24 5:00,1,,1
7/7/24 6:00,4,,4
7/7/24 7:00,9,,10
7/7/24 8:00,15,,16
7/7/24 9:00,20,,21
7/7/24 10:00,24,,26
7/7/24 11:00,27,,29
7/7/24 12:00,27,,30
7/7/24 13:00,20,,29
7/7/24 14:00,24,,26
7/7/24 15:00,20,,21
7/7/24 16:00,14,,16
7/7/24 17:00,9,,10
7/7/24 18:00,4,,4
7/7/24 19:00,1,,1
7/7/24 20:00,0,,0
7/7/24 21:00,0,,0
7/7/24 22:00,0,,0
7/7/24 23:00,0,,0
7/8/24,0,,0
7/8/24 1:00,0,,0
7/8/24 2:00,0,,0
7/8/24 3:00,0,,0
7/8/24 4:00,0,,0
7/8/24 5:00,1,,1
7/8/24 6:00,4,,4
7/8/24 7:00,9,,10
7/8/24 8:00,14,,16
7/8/24 9:00,20,,21
7/8/24 10:00,24,,26
7/8/24 11:00,27,,29
7/8/24 12:00,27,,30
7/8/24 13:00,19,,29
7/8/24 14:00,24,,26
7/8/24 15:00,20,,21
7/8/24 16:00,15,,16
7/8/24 17:00,9,,10
7/8/24 18:00,4,,4
7/8/24 19:00,1,,1
7/8/24 20:00,0,,0
7/8/24 21:00,0,,0
7/8/24 22:00,0,,0
7/8/24 23:00,0,,0
7/9/24,0,,0
7/9/24 1:00,0,,0
7/9/24 2:00,0,,0
7/9/24 3:00,0,,0
7/9/24 4:00,0,,0
7/9/24 5:00,1,,1
7/9/24 6:00,4,,4
7/9/24 7:00,8,,9
7/9/24 8:00,13,,14
7/9/24 9:00,18,,19
7/9/24 10:00,21,,24
7/9/24 11:00,24,,27
7/9/24 12:00,24,,28
7/9/24 13:00,17,,27
7/9/24 14:00,22,,25
7/9/24 15:00,19,,20
7/9/24 16:00,14,,15
7/9/24 17:00,9,,9
7/9/24 18:00,4,,4
7/9/24 19:00,1,,1
7/9/24 20:00,0,,0
7/9/24 21:00,0,,0
7/9/24 22:00,0,,0
7/9/24 23:00,0,,0
7/10/24,0,,0
7/10/24 1:00,0,,0
7/10/24 2:00,0,,0
7/10/24 3:00,0,,0
7/10/24 4:00,0,,0
7/10/24 5:00,1,,1
7/10/24 6:00,4,,4
7/10/24 7:00,8,,9
7/10/24 8:00,14,,15
7/10/24 9:00,19,,20
7/10/24 10:00,23,,25
7/10/24 11:00,26,,28
7/10/24 12:00,25,,29
7/10/24 13:00,17,,28
7/10/24 14:00,23,,25
7/10/24 15:00,19,,21
7/10/24 16:00,14,,15
7/10/24 17:00,9,,9
7/10/24 18:00,4,,4
7/10/24 19:00,1,,1
7/10/24 20:00,0,,0
7/10/24 21:00,0,,0
7/10/24 22:00,0,,0
7/10/24 23:00,0,,0
7/11/24,0,,0
7/11/24 1:00,0,,0
7/11/24 2:00,0,,0
7/11/24 3:00,0,,0
7/11/24 4:00,0,,0
7/11/24 5:00,1,,1
7/11/24 6:00,3,,4
7/11/24 7:00,8,,9
7/11/24 8:00,13,,15
7/11/24 9:00,19,,20
7/11/24 10:00,23,,25
7/11/24 11:00,26,,28
7/11/24 12:00,25,,29
7/11/24 13:00,17,,28
7/11/24 14:00,23,,25
7/11/24 15:00,19,,21
7/11/24 16:00,14,,15
7/11/24 17:00,9,,9
7/11/24 18:00,4,,4
7/11/24 19:00,1,,1
7/11/24 20:00,0,,0
7/11/24 21:00,0,,0
7/11/24 22:00,0,,0
7/11/24 23:00,0,,0
7/12/24,0,,0
7/12/24 1:00,0,,0
7/12/24 2:00,0,,0
7/12/24 3:00,0,,0
7/12/24 4:00,0,,0
7/12/24 5:00,1,,1
7/12/24 6:00,3,,3
7/12/24 7:00,8,,8
7/12/24 8:00,13,,14
7/12/24 9:00,18,,20
7/12/24 10:00,22,,24
7/12/24 11:00,25,,26
7/12/24 12:00,22,,23
7/12/24 13:00,17,,24
7/12/24 14:00,21,,24
7/12/24 15:00,18,,20
7/12/24 16:00,14,,15
7/12/24 17:00,8,,9
7/12/24 18:00,4,,4
7/12/24 19:00,1,,1
7/12/24 20:00,0,,0
7/12/24 21:00,0,,0
7/12/24 22:00,0,,0
7/12/24 23:00,0,,0
7/13/24,0,,0
7/13/24 1:00,0,,0
7/13/24 2:00,0,,0
7/13/24 3:00,0,,0
7/13/24 4:00,0,,0
7/13/24 5:00,1,,1
7/13/24 6:00,3,,3
7/13/24 7:00,7,,8
7/13/24 8:00,12,,14
7/13/24 9:00,15,,16
7/13/24 10:00,19,,21
7/13/24 11:00,22,,25
7/13/24 12:00,14,,18
7/13/24 13:00,16,,20
7/13/24 14:00,22,,24
7/13/24 15:00,18,,20
7/13/24 16:00,12,,13
7/13/24 17:00,7,,8
7/13/24 18:00,3,,3
7/13/24 19:00,1,,1
7/13/24 20:00,0,,0
7/13/24 21:00,0,,0
7/13/24 22:00,0,,0
7/13/24 23:00,0,,0
7/14/24,0,,0
7/14/24 1:00,0,,0
7/14/24 2:00,0,,0
7/14/24 3:00,0,,0
7/14/24 4:00,0,,0
7/14/24 5:00,0,,0
7/14/24 6:00,2,,2
7/14/24 7:00,6,,7
7/14/24 8:00,9,,11
7/14/24 9:00,19,,20
7/14/24 10:00,23,,25
7/14/24 11:00,24,,28
7/14/24 12:00,22,,27
7/14/24 13:00,15,,25
7/14/24 14:00,21,,22
7/14/24 15:00,19,,21
7/14/24 16:00,14,,15
7/14/24 17:00,9,,9
7/14/24 18:00,4,,4
7/14/24 19:00,1,,1
7/14/24 20:00,0,,0
7/14/24 21:00,0,,0
7/14/24 22:00,0,,0
7/14/24 23:00,0,,0
7/15/24,0,,0
7/15/24 1:00,0,,0
7/15/24 2:00,0,,0
7/15/24 3:00,0,,0
7/15/24 4:00,0,,0
7/15/24 5:00,1,,1
7/15/24 6:00,3,,3
7/15/24 7:00,8,,8
7/15/24 8:00,13,,14
7/15/24 9:00,18,,20
7/15/24 10:00,21,,24
7/15/24 11:00,22,,27
7/15/24 12:00,20,,25
7/15/24 13:00,17,,28
7/15/24 14:00,23,,25
7/15/24 15:00,19,,21
7/15/24 16:00,14,,15
7/15/24 17:00,9,,9
7/15/24 18:00,4,,4
7/15/24 19:00,1,,1
7/15/24 20:00,0,,0
7/15/24 21:00,0,,0
7/15/24 22:00,0,,0
7/15/24 23:00,0,,0
7/16/24,0,,0
7/16/24 1:00,0,,0
7/16/24 2:00,0,,0
7/16/24 3:00,0,,0
7/16/24 4:00,0,,0
7/16/24 5:00,1,,1
7/16/24 6:00,3,,3
7/16/24 7:00,8,,8
7/16/24 8:00,13,,14
7/16/24 9:00,18,,20
7/16/24 10:00,22,,25
7/16/24 11:00,25,,28
7/16/24 12:00,23,,29
7/16/24 13:00,16,,28
7/16/24 14:00,22,,24
7/16/24 15:00,18,,20
7/16/24 16:00,13,,15
7/16/24 17:00,8,,9
7/16/24 18:00,3,,3
7/16/24 19:00,1,,1
7/16/24 20:00,0,,0
7/16/24 21:00,0,,0
7/16/24 22:00,0,,0
7/16/24 23:00,0,,0
7/17/24,0,,0
7/17/24 1:00,0,,0
7/17/24 2:00,0,,0
7/17/24 3:00,0,,0
7/17/24 4:00,0,,0
7/17/24 5:00,1,,1
7/17/24 6:00,3,,3
7/17/24 7:00,7,,8
7/17/24 8:00,13,,14
7/17/24 9:00,18,,19
7/17/24 10:00,22,,24
7/17/24 11:00,25,,27
7/17/24 12:00,24,,29
7/17/24 13:00,16,,28
7/17/24 14:00,22,,25
7/17/24 15:00,18,,19
7/17/24 16:00,13,,13
7/17/24 17:00,7,,8
7/17/24 18:00,3,,3
7/17/24 19:00,1,,1
7/17/24 20:00,0,,0
7/17/24 21:00,0,,0
7/17/24 22:00,0,,0
7/17/24 23:00,0,,0
7/18/24,0,,0
7/18/24 1:00,0,,0
7/18/24 2:00,0,,0
7/18/24 3:00,0,,0
7/18/24 4:00,0,,0
7/18/24 5:00,1,,1
7/18/24 6:00,3,,3
7/18/24 7:00,8,,8
7/18/24 8:00,13,,14
7/18/24 9:00,18,,20
7/18/24 10:00,23,,25
7/18/24 11:00,25,,28
7/18/24 12:00,24,,29
7/18/24 13:00,15,,28
7/18/24 14:00,22,,26
7/18/24 15:00,16,,17
7/18/24 16:00,7,,9
7/18/24 17:00,3,,4
7/18/24 18:00,1,,1
7/18/24 19:00,0,,0
7/18/24 20:00,0,,0
7/18/24 21:00,0,,0
7/18/24 22:00,0,,0
7/18/24 23:00,0,,0
7/19/24,0,,0
7/19/24 1:00,0,,0
7/19/24 2:00,0,,0
7/19/24 3:00,0,,0
7/19/24 4:00,0,,0
7/19/24 5:00,1,,1
7/19/24 6:00,3,,3
7/19/24 7:00,7,,8
7/19/24 8:00,13,,13
7/19/24 9:00,15,,16
7/19/24 10:00,18,,22
7/19/24 11:00,25,,28
7/19/24 12:00,24,,29
7/19/24 13:00,14,,28
7/19/24 14:00,23,,25
7/19/24 15:00,19,,21
7/19/24 16:00,14,,15
7/19/24 17:00,8,,9
7/19/24 18:00,4,,4
7/19/24 19:00,1,,1
7/19/24 20:00,0,,0
7/19/24 21:00,0,,0
7/19/24 22:00,0,,0
7/19/24 23:00,0,,0
7/20/24,0,,0
7/20/24 1:00,0,,0
7/20/24 2:00,0,,0
7/20/24 3:00,0,,0
7/20/24 4:00,0,,0
7/20/24 5:00,1,,0
7/20/24 6:00,3,,3
7/20/24 7:00,8,,8
7/20/24 8:00,13,,14
7/20/24 9:00,18,,20
7/20/24 10:00,22,,25
7/20/24 11:00,25,,28
7/20/24 12:00,23,,29
7/20/24 13:00,15,,28
7/20/24 14:00,23,,25
7/20/24 15:00,19,,21
7/20/24 16:00,13,,15
7/20/24 17:00,6,,8
7/20/24 18:00,3,,4
7/20/24 19:00,1,,1
7/20/24 20:00,0,,0
7/20/24 21:00,0,,0
7/20/24 22:00,0,,0
7/20/24 23:00,0,,0
7/21/24,0,,0
7/21/24 1:00,0,,0
7/21/24 2:00,0,,0
7/21/24 3:00,0,,0
7/21/24 4:00,0,,0
7/21/24 5:00,0,,0
7/21/24 6:00,3,,3
7/21/24 7:00,7,,8
7/21/24 8:00,12,,13
7/21/24 9:00,17,,19
7/21/24 10:00,21,,22
7/21/24 11:00,22,,25
7/21/24 12:00,23,,27
7/21/24 13:00,15,,27
7/21/24 14:00,22,,22
7/21/24 15:00,18,,19
7/21/24 16:00,13,,15
7/21/24 17:00,8,,8
7/21/24 18:00,3,,4
7/21/24 19:00,1,,1
7/21/24 20:00,0,,0
7/21/24 21:00,0,,0
7/21/24 22:00,0,,0
7/21/24 23:00,0,,0
7/22/24,0,,0
7/22/24 1:00,0,,0
7/22/24 2:00,0,,0
7/22/24 3:00,0,,0
7/22/24 4:00,0,,0
7/22/24 5:00,0,,0
7/22/24 6:00,3,,3
7/22/24 7:00,7,,7
7/22/24 8:00,12,,13
7/22/24 9:00,17,,18
7/22/24 10:00,21,,23
7/22/24 11:00,24,,26
7/22/24 12:00,22,,27
7/22/24 13:00,15,,25
7/22/24 14:00,20,,23
7/22/24 15:00,16,,18
7/22/24 16:00,12,,14
7/22/24 17:00,7,,8
7/22/24 18:00,3,,3
7/22/24 19:00,1,,1
7/22/24 20:00,0,,0
7/22/24 21:00,0,,0
7/22/24 22:00,0,,0
7/22/24 23:00,0,,0
7/23/24,0,,0
7/23/24 1:00,0,,0
7/23/24 2:00,0,,0
7/23/24 3:00,0,,0
7/23/24 4:00,0,,0
7/23/24 5:00,0,,0
7/23/24 6:00,2,,2
7/23/24 7:00,5,,6
7/23/24 8:00,7,,8
7/23/24 9:00,11,,12
7/23/24 10:00,19,,23
7/23/24 11:00,21,,22
7/23/24 12:00,22,,27
7/23/24 13:00,16,,25
7/23/24 14:00,21,,24
7/23/24 15:00,17,,19
7/23/24 16:00,13,,13
7/23/24 17:00,6,,7
7/23/24 18:00,3,,3
7/23/24 19:00,1,,1
7/23/24 20:00,0,,0
7/23/24 21:00,0,,0
7/23/24 22:00,0,,0
7/23/24 23:00,0,,0
7/24/24,0,,0
7/24/24 1:00,0,,0
7/24/24 2:00,0,,0
7/24/24 3:00,0,,0
7/24/24 4:00,0,,0
7/24/24 5:00,0,,0
7/24/24 6:00,3,,3
7/24/24 7:00,7,,7
7/24/24 8:00,12,,13
7/24/24 9:00,17,,18
7/24/24 10:00,21,,23
7/24/24 11:00,24,,27
7/24/24 12:00,22,,28
7/24/24 13:00,14,,27
7/24/24 14:00,21,,24
7/24/24 15:00,16,,18
7/24/24 16:00,10,,12
7/24/24 17:00,6,,7
7/24/24 18:00,2,,3
7/24/24 19:00,0,,0
7/24/24 20:00,0,,0
7/24/24 21:00,0,,0
7/24/24 22:00,0,,0
7/24/24 23:00,0,,0
7/25/24,0,,0
7/25/24 1:00,0,,0
7/25/24 2:00,0,,0
7/25/24 3:00,0,,0
7/25/24 4:00,0,,0
7/25/24 5:00,0,,0
7/25/24 6:00,1,,1
7/25/24 7:00,2,,2
7/25/24 8:00,4,,4
7/25/24 9:00,8,,10
7/25/24 10:00,23,,23
7/25/24 11:00,26,,29
7/25/24 12:00,23,,30
7/25/24 13:00,13,,29
7/25/24 14:00,23,,26
7/25/24 15:00,19,,21
7/25/24 16:00,14,,15
7/25/24 17:00,8,,9
7/25/24 18:00,3,,4
7/25/24 19:00,1,,1
7/25/24 20:00,0,,0
7/25/24 21:00,0,,0
7/25/24 22:00,0,,0
7/25/24 23:00,0,,0
7/26/24,0,,0
7/26/24 1:00,0,,0
7/26/24 2:00,0,,0
7/26/24 3:00,0,,0
7/26/24 4:00,0,,0
7/26/24 5:00,0,,0
7/26/24 6:00,3,,3
7/26/24 7:00,8,,8
7/26/24 8:00,13,,14
7/26/24 9:00,18,,20
7/26/24 10:00,22,,24
7/26/24 11:00,23,,27
7/26/24 12:00,20,,25
7/26/24 13:00,13,,26
7/26/24 14:00,19,,24
7/26/24 15:00,17,,20
7/26/24 16:00,10,,13
7/26/24 17:00,7,,7
7/26/24 18:00,3,,3
7/26/24 19:00,1,,1
7/26/24 20:00,0,,0
7/26/24 21:00,0,,0
7/26/24 22:00,0,,0
7/26/24 23:00,0,,0
7/27/24,0,,0
7/27/24 1:00,0,,0
7/27/24 2:00,0,,0
7/27/24 3:00,0,,0
7/27/24 4:00,0,,0
7/27/24 5:00,0,,0
7/27/24 6:00,2,,2
7/27/24 7:00,5,,5
7/27/24 8:00,8,,8
7/27/24 9:00,10,,12
7/27/24 10:00,6,,6
7/27/24 11:00,18,,18
7/27/24 12:00,19,,23
7/27/24 13:00,12,,21
7/27/24 14:00,7,,8
7/27/24 15:00,11,,12
7/27/24 16:00,9,,10
7/27/24 17:00,4,,4
7/27/24 18:00,2,,2
7/27/24 19:00,0,,0
7/27/24 20:00,0,,0
7/27/24 21:00,0,,0
7/27/24 22:00,0,,0
7/27/24 23:00,0,,0
7/28/24,0,,0
7/28/24 1:00,0,,0
7/28/24 2:00,0,,0
7/28/24 3:00,0,,0
7/28/24 4:00,0,,0
7/28/24 5:00,0,,0
7/28/24 6:00,2,,2
7/28/24 7:00,6,,7
7/28/24 8:00,11,,12
7/28/24 9:00,16,,18
7/28/24 10:00,20,,22
7/28/24 11:00,23,,26
7/28/24 12:00,21,,27
7/28/24 13:00,12,,26
7/28/24 14:00,20,,22
7/28/24 15:00,15,,18
7/28/24 16:00,11,,12
7/28/24 17:00,6,,7
7/28/24 18:00,3,,3
7/28/24 19:00,0,,0
7/28/24 20:00,0,,0
7/28/24 21:00,0,,0
7/28/24 22:00,0,,0
7/28/24 23:00,0,,0
7/29/24,0,,0
7/29/24 1:00,0,,0
7/29/24 2:00,0,,0
7/29/24 3:00,0,,0
7/29/24 4:00,0,,0
7/29/24 5:00,0,,0
7/29/24 6:00,2,,2
7/29/24 7:00,6,,7
7/29/24 8:00,11,,12
7/29/24 9:00,16,,18
7/29/24 10:00,20,,23
7/29/24 11:00,23,,26
7/29/24 12:00,21,,27
7/29/24 13:00,12,,26
7/29/24 14:00,21,,23
7/29/24 15:00,17,,18
7/29/24 16:00,12,,13
7/29/24 17:00,7,,8
7/29/24 18:00,3,,3
7/29/24 19:00,0,,0
7/29/24 20:00,0,,0
7/29/24 21:00,0,,0
7/29/24 22:00,0,,0
7/29/24 23:00,0,,0
7/30/24,0,,0
7/30/24 1:00,0,,0
7/30/24 2:00,0,,0
7/30/24 3:00,0,,0
7/30/24 4:00,0,,0
7/30/24 5:00,0,,0
7/30/24 6:00,2,,2
7/30/24 7:00,6,,7
7/30/24 8:00,11,,12
7/30/24 9:00,16,,17
7/30/24 10:00,20,,22
7/30/24 11:00,23,,25
7/30/24 12:00,20,,26
7/30/24 13:00,13,,26
7/30/24 14:00,16,,19
7/30/24 15:00,16,,18
7/30/24 16:00,10,,12
7/30/24 17:00,6,,7
7/30/24 18:00,3,,3
7/30/24 19:00,0,,0
7/30/24 20:00,0,,0
7/30/24 21:00,0,,0
7/30/24 22:00,0,,0
7/30/24 23:00,0,,0
7/31/24,0,,0
7/31/24 1:00,0,,0
7/31/24 2:00,0,,0
7/31/24 3:00,0,,0
7/31/24 4:00,0,,0
7/31/24 5:00,0,,0
7/31/24 6:00,2,,2
7/31/24 7:00,5,,6
7/31/24 8:00,10,,11
7/31/24 9:00,15,,16
7/31/24 10:00,18,,21
7/31/24 11:00,21,,23
7/31/24 12:00,19,,25
7/31/24 13:00,13,,24
7/31/24 14:00,19,,22
7/31/24 15:00,16,,17
7/31/24 16:00,11,,12
7/31/24 17:00,7,,7
7/31/24 18:00,3,,3
7/31/24 19:00,0,,0
7/31/24 20:00,0,,0
7/31/24 21:00,0,,0
7/31/24 22:00,0,,0
7/31/24 23:00,0,,0
8/1/24,0,,0
8/1/24 1:00,0,,0
8/1/24 2:00,0,,0
8/1/24 3:00,0,,0
8/1/24 4:00,0,,0
8/1/24 5:00,0,,0
8/1/24 6:00,2,,2
8/1/24 7:00,6,,7
8/1/24 8:00,11,,12
8/1/24 9:00,16,,18
8/1/24 10:00,20,,22
8/1/24 11:00,23,,25
8/1/24 12:00,20,,26
8/1/24 13:00,12,,25
8/1/24 14:00,20,,23
8/1/24 15:00,16,,18
8/1/24 16:00,12,,13
8/1/24 17:00,7,,7
8/1/24 18:00,3,,3
8/1/24 19:00,0,,0
8/1/24 20:00,0,,0
8/1/24 21:00,0,,0
8/1/24 22:00,0,,0
8/1/24 23:00,0,,0
8/2/24,0,,0
8/2/24 1:00,0,,0
8/2/24 2:00,0,,0
8/2/24 3:00,0,,0
8/2/24 4:00,0,,0
8/2/24 5:00,0,,0
8/2/24 6:00,2,,2
8/2/24 7:00,7,,7
8/2/24 8:00,12,,13
8/2/24 9:00,17,,19
8/2/24 10:00,21,,23
8/2/24 11:00,23,,26
8/2/24 12:00,20,,27
8/2/24 13:00,12,,26
8/2/24 14:00,20,,23
8/2/24 15:00,16,,18
8/2/24 16:00,10,,12
8/2/24 17:00,6,,7
8/2/24 18:00,2,,3
8/2/24 19:00,0,,0
8/2/24 20:00,0,,0
8/2/24 21:00,0,,0
8/2/24 22:00,0,,0
8/2/24 23:00,0,,0
8/3/24,0,,0
8/3/24 1:00,0,,0
8/3/24 2:00,0,,0
8/3/24 3:00,0,,0
8/3/24 4:00,0,,0
8/3/24 5:00,0,,0
8/3/24 6:00,2,,2
8/3/24 7:00,6,,7
8/3/24 8:00,11,,11
8/3/24 9:00,15,,16
8/3/24 10:00,19,,21
8/3/24 11:00,22,,26
8/3/24 12:00,10,,15
8/3/24 13:00,12,,15
8/3/24 14:00,16,,21
8/3/24 15:00,11,,15
8/3/24 16:00,5,,6
8/3/24 17:00,1,,2
8/3/24 18:00,0,,0
8/3/24 19:00,0,,0
8/3/24 20:00,0,,0
8/3/24 21:00,0,,0
8/3/24 22:00,0,,0
8/3/24 23:00,0,,0
8/4/24,0,,0
8/4/24 1:00,0,,0
8/4/24 2:00,0,,0
8/4/24 3:00,0,,0
8/4/24 4:00,0,,0
8/4/24 5:00,0,,0
8/4/24 6:00,2,,2
8/4/24 7:00,7,,7
8/4/24 8:00,13,,15
8/4/24 9:00,18,,19
8/4/24 10:00,21,,24
8/4/24 11:00,24,,28
8/4/24 12:00,21,,29
8/4/24 13:00,10,,28
8/4/24 14:00,22,,25
8/4/24 15:00,18,,20
8/4/24 16:00,13,,14
8/4/24 17:00,8,,8
8/4/24 18:00,3,,3
8/4/24 19:00,0,,0
8/4/24 20:00,0,,0
8/4/24 21:00,0,,0
8/4/24 22:00,0,,0
8/4/24 23:00,0,,0
8/5/24,0,,0
8/5/24 1:00,0,,0
8/5/24 2:00,0,,0
8/5/24 3:00,0,,0
8/5/24 4:00,0,,0
8/5/24 5:00,0,,0
8/5/24 6:00,2,,2
8/5/24 7:00,7,,7
8/5/24 8:00,12,,13
8/5/24 9:00,18,,19
8/5/24 10:00,22,,24
8/5/24 11:00,25,,28
8/5/24 12:00,21,,29
8/5/24 13:00,10,,27
8/5/24 14:00,5,,8
8/5/24 15:00,7,,3
8/5/24 16:00,12,,13
8/5/24 17:00,8,,9
8/5/24 18:00,3,,3
8/5/24 19:00,0,,0
8/5/24 20:00,0,,0
8/5/24 21:00,0,,0
8/5/24 22:00,0,,0
8/5/24 23:00,0,,0
8/6/24,0,,0
8/6/24 1:00,0,,0
8/6/24 2:00,0,,0
8/6/24 3:00,0,,0
8/6/24 4:00,0,,0
8/6/24 5:00,0,,0
8/6/24 6:00,2,,2
8/6/24 7:00,7,,7
8/6/24 8:00,12,,14
8/6/24 9:00,18,,20
8/6/24 10:00,22,,24
8/6/24 11:00,25,,27
8/6/24 12:00,21,,29
8/6/24 13:00,11,,27
8/6/24 14:00,22,,24
8/6/24 15:00,17,,20
8/6/24 16:00,13,,14
8/6/24 17:00,7,,8
8/6/24 18:00,3,,3
8/6/24 19:00,0,,0
8/6/24 20:00,0,,0
8/6/24 21:00,0,,0
8/6/24 22:00,0,,0
8/6/24 23:00,0,,0
8/7/24,0,,0
8/7/24 1:00,0,,0
8/7/24 2:00,0,,0
8/7/24 3:00,0,,0
8/7/24 4:00,0,,0
8/7/24 5:00,0,,0
8/7/24 6:00,2,,2
8/7/24 7:00,7,,7
8/7/24 8:00,12,,13
8/7/24 9:00,17,,19
8/7/24 10:00,21,,24
8/7/24 11:00,24,,27
8/7/24 12:00,20,,28
8/7/24 13:00,10,,27
8/7/24 14:00,21,,24
8/7/24 15:00,17,,19
8/7/24 16:00,12,,13
8/7/24 17:00,7,,7
8/7/24 18:00,3,,3
8/7/24 19:00,0,,0
8/7/24 20:00,0,,0
8/7/24 21:00,0,,0
8/7/24 22:00,0,,0
8/7/24 23:00,0,,0
8/8/24,0,,0
8/8/24 1:00,0,,0
8/8/24 2:00,0,,0
8/8/24 3:00,0,,0
8/8/24 4:00,0,,0
8/8/24 5:00,0,,0
8/8/24 6:00,2,,2
8/8/24 7:00,5,,5
8/8/24 8:00,9,,10
8/8/24 9:00,11,,15
8/8/24 10:00,15,,18
8/8/24 11:00,17,,21
8/8/24 12:00,15,,24
8/8/24 13:00,12,,24
8/8/24 14:00,16,,19
8/8/24 15:00,14,,16
8/8/24 16:00,11,,13
8/8/24 17:00,6,,7
8/8/24 18:00,2,,3
8/8/24 19:00,0,,0
8/8/24 20:00,0,,0
8/8/24 21:00,0,,0
8/8/24 22:00,0,,0
8/8/24 23:00,0,,0
8/9/24,0,,0
8/9/24 1:00,0,,0
8/9/24 2:00,0,,0
8/9/24 3:00,0,,0
8/9/24 4:00,0,,0
8/9/24 5:00,0,,0
8/9/24 6:00,2,,2
8/9/24 7:00,6,,7
8/9/24 8:00,10,,11
8/9/24 9:00,16,,17
8/9/24 10:00,21,,23
8/9/24 11:00,24,,26
8/9/24 12:00,19,,27
8/9/24 13:00,11,,21
8/9/24 14:00,22,,24
8/9/24 15:00,17,,19
8/9/24 16:00,5,,6
8/9/24 17:00,4,,3
8/9/24 18:00,3,,3
8/9/24 19:00,0,,0
8/9/24 20:00,0,,0
8/9/24 21:00,0,,0
8/9/24 22:00,0,,0
8/9/24 23:00,0,,0
8/10/24,0,,0
8/10/24 1:00,0,,0
8/10/24 2:00,0,,0
8/10/24 3:00,0,,0
8/10/24 4:00,0,,0
8/10/24 5:00,0,,0
8/10/24 6:00,2,,2
8/10/24 7:00,6,,7
8/10/24 8:00,12,,13
8/10/24 9:00,17,,19
8/10/24 10:00,22,,24
8/10/24 11:00,22,,27
8/10/24 12:00,12,,11
8/10/24 13:00,8,,16
8/10/24 14:00,21,,23
8/10/24 15:00,11,,13
8/10/24 16:00,9,,8
8/10/24 17:00,7,,7
8/10/24 18:00,3,,3
8/10/24 19:00,0,,0
8/10/24 20:00,0,,0
8/10/24 21:00,0,,0
8/10/24 22:00,0,,0
8/10/24 23:00,0,,0
8/11/24,0,,0
8/11/24 1:00,0,,0
8/11/24 2:00,0,,0
8/11/24 3:00,0,,0
8/11/24 4:00,0,,0
8/11/24 5:00,0,,0
8/11/24 6:00,1,,1
8/11/24 7:00,5,,5
8/11/24 8:00,10,,11
8/11/24 9:00,16,,18
8/11/24 10:00,21,,23
8/11/24 11:00,24,,27
8/11/24 12:00,19,,28
8/11/24 13:00,10,,27
8/11/24 14:00,18,,21
8/11/24 15:00,12,,13
8/11/24 16:00,12,,13
8/11/24 17:00,7,,7
8/11/24 18:00,2,,3
8/11/24 19:00,0,,0
8/11/24 20:00,0,,0
8/11/24 21:00,0,,0
8/11/24 22:00,0,,0
8/11/24 23:00,0,,0
8/12/24,0,,0
8/12/24 1:00,0,,0
8/12/24 2:00,0,,0
8/12/24 3:00,0,,0
8/12/24 4:00,0,,0
8/12/24 5:00,0,,0
8/12/24 6:00,2,,2
8/12/24 7:00,5,,5
8/12/24 8:00,12,,8
8/12/24 9:00,16,,13
8/12/24 10:00,20,,21
8/12/24 11:00,21,,23
8/12/24 12:00,13,,18
8/12/24 13:00,4,,6
8/12/24 14:00,0,,1
8/12/24 15:00,1,,1
8/12/24 16:00,1,,1
8/12/24 17:00,2,,2
8/12/24 18:00,1,,2
8/12/24 19:00,0,,0
8/12/24 20:00,0,,0
8/12/24 21:00,0,,0
8/12/24 22:00,0,,0
8/12/24 23:00,0,,0
8/13/24,0,,0
8/13/24 1:00,0,,0
8/13/24 2:00,0,,0
8/13/24 3:00,0,,0
8/13/24 4:00,0,,0
8/13/24 5:00,0,,0
8/13/24 6:00,1,,1
8/13/24 7:00,5,,5
8/13/24 8:00,11,,11
8/13/24 9:00,17,,19
8/13/24 10:00,22,,24
8/13/24 11:00,26,,21
8/13/24 12:00,19,,29
8/13/24 13:00,9,,28
8/13/24 14:00,22,,25
8/13/24 15:00,14,,16
8/13/24 16:00,1,,1
8/13/24 17:00,0,,0
8/13/24 18:00,0,,0
8/13/24 19:00,0,,0
8/13/24 20:00,0,,0
8/13/24 21:00,0,,0
8/13/24 22:00,0,,0
8/13/24 23:00,0,,0
8/14/24,0,,0
8/14/24 1:00,0,,0
8/14/24 2:00,0,,0
8/14/24 3:00,0,,0
8/14/24 4:00,0,,0
8/14/24 5:00,0,,0
8/14/24 6:00,2,,2
8/14/24 7:00,7,,7
8/14/24 8:00,12,,14
8/14/24 9:00,17,,19
8/14/24 10:00,20,,20
8/14/24 11:00,18,,18
8/14/24 12:00,6,,8
8/14/24 13:00,10,,24
8/14/24 14:00,22,,25
8/14/24 15:00,17,,19
8/14/24 16:00,12,,14
8/14/24 17:00,7,,7
8/14/24 18:00,2,,3
8/14/24 19:00,0,,0
8/14/24 20:00,0,,0
8/14/24 21:00,0,,0
8/14/24 22:00,0,,0
8/14/24 23:00,0,,0
8/15/24,0,,0
8/15/24 1:00,0,,0
8/15/24 2:00,0,,0
8/15/24 3:00,0,,0
8/15/24 4:00,0,,0
8/15/24 5:00,0,,0
8/15/24 6:00,2,,2
8/15/24 7:00,6,,7
8/15/24 8:00,12,,14
8/15/24 9:00,17,,20
8/15/24 10:00,22,,24
8/15/24 11:00,24,,28
8/15/24 12:00,19,,29
8/15/24 13:00,9,,29
8/15/24 14:00,22,,25
8/15/24 15:00,18,,20
8/15/24 16:00,12,,13
8/15/24 17:00,6,,7
8/15/24 18:00,2,,2
8/15/24 19:00,0,,0
8/15/24 20:00,0,,0
8/15/24 21:00,0,,0
8/15/24 22:00,0,,0
8/15/24 23:00,0,,0
8/16/24,0,,0
8/16/24 1:00,0,,0
8/16/24 2:00,0,,0
8/16/24 3:00,0,,0
8/16/24 4:00,0,,0
8/16/24 5:00,0,,0
8/16/24 6:00,2,,2
8/16/24 7:00,6,,7
8/16/24 8:00,12,,14
8/16/24 9:00,17,,20
8/16/24 10:00,22,,25
8/16/24 11:00,25,,28
8/16/24 12:00,18,,29
8/16/24 13:00,8,,28
8/16/24 14:00,22,,25
8/16/24 15:00,17,,20
8/16/24 16:00,12,,13
8/16/24 17:00,7,,7
8/16/24 18:00,2,,2
8/16/24 19:00,0,,0
8/16/24 20:00,0,,0
8/16/24 21:00,0,,0
8/16/24 22:00,0,,0
8/16/24 23:00,0,,0
8/17/24,0,,0
8/17/24 1:00,0,,0
8/17/24 2:00,0,,0
8/17/24 3:00,0,,0
8/17/24 4:00,0,,0
8/17/24 5:00,0,,0
8/17/24 6:00,2,,2
8/17/24 7:00,5,,7
8/17/24 8:00,8,,12
8/17/24 9:00,14,,17
8/17/24 10:00,7,,11
8/17/24 11:00,1,,1
8/17/24 12:00,7,,9
8/17/24 13:00,2,,3
8/17/24 14:00,6,,6
8/17/24 15:00,15,,15
8/17/24 16:00,11,,13
8/17/24 17:00,7,,7
8/17/24 18:00,2,,2
8/17/24 19:00,0,,0
8/17/24 20:00,0,,0
8/17/24 21:00,0,,0
8/17/24 22:00,0,,0
8/17/24 23:00,0,,0
8/18/24,0,,0
8/18/24 1:00,0,,0
8/18/24 2:00,0,,0
8/18/24 3:00,0,,0
8/18/24 4:00,0,,0
8/18/24 5:00,0,,0
8/18/24 6:00,2,,2
8/18/24 7:00,6,,7
8/18/24 8:00,12,,13
8/18/24 9:00,17,,19
8/18/24 10:00,22,,25
8/18/24 11:00,25,,28
8/18/24 12:00,18,,24
8/18/24 13:00,8,,9
8/18/24 14:00,6,,6
8/18/24 15:00,3,,3
8/18/24 16:00,1,,1
8/18/24 17:00,0,,0
8/18/24 18:00,0,,0
8/18/24 19:00,0,,0
8/18/24 20:00,0,,0
8/18/24 21:00,0,,0
8/18/24 22:00,0,,0
8/18/24 23:00,0,,0
8/19/24,0,,0
8/19/24 1:00,0,,0
8/19/24 2:00,0,,0
8/19/24 3:00,0,,0
8/19/24 4:00,0,,0
8/19/24 5:00,0,,0
8/19/24 6:00,2,,2
8/19/24 7:00,6,,7
8/19/24 8:00,11,,13
8/19/24 9:00,17,,19
8/19/24 10:00,21,,24
8/19/24 11:00,23,,28
8/19/24 12:00,17,,29
8/19/24 13:00,8,,13
8/19/24 14:00,19,,19
8/19/24 15:00,17,,19
8/19/24 16:00,12,,13
8/19/24 17:00,7,,7
8/19/24 18:00,2,,2
8/19/24 19:00,0,,0
8/19/24 20:00,0,,0
8/19/24 21:00,0,,0
8/19/24 22:00,0,,0
8/19/24 23:00,0,,0
8/20/24,0,,0
8/20/24 1:00,0,,0
8/20/24 2:00,0,,0
8/20/24 3:00,0,,0
8/20/24 4:00,0,,0
8/20/24 5:00,0,,0
8/20/24 6:00,2,,2
8/20/24 7:00,6,,7
8/20/24 8:00,12,,13
8/20/24 9:00,17,,19
8/20/24 10:00,22,,24
8/20/24 11:00,25,,27
8/20/24 12:00,17,,29
8/20/24 13:00,9,,27
8/20/24 14:00,21,,23
8/20/24 15:00,17,,17
8/20/24 16:00,11,,12
8/20/24 17:00,6,,6
8/20/24 18:00,2,,2
8/20/24 19:00,0,,0
8/20/24 20:00,0,,0
8/20/24 21:00,0,,0
8/20/24 22:00,0,,0
8/20/24 23:00,0,,0
8/21/24,0,,0
8/21/24 1:00,0,,0
8/21/24 2:00,0,,0
8/21/24 3:00,0,,0
8/21/24 4:00,0,,0
8/21/24 5:00,0,,0
8/21/24 6:00,2,,2
8/21/24 7:00,6,,7
8/21/24 8:00,12,,13
8/21/24 9:00,17,,19
8/21/24 10:00,21,,24
8/21/24 11:00,24,,27
8/21/24 12:00,16,,28
8/21/24 13:00,8,,27
8/21/24 14:00,21,,24
8/21/24 15:00,17,,19
8/21/24 16:00,11,,13
8/21/24 17:00,6,,7
8/21/24 18:00,2,,2
8/21/24 19:00,0,,0
8/21/24 20:00,0,,0
8/21/24 21:00,0,,0
8/21/24 22:00,0,,0
8/21/24 23:00,0,,0
8/22/24,0,,0
8/22/24 1:00,0,,0
8/22/24 2:00,0,,0
8/22/24 3:00,0,,0
8/22/24 4:00,0,,0
8/22/24 5:00,0,,0
8/22/24 6:00,2,,2
8/22/24 7:00,6,,7
8/22/24 8:00,12,,13
8/22/24 9:00,17,,20
8/22/24 10:00,3,,5
8/22/24 11:00,15,,14
8/22/24 12:00,13,,23
8/22/24 13:00,8,,27
8/22/24 14:00,21,,24
8/22/24 15:00,17,,19
8/22/24 16:00,11,,13
8/22/24 17:00,6,,7
8/22/24 18:00,2,,2
8/22/24 19:00,0,,0
8/22/24 20:00,0,,0
8/22/24 21:00,0,,0
8/22/24 22:00,0,,0
8/22/24 23:00,0,,0
8/23/24,0,,0
8/23/24 1:00,0,,0
8/23/24 2:00,0,,0
8/23/24 3:00,0,,0
8/23/24 4:00,0,,0
8/23/24 5:00,0,,0
8/23/24 6:00,1,,2
8/23/24 7:00,7,,7
8/23/24 8:00,11,,13
8/23/24 9:00,12,,13
8/23/24 10:00,20,,20
8/23/24 11:00,24,,26
8/23/24 12:00,17,,20
8/23/24 13:00,9,,25
8/23/24 14:00,17,,19
8/23/24 15:00,15,,18
8/23/24 16:00,10,,12
8/23/24 17:00,4,,5
8/23/24 18:00,2,,2
8/23/24 19:00,0,,0
8/23/24 20:00,0,,0
8/23/24 21:00,0,,0
8/23/24 22:00,0,,0
8/23/24 23:00,0,,0
8/24/24,0,,0
8/24/24 1:00,0,,0
8/24/24 2:00,0,,0
8/24/24 3:00,0,,0
8/24/24 4:00,0,,0
8/24/24 5:00,0,,0
8/24/24 6:00,2,,2
8/24/24 7:00,6,,7
8/24/24 8:00,12,,13
8/24/24 9:00,17,,19
8/24/24 10:00,21,,24
8/24/24 11:00,25,,27
8/24/24 12:00,17,,26
8/24/24 13:00,9,,26
8/24/24 14:00,11,,17
8/24/24 15:00,6,,9
8/24/24 16:00,3,,3
8/24/24 17:00,4,,4
8/24/24 18:00,1,,1
8/24/24 19:00,0,,0
8/24/24 20:00,0,,0
8/24/24 21:00,0,,0
8/24/24 22:00,0,,0
8/24/24 23:00,0,,0
8/25/24,0,,0
8/25/24 1:00,0,,0
8/25/24 2:00,0,,0
8/25/24 3:00,0,,0
8/25/24 4:00,0,,0
8/25/24 5:00,0,,0
8/25/24 6:00,1,,1
8/25/24 7:00,5,,6
8/25/24 8:00,10,,10
8/25/24 9:00,15,,16
8/25/24 10:00,20,,23
8/25/24 11:00,23,,25
8/25/24 12:00,13,,22
8/25/24 13:00,10,,18
8/25/24 14:00,12,,14
8/25/24 15:00,10,,13
8/25/24 16:00,6,,7
8/25/24 17:00,5,,6
8/25/24 18:00,1,,1
8/25/24 19:00,0,,0
8/25/24 20:00,0,,0
8/25/24 21:00,0,,0
8/25/24 22:00,0,,0
8/25/24 23:00,0,,0
8/26/24,0,,0
8/26/24 1:00,0,,0
8/26/24 2:00,0,,0
8/26/24 3:00,0,,0
8/26/24 4:00,0,,0
8/26/24 5:00,0,,0
8/26/24 6:00,2,,2
8/26/24 7:00,6,,6
8/26/24 8:00,11,,12
8/26/24 9:00,16,,18
8/26/24 10:00,20,,23
8/26/24 11:00,23,,26
8/26/24 12:00,16,,27
8/26/24 13:00,9,,26
8/26/24 14:00,20,,23
8/26/24 15:00,16,,18
8/26/24 16:00,10,,12
8/26/24 17:00,5,,6
8/26/24 18:00,1,,2
8/26/24 19:00,0,,0
8/26/24 20:00,0,,0
8/26/24 21:00,0,,0
8/26/24 22:00,0,,0
8/26/24 23:00,0,,0
8/27/24,0,,0
8/27/24 1:00,0,,0
8/27/24 2:00,0,,0
8/27/24 3:00,0,,0
8/27/24 4:00,0,,0
8/27/24 5:00,0,,0
8/27/24 6:00,2,,2
8/27/24 7:00,6,,6
8/27/24 8:00,11,,12
8/27/24 9:00,16,,18
8/27/24 10:00,20,,23
8/27/24 11:00,23,,26
8/27/24 12:00,15,,27
8/27/24 13:00,9,,26
8/27/24 14:00,19,,22
8/27/24 15:00,15,,17
8/27/24 16:00,10,,11
8/27/24 17:00,5,,6
8/27/24 18:00,1,,1
8/27/24 19:00,0,,0
8/27/24 20:00,0,,0
8/27/24 21:00,0,,0
8/27/24 22:00,0,,0
8/27/24 23:00,0,,0
8/28/24,0,,0
8/28/24 1:00,0,,0
8/28/24 2:00,0,,0
8/28/24 3:00,0,,0
8/28/24 4:00,0,,0
8/28/24 5:00,0,,0
8/28/24 6:00,2,,1
8/28/24 7:00,5,,6
8/28/24 8:00,11,,12
8/28/24 9:00,16,,18
8/28/24 10:00,20,,23
8/28/24 11:00,23,,26
8/28/24 12:00,15,,27
8/28/24 13:00,9,,26
8/28/24 14:00,20,,22
8/28/24 15:00,16,,17
8/28/24 16:00,10,,11
8/28/24 17:00,5,,6
8/28/24 18:00,1,,1
8/28/24 19:00,0,,0
8/28/24 20:00,0,,0
8/28/24 21:00,0,,0
8/28/24 22:00,0,,0
8/28/24 23:00,0,,0
8/29/24,0,,0
8/29/24 1:00,0,,0
8/29/24 2:00,0,,0
8/29/24 3:00,0,,0
8/29/24 4:00,0,,0
8/29/24 5:00,0,,0
8/29/24 6:00,1,,1
8/29/24 7:00,5,,6
8/29/24 8:00,11,,12
8/29/24 9:00,16,,18
8/29/24 10:00,20,,22
8/29/24 11:00,23,,26
8/29/24 12:00,15,,27
8/29/24 13:00,9,,26
8/29/24 14:00,20,,22
8/29/24 15:00,15,,17
8/29/24 16:00,10,,11
8/29/24 17:00,5,,5
8/29/24 18:00,1,,1
8/29/24 19:00,0,,0
8/29/24 20:00,0,,0
8/29/24 21:00,0,,0
8/29/24 22:00,0,,0
8/29/24 23:00,0,,0
8/30/24,0,,0
8/30/24 1:00,0,,0
8/30/24 2:00,0,,0
8/30/24 3:00,0,,0
8/30/24 4:00,0,,0
8/30/24 5:00,0,,0
8/30/24 6:00,1,,1
8/30/24 7:00,5,,5
8/30/24 8:00,10,,11
8/30/24 9:00,15,,17
8/30/24 10:00,19,,22
8/30/24 11:00,22,,25
8/30/24 12:00,15,,26
8/30/24 13:00,10,,25
8/30/24 14:00,19,,21
8/30/24 15:00,15,,17
8/30/24 16:00,10,,11
8/30/24 17:00,5,,5
8/30/24 18:00,1,,1
8/30/24 19:00,0,,0
8/30/24 20:00,0,,0
8/30/24 21:00,0,,0
8/30/24 22:00,0,,0
8/30/24 23:00,0,,0
8/31/24,0,,0
8/31/24 1:00,0,,0
8/31/24 2:00,0,,0
8/31/24 3:00,0,,0
8/31/24 4:00,0,,0
8/31/24 5:00,0,,0
8/31/24 6:00,1,,1
8/31/24 7:00,5,,6
8/31/24 8:00,10,,12
8/31/24 9:00,15,,17
8/31/24 10:00,20,,22
8/31/24 11:00,22,,25
8/31/24 12:00,15,,26
8/31/24 13:00,10,,25
8/31/24 14:00,19,,21
8/31/24 15:00,14,,16
8/31/24 16:00,9,,11
8/31/24 17:00,5,,5
8/31/24 18:00,1,,1
8/31/24 19:00,0,,0
8/31/24 20:00,0,,0
8/31/24 21:00,0,,0
8/31/24 22:00,0,,0
8/31/24 23:00,0,,0
9/1/24,0,,0
9/1/24 1:00,0,,0
9/1/24 2:00,0,,0
9/1/24 3:00,0,,0
9/1/24 4:00,0,,0
9/1/24 5:00,0,,0
9/1/24 6:00,1,,1
9/1/24 7:00,5,,5
9/1/24 8:00,10,,11
9/1/24 9:00,15,,17
9/1/24 10:00,19,,22
9/1/24 11:00,21,,25
9/1/24 12:00,15,,25
9/1/24 13:00,10,,25
9/1/24 14:00,19,,22
9/1/24 15:00,14,,17
9/1/24 16:00,9,,10
9/1/24 17:00,4,,5
9/1/24 18:00,1,,1
9/1/24 19:00,0,,0
9/1/24 20:00,0,,0
9/1/24 21:00,0,,0
9/1/24 22:00,0,,0
9/1/24 23:00,0,,0
9/2/24,0,,0
9/2/24 1:00,0,,0
9/2/24 2:00,0,,0
9/2/24 3:00,0,,0
9/2/24 4:00,0,,0
9/2/24 5:00,0,,0
9/2/24 6:00,1,,1
9/2/24 7:00,5,,6
9/2/24 8:00,10,,11
9/2/24 9:00,15,,17
9/2/24 10:00,20,,22
9/2/24 11:00,17,,20
9/2/24 12:00,16,,25
9/2/24 13:00,11,,15
9/2/24 14:00,15,,18
9/2/24 15:00,11,,10
9/2/24 16:00,6,,7
9/2/24 17:00,3,,3
9/2/24 18:00,1,,1
9/2/24 19:00,0,,0
9/2/24 20:00,0,,0
9/2/24 21:00,0,,0
9/2/24 22:00,0,,0
9/2/24 23:00,0,,0
9/3/24,0,,0
9/3/24 1:00,0,,0
9/3/24 2:00,0,,0
9/3/24 3:00,0,,0
9/3/24 4:00,0,,0
9/3/24 5:00,0,,0
9/3/24 6:00,1,,1
9/3/24 7:00,4,,5
9/3/24 8:00,8,,10
9/3/24 9:00,12,,13
9/3/24 10:00,16,,18
9/3/24 11:00,19,,19
9/3/24 12:00,15,,26
9/3/24 13:00,10,,24
9/3/24 14:00,15,,16
9/3/24 15:00,4,,5
9/3/24 16:00,3,,3
9/3/24 17:00,4,,4
9/3/24 18:00,0,,0
9/3/24 19:00,0,,0
9/3/24 20:00,0,,0
9/3/24 21:00,0,,0
9/3/24 22:00,0,,0
9/3/24 23:00,0,,0
9/4/24,0,,0
9/4/24 1:00,0,,0
9/4/24 2:00,0,,0
9/4/24 3:00,0,,0
9/4/24 4:00,0,,0
9/4/24 5:00,0,,0
9/4/24 6:00,1,,1
9/4/24 7:00,4,,4
9/4/24 8:00,7,,9
9/4/24 9:00,11,,13
9/4/24 10:00,14,,16
9/4/24 11:00,16,,19
9/4/24 12:00,13,,18
9/4/24 13:00,11,,17
9/4/24 14:00,12,,15
9/4/24 15:00,10,,12
9/4/24 16:00,6,,7
9/4/24 17:00,3,,3
9/4/24 18:00,1,,1
9/4/24 19:00,0,,0
9/4/24 20:00,0,,0
9/4/24 21:00,0,,0
9/4/24 22:00,0,,0
9/4/24 23:00,0,,0
9/5/24,0,,0
9/5/24 1:00,0,,0
9/5/24 2:00,0,,0
9/5/24 3:00,0,,0
9/5/24 4:00,0,,0
9/5/24 5:00,0,,0
9/5/24 6:00,1,,1
9/5/24 7:00,4,,5
9/5/24 8:00,9,,10
9/5/24 9:00,14,,16
9/5/24 10:00,18,,21
9/5/24 11:00,21,,24
9/5/24 12:00,15,,25
9/5/24 13:00,10,,24
9/5/24 14:00,17,,20
9/5/24 15:00,13,,15
9/5/24 16:00,9,,10
9/5/24 17:00,4,,4
9/5/24 18:00,1,,1
9/5/24 19:00,0,,0
9/5/24 20:00,0,,0
9/5/24 21:00,0,,0
9/5/24 22:00,0,,0
9/5/24 23:00,0,,0
9/6/24,0,,0
9/6/24 1:00,0,,0
9/6/24 2:00,0,,0
9/6/24 3:00,0,,0
9/6/24 4:00,0,,0
9/6/24 5:00,0,,0
9/6/24 6:00,1,,1
9/6/24 7:00,5,,5
9/6/24 8:00,10,,11
9/6/24 9:00,15,,17
9/6/24 10:00,19,,22
9/6/24 11:00,22,,25
9/6/24 12:00,14,,25
9/6/24 13:00,9,,24
9/6/24 14:00,18,,21
9/6/24 15:00,14,,15
9/6/24 16:00,9,,10
9/6/24 17:00,4,,4
9/6/24 18:00,1,,1
9/6/24 19:00,0,,0
9/6/24 20:00,0,,0
9/6/24 21:00,0,,0
9/6/24 22:00,0,,0
9/6/24 23:00,0,,0
9/7/24,0,,0
9/7/24 1:00,0,,0
9/7/24 2:00,0,,0
9/7/24 3:00,0,,0
9/7/24 4:00,0,,0
9/7/24 5:00,0,,0
9/7/24 6:00,1,,1
9/7/24 7:00,5,,5
9/7/24 8:00,9,,11
9/7/24 9:00,14,,16
9/7/24 10:00,18,,21
9/7/24 11:00,21,,24
9/7/24 12:00,15,,24
9/7/24 13:00,10,,23
9/7/24 14:00,17,,19
9/7/24 15:00,13,,14
9/7/24 16:00,8,,9
9/7/24 17:00,4,,4
9/7/24 18:00,1,,1
9/7/24 19:00,0,,0
9/7/24 20:00,0,,0
9/7/24 21:00,0,,0
9/7/24 22:00,0,,0
9/7/24 23:00,0,,0
9/8/24,0,,0
9/8/24 1:00,0,,0
9/8/24 2:00,0,,0
9/8/24 3:00,0,,0
9/8/24 4:00,0,,0
9/8/24 5:00,0,,0
9/8/24 6:00,1,,1
9/8/24 7:00,2,,2
9/8/24 8:00,6,,7
9/8/24 9:00,10,,11
9/8/24 10:00,11,,13
9/8/24 11:00,20,,19
9/8/24 12:00,15,,20
9/8/24 13:00,11,,22
9/8/24 14:00,16,,19
9/8/24 15:00,12,,14
9/8/24 16:00,7,,8
9/8/24 17:00,2,,3
9/8/24 18:00,0,,0
9/8/24 19:00,0,,0
9/8/24 20:00,0,,0
9/8/24 21:00,0,,0
9/8/24 22:00,0,,0
9/8/24 23:00,0,,0
9/9/24,0,,0
9/9/24 1:00,0,,0
9/9/24 2:00,0,,0
9/9/24 3:00,0,,0
9/9/24 4:00,0,,0
9/9/24 5:00,0,,0
9/9/24 6:00,1,,1
9/9/24 7:00,4,,5
9/9/24 8:00,9,,10
9/9/24 9:00,14,,16
9/9/24 10:00,18,,21
9/9/24 11:00,21,,24
9/9/24 12:00,13,,24
9/9/24 13:00,8,,19
9/9/24 14:00,3,,5
9/9/24 15:00,8,,9
9/9/24 16:00,8,,9
9/9/24 17:00,3,,4
9/9/24 18:00,1,,1
9/9/24 19:00,0,,0
9/9/24 20:00,0,,0
9/9/24 21:00,0,,0
9/9/24 22:00,0,,0
9/9/24 23:00,0,,0
9/10/24,0,,0
9/10/24 1:00,0,,0
9/10/24 2:00,0,,0
9/10/24 3:00,0,,0
9/10/24 4:00,0,,0
9/10/24 5:00,0,,0
9/10/24 6:00,1,,1
9/10/24 7:00,4,,4
9/10/24 8:00,8,,8
9/10/24 9:00,14,,16
9/10/24 10:00,18,,20
9/10/24 11:00,20,,23
9/10/24 12:00,16,,25
9/10/24 13:00,10,,21
9/10/24 14:00,13,,16
9/10/24 15:00,8,,9
9/10/24 16:00,4,,4
9/10/24 17:00,2,,3
9/10/24 18:00,0,,0
9/10/24 19:00,0,,0
9/10/24 20:00,0,,0
9/10/24 21:00,0,,0
9/10/24 22:00,0,,0
9/10/24 23:00,0,,0
9/11/24,0,,0
9/11/24 1:00,0,,0
9/11/24 2:00,0,,0
9/11/24 3:00,0,,0
9/11/24 4:00,0,,0
9/11/24 5:00,0,,0
9/11/24 6:00,1,,1
9/11/24 7:00,4,,4
9/11/24 8:00,9,,10
9/11/24 9:00,10,,12
9/11/24 10:00,11,,14
9/11/24 11:00,9,,10
9/11/24 12:00,7,,9
9/11/24 13:00,5,,7
9/11/24 14:00,5,,6
9/11/24 15:00,4,,5
9/11/24 16:00,3,,3
9/11/24 17:00,1,,1
9/11/24 18:00,0,,0
9/11/24 19:00,0,,0
9/11/24 20:00,0,,0
9/11/24 21:00,0,,0
9/11/24 22:00,0,,0
9/11/24 23:00,0,,0
9/12/24,0,,0
9/12/24 1:00,0,,0
9/12/24 2:00,0,,0
9/12/24 3:00,0,,0
9/12/24 4:00,0,,0
9/12/24 5:00,0,,0
9/12/24 6:00,1,,1
9/12/24 7:00,4,,4
9/12/24 8:00,6,,8
9/12/24 9:00,12,,13
9/12/24 10:00,18,,20
9/12/24 11:00,18,,17
9/12/24 12:00,17,,18
9/12/24 13:00,10,,22
9/12/24 14:00,16,,19
9/12/24 15:00,12,,15
9/12/24 16:00,7,,9
9/12/24 17:00,3,,4
9/12/24 18:00,0,,0
9/12/24 19:00,0,,0
9/12/24 20:00,0,,0
9/12/24 21:00,0,,0
9/12/24 22:00,0,,0
9/12/24 23:00,0,,0
9/13/24,0,,0
9/13/24 1:00,0,,0
9/13/24 2:00,0,,0
9/13/24 3:00,0,,0
9/13/24 4:00,0,,0
9/13/24 5:00,0,,0
9/13/24 6:00,1,,1
9/13/24 7:00,4,,5
9/13/24 8:00,9,,10
9/13/24 9:00,14,,16
9/13/24 10:00,18,,21
9/13/24 11:00,20,,23
9/13/24 12:00,17,,24
9/13/24 13:00,8,,23
9/13/24 14:00,17,,20
9/13/24 15:00,12,,14
9/13/24 16:00,8,,9
9/13/24 17:00,3,,4
9/13/24 18:00,0,,0
9/13/24 19:00,0,,0
9/13/24 20:00,0,,0
9/13/24 21:00,0,,0
9/13/24 22:00,0,,0
9/13/24 23:00,0,,0
9/14/24,0,,0
9/14/24 1:00,0,,0
9/14/24 2:00,0,,0
9/14/24 3:00,0,,0
9/14/24 4:00,0,,0
9/14/24 5:00,0,,0
9/14/24 6:00,1,,1
9/14/24 7:00,4,,5
9/14/24 8:00,9,,10
9/14/24 9:00,14,,16
9/14/24 10:00,18,,20
9/14/24 11:00,20,,23
9/14/24 12:00,17,,24
9/14/24 13:00,8,,23
9/14/24 14:00,16,,19
9/14/24 15:00,12,,14
9/14/24 16:00,7,,8
9/14/24 17:00,3,,3
9/14/24 18:00,0,,0
9/14/24 19:00,0,,0
9/14/24 20:00,0,,0
9/14/24 21:00,0,,0
9/14/24 22:00,0,,0
9/14/24 23:00,0,,0
9/15/24,0,,0
9/15/24 1:00,0,,0
9/15/24 2:00,0,,0
9/15/24 3:00,0,,0
9/15/24 4:00,0,,0
9/15/24 5:00,0,,0
9/15/24 6:00,1,,1
9/15/24 7:00,4,,5
9/15/24 8:00,9,,10
9/15/24 9:00,14,,16
9/15/24 10:00,18,,21
9/15/24 11:00,21,,24
9/15/24 12:00,19,,25
9/15/24 13:00,8,,20
9/15/24 14:00,16,,19
9/15/24 15:00,12,,15
9/15/24 16:00,1,,2
9/15/24 17:00,3,,3
9/15/24 18:00,0,,0
9/15/24 19:00,0,,0
9/15/24 20:00,0,,0
9/15/24 21:00,0,,0
9/15/24 22:00,0,,0
9/15/24 23:00,0,,0
9/16/24,0,,0
9/16/24 1:00,0,,0
9/16/24 2:00,0,,0
9/16/24 3:00,0,,0
9/16/24 4:00,0,,0
9/16/24 5:00,0,,0
9/16/24 6:00,1,,1
9/16/24 7:00,3,,4
9/16/24 8:00,7,,8
9/16/24 9:00,12,,14
9/16/24 10:00,12,,14
9/16/24 11:00,16,,18
9/16/24 12:00,14,,16
9/16/24 13:00,11,,20
9/16/24 14:00,7,,7
9/16/24 15:00,11,,11
9/16/24 16:00,6,,7
9/16/24 17:00,2,,2
9/16/24 18:00,0,,0
9/16/24 19:00,0,,0
9/16/24 20:00,0,,0
9/16/24 21:00,0,,0
9/16/24 22:00,0,,0
9/16/24 23:00,0,,0
9/17/24,0,,0
9/17/24 1:00,0,,0
9/17/24 2:00,0,,0
9/17/24 3:00,0,,0
9/17/24 4:00,0,,0
9/17/24 5:00,0,,0
9/17/24 6:00,0,,0
9/17/24 7:00,1,,1
9/17/24 8:00,1,,1
9/17/24 9:00,7,,6
9/17/24 10:00,19,,20
9/17/24 11:00,3,,5
9/17/24 12:00,4,,4
9/17/24 13:00,8,,12
9/17/24 14:00,6,,6
9/17/24 15:00,6,,5
9/17/24 16:00,6,,5
9/17/24 17:00,2,,2
9/17/24 18:00,0,,0
9/17/24 19:00,0,,0
9/17/24 20:00,0,,0
9/17/24 21:00,0,,0
9/17/24 22:00,0,,0
9/17/24 23:00,0,,0
9/18/24,0,,0
9/18/24 1:00,0,,0
9/18/24 2:00,0,,0
9/18/24 3:00,0,,0
9/18/24 4:00,0,,0
9/18/24 5:00,0,,0
9/18/24 6:00,1,,1
9/18/24 7:00,3,,3
9/18/24 8:00,7,,8
9/18/24 9:00,14,,16
9/18/24 10:00,17,,21
9/18/24 11:00,15,,19
9/18/24 12:00,15,,22
9/18/24 13:00,8,,23
9/18/24 14:00,16,,19
9/18/24 15:00,10,,13
9/18/24 16:00,7,,8
9/18/24 17:00,3,,3
9/18/24 18:00,0,,0
9/18/24 19:00,0,,0
9/18/24 20:00,0,,0
9/18/24 21:00,0,,0
9/18/24 22:00,0,,0
9/18/24 23:00,0,,0
9/19/24,0,,0
9/19/24 1:00,0,,0
9/19/24 2:00,0,,0
9/19/24 3:00,0,,0
9/19/24 4:00,0,,0
9/19/24 5:00,0,,0
9/19/24 6:00,1,,1
9/19/24 7:00,4,,4
9/19/24 8:00,9,,10
9/19/24 9:00,14,,16
9/19/24 10:00,18,,21
9/19/24 11:00,20,,23
9/19/24 12:00,17,,24
9/19/24 13:00,8,,23
9/19/24 14:00,16,,19
9/19/24 15:00,12,,14
9/19/24 16:00,7,,8
9/19/24 17:00,3,,3
9/19/24 18:00,0,,0
9/19/24 19:00,0,,0
9/19/24 20:00,0,,0
9/19/24 21:00,0,,0
9/19/24 22:00,0,,0
9/19/24 23:00,0,,0
9/20/24,0,,0
9/20/24 1:00,0,,0
9/20/24 2:00,0,,0
9/20/24 3:00,0,,0
9/20/24 4:00,0,,0
9/20/24 5:00,0,,0
9/20/24 6:00,1,,1
9/20/24 7:00,4,,4
9/20/24 8:00,9,,10
9/20/24 9:00,13,,15
9/20/24 10:00,17,,20
9/20/24 11:00,20,,23
9/20/24 12:00,17,,24
9/20/24 13:00,8,,22
9/20/24 14:00,16,,19
9/20/24 15:00,11,,13
9/20/24 16:00,7,,8
9/20/24 17:00,2,,3
9/20/24 18:00,0,,0
9/20/24 19:00,0,,0
9/20/24 20:00,0,,0
9/20/24 21:00,0,,0
9/20/24 22:00,0,,0
9/20/24 23:00,0,,0
9/21/24,0,,0
9/21/24 1:00,0,,0
9/21/24 2:00,0,,0
9/21/24 3:00,0,,0
9/21/24 4:00,0,,0
9/21/24 5:00,0,,0
9/21/24 6:00,1,,1
9/21/24 7:00,4,,4
9/21/24 8:00,8,,10
9/21/24 9:00,13,,15
9/21/24 10:00,17,,20
9/21/24 11:00,19,,23
9/21/24 12:00,17,,23
9/21/24 13:00,8,,22
9/21/24 14:00,16,,19
9/21/24 15:00,11,,13
9/21/24 16:00,7,,8
9/21/24 17:00,3,,3
9/21/24 18:00,0,,0
9/21/24 19:00,0,,0
9/21/24 20:00,0,,0
9/21/24 21:00,0,,0
9/21/24 22:00,0,,0
9/21/24 23:00,0,,0
9/22/24,0,,0
9/22/24 1:00,0,,0
9/22/24 2:00,0,,0
9/22/24 3:00,0,,0
9/22/24 4:00,0,,0
9/22/24 5:00,0,,0
9/22/24 6:00,1,,1
9/22/24 7:00,4,,4
9/22/24 8:00,8,,10
9/22/24 9:00,13,,15
9/22/24 10:00,17,,20
9/22/24 11:00,19,,22
9/22/24 12:00,17,,23
9/22/24 13:00,8,,22
9/22/24 14:00,15,,17
9/22/24 15:00,11,,13
9/22/24 16:00,6,,7
9/22/24 17:00,2,,3
9/22/24 18:00,0,,0
9/22/24 19:00,0,,0
9/22/24 20:00,0,,0
9/22/24 21:00,0,,0
9/22/24 22:00,0,,0
9/22/24 23:00,0,,0
9/23/24,0,,0
9/23/24 1:00,0,,0
9/23/24 2:00,0,,0
9/23/24 3:00,0,,0
9/23/24 4:00,0,,0
9/23/24 5:00,0,,0
9/23/24 6:00,1,,1
9/23/24 7:00,4,,4
9/23/24 8:00,8,,9
9/23/24 9:00,12,,14
9/23/24 10:00,16,,19
9/23/24 11:00,19,,22
9/23/24 12:00,17,,22
9/23/24 13:00,10,,19
9/23/24 14:00,13,,15
9/23/24 15:00,10,,11
9/23/24 16:00,6,,7
9/23/24 17:00,2,,2
9/23/24 18:00,0,,0
9/23/24 19:00,0,,0
9/23/24 20:00,0,,0
9/23/24 21:00,0,,0
9/23/24 22:00,0,,0
9/23/24 23:00,0,,0
9/24/24,0,,0
9/24/24 1:00,0,,0
9/24/24 2:00,0,,0
9/24/24 3:00,0,,0
9/24/24 4:00,0,,0
9/24/24 5:00,0,,0
9/24/24 6:00,1,,1
9/24/24 7:00,4,,4
9/24/24 8:00,8,,10
9/24/24 9:00,13,,15
9/24/24 10:00,17,,20
9/24/24 11:00,19,,22
9/24/24 12:00,17,,23
9/24/24 13:00,8,,21
9/24/24 14:00,15,,18
9/24/24 15:00,11,,13
9/24/24 16:00,6,,7
9/24/24 17:00,2,,2
9/24/24 18:00,0,,0
9/24/24 19:00,0,,0
9/24/24 20:00,0,,0
9/24/24 21:00,0,,0
9/24/24 22:00,0,,0
9/24/24 23:00,0,,0
9/25/24,0,,0
9/25/24 1:00,0,,0
9/25/24 2:00,0,,0
9/25/24 3:00,0,,0
9/25/24 4:00,0,,0
9/25/24 5:00,0,,0
9/25/24 6:00,1,,0
9/25/24 7:00,4,,4
9/25/24 8:00,8,,10
9/25/24 9:00,13,,15
9/25/24 10:00,17,,20
9/25/24 11:00,19,,22
9/25/24 12:00,17,,23
9/25/24 13:00,8,,21
9/25/24 14:00,15,,18
9/25/24 15:00,11,,13
9/25/24 16:00,6,,7
9/25/24 17:00,2,,2
9/25/24 18:00,0,,0
9/25/24 19:00,0,,0
9/25/24 20:00,0,,0
9/25/24 21:00,0,,0
9/25/24 22:00,0,,0
9/25/24 23:00,0,,0
9/26/24,0,,0
9/26/24 1:00,0,,0
9/26/24 2:00,0,,0
9/26/24 3:00,0,,0
9/26/24 4:00,0,,0
9/26/24 5:00,0,,0
9/26/24 6:00,0,,0
9/26/24 7:00,3,,4
9/26/24 8:00,8,,9
9/26/24 9:00,13,,15
9/26/24 10:00,16,,19
9/26/24 11:00,19,,22
9/26/24 12:00,16,,22
9/26/24 13:00,8,,21
9/26/24 14:00,14,,17
9/26/24 15:00,10,,12
9/26/24 16:00,6,,7
9/26/24 17:00,2,,2
9/26/24 18:00,0,,0
9/26/24 19:00,0,,0
9/26/24 20:00,0,,0
9/26/24 21:00,0,,0
9/26/24 22:00,0,,0
9/26/24 23:00,0,,0
9/27/24,0,,0
9/27/24 1:00,0,,0
9/27/24 2:00,0,,0
9/27/24 3:00,0,,0
9/27/24 4:00,0,,0
9/27/24 5:00,0,,0
9/27/24 6:00,0,,0
9/27/24 7:00,3,,4
9/27/24 8:00,8,,9
9/27/24 9:00,13,,15
9/27/24 10:00,16,,19
9/27/24 11:00,19,,21
9/27/24 12:00,16,,22
9/27/24 13:00,8,,21
9/27/24 14:00,15,,17
9/27/24 15:00,10,,12
9/27/24 16:00,6,,7
9/27/24 17:00,2,,2
9/27/24 18:00,0,,0
9/27/24 19:00,0,,0
9/27/24 20:00,0,,0
9/27/24 21:00,0,,0
9/27/24 22:00,0,,0
9/27/24 23:00,0,,0
9/28/24,0,,0
9/28/24 1:00,0,,0
9/28/24 2:00,0,,0
9/28/24 3:00,0,,0
9/28/24 4:00,0,,0
9/28/24 5:00,0,,0
9/28/24 6:00,0,,0
9/28/24 7:00,3,,4
9/28/24 8:00,8,,9
9/28/24 9:00,12,,14
9/28/24 10:00,16,,19
9/28/24 11:00,19,,21
9/28/24 12:00,16,,22
9/28/24 13:00,8,,20
9/28/24 14:00,14,,17
9/28/24 15:00,10,,12
9/28/24 16:00,5,,6
9/28/24 17:00,2,,2
9/28/24 18:00,0,,0
9/28/24 19:00,0,,0
9/28/24 20:00,0,,0
9/28/24 21:00,0,,0
9/28/24 22:00,0,,0
9/28/24 23:00,0,,0
9/29/24,0,,0
9/29/24 1:00,0,,0
9/29/24 2:00,0,,0
9/29/24 3:00,0,,0
9/29/24 4:00,0,,0
9/29/24 5:00,0,,0
9/29/24 6:00,0,,0
9/29/24 7:00,1,,1
9/29/24 8:00,5,,6
9/29/24 9:00,7,,9
9/29/24 10:00,16,,18
9/29/24 11:00,18,,21
9/29/24 12:00,17,,22
9/29/24 13:00,7,,13
9/29/24 14:00,7,,6
9/29/24 15:00,7,,7
9/29/24 16:00,2,,2
9/29/24 17:00,1,,1
9/29/24 18:00,0,,0
9/29/24 19:00,0,,0
9/29/24 20:00,0,,0
9/29/24 21:00,0,,0
9/29/24 22:00,0,,0
9/29/24 23:00,0,,0
9/30/24,0,,0
9/30/24 1:00,0,,0
9/30/24 2:00,0,,0
9/30/24 3:00,0,,0
9/30/24 4:00,0,,0
9/30/24 5:00,0,,0
9/30/24 6:00,0,,0
9/30/24 7:00,3,,3
9/30/24 8:00,7,,9
9/30/24 9:00,12,,14
9/30/24 10:00,15,,18
9/30/24 11:00,18,,21
9/30/24 12:00,16,,21
9/30/24 13:00,8,,20
9/30/24 14:00,14,,16
9/30/24 15:00,10,,11
9/30/24 16:00,5,,6
9/30/24 17:00,2,,2
9/30/24 18:00,0,,0
9/30/24 19:00,0,,0
9/30/24 20:00,0,,0
9/30/24 21:00,0,,0
9/30/24 22:00,0,,0
9/30/24 23:00,0,,0
10/1/24,0,,0
10/1/24 1:00,0,,0
10/1/24 2:00,0,,0
10/1/24 3:00,0,,0
10/1/24 4:00,0,,0
10/1/24 5:00,0,,0
10/1/24 6:00,0,,0
10/1/24 7:00,3,,3
10/1/24 8:00,7,,9
10/1/24 9:00,12,,14
10/1/24 10:00,16,,18
10/1/24 11:00,18,,21
10/1/24 12:00,16,,22
10/1/24 13:00,8,,20
10/1/24 14:00,14,,16
10/1/24 15:00,10,,11
10/1/24 16:00,5,,6
10/1/24 17:00,1,,2
10/1/24 18:00,0,,0
10/1/24 19:00,0,,0
10/1/24 20:00,0,,0
10/1/24 21:00,0,,0
10/1/24 22:00,0,,0
10/1/24 23:00,0,,0
10/2/24,0,,0
10/2/24 1:00,0,,0
10/2/24 2:00,0,,0
10/2/24 3:00,0,,0
10/2/24 4:00,0,,0
10/2/24 5:00,0,,0
10/2/24 6:00,0,,0
10/2/24 7:00,3,,3
10/2/24 8:00,7,,8
10/2/24 9:00,12,,14
10/2/24 10:00,16,,18
10/2/24 11:00,18,,21
10/2/24 12:00,16,,21
10/2/24 13:00,8,,20
10/2/24 14:00,14,,16
10/2/24 15:00,10,,11
10/2/24 16:00,5,,6
10/2/24 17:00,1,,2
10/2/24 18:00,0,,0
10/2/24 19:00,0,,0
10/2/24 20:00,0,,0
10/2/24 21:00,0,,0
10/2/24 22:00,0,,0
10/2/24 23:00,0,,0
10/3/24,0,,0
10/3/24 1:00,0,,0
10/3/24 2:00,0,,0
10/3/24 3:00,0,,0
10/3/24 4:00,0,,0
10/3/24 5:00,0,,0
10/3/24 6:00,0,,0
10/3/24 7:00,3,,3
10/3/24 8:00,7,,8
10/3/24 9:00,11,,13
10/3/24 10:00,15,,17
10/3/24 11:00,17,,20
10/3/24 12:00,15,,20
10/3/24 13:00,8,,19
10/3/24 14:00,13,,15
10/3/24 15:00,9,,11
10/3/24 16:00,5,,5
10/3/24 17:00,1,,1
10/3/24 18:00,0,,0
10/3/24 19:00,0,,0
10/3/24 20:00,0,,0
10/3/24 21:00,0,,0
10/3/24 22:00,0,,0
10/3/24 23:00,0,,0
10/4/24,0,,0
10/4/24 1:00,0,,0
10/4/24 2:00,0,,0
10/4/24 3:00,0,,0
10/4/24 4:00,0,,0
10/4/24 5:00,0,,0
10/4/24 6:00,0,,0
10/4/24 7:00,3,,3
10/4/24 8:00,7,,8
10/4/24 9:00,11,,13
10/4/24 10:00,15,,18
10/4/24 11:00,17,,20
10/4/24 12:00,16,,21
10/4/24 13:00,8,,19
10/4/24 14:00,13,,15
10/4/24 15:00,7,,7
10/4/24 16:00,4,,5
10/4/24 17:00,1,,1
10/4/24 18:00,0,,0
10/4/24 19:00,0,,0
10/4/24 20:00,0,,0
10/4/24 21:00,0,,0
10/4/24 22:00,0,,0
10/4/24 23:00,0,,0
10/5/24,0,,0
10/5/24 1:00,0,,0
10/5/24 2:00,0,,0
10/5/24 3:00,0,,0
10/5/24 4:00,0,,0
10/5/24 5:00,0,,0
10/5/24 6:00,0,,0
10/5/24 7:00,3,,3
10/5/24 8:00,7,,8
10/5/24 9:00,11,,13
10/5/24 10:00,15,,17
10/5/24 11:00,17,,19
10/5/24 12:00,16,,21
10/5/24 13:00,7,,19
10/5/24 14:00,13,,15
10/5/24 15:00,9,,11
10/5/24 16:00,5,,5
10/5/24 17:00,1,,1
10/5/24 18:00,0,,0
10/5/24 19:00,0,,0
10/5/24 20:00,0,,0
10/5/24 21:00,0,,0
10/5/24 22:00,0,,0
10/5/24 23:00,0,,0
10/6/24,0,,0
10/6/24 1:00,0,,0
10/6/24 2:00,0,,0
10/6/24 3:00,0,,0
10/6/24 4:00,0,,0
10/6/24 5:00,0,,0
10/6/24 6:00,0,,0
10/6/24 7:00,3,,3
10/6/24 8:00,7,,8
10/6/24 9:00,11,,13
10/6/24 10:00,15,,17
10/6/24 11:00,17,,20
10/6/24 12:00,16,,21
10/6/24 13:00,7,,19
10/6/24 14:00,13,,15
10/6/24 15:00,9,,10
10/6/24 16:00,5,,5
10/6/24 17:00,1,,1
10/6/24 18:00,0,,0
10/6/24 19:00,0,,0
10/6/24 20:00,0,,0
10/6/24 21:00,0,,0
10/6/24 22:00,0,,0
10/6/24 23:00,0,,0
10/7/24,0,,0
10/7/24 1:00,0,,0
10/7/24 2:00,0,,0
10/7/24 3:00,0,,0
10/7/24 4:00,0,,0
10/7/24 5:00,0,,0
10/7/24 6:00,0,,0
10/7/24 7:00,2,,3
10/7/24 8:00,6,,8
10/7/24 9:00,11,,13
10/7/24 10:00,14,,17
10/7/24 11:00,16,,19
10/7/24 12:00,16,,20
10/7/24 13:00,8,,18
10/7/24 14:00,12,,15
10/7/24 15:00,8,,10
10/7/24 16:00,4,,5
10/7/24 17:00,1,,1
10/7/24 18:00,0,,0
10/7/24 19:00,0,,0
10/7/24 20:00,0,,0
10/7/24 21:00,0,,0
10/7/24 22:00,0,,0
10/7/24 23:00,0,,0
10/8/24,0,,0
10/8/24 1:00,0,,0
10/8/24 2:00,0,,0
10/8/24 3:00,0,,0
10/8/24 4:00,0,,0
10/8/24 5:00,0,,0
10/8/24 6:00,0,,0
10/8/24 7:00,2,,3
10/8/24 8:00,6,,8
10/8/24 9:00,11,,12
10/8/24 10:00,14,,16
10/8/24 11:00,15,,18
10/8/24 12:00,15,,19
10/8/24 13:00,8,,16
10/8/24 14:00,11,,13
10/8/24 15:00,8,,10
10/8/24 16:00,4,,5
10/8/24 17:00,1,,1
10/8/24 18:00,0,,0
10/8/24 19:00,0,,0
10/8/24 20:00,0,,0
10/8/24 21:00,0,,0
10/8/24 22:00,0,,0
10/8/24 23:00,0,,0
10/9/24,0,,0
10/9/24 1:00,0,,0
10/9/24 2:00,0,,0
10/9/24 3:00,0,,0
10/9/24 4:00,0,,0
10/9/24 5:00,0,,0
10/9/24 6:00,0,,0
10/9/24 7:00,2,,3
10/9/24 8:00,6,,7
10/9/24 9:00,10,,12
10/9/24 10:00,14,,16
10/9/24 11:00,16,,19
10/9/24 12:00,16,,19
10/9/24 13:00,7,,18
10/9/24 14:00,12,,14
10/9/24 15:00,8,,9
10/9/24 16:00,4,,4
10/9/24 17:00,1,,1
10/9/24 18:00,0,,0
10/9/24 19:00,0,,0
10/9/24 20:00,0,,0
10/9/24 21:00,0,,0
10/9/24 22:00,0,,0
10/9/24 23:00,0,,0
10/10/24,0,,0
10/10/24 1:00,0,,0
10/10/24 2:00,0,,0
10/10/24 3:00,0,,0
10/10/24 4:00,0,,0
10/10/24 5:00,0,,0
10/10/24 6:00,0,,0
10/10/24 7:00,2,,2
10/10/24 8:00,5,,5
10/10/24 9:00,11,,13
10/10/24 10:00,14,,17
10/10/24 11:00,15,,17
10/10/24 12:00,12,,15
10/10/24 13:00,9,,15
10/10/24 14:00,11,,14
10/10/24 15:00,7,,8
10/10/24 16:00,4,,4
10/10/24 17:00,1,,1
10/10/24 18:00,0,,0
10/10/24 19:00,0,,0
10/10/24 20:00,0,,0
10/10/24 21:00,0,,0
10/10/24 22:00,0,,0
10/10/24 23:00,0,,0
10/11/24,0,,0
10/11/24 1:00,0,,0
10/11/24 2:00,0,,0
10/11/24 3:00,0,,0
10/11/24 4:00,0,,0
10/11/24 5:00,0,,0
10/11/24 6:00,0,,0
10/11/24 7:00,2,,2
10/11/24 8:00,6,,7
10/11/24 9:00,10,,12
10/11/24 10:00,14,,16
10/11/24 11:00,16,,19
10/11/24 12:00,16,,19
10/11/24 13:00,7,,17
10/11/24 14:00,11,,14
10/11/24 15:00,8,,9
10/11/24 16:00,4,,4
10/11/24 17:00,1,,1
10/11/24 18:00,0,,0
10/11/24 19:00,0,,0
10/11/24 20:00,0,,0
10/11/24 21:00,0,,0
10/11/24 22:00,0,,0
10/11/24 23:00,0,,0
10/12/24,0,,0
10/12/24 1:00,0,,0
10/12/24 2:00,0,,0
10/12/24 3:00,0,,0
10/12/24 4:00,0,,0
10/12/24 5:00,0,,0
10/12/24 6:00,0,,0
10/12/24 7:00,2,,2
10/12/24 8:00,6,,7
10/12/24 9:00,10,,12
10/12/24 10:00,14,,16
10/12/24 11:00,16,,18
10/12/24 12:00,16,,19
10/12/24 13:00,7,,18
10/12/24 14:00,11,,14
10/12/24 15:00,8,,9
10/12/24 16:00,4,,4
10/12/24 17:00,1,,1
10/12/24 18:00,0,,0
10/12/24 19:00,0,,0
10/12/24 20:00,0,,0
10/12/24 21:00,0,,0
10/12/24 22:00,0,,0
10/12/24 23:00,0,,0
10/13/24,0,,0
10/13/24 1:00,0,,0
10/13/24 2:00,0,,0
10/13/24 3:00,0,,0
10/13/24 4:00,0,,0
10/13/24 5:00,0,,0
10/13/24 6:00,0,,0
10/13/24 7:00,2,,2
10/13/24 8:00,6,,7
10/13/24 9:00,10,,12
10/13/24 10:00,14,,16
10/13/24 11:00,16,,18
10/13/24 12:00,15,,19
10/13/24 13:00,7,,17
10/13/24 14:00,11,,14
10/13/24 15:00,8,,9
10/13/24 16:00,4,,4
10/13/24 17:00,1,,1
10/13/24 18:00,0,,0
10/13/24 19:00,0,,0
10/13/24 20:00,0,,0
10/13/24 21:00,0,,0
10/13/24 22:00,0,,0
10/13/24 23:00,0,,0
10/14/24,0,,0
10/14/24 1:00,0,,0
10/14/24 2:00,0,,0
10/14/24 3:00,0,,0
10/14/24 4:00,0,,0
10/14/24 5:00,0,,0
10/14/24 6:00,0,,0
10/14/24 7:00,2,,2
10/14/24 8:00,5,,6
10/14/24 9:00,10,,11
10/14/24 10:00,13,,15
10/14/24 11:00,15,,18
10/14/24 12:00,15,,19
10/14/24 13:00,7,,17
10/14/24 14:00,11,,14
10/14/24 15:00,7,,9
10/14/24 16:00,3,,4
10/14/24 17:00,1,,1
10/14/24 18:00,0,,0
10/14/24 19:00,0,,0
10/14/24 20:00,0,,0
10/14/24 21:00,0,,0
10/14/24 22:00,0,,0
10/14/24 23:00,0,,0
10/15/24,0,,0
10/15/24 1:00,0,,0
10/15/24 2:00,0,,0
10/15/24 3:00,0,,0
10/15/24 4:00,0,,0
10/15/24 5:00,0,,0
10/15/24 6:00,0,,0
10/15/24 7:00,2,,2
10/15/24 8:00,6,,7
10/15/24 9:00,10,,11
10/15/24 10:00,13,,15
10/15/24 11:00,15,,17
10/15/24 12:00,15,,18
10/15/24 13:00,7,,16
10/15/24 14:00,10,,13
10/15/24 15:00,7,,8
10/15/24 16:00,3,,4
10/15/24 17:00,1,,1
10/15/24 18:00,0,,0
10/15/24 19:00,0,,0
10/15/24 20:00,0,,0
10/15/24 21:00,0,,0
10/15/24 22:00,0,,0
10/15/24 23:00,0,,0
10/16/24,0,,0
10/16/24 1:00,0,,0
10/16/24 2:00,0,,0
10/16/24 3:00,0,,0
10/16/24 4:00,0,,0
10/16/24 5:00,0,,0
10/16/24 6:00,0,,0
10/16/24 7:00,2,,2
10/16/24 8:00,6,,7
10/16/24 9:00,10,,12
10/16/24 10:00,10,,14
10/16/24 11:00,10,,11
10/16/24 12:00,12,,13
10/16/24 13:00,9,,9
10/16/24 14:00,9,,9
10/16/24 15:00,7,,7
10/16/24 16:00,3,,4
10/16/24 17:00,0,,0
10/16/24 18:00,0,,0
10/16/24 19:00,0,,0
10/16/24 20:00,0,,0
10/16/24 21:00,0,,0
10/16/24 22:00,0,,0
10/16/24 23:00,0,,0
10/17/24,0,,0
10/17/24 1:00,0,,0
10/17/24 2:00,0,,0
10/17/24 3:00,0,,0
10/17/24 4:00,0,,0
10/17/24 5:00,0,,0
10/17/24 6:00,0,,0
10/17/24 7:00,0,,0
10/17/24 8:00,1,,1
10/17/24 9:00,1,,2
10/17/24 10:00,3,,3
10/17/24 11:00,3,,3
10/17/24 12:00,3,,3
10/17/24 13:00,2,,3
10/17/24 14:00,4,,4
10/17/24 15:00,3,,4
10/17/24 16:00,2,,2
10/17/24 17:00,0,,0
10/17/24 18:00,0,,0
10/17/24 19:00,0,,0
10/17/24 20:00,0,,0
10/17/24 21:00,0,,0
10/17/24 22:00,0,,0
10/17/24 23:00,0,,0
10/18/24,0,,0
10/18/24 1:00,0,,0
10/18/24 2:00,0,,0
10/18/24 3:00,0,,0
10/18/24 4:00,0,,0
10/18/24 5:00,0,,0
10/18/24 6:00,0,,0
10/18/24 7:00,1,,1
10/18/24 8:00,4,,3
10/18/24 9:00,9,,7
10/18/24 10:00,7,,7
10/18/24 11:00,6,,6
10/18/24 12:00,6,,5
10/18/24 13:00,5,,5
10/18/24 14:00,4,,5
10/18/24 15:00,3,,4
10/18/24 16:00,2,,2
10/18/24 17:00,0,,0
10/18/24 18:00,0,,0
10/18/24 19:00,0,,0
10/18/24 20:00,0,,0
10/18/24 21:00,0,,0
10/18/24 22:00,0,,0
10/18/24 23:00,0,,0
10/19/24,0,,0
10/19/24 1:00,0,,0
10/19/24 2:00,0,,0
10/19/24 3:00,0,,0
10/19/24 4:00,0,,0
10/19/24 5:00,0,,0
10/19/24 6:00,0,,0
10/19/24 7:00,2,,2
10/19/24 8:00,6,,7
10/19/24 9:00,10,,12
10/19/24 10:00,14,,16
10/19/24 11:00,15,,18
10/19/24 12:00,15,,19
10/19/24 13:00,7,,17
10/19/24 14:00,11,,13
10/19/24 15:00,7,,8
10/19/24 16:00,3,,4
10/19/24 17:00,0,,0
10/19/24 18:00,0,,0
10/19/24 19:00,0,,0
10/19/24 20:00,0,,0
10/19/24 21:00,0,,0
10/19/24 22:00,0,,0
10/19/24 23:00,0,,0
10/20/24,0,,0
10/20/24 1:00,0,,0
10/20/24 2:00,0,,0
10/20/24 3:00,0,,0
10/20/24 4:00,0,,0
10/20/24 5:00,0,,0
10/20/24 6:00,0,,0
10/20/24 7:00,2,,2
10/20/24 8:00,5,,6
10/20/24 9:00,9,,11
10/20/24 10:00,13,,16
10/20/24 11:00,14,,17
10/20/24 12:00,15,,18
10/20/24 13:00,7,,17
10/20/24 14:00,11,,13
10/20/24 15:00,7,,8
10/20/24 16:00,3,,4
10/20/24 17:00,0,,0
10/20/24 18:00,0,,0
10/20/24 19:00,0,,0
10/20/24 20:00,0,,0
10/20/24 21:00,0,,0
10/20/24 22:00,0,,0
10/20/24 23:00,0,,0
10/21/24,0,,0
10/21/24 1:00,0,,0
10/21/24 2:00,0,,0
10/21/24 3:00,0,,0
10/21/24 4:00,0,,0
10/21/24 5:00,0,,0
10/21/24 6:00,0,,0
10/21/24 7:00,2,,2
10/21/24 8:00,5,,7
10/21/24 9:00,10,,12
10/21/24 10:00,12,,14
10/21/24 11:00,13,,16
10/21/24 12:00,15,,18
10/21/24 13:00,6,,16
10/21/24 14:00,10,,13
10/21/24 15:00,7,,8
10/21/24 16:00,3,,3
10/21/24 17:00,0,,0
10/21/24 18:00,0,,0
10/21/24 19:00,0,,0
10/21/24 20:00,0,,0
10/21/24 21:00,0,,0
10/21/24 22:00,0,,0
10/21/24 23:00,0,,0
10/22/24,0,,0
10/22/24 1:00,0,,0
10/22/24 2:00,0,,0
10/22/24 3:00,0,,0
10/22/24 4:00,0,,0
10/22/24 5:00,0,,0
10/22/24 6:00,0,,0
10/22/24 7:00,2,,2
10/22/24 8:00,5,,6
10/22/24 9:00,9,,11
10/22/24 10:00,12,,15
10/22/24 11:00,14,,16
10/22/24 12:00,14,,18
10/22/24 13:00,7,,14
10/22/24 14:00,8,,9
10/22/24 15:00,5,,6
10/22/24 16:00,2,,3
10/22/24 17:00,0,,0
10/22/24 18:00,0,,0
10/22/24 19:00,0,,0
10/22/24 20:00,0,,0
10/22/24 21:00,0,,0
10/22/24 22:00,0,,0
10/22/24 23:00,0,,0
10/23/24,0,,0
10/23/24 1:00,0,,0
10/23/24 2:00,0,,0
10/23/24 3:00,0,,0
10/23/24 4:00,0,,0
10/23/24 5:00,0,,0
10/23/24 6:00,0,,0
10/23/24 7:00,2,,2
10/23/24 8:00,5,,6
10/23/24 9:00,9,,11
10/23/24 10:00,12,,15
10/23/24 11:00,14,,17
10/23/24 12:00,14,,18
10/23/24 13:00,6,,16
10/23/24 14:00,10,,13
10/23/24 15:00,7,,8
10/23/24 16:00,3,,3
10/23/24 17:00,0,,0
10/23/24 18:00,0,,0
10/23/24 19:00,0,,0
10/23/24 20:00,0,,0
10/23/24 21:00,0,,0
10/23/24 22:00,0,,0
10/23/24 23:00,0,,0
10/24/24,0,,0
10/24/24 1:00,0,,0
10/24/24 2:00,0,,0
10/24/24 3:00,0,,0
10/24/24 4:00,0,,0
10/24/24 5:00,0,,0
10/24/24 6:00,0,,0
10/24/24 7:00,2,,2
10/24/24 8:00,5,,6
10/24/24 9:00,9,,11
10/24/24 10:00,13,,15
10/24/24 11:00,15,,17
10/24/24 12:00,15,,18
10/24/24 13:00,6,,16
10/24/24 14:00,10,,12
10/24/24 15:00,6,,8
10/24/24 16:00,3,,3
10/24/24 17:00,0,,0
10/24/24 18:00,0,,0
10/24/24 19:00,0,,0
10/24/24 20:00,0,,0
10/24/24 21:00,0,,0
10/24/24 22:00,0,,0
10/24/24 23:00,0,,0
10/25/24,0,,0
10/25/24 1:00,0,,0
10/25/24 2:00,0,,0
10/25/24 3:00,0,,0
10/25/24 4:00,0,,0
10/25/24 5:00,0,,0
10/25/24 6:00,0,,0
10/25/24 7:00,2,,2
10/25/24 8:00,5,,6
10/25/24 9:00,9,,11
10/25/24 10:00,12,,15
10/25/24 11:00,14,,17
10/25/24 12:00,14,,17
10/25/24 13:00,7,,14
10/25/24 14:00,8,,10
10/25/24 15:00,5,,6
10/25/24 16:00,2,,3
10/25/24 17:00,0,,0
10/25/24 18:00,0,,0
10/25/24 19:00,0,,0
10/25/24 20:00,0,,0
10/25/24 21:00,0,,0
10/25/24 22:00,0,,0
10/25/24 23:00,0,,0
10/26/24,0,,0
10/26/24 1:00,0,,0
10/26/24 2:00,0,,0
10/26/24 3:00,0,,0
10/26/24 4:00,0,,0
10/26/24 5:00,0,,0
10/26/24 6:00,0,,0
10/26/24 7:00,1,,2
10/26/24 8:00,5,,6
10/26/24 9:00,9,,11
10/26/24 10:00,12,,15
10/26/24 11:00,14,,17
10/26/24 12:00,14,,17
10/26/24 13:00,6,,15
10/26/24 14:00,9,,12
10/26/24 15:00,6,,7
10/26/24 16:00,2,,3
10/26/24 17:00,0,,0
10/26/24 18:00,0,,0
10/26/24 19:00,0,,0
10/26/24 20:00,0,,0
10/26/24 21:00,0,,0
10/26/24 22:00,0,,0
10/26/24 23:00,0,,0
10/27/24,0,,0
10/27/24 1:00,0,,0
10/27/24 2:00,0,,0
10/27/24 3:00,0,,0
10/27/24 4:00,0,,0
10/27/24 5:00,0,,0
10/27/24 6:00,0,,0
10/27/24 7:00,1,,1
10/27/24 8:00,3,,3
10/27/24 9:00,4,,4
10/27/24 10:00,5,,6
10/27/24 11:00,6,,7
10/27/24 12:00,7,,8
10/27/24 13:00,6,,7
10/27/24 14:00,5,,6
10/27/24 15:00,4,,4
10/27/24 16:00,2,,2
10/27/24 17:00,0,,0
10/27/24 18:00,0,,0
10/27/24 19:00,0,,0
10/27/24 20:00,0,,0
10/27/24 21:00,0,,0
10/27/24 22:00,0,,0
10/27/24 23:00,0,,0
10/28/24,0,,0
10/28/24 1:00,0,,0
10/28/24 2:00,0,,0
10/28/24 3:00,0,,0
10/28/24 4:00,0,,0
10/28/24 5:00,0,,0
10/28/24 6:00,0,,0
10/28/24 7:00,1,,1
10/28/24 8:00,4,,5
10/28/24 9:00,8,,10
10/28/24 10:00,11,,14
10/28/24 11:00,13,,15
10/28/24 12:00,12,,16
10/28/24 13:00,6,,10
10/28/24 14:00,7,,7
10/28/24 15:00,4,,5
10/28/24 16:00,1,,1
10/28/24 17:00,0,,0
10/28/24 18:00,0,,0
10/28/24 19:00,0,,0
10/28/24 20:00,0,,0
10/28/24 21:00,0,,0
10/28/24 22:00,0,,0
10/28/24 23:00,0,,0
10/29/24,0,,0
10/29/24 1:00,0,,0
10/29/24 2:00,0,,0
10/29/24 3:00,0,,0
10/29/24 4:00,0,,0
10/29/24 5:00,0,,0
10/29/24 6:00,0,,0
10/29/24 7:00,0,,0
10/29/24 8:00,1,,1
10/29/24 9:00,2,,2
10/29/24 10:00,2,,3
10/29/24 11:00,2,,3
10/29/24 12:00,2,,2
10/29/24 13:00,3,,2
10/29/24 14:00,2,,1
10/29/24 15:00,2,,2
10/29/24 16:00,1,,1
10/29/24 17:00,0,,0
10/29/24 18:00,0,,0
10/29/24 19:00,0,,0
10/29/24 20:00,0,,0
10/29/24 21:00,0,,0
10/29/24 22:00,0,,0
10/29/24 23:00,0,,0
10/30/24,0,,0
10/30/24 1:00,0,,0
10/30/24 2:00,0,,0
10/30/24 3:00,0,,0
10/30/24 4:00,0,,0
10/30/24 5:00,0,,0
10/30/24 6:00,0,,0
10/30/24 7:00,1,,1
10/30/24 8:00,4,,4
10/30/24 9:00,7,,8
10/30/24 10:00,10,,7
10/30/24 11:00,13,,12
10/30/24 12:00,8,,10
10/30/24 13:00,7,,9
10/30/24 14:00,7,,9
10/30/24 15:00,2,,3
10/30/24 16:00,2,,2
10/30/24 17:00,0,,0
10/30/24 18:00,0,,0
10/30/24 19:00,0,,0
10/30/24 20:00,0,,0
10/30/24 21:00,0,,0
10/30/24 22:00,0,,0
10/30/24 23:00,0,,0
10/31/24,0,,0
10/31/24 1:00,0,,0
10/31/24 2:00,0,,0
10/31/24 3:00,0,,0
10/31/24 4:00,0,,0
10/31/24 5:00,0,,0
10/31/24 6:00,0,,0
10/31/24 7:00,1,,1
10/31/24 8:00,3,,4
10/31/24 9:00,5,,5
10/31/24 10:00,5,,5
10/31/24 11:00,12,,15
10/31/24 12:00,12,,12
10/31/24 13:00,6,,9
10/31/24 14:00,3,,3
10/31/24 15:00,2,,2
10/31/24 16:00,1,,1
10/31/24 17:00,0,,0
10/31/24 18:00,0,,0
10/31/24 19:00,0,,0
10/31/24 20:00,0,,0
10/31/24 21:00,0,,0
10/31/24 22:00,0,,0
10/31/24 23:00,0,,0
11/1/24,0,,0
11/1/24 1:00,0,,0
11/1/24 2:00,0,,0
11/1/24 3:00,0,,0
11/1/24 4:00,0,,0
11/1/24 5:00,0,,0
11/1/24 6:00,0,,0
11/1/24 7:00,1,,1
11/1/24 8:00,4,,5
11/1/24 9:00,8,,10
11/1/24 10:00,11,,13
11/1/24 11:00,13,,16
11/1/24 12:00,13,,15
11/1/24 13:00,7,,11
11/1/24 14:00,7,,8
11/1/24 15:00,4,,4
11/1/24 16:00,1,,2
11/1/24 17:00,0,,0
11/1/24 18:00,0,,0
11/1/24 19:00,0,,0
11/1/24 20:00,0,,0
11/1/24 21:00,0,,0
11/1/24 22:00,0,,0
11/1/24 23:00,0,,0
11/2/24,0,,0
11/2/24 1:00,0,,0
11/2/24 2:00,0,,0
11/2/24 3:00,0,,0
11/2/24 4:00,0,,0
11/2/24 5:00,0,,0
11/2/24 6:00,0,,0
11/2/24 7:00,1,,1
11/2/24 8:00,3,,4
11/2/24 9:00,8,,10
11/2/24 10:00,7,,10
11/2/24 11:00,6,,8
11/2/24 12:00,5,,6
11/2/24 13:00,4,,5
11/2/24 14:00,3,,3
11/2/24 15:00,2,,2
11/2/24 16:00,1,,1
11/2/24 17:00,0,,0
11/2/24 18:00,0,,0
11/2/24 19:00,0,,0
11/2/24 20:00,0,,0
11/2/24 21:00,0,,0
11/2/24 22:00,0,,0
11/2/24 23:00,0,,0
11/3/24,0,,0
11/3/24 1:00,0,,0
11/3/24 2:00,0,,0
11/3/24 3:00,0,,0
11/3/24 4:00,0,,0
11/3/24 5:00,0,,0
11/3/24 6:00,0,,0
11/3/24 7:00,1,,1
11/3/24 8:00,3,,3
11/3/24 9:00,6,,7
11/3/24 10:00,10,,11
11/3/24 11:00,9,,10
11/3/24 12:00,7,,10
11/3/24 13:00,7,,10
11/3/24 14:00,6,,5
11/3/24 15:00,3,,3
11/3/24 16:00,1,,1
11/3/24 17:00,0,,0
11/3/24 18:00,0,,0
11/3/24 19:00,0,,0
11/3/24 20:00,0,,0
11/3/24 21:00,0,,0
11/3/24 22:00,0,,0
11/3/24 23:00,0,,0
11/4/24,0,,0
11/4/24 1:00,0,,0
11/4/24 2:00,0,,0
11/4/24 3:00,0,,0
11/4/24 4:00,0,,0
11/4/24 5:00,0,,0
11/4/24 6:00,0,,0
11/4/24 7:00,1,,1
11/4/24 8:00,4,,5
11/4/24 9:00,8,,10
11/4/24 10:00,11,,13
11/4/24 11:00,13,,16
11/4/24 12:00,13,,16
11/4/24 13:00,6,,13
11/4/24 14:00,8,,11
11/4/24 15:00,5,,6
11/4/24 16:00,2,,2
11/4/24 17:00,0,,0
11/4/24 18:00,0,,0
11/4/24 19:00,0,,0
11/4/24 20:00,0,,0
11/4/24 21:00,0,,0
11/4/24 22:00,0,,0
11/4/24 23:00,0,,0
11/5/24,0,,0
11/5/24 1:00,0,,0
11/5/24 2:00,0,,0
11/5/24 3:00,0,,0
11/5/24 4:00,0,,0
11/5/24 5:00,0,,0
11/5/24 6:00,0,,0
11/5/24 7:00,0,,0
11/5/24 8:00,1,,1
11/5/24 9:00,1,,1
11/5/24 10:00,2,,2
11/5/24 11:00,3,,3
11/5/24 12:00,5,,8
11/5/24 13:00,6,,8
11/5/24 14:00,4,,4
11/5/24 15:00,3,,4
11/5/24 16:00,1,,2
11/5/24 17:00,0,,0
11/5/24 18:00,0,,0
11/5/24 19:00,0,,0
11/5/24 20:00,0,,0
11/5/24 21:00,0,,0
11/5/24 22:00,0,,0
11/5/24 23:00,0,,0
11/6/24,0,,0
11/6/24 1:00,0,,0
11/6/24 2:00,0,,0
11/6/24 3:00,0,,0
11/6/24 4:00,0,,0
11/6/24 5:00,0,,0
11/6/24 6:00,0,,0
11/6/24 7:00,1,,1
11/6/24 8:00,4,,5
11/6/24 9:00,8,,9
11/6/24 10:00,11,,13
11/6/24 11:00,13,,15
11/6/24 12:00,12,,14
11/6/24 13:00,7,,13
11/6/24 14:00,7,,7
11/6/24 15:00,4,,5
11/6/24 16:00,2,,2
11/6/24 17:00,0,,0
11/6/24 18:00,0,,0
11/6/24 19:00,0,,0
11/6/24 20:00,0,,0
11/6/24 21:00,0,,0
11/6/24 22:00,0,,0
11/6/24 23:00,0,,0
11/7/24,0,,0
11/7/24 1:00,0,,0
11/7/24 2:00,0,,0
11/7/24 3:00,0,,0
11/7/24 4:00,0,,0
11/7/24 5:00,0,,0
11/7/24 6:00,0,,0
11/7/24 7:00,1,,1
11/7/24 8:00,4,,5
11/7/24 9:00,7,,9
11/7/24 10:00,11,,13
11/7/24 11:00,12,,15
11/7/24 12:00,12,,15
11/7/24 13:00,6,,13
11/7/24 14:00,7,,10
11/7/24 15:00,5,,6
11/7/24 16:00,2,,2
11/7/24 17:00,0,,0
11/7/24 18:00,0,,0
11/7/24 19:00,0,,0
11/7/24 20:00,0,,0
11/7/24 21:00,0,,0
11/7/24 22:00,0,,0
11/7/24 23:00,0,,0
11/8/24,0,,0
11/8/24 1:00,0,,0
11/8/24 2:00,0,,0
11/8/24 3:00,0,,0
11/8/24 4:00,0,,0
11/8/24 5:00,0,,0
11/8/24 6:00,0,,0
11/8/24 7:00,1,,1
11/8/24 8:00,4,,4
11/8/24 9:00,7,,9
11/8/24 10:00,10,,13
11/8/24 11:00,12,,15
11/8/24 12:00,12,,15
11/8/24 13:00,6,,13
11/8/24 14:00,7,,10
11/8/24 15:00,5,,5
11/8/24 16:00,2,,2
11/8/24 17:00,0,,0
11/8/24 18:00,0,,0
11/8/24 19:00,0,,0
11/8/24 20:00,0,,0
11/8/24 21:00,0,,0
11/8/24 22:00,0,,0
11/8/24 23:00,0,,0
11/9/24,0,,0
11/9/24 1:00,0,,0
11/9/24 2:00,0,,0
11/9/24 3:00,0,,0
11/9/24 4:00,0,,0
11/9/24 5:00,0,,0
11/9/24 6:00,0,,0
11/9/24 7:00,1,,1
11/9/24 8:00,3,,4
11/9/24 9:00,7,,9
11/9/24 10:00,10,,12
11/9/24 11:00,12,,15
11/9/24 12:00,12,,15
11/9/24 13:00,6,,13
11/9/24 14:00,7,,10
11/9/24 15:00,5,,6
11/9/24 16:00,2,,2
11/9/24 17:00,0,,0
11/9/24 18:00,0,,0
11/9/24 19:00,0,,0
11/9/24 20:00,0,,0
11/9/24 21:00,0,,0
11/9/24 22:00,0,,0
11/9/24 23:00,0,,0
11/10/24,0,,0
11/10/24 1:00,0,,0
11/10/24 2:00,0,,0
11/10/24 3:00,0,,0
11/10/24 4:00,0,,0
11/10/24 5:00,0,,0
11/10/24 6:00,0,,0
11/10/24 7:00,1,,1
11/10/24 8:00,4,,4
11/10/24 9:00,7,,9
11/10/24 10:00,10,,12
11/10/24 11:00,12,,15
11/10/24 12:00,12,,15
11/10/24 13:00,6,,13
11/10/24 14:00,7,,10
11/10/24 15:00,4,,5
11/10/24 16:00,1,,1
11/10/24 17:00,0,,0
11/10/24 18:00,0,,0
11/10/24 19:00,0,,0
11/10/24 20:00,0,,0
11/10/24 21:00,0,,0
11/10/24 22:00,0,,0
11/10/24 23:00,0,,0
11/11/24,0,,0
11/11/24 1:00,0,,0
11/11/24 2:00,0,,0
11/11/24 3:00,0,,0
11/11/24 4:00,0,,0
11/11/24 5:00,0,,0
11/11/24 6:00,0,,0
11/11/24 7:00,1,,1
11/11/24 8:00,3,,4
11/11/24 9:00,7,,9
11/11/24 10:00,10,,12
11/11/24 11:00,12,,14
11/11/24 12:00,12,,15
11/11/24 13:00,6,,13
11/11/24 14:00,7,,10
11/11/24 15:00,5,,6
11/11/24 16:00,2,,2
11/11/24 17:00,0,,0
11/11/24 18:00,0,,0
11/11/24 19:00,0,,0
11/11/24 20:00,0,,0
11/11/24 21:00,0,,0
11/11/24 22:00,0,,0
11/11/24 23:00,0,,0
11/12/24,0,,0
11/12/24 1:00,0,,0
11/12/24 2:00,0,,0
11/12/24 3:00,0,,0
11/12/24 4:00,0,,0
11/12/24 5:00,0,,0
11/12/24 6:00,0,,0
11/12/24 7:00,0,,0
11/12/24 8:00,0,,0
11/12/24 9:00,1,,1
11/12/24 10:00,2,,3
11/12/24 11:00,3,,4
11/12/24 12:00,3,,2
11/12/24 13:00,3,,2
11/12/24 14:00,2,,4
11/12/24 15:00,2,,3
11/12/24 16:00,1,,1
11/12/24 17:00,0,,0
11/12/24 18:00,0,,0
11/12/24 19:00,0,,0
11/12/24 20:00,0,,0
11/12/24 21:00,0,,0
11/12/24 22:00,0,,0
11/12/24 23:00,0,,0
11/13/24,0,,0
11/13/24 1:00,0,,0
11/13/24 2:00,0,,0
11/13/24 3:00,0,,0
11/13/24 4:00,0,,0
11/13/24 5:00,0,,0
11/13/24 6:00,0,,0
11/13/24 7:00,1,,1
11/13/24 8:00,3,,4
11/13/24 9:00,6,,8
11/13/24 10:00,10,,12
11/13/24 11:00,9,,12
11/13/24 12:00,11,,13
11/13/24 13:00,7,,13
11/13/24 14:00,7,,9
11/13/24 15:00,4,,5
11/13/24 16:00,1,,1
11/13/24 17:00,0,,0
11/13/24 18:00,0,,0
11/13/24 19:00,0,,0
11/13/24 20:00,0,,0
11/13/24 21:00,0,,0
11/13/24 22:00,0,,0
11/13/24 23:00,0,,0
11/14/24,0,,0
11/14/24 1:00,0,,0
11/14/24 2:00,0,,0
11/14/24 3:00,0,,0
11/14/24 4:00,0,,0
11/14/24 5:00,0,,0
11/14/24 6:00,0,,0
11/14/24 7:00,1,,1
11/14/24 8:00,3,,4
11/14/24 9:00,7,,8
11/14/24 10:00,10,,12
11/14/24 11:00,11,,14
11/14/24 12:00,12,,14
11/14/24 13:00,6,,12
11/14/24 14:00,6,,9
11/14/24 15:00,4,,5
11/14/24 16:00,1,,1
11/14/24 17:00,0,,0
11/14/24 18:00,0,,0
11/14/24 19:00,0,,0
11/14/24 20:00,0,,0
11/14/24 21:00,0,,0
11/14/24 22:00,0,,0
11/14/24 23:00,0,,0
11/15/24,0,,0
11/15/24 1:00,0,,0
11/15/24 2:00,0,,0
11/15/24 3:00,0,,0
11/15/24 4:00,0,,0
11/15/24 5:00,0,,0
11/15/24 6:00,0,,0
11/15/24 7:00,1,,1
11/15/24 8:00,3,,3
11/15/24 9:00,5,,5
11/15/24 10:00,5,,6
11/15/24 11:00,5,,6
11/15/24 12:00,5,,5
11/15/24 13:00,3,,2
11/15/24 14:00,3,,3
11/15/24 15:00,1,,1
11/15/24 16:00,0,,0
11/15/24 17:00,0,,0
11/15/24 18:00,0,,0
11/15/24 19:00,0,,0
11/15/24 20:00,0,,0
11/15/24 21:00,0,,0
11/15/24 22:00,0,,0
11/15/24 23:00,0,,0
11/16/24,0,,0
11/16/24 1:00,0,,0
11/16/24 2:00,0,,0
11/16/24 3:00,0,,0
11/16/24 4:00,0,,0
11/16/24 5:00,0,,0
11/16/24 6:00,0,,0
11/16/24 7:00,0,,0
11/16/24 8:00,2,,1
11/16/24 9:00,3,,2
11/16/24 10:00,2,,2
11/16/24 11:00,1,,2
11/16/24 12:00,3,,2
11/16/24 13:00,5,,3
11/16/24 14:00,2,,2
11/16/24 15:00,2,,1
11/16/24 16:00,1,,0
11/16/24 17:00,0,,0
11/16/24 18:00,0,,0
11/16/24 19:00,0,,0
11/16/24 20:00,0,,0
11/16/24 21:00,0,,0
11/16/24 22:00,0,,0
11/16/24 23:00,0,,0
11/17/24,0,,0
11/17/24 1:00,0,,0
11/17/24 2:00,0,,0
11/17/24 3:00,0,,0
11/17/24 4:00,0,,0
11/17/24 5:00,0,,0
11/17/24 6:00,0,,0
11/17/24 7:00,1,,1
11/17/24 8:00,3,,4
11/17/24 9:00,7,,8
11/17/24 10:00,10,,11
11/17/24 11:00,12,,14
11/17/24 12:00,8,,10
11/17/24 13:00,7,,10
11/17/24 14:00,6,,8
11/17/24 15:00,4,,4
11/17/24 16:00,1,,1
11/17/24 17:00,0,,0
11/17/24 18:00,0,,0
11/17/24 19:00,0,,0
11/17/24 20:00,0,,0
11/17/24 21:00,0,,0
11/17/24 22:00,0,,0
11/17/24 23:00,0,,0
11/18/24,0,,0
11/18/24 1:00,0,,0
11/18/24 2:00,0,,0
11/18/24 3:00,0,,0
11/18/24 4:00,0,,0
11/18/24 5:00,0,,0
11/18/24 6:00,0,,0
11/18/24 7:00,0,,0
11/18/24 8:00,1,,1
11/18/24 9:00,1,,1
11/18/24 10:00,2,,2
11/18/24 11:00,3,,3
11/18/24 12:00,8,,5
11/18/24 13:00,7,,6
11/18/24 14:00,6,,6
11/18/24 15:00,4,,4
11/18/24 16:00,1,,1
11/18/24 17:00,0,,0
11/18/24 18:00,0,,0
11/18/24 19:00,0,,0
11/18/24 20:00,0,,0
11/18/24 21:00,0,,0
11/18/24 22:00,0,,0
11/18/24 23:00,0,,0
11/19/24,0,,0
11/19/24 1:00,0,,0
11/19/24 2:00,0,,0
11/19/24 3:00,0,,0
11/19/24 4:00,0,,0
11/19/24 5:00,0,,0
11/19/24 6:00,0,,0
11/19/24 7:00,0,,0
11/19/24 8:00,2,,1
11/19/24 9:00,5,,6
11/19/24 10:00,8,,10
11/19/24 11:00,7,,10
11/19/24 12:00,10,,11
11/19/24 13:00,6,,12
11/19/24 14:00,6,,9
11/19/24 15:00,4,,5
11/19/24 16:00,1,,1
11/19/24 17:00,0,,0
11/19/24 18:00,0,,0
11/19/24 19:00,0,,0
11/19/24 20:00,0,,0
11/19/24 21:00,0,,0
11/19/24 22:00,0,,0
11/19/24 23:00,0,,0
11/20/24,0,,0
11/20/24 1:00,0,,0
11/20/24 2:00,0,,0
11/20/24 3:00,0,,0
11/20/24 4:00,0,,0
11/20/24 5:00,0,,0
11/20/24 6:00,0,,0
11/20/24 7:00,0,,0
11/20/24 8:00,3,,3
11/20/24 9:00,6,,8
11/20/24 10:00,8,,11
11/20/24 11:00,11,,13
11/20/24 12:00,11,,11
11/20/24 13:00,7,,9
11/20/24 14:00,4,,5
11/20/24 15:00,2,,2
11/20/24 16:00,1,,1
11/20/24 17:00,0,,0
11/20/24 18:00,0,,0
11/20/24 19:00,0,,0
11/20/24 20:00,0,,0
11/20/24 21:00,0,,0
11/20/24 22:00,0,,0
11/20/24 23:00,0,,0
11/21/24,0,,0
11/21/24 1:00,0,,0
11/21/24 2:00,0,,0
11/21/24 3:00,0,,0
11/21/24 4:00,0,,0
11/21/24 5:00,0,,0
11/21/24 6:00,0,,0
11/21/24 7:00,0,,0
11/21/24 8:00,2,,2
11/21/24 9:00,5,,6
11/21/24 10:00,6,,8
11/21/24 11:00,8,,10
11/21/24 12:00,8,,10
11/21/24 13:00,6,,11
11/21/24 14:00,6,,9
11/21/24 15:00,4,,5
11/21/24 16:00,1,,1
11/21/24 17:00,0,,0
11/21/24 18:00,0,,0
11/21/24 19:00,0,,0
11/21/24 20:00,0,,0
11/21/24 21:00,0,,0
11/21/24 22:00,0,,0
11/21/24 23:00,0,,0
11/22/24,0,,0
11/22/24 1:00,0,,0
11/22/24 2:00,0,,0
11/22/24 3:00,0,,0
11/22/24 4:00,0,,0
11/22/24 5:00,0,,0
11/22/24 6:00,0,,0
11/22/24 7:00,0,,0
11/22/24 8:00,3,,3
11/22/24 9:00,6,,7
11/22/24 10:00,9,,11
11/22/24 11:00,8,,9
11/22/24 12:00,10,,11
11/22/24 13:00,6,,8
11/22/24 14:00,5,,6
11/22/24 15:00,3,,3
11/22/24 16:00,1,,1
11/22/24 17:00,0,,0
11/22/24 18:00,0,,0
11/22/24 19:00,0,,0
11/22/24 20:00,0,,0
11/22/24 21:00,0,,0
11/22/24 22:00,0,,0
11/22/24 23:00,0,,0
11/23/24,0,,0
11/23/24 1:00,0,,0
11/23/24 2:00,0,,0
11/23/24 3:00,0,,0
11/23/24 4:00,0,,0
11/23/24 5:00,0,,0
11/23/24 6:00,0,,0
11/23/24 7:00,0,,0
11/23/24 8:00,0,,0
11/23/24 9:00,1,,1
11/23/24 10:00,1,,1
11/23/24 11:00,1,,1
11/23/24 12:00,2,,2
11/23/24 13:00,2,,2
11/23/24 14:00,2,,2
11/23/24 15:00,1,,1
11/23/24 16:00,0,,0
11/23/24 17:00,0,,0
11/23/24 18:00,0,,0
11/23/24 19:00,0,,0
11/23/24 20:00,0,,0
11/23/24 21:00,0,,0
11/23/24 22:00,0,,0
11/23/24 23:00,0,,0
11/24/24,0,,0
11/24/24 1:00,0,,0
11/24/24 2:00,0,,0
11/24/24 3:00,0,,0
11/24/24 4:00,0,,0
11/24/24 5:00,0,,0
11/24/24 6:00,0,,0
11/24/24 7:00,0,,0
11/24/24 8:00,1,,1
11/24/24 9:00,2,,2
11/24/24 10:00,6,,5
11/24/24 11:00,7,,12
11/24/24 12:00,10,,9
11/24/24 13:00,7,,8
11/24/24 14:00,5,,8
11/24/24 15:00,4,,5
11/24/24 16:00,1,,1
11/24/24 17:00,0,,0
11/24/24 18:00,0,,0
11/24/24 19:00,0,,0
11/24/24 20:00,0,,0
11/24/24 21:00,0,,0
11/24/24 22:00,0,,0
11/24/24 23:00,0,,0
11/25/24,0,,0
11/25/24 1:00,0,,0
11/25/24 2:00,0,,0
11/25/24 3:00,0,,0
11/25/24 4:00,0,,0
11/25/24 5:00,0,,0
11/25/24 6:00,0,,0
11/25/24 7:00,0,,0
11/25/24 8:00,2,,3
11/25/24 9:00,5,,6
11/25/24 10:00,8,,10
11/25/24 11:00,11,,12
11/25/24 12:00,11,,13
11/25/24 13:00,7,,10
11/25/24 14:00,4,,5
11/25/24 15:00,2,,3
11/25/24 16:00,1,,1
11/25/24 17:00,0,,0
11/25/24 18:00,0,,0
11/25/24 19:00,0,,0
11/25/24 20:00,0,,0
11/25/24 21:00,0,,0
11/25/24 22:00,0,,0
11/25/24 23:00,0,,0
11/26/24,0,,0
11/26/24 1:00,0,,0
11/26/24 2:00,0,,0
11/26/24 3:00,0,,0
11/26/24 4:00,0,,0
11/26/24 5:00,0,,0
11/26/24 6:00,0,,0
11/26/24 7:00,0,,0
11/26/24 8:00,1,,1
11/26/24 9:00,2,,2
11/26/24 10:00,2,,2
11/26/24 11:00,2,,2
11/26/24 12:00,3,,2
11/26/24 13:00,2,,2
11/26/24 14:00,1,,1
11/26/24 15:00,1,,1
11/26/24 16:00,0,,0
11/26/24 17:00,0,,0
11/26/24 18:00,0,,0
11/26/24 19:00,0,,0
11/26/24 20:00,0,,0
11/26/24 21:00,0,,0
11/26/24 22:00,0,,0
11/26/24 23:00,0,,0
11/27/24,0,,0
11/27/24 1:00,0,,0
11/27/24 2:00,0,,0
11/27/24 3:00,0,,0
11/27/24 4:00,0,,0
11/27/24 5:00,0,,0
11/27/24 6:00,0,,0
11/27/24 7:00,0,,0
11/27/24 8:00,2,,1
11/27/24 9:00,3,,2
11/27/24 10:00,7,,7
11/27/24 11:00,8,,8
11/27/24 12:00,10,,9
11/27/24 13:00,7,,7
11/27/24 14:00,6,,8
11/27/24 15:00,3,,3
11/27/24 16:00,1,,1
11/27/24 17:00,0,,0
11/27/24 18:00,0,,0
11/27/24 19:00,0,,0
11/27/24 20:00,0,,0
11/27/24 21:00,0,,0
11/27/24 22:00,0,,0
11/27/24 23:00,0,,0
11/28/24,0,,0
11/28/24 1:00,0,,0
11/28/24 2:00,0,,0
11/28/24 3:00,0,,0
11/28/24 4:00,0,,0
11/28/24 5:00,0,,0
11/28/24 6:00,0,,0
11/28/24 7:00,0,,0
11/28/24 8:00,2,,3
11/28/24 9:00,5,,7
11/28/24 10:00,8,,10
11/28/24 11:00,10,,12
11/28/24 12:00,10,,13
11/28/24 13:00,7,,11
11/28/24 14:00,6,,8
11/28/24 15:00,4,,4
11/28/24 16:00,1,,1
11/28/24 17:00,0,,0
11/28/24 18:00,0,,0
11/28/24 19:00,0,,0
11/28/24 20:00,0,,0
11/28/24 21:00,0,,0
11/28/24 22:00,0,,0
11/28/24 23:00,0,,0
11/29/24,0,,0
11/29/24 1:00,0,,0
11/29/24 2:00,0,,0
11/29/24 3:00,0,,0
11/29/24 4:00,0,,0
11/29/24 5:00,0,,0
11/29/24 6:00,0,,0
11/29/24 7:00,0,,0
11/29/24 8:00,2,,3
11/29/24 9:00,5,,7
11/29/24 10:00,8,,10
11/29/24 11:00,10,,12
11/29/24 12:00,10,,13
11/29/24 13:00,6,,11
11/29/24 14:00,5,,8
11/29/24 15:00,4,,4
11/29/24 16:00,1,,1
11/29/24 17:00,0,,0
11/29/24 18:00,0,,0
11/29/24 19:00,0,,0
11/29/24 20:00,0,,0
11/29/24 21:00,0,,0
11/29/24 22:00,0,,0
11/29/24 23:00,0,,0
11/30/24,0,,0
11/30/24 1:00,0,,0
11/30/24 2:00,0,,0
11/30/24 3:00,0,,0
11/30/24 4:00,0,,0
11/30/24 5:00,0,,0
11/30/24 6:00,0,,0
11/30/24 7:00,0,,0
11/30/24 8:00,2,,3
11/30/24 9:00,5,,7
11/30/24 10:00,8,,10
11/30/24 11:00,10,,12
11/30/24 12:00,10,,13
11/30/24 13:00,7,,11
11/30/24 14:00,5,,8
11/30/24 15:00,4,,4
11/30/24 16:00,1,,1
11/30/24 17:00,0,,0
11/30/24 18:00,0,,0
11/30/24 19:00,0,,0
11/30/24 20:00,0,,0
11/30/24 21:00,0,,0
11/30/24 22:00,0,,0
11/30/24 23:00,0,,0
12/1/24,0,,0
12/1/24 1:00,0,,0
12/1/24 2:00,0,,0
12/1/24 3:00,0,,0
12/1/24 4:00,0,,0
12/1/24 5:00,0,,0
12/1/24 6:00,0,,0
12/1/24 7:00,0,,0
12/1/24 8:00,2,,2
12/1/24 9:00,5,,6
12/1/24 10:00,8,,10
12/1/24 11:00,10,,12
12/1/24 12:00,10,,12
12/1/24 13:00,6,,11
12/1/24 14:00,5,,8
12/1/24 15:00,3,,4
12/1/24 16:00,1,,1
12/1/24 17:00,0,,0
12/1/24 18:00,0,,0
12/1/24 19:00,0,,0
12/1/24 20:00,0,,0
12/1/24 21:00,0,,0
12/1/24 22:00,0,,0
12/1/24 23:00,0,,0
12/2/24,0,,0
12/2/24 1:00,0,,0
12/2/24 2:00,0,,0
12/2/24 3:00,0,,0
12/2/24 4:00,0,,0
12/2/24 5:00,0,,0
12/2/24 6:00,0,,0
12/2/24 7:00,0,,0
12/2/24 8:00,2,,2
12/2/24 9:00,5,,6
12/2/24 10:00,7,,9
12/2/24 11:00,9,,12
12/2/24 12:00,10,,12
12/2/24 13:00,6,,11
12/2/24 14:00,5,,7
12/2/24 15:00,3,,3
12/2/24 16:00,1,,1
12/2/24 17:00,0,,0
12/2/24 18:00,0,,0
12/2/24 19:00,0,,0
12/2/24 20:00,0,,0
12/2/24 21:00,0,,0
12/2/24 22:00,0,,0
12/2/24 23:00,0,,0
12/3/24,0,,0
12/3/24 1:00,0,,0
12/3/24 2:00,0,,0
12/3/24 3:00,0,,0
12/3/24 4:00,0,,0
12/3/24 5:00,0,,0
12/3/24 6:00,0,,0
12/3/24 7:00,0,,0
12/3/24 8:00,2,,2
12/3/24 9:00,4,,6
12/3/24 10:00,7,,9
12/3/24 11:00,9,,11
12/3/24 12:00,9,,12
12/3/24 13:00,6,,10
12/3/24 14:00,5,,7
12/3/24 15:00,3,,4
12/3/24 16:00,1,,1
12/3/24 17:00,0,,0
12/3/24 18:00,0,,0
12/3/24 19:00,0,,0
12/3/24 20:00,0,,0
12/3/24 21:00,0,,0
12/3/24 22:00,0,,0
12/3/24 23:00,0,,0
12/4/24,0,,0
12/4/24 1:00,0,,0
12/4/24 2:00,0,,0
12/4/24 3:00,0,,0
12/4/24 4:00,0,,0
12/4/24 5:00,0,,0
12/4/24 6:00,0,,0
12/4/24 7:00,0,,0
12/4/24 8:00,2,,2
12/4/24 9:00,4,,6
12/4/24 10:00,7,,9
12/4/24 11:00,9,,11
12/4/24 12:00,9,,11
12/4/24 13:00,6,,10
12/4/24 14:00,5,,7
12/4/24 15:00,3,,4
12/4/24 16:00,1,,1
12/4/24 17:00,0,,0
12/4/24 18:00,0,,0
12/4/24 19:00,0,,0
12/4/24 20:00,0,,0
12/4/24 21:00,0,,0
12/4/24 22:00,0,,0
12/4/24 23:00,0,,0
12/5/24,0,,0
12/5/24 1:00,0,,0
12/5/24 2:00,0,,0
12/5/24 3:00,0,,0
12/5/24 4:00,0,,0
12/5/24 5:00,0,,0
12/5/24 6:00,0,,0
12/5/24 7:00,0,,0
12/5/24 8:00,2,,2
12/5/24 9:00,4,,5
12/5/24 10:00,7,,9
12/5/24 11:00,9,,11
12/5/24 12:00,9,,11
12/5/24 13:00,6,,10
12/5/24 14:00,5,,7
12/5/24 15:00,3,,4
12/5/24 16:00,1,,1
12/5/24 17:00,0,,0
12/5/24 18:00,0,,0
12/5/24 19:00,0,,0
12/5/24 20:00,0,,0
12/5/24 21:00,0,,0
12/5/24 22:00,0,,0
12/5/24 23:00,0,,0
12/6/24,0,,0
12/6/24 1:00,0,,0
12/6/24 2:00,0,,0
12/6/24 3:00,0,,0
12/6/24 4:00,0,,0
12/6/24 5:00,0,,0
12/6/24 6:00,0,,0
12/6/24 7:00,0,,0
12/6/24 8:00,2,,2
12/6/24 9:00,4,,6
12/6/24 10:00,7,,9
12/6/24 11:00,8,,11
12/6/24 12:00,9,,11
12/6/24 13:00,6,,10
12/6/24 14:00,5,,7
12/6/24 15:00,3,,4
12/6/24 16:00,1,,1
12/6/24 17:00,0,,0
12/6/24 18:00,0,,0
12/6/24 19:00,0,,0
12/6/24 20:00,0,,0
12/6/24 21:00,0,,0
12/6/24 22:00,0,,0
12/6/24 23:00,0,,0
12/7/24,0,,0
12/7/24 1:00,0,,0
12/7/24 2:00,0,,0
12/7/24 3:00,0,,0
12/7/24 4:00,0,,0
12/7/24 5:00,0,,0
12/7/24 6:00,0,,0
12/7/24 7:00,0,,0
12/7/24 8:00,1,,2
12/7/24 9:00,4,,6
12/7/24 10:00,7,,9
12/7/24 11:00,9,,11
12/7/24 12:00,9,,12
12/7/24 13:00,6,,11
12/7/24 14:00,5,,8
12/7/24 15:00,3,,4
12/7/24 16:00,1,,1
12/7/24 17:00,0,,0
12/7/24 18:00,0,,0
12/7/24 19:00,0,,0
12/7/24 20:00,0,,0
12/7/24 21:00,0,,0
12/7/24 22:00,0,,0
12/7/24 23:00,0,,0
12/8/24,0,,0
12/8/24 1:00,0,,0
12/8/24 2:00,0,,0
12/8/24 3:00,0,,0
12/8/24 4:00,0,,0
12/8/24 5:00,0,,0
12/8/24 6:00,0,,0
12/8/24 7:00,0,,0
12/8/24 8:00,1,,2
12/8/24 9:00,3,,6
12/8/24 10:00,7,,9
12/8/24 11:00,9,,11
12/8/24 12:00,9,,12
12/8/24 13:00,6,,10
12/8/24 14:00,4,,4
12/8/24 15:00,2,,2
12/8/24 16:00,1,,1
12/8/24 17:00,0,,0
12/8/24 18:00,0,,0
12/8/24 19:00,0,,0
12/8/24 20:00,0,,0
12/8/24 21:00,0,,0
12/8/24 22:00,0,,0
12/8/24 23:00,0,,0
12/9/24,0,,0
12/9/24 1:00,0,,0
12/9/24 2:00,0,,0
12/9/24 3:00,0,,0
12/9/24 4:00,0,,0
12/9/24 5:00,0,,0
12/9/24 6:00,0,,0
12/9/24 7:00,0,,0
12/9/24 8:00,1,,1
12/9/24 9:00,4,,5
12/9/24 10:00,7,,9
12/9/24 11:00,7,,10
12/9/24 12:00,9,,12
12/9/24 13:00,6,,11
12/9/24 14:00,5,,7
12/9/24 15:00,3,,4
12/9/24 16:00,1,,1
12/9/24 17:00,0,,0
12/9/24 18:00,0,,0
12/9/24 19:00,0,,0
12/9/24 20:00,0,,0
12/9/24 21:00,0,,0
12/9/24 22:00,0,,0
12/9/24 23:00,0,,0
12/10/24,0,,0
12/10/24 1:00,0,,0
12/10/24 2:00,0,,0
12/10/24 3:00,0,,0
12/10/24 4:00,0,,0
12/10/24 5:00,0,,0
12/10/24 6:00,0,,0
12/10/24 7:00,0,,0
12/10/24 8:00,2,,2
12/10/24 9:00,4,,6
12/10/24 10:00,7,,9
12/10/24 11:00,9,,11
12/10/24 12:00,9,,11
12/10/24 13:00,6,,10
12/10/24 14:00,5,,8
12/10/24 15:00,3,,4
12/10/24 16:00,1,,1
12/10/24 17:00,0,,0
12/10/24 18:00,0,,0
12/10/24 19:00,0,,0
12/10/24 20:00,0,,0
12/10/24 21:00,0,,0
12/10/24 22:00,0,,0
12/10/24 23:00,0,,0
12/11/24,0,,0
12/11/24 1:00,0,,0
12/11/24 2:00,0,,0
12/11/24 3:00,0,,0
12/11/24 4:00,0,,0
12/11/24 5:00,0,,0
12/11/24 6:00,0,,0
12/11/24 7:00,0,,0
12/11/24 8:00,1,,2
12/11/24 9:00,4,,5
12/11/24 10:00,6,,8
12/11/24 11:00,8,,11
12/11/24 12:00,8,,11
12/11/24 13:00,6,,8
12/11/24 14:00,4,,6
12/11/24 15:00,3,,4
12/11/24 16:00,1,,1
12/11/24 17:00,0,,0
12/11/24 18:00,0,,0
12/11/24 19:00,0,,0
12/11/24 20:00,0,,0
12/11/24 21:00,0,,0
12/11/24 22:00,0,,0
12/11/24 23:00,0,,0
12/12/24,0,,0
12/12/24 1:00,0,,0
12/12/24 2:00,0,,0
12/12/24 3:00,0,,0
12/12/24 4:00,0,,0
12/12/24 5:00,0,,0
12/12/24 6:00,0,,0
12/12/24 7:00,0,,0
12/12/24 8:00,1,,1
12/12/24 9:00,4,,6
12/12/24 10:00,7,,9
12/12/24 11:00,6,,8
12/12/24 12:00,9,,12
12/12/24 13:00,6,,9
12/12/24 14:00,4,,6
12/12/24 15:00,2,,3
12/12/24 16:00,1,,1
12/12/24 17:00,0,,0
12/12/24 18:00,0,,0
12/12/24 19:00,0,,0
12/12/24 20:00,0,,0
12/12/24 21:00,0,,0
12/12/24 22:00,0,,0
12/12/24 23:00,0,,0
12/13/24,0,,0
12/13/24 1:00,0,,0
12/13/24 2:00,0,,0
12/13/24 3:00,0,,0
12/13/24 4:00,0,,0
12/13/24 5:00,0,,0
12/13/24 6:00,0,,0
12/13/24 7:00,0,,0
12/13/24 8:00,0,,0
12/13/24 9:00,1,,0
12/13/24 10:00,1,,1
12/13/24 11:00,3,,1
12/13/24 12:00,7,,3
12/13/24 13:00,7,,10
12/13/24 14:00,5,,8
12/13/24 15:00,4,,5
12/13/24 16:00,1,,1
12/13/24 17:00,0,,0
12/13/24 18:00,0,,0
12/13/24 19:00,0,,0
12/13/24 20:00,0,,0
12/13/24 21:00,0,,0
12/13/24 22:00,0,,0
12/13/24 23:00,0,,0
12/14/24,0,,0
12/14/24 1:00,0,,0
12/14/24 2:00,0,,0
12/14/24 3:00,0,,0
12/14/24 4:00,0,,0
12/14/24 5:00,0,,0
12/14/24 6:00,0,,0
12/14/24 7:00,0,,0
12/14/24 8:00,1,,1
12/14/24 9:00,1,,1
12/14/24 10:00,1,,2
12/14/24 11:00,2,,3
12/14/24 12:00,1,,2
12/14/24 13:00,2,,2
12/14/24 14:00,5,,7
12/14/24 15:00,3,,4
12/14/24 16:00,1,,1
12/14/24 17:00,0,,0
12/14/24 18:00,0,,0
12/14/24 19:00,0,,0
12/14/24 20:00,0,,0
12/14/24 21:00,0,,0
12/14/24 22:00,0,,0
12/14/24 23:00,0,,0
12/15/24,0,,0
12/15/24 1:00,0,,0
12/15/24 2:00,0,,0
12/15/24 3:00,0,,0
12/15/24 4:00,0,,0
12/15/24 5:00,0,,0
12/15/24 6:00,0,,0
12/15/24 7:00,0,,0
12/15/24 8:00,1,,1
12/15/24 9:00,3,,3
12/15/24 10:00,7,,8
12/15/24 11:00,6,,9
12/15/24 12:00,10,,9
12/15/24 13:00,7,,11
12/15/24 14:00,5,,6
12/15/24 15:00,4,,4
12/15/24 16:00,1,,1
12/15/24 17:00,0,,0
12/15/24 18:00,0,,0
12/15/24 19:00,0,,0
12/15/24 20:00,0,,0
12/15/24 21:00,0,,0
12/15/24 22:00,0,,0
12/15/24 23:00,0,,0
12/16/24,0,,0
12/16/24 1:00,0,,0
12/16/24 2:00,0,,0
12/16/24 3:00,0,,0
12/16/24 4:00,0,,0
12/16/24 5:00,0,,0
12/16/24 6:00,0,,0
12/16/24 7:00,0,,0
12/16/24 8:00,1,,2
12/16/24 9:00,3,,4
12/16/24 10:00,4,,5
12/16/24 11:00,4,,5
12/16/24 12:00,4,,4
12/16/24 13:00,4,,5
12/16/24 14:00,2,,3
12/16/24 15:00,2,,2
12/16/24 16:00,0,,0
12/16/24 17:00,0,,0
12/16/24 18:00,0,,0
12/16/24 19:00,0,,0
12/16/24 20:00,0,,0
12/16/24 21:00,0,,0
12/16/24 22:00,0,,0
12/16/24 23:00,0,,0
12/17/24,0,,0
12/17/24 1:00,0,,0
12/17/24 2:00,0,,0
12/17/24 3:00,0,,0
12/17/24 4:00,0,,0
12/17/24 5:00,0,,0
12/17/24 6:00,0,,0
12/17/24 7:00,0,,0
12/17/24 8:00,1,,1
12/17/24 9:00,2,,3
12/17/24 10:00,6,,7
12/17/24 11:00,9,,12
12/17/24 12:00,9,,11
12/17/24 13:00,7,,11
12/17/24 14:00,5,,8
12/17/24 15:00,3,,4
12/17/24 16:00,1,,1
12/17/24 17:00,0,,0
12/17/24 18:00,0,,0
12/17/24 19:00,0,,0
12/17/24 20:00,0,,0
12/17/24 21:00,0,,0
12/17/24 22:00,0,,0
12/17/24 23:00,0,,0
12/18/24,0,,0
12/18/24 1:00,0,,0
12/18/24 2:00,0,,0
12/18/24 3:00,0,,0
12/18/24 4:00,0,,0
12/18/24 5:00,0,,0
12/18/24 6:00,0,,0
12/18/24 7:00,0,,0
12/18/24 8:00,1,,1
12/18/24 9:00,4,,5
12/18/24 10:00,7,,9
12/18/24 11:00,9,,11
12/18/24 12:00,9,,11
12/18/24 13:00,7,,10
12/18/24 14:00,4,,6
12/18/24 15:00,3,,4
12/18/24 16:00,1,,1
12/18/24 17:00,0,,0
12/18/24 18:00,0,,0
12/18/24 19:00,0,,0
12/18/24 20:00,0,,0
12/18/24 21:00,0,,0
12/18/24 22:00,0,,0
12/18/24 23:00,0,,0
12/19/24,0,,0
12/19/24 1:00,0,,0
12/19/24 2:00,0,,0
12/19/24 3:00,0,,0
12/19/24 4:00,0,,0
12/19/24 5:00,0,,0
12/19/24 6:00,0,,0
12/19/24 7:00,0,,0
12/19/24 8:00,1,,1
12/19/24 9:00,4,,5
12/19/24 10:00,6,,8
12/19/24 11:00,8,,11
12/19/24 12:00,9,,11
12/19/24 13:00,6,,10
12/19/24 14:00,4,,7
12/19/24 15:00,3,,4
12/19/24 16:00,1,,1
12/19/24 17:00,0,,0
12/19/24 18:00,0,,0
12/19/24 19:00,0,,0
12/19/24 20:00,0,,0
12/19/24 21:00,0,,0
12/19/24 22:00,0,,0
12/19/24 23:00,0,,0
12/20/24,0,,0
12/20/24 1:00,0,,0
12/20/24 2:00,0,,0
12/20/24 3:00,0,,0
12/20/24 4:00,0,,0
12/20/24 5:00,0,,0
12/20/24 6:00,0,,0
12/20/24 7:00,0,,0
12/20/24 8:00,1,,2
12/20/24 9:00,4,,5
12/20/24 10:00,7,,9
12/20/24 11:00,8,,11
12/20/24 12:00,8,,11
12/20/24 13:00,6,,10
12/20/24 14:00,5,,8
12/20/24 15:00,3,,4
12/20/24 16:00,1,,1
12/20/24 17:00,0,,0
12/20/24 18:00,0,,0
12/20/24 19:00,0,,0
12/20/24 20:00,0,,0
12/20/24 21:00,0,,0
12/20/24 22:00,0,,0
12/20/24 23:00,0,,0
12/21/24,0,,0
12/21/24 1:00,0,,0
12/21/24 2:00,0,,0
12/21/24 3:00,0,,0
12/21/24 4:00,0,,0
12/21/24 5:00,0,,0
12/21/24 6:00,0,,0
12/21/24 7:00,0,,0
12/21/24 8:00,1,,2
12/21/24 9:00,4,,5
12/21/24 10:00,6,,9
12/21/24 11:00,7,,9
12/21/24 12:00,5,,7
12/21/24 13:00,5,,7
12/21/24 14:00,4,,7
12/21/24 15:00,3,,4
12/21/24 16:00,1,,1
12/21/24 17:00,0,,0
12/21/24 18:00,0,,0
12/21/24 19:00,0,,0
12/21/24 20:00,0,,0
12/21/24 21:00,0,,0
12/21/24 22:00,0,,0
12/21/24 23:00,0,,0
12/22/24,0,,0
12/22/24 1:00,0,,0
12/22/24 2:00,0,,0
12/22/24 3:00,0,,0
12/22/24 4:00,0,,0
12/22/24 5:00,0,,0
12/22/24 6:00,0,,0
12/22/24 7:00,0,,0
12/22/24 8:00,1,,1
12/22/24 9:00,2,,3
12/22/24 10:00,4,,5
12/22/24 11:00,7,,9
12/22/24 12:00,8,,11
12/22/24 13:00,5,,7
12/22/24 14:00,4,,6
12/22/24 15:00,2,,3
12/22/24 16:00,0,,1
12/22/24 17:00,0,,0
12/22/24 18:00,0,,0
12/22/24 19:00,0,,0
12/22/24 20:00,0,,0
12/22/24 21:00,0,,0
12/22/24 22:00,0,,0
12/22/24 23:00,0,,0
12/23/24,0,,0
12/23/24 1:00,0,,0
12/23/24 2:00,0,,0
12/23/24 3:00,0,,0
12/23/24 4:00,0,,0
12/23/24 5:00,0,,0
12/23/24 6:00,0,,0
12/23/24 7:00,0,,0
12/23/24 8:00,1,,1
12/23/24 9:00,1,,1
12/23/24 10:00,2,,2
12/23/24 11:00,3,,3
12/23/24 12:00,5,,6
12/23/24 13:00,5,,5
12/23/24 14:00,3,,3
12/23/24 15:00,3,,3
12/23/24 16:00,1,,1
12/23/24 17:00,0,,0
12/23/24 18:00,0,,0
12/23/24 19:00,0,,0
12/23/24 20:00,0,,0
12/23/24 21:00,0,,0
12/23/24 22:00,0,,0
12/23/24 23:00,0,,0
12/24/24,0,,0
12/24/24 1:00,0,,0
12/24/24 2:00,0,,0
12/24/24 3:00,0,,0
12/24/24 4:00,0,,0
12/24/24 5:00,0,,0
12/24/24 6:00,0,,0
12/24/24 7:00,0,,0
12/24/24 8:00,1,,1
12/24/24 9:00,4,,4
12/24/24 10:00,5,,6
12/24/24 11:00,5,,6
12/24/24 12:00,5,,6
12/24/24 13:00,4,,5
12/24/24 14:00,3,,3
12/24/24 15:00,1,,2
12/24/24 16:00,0,,0
12/24/24 17:00,0,,0
12/24/24 18:00,0,,0
12/24/24 19:00,0,,0
12/24/24 20:00,0,,0
12/24/24 21:00,0,,0
12/24/24 22:00,0,,0
12/24/24 23:00,0,,0
12/25/24,0,,0
12/25/24 1:00,0,,0
12/25/24 2:00,0,,0
12/25/24 3:00,0,,0
12/25/24 4:00,0,,0
12/25/24 5:00,0,,0
12/25/24 6:00,0,,0
12/25/24 7:00,0,,0
12/25/24 8:00,0,,0
12/25/24 9:00,1,,1
12/25/24 10:00,1,,1
12/25/24 11:00,1,,1
12/25/24 12:00,3,,2
12/25/24 13:00,4,,4
12/25/24 14:00,3,,3
12/25/24 15:00,1,,2
12/25/24 16:00,0,,0
12/25/24 17:00,0,,0
12/25/24 18:00,0,,0
12/25/24 19:00,0,,0
12/25/24 20:00,0,,0
12/25/24 21:00,0,,0
12/25/24 22:00,0,,0
12/25/24 23:00,0,,0
12/26/24,0,,0
12/26/24 1:00,0,,0
12/26/24 2:00,0,,0
12/26/24 3:00,0,,0
12/26/24 4:00,0,,0
12/26/24 5:00,0,,0
12/26/24 6:00,0,,0
12/26/24 7:00,0,,0
12/26/24 8:00,0,,0
12/26/24 9:00,1,,1
12/26/24 10:00,3,,1
12/26/24 11:00,5,,6
12/26/24 12:00,7,,10
12/26/24 13:00,2,,2
12/26/24 14:00,2,,3
12/26/24 15:00,0,,1
12/26/24 16:00,0,,0
12/26/24 17:00,0,,0
12/26/24 18:00,0,,0
12/26/24 19:00,0,,0
12/26/24 20:00,0,,0
12/26/24 21:00,0,,0
12/26/24 22:00,0,,0
12/26/24 23:00,0,,0
12/27/24,0,,0
12/27/24 1:00,0,,0
12/27/24 2:00,0,,0
12/27/24 3:00,0,,0
12/27/24 4:00,0,,0
12/27/24 5:00,0,,0
12/27/24 6:00,0,,0
12/27/24 7:00,0,,0
12/27/24 8:00,0,,0
12/27/24 9:00,1,,1
12/27/24 10:00,2,,2
12/27/24 11:00,2,,1
12/27/24 12:00,2,,1
12/27/24 13:00,2,,1
12/27/24 14:00,1,,1
12/27/24 15:00,0,,0
12/27/24 16:00,0,,0
12/27/24 17:00,0,,0
12/27/24 18:00,0,,0
12/27/24 19:00,0,,0
12/27/24 20:00,0,,0
12/27/24 21:00,0,,0
12/27/24 22:00,0,,0
12/27/24 23:00,0,,0
12/28/24,0,,0
12/28/24 1:00,0,,0
12/28/24 2:00,0,,0
12/28/24 3:00,0,,0
12/28/24 4:00,0,,0
12/28/24 5:00,0,,0
12/28/24 6:00,0,,0
12/28/24 7:00,0,,0
12/28/24 8:00,0,,0
12/28/24 9:00,1,,1
12/28/24 10:00,3,,2
12/28/24 11:00,3,,3
12/28/24 12:00,2,,2
12/28/24 13:00,2,,2
12/28/24 14:00,1,,2
12/28/24 15:00,1,,0
12/28/24 16:00,0,,0
12/28/24 17:00,0,,0
12/28/24 18:00,0,,0
12/28/24 19:00,0,,0
12/28/24 20:00,0,,0
12/28/24 21:00,0,,0
12/28/24 22:00,0,,0
12/28/24 23:00,0,,0
12/29/24,0,,0
12/29/24 1:00,0,,0
12/29/24 2:00,0,,0
12/29/24 3:00,0,,0
12/29/24 4:00,0,,0
12/29/24 5:00,0,,0
12/29/24 6:00,0,,0
12/29/24 7:00,0,,0
12/29/24 8:00,1,,1
12/29/24 9:00,2,,3
12/29/24 10:00,4,,4
12/29/24 11:00,4,,4
12/29/24 12:00,4,,4
12/29/24 13:00,4,,4
12/29/24 14:00,2,,2
12/29/24 15:00,1,,1
12/29/24 16:00,0,,0
12/29/24 17:00,0,,0
12/29/24 18:00,0,,0
12/29/24 19:00,0,,0
12/29/24 20:00,0,,0
12/29/24 21:00,0,,0
12/29/24 22:00,0,,0
12/29/24 23:00,0,,0
12/30/24,0,,0
12/30/24 1:00,0,,0
12/30/24 2:00,0,,0
12/30/24 3:00,0,,0
12/30/24 4:00,0,,0
12/30/24 5:00,0,,0
12/30/24 6:00,0,,0
12/30/24 7:00,0,,0
12/30/24 8:00,0,,1
12/30/24 9:00,1,,1
12/30/24 10:00,5,,4
12/30/24 11:00,6,,6
12/30/24 12:00,5,,7
12/30/24 13:00,6,,6
12/30/24 14:00,4,,7
12/30/24 15:00,4,,4
12/30/24 16:00,1,,1
12/30/24 17:00,0,,0
12/30/24 18:00,0,,0
12/30/24 19:00,0,,0
12/30/24 20:00,0,,0
12/30/24 21:00,0,,0
12/30/24 22:00,0,,0
12/30/24 23:00,0,,0
12/31/24,0,,0
12/31/24 1:00,0,,0
12/31/24 2:00,0,,0
12/31/24 3:00,0,,0
12/31/24 4:00,0,,0
12/31/24 5:00,0,,0
12/31/24 6:00,0,,0
12/31/24 7:00,0,,0
12/31/24 8:00,1,,2
12/31/24 9:00,4,,5
12/31/24 10:00,7,,9
12/31/24 11:00,9,,11
12/31/24 12:00,9,,12
12/31/24 13:00,7,,12
12/31/24 14:00,5,,9
12/31/24 15:00,4,,5
12/31/24 16:00,1,,1
12/31/24 17:00,0,,0
12/31/24 18:00,0,,0
12/31/24 19:00,0,,0
12/31/24 20:00,0,,0
12/31/24 21:00,0,,0
12/31/24 22:00,0,,0
12/31/24 23:00,0,,0
1/1/25,0,,0
1/1/25 1:00,0,,0
1/1/25 2:00,0,,0
1/1/25 3:00,0,,0
1/1/25 4:00,0,,0
1/1/25 5:00,0,,0
1/1/25 6:00,0,,0
1/1/25 7:00,0,,0
1/1/25 8:00,1,,1
1/1/25 9:00,2,,2
1/1/25 10:00,4,,4
1/1/25 11:00,5,,6
1/1/25 12:00,5,,4
1/1/25 13:00,5,,5
1/1/25 14:00,3,,4
1/1/25 15:00,1,,2
1/1/25 16:00,0,,0
1/1/25 17:00,0,,0
1/1/25 18:00,0,,0
1/1/25 19:00,0,,0
1/1/25 20:00,0,,0
1/1/25 21:00,0,,0
1/1/25 22:00,0,,0
1/1/25 23:00,0,,0
1/2/25,0,,0
1/2/25 1:00,0,,0
1/2/25 2:00,0,,0
1/2/25 3:00,0,,0
1/2/25 4:00,0,,0
1/2/25 5:00,0,,0
1/2/25 6:00,0,,0
1/2/25 7:00,0,,0
1/2/25 8:00,1,,0
1/2/25 9:00,2,,1
1/2/25 10:00,3,,3
1/2/25 11:00,7,,6
1/2/25 12:00,8,,7
1/2/25 13:00,6,,10
1/2/25 14:00,5,,9
1/2/25 15:00,4,,5
1/2/25 16:00,1,,2
1/2/25 17:00,0,,0
1/2/25 18:00,0,,0
1/2/25 19:00,0,,0
1/2/25 20:00,0,,0
1/2/25 21:00,0,,0
1/2/25 22:00,0,,0
1/2/25 23:00,0,,0
1/3/25,0,,0
1/3/25 1:00,0,,0
1/3/25 2:00,0,,0
1/3/25 3:00,0,,0
1/3/25 4:00,0,,0
1/3/25 5:00,0,,0
1/3/25 6:00,0,,0
1/3/25 7:00,0,,0
1/3/25 8:00,1,,1
1/3/25 9:00,3,,4
1/3/25 10:00,7,,8
1/3/25 11:00,5,,7
1/3/25 12:00,4,,5
1/3/25 13:00,5,,6
1/3/25 14:00,3,,3
1/3/25 15:00,2,,2
1/3/25 16:00,1,,1
1/3/25 17:00,0,,0
1/3/25 18:00,0,,0
1/3/25 19:00,0,,0
1/3/25 20:00,0,,0
1/3/25 21:00,0,,0
1/3/25 22:00,0,,0
1/3/25 23:00,0,,0
1/4/25,0,,0
1/4/25 1:00,0,,0
1/4/25 2:00,0,,0
1/4/25 3:00,0,,0
1/4/25 4:00,0,,0
1/4/25 5:00,0,,0
1/4/25 6:00,0,,0
1/4/25 7:00,0,,0
1/4/25 8:00,0,,0
1/4/25 9:00,0,,1
1/4/25 10:00,1,,1
1/4/25 11:00,2,,2
1/4/25 12:00,2,,2
1/4/25 13:00,2,,2
1/4/25 14:00,2,,2
1/4/25 15:00,3,,1
1/4/25 16:00,1,,0
1/4/25 17:00,0,,0
1/4/25 18:00,0,,0
1/4/25 19:00,0,,0
1/4/25 20:00,0,,0
1/4/25 21:00,0,,0
1/4/25 22:00,0,,0
1/4/25 23:00,0,,0
1/5/25,0,,0
1/5/25 1:00,0,,0
1/5/25 2:00,0,,0
1/5/25 3:00,0,,0
1/5/25 4:00,0,,0
1/5/25 5:00,0,,0
1/5/25 6:00,0,,0
1/5/25 7:00,0,,0
1/5/25 8:00,1,,1
1/5/25 9:00,3,,4
1/5/25 10:00,5,,7
1/5/25 11:00,7,,8
1/5/25 12:00,7,,9
1/5/25 13:00,6,,7
1/5/25 14:00,5,,6
1/5/25 15:00,3,,4
1/5/25 16:00,1,,1
1/5/25 17:00,0,,0
1/5/25 18:00,0,,0
1/5/25 19:00,0,,0
1/5/25 20:00,0,,0
1/5/25 21:00,0,,0
1/5/25 22:00,0,,0
1/5/25 23:00,0,,0
1/6/25,0,,0
1/6/25 1:00,0,,0
1/6/25 2:00,0,,0
1/6/25 3:00,0,,0
1/6/25 4:00,0,,0
1/6/25 5:00,0,,0
1/6/25 6:00,0,,0
1/6/25 7:00,0,,0
1/6/25 8:00,1,,1
1/6/25 9:00,2,,3
1/6/25 10:00,3,,4
1/6/25 11:00,4,,5
1/6/25 12:00,5,,6
1/6/25 13:00,5,,6
1/6/25 14:00,5,,4
1/6/25 15:00,3,,3
1/6/25 16:00,1,,1
1/6/25 17:00,0,,0
1/6/25 18:00,0,,0
1/6/25 19:00,0,,0
1/6/25 20:00,0,,0
1/6/25 21:00,0,,0
1/6/25 22:00,0,,0
1/6/25 23:00,0,,0
1/7/25,0,,0
1/7/25 1:00,0,,0
1/7/25 2:00,0,,0
1/7/25 3:00,0,,0
1/7/25 4:00,0,,0
1/7/25 5:00,0,,0
1/7/25 6:00,0,,0
1/7/25 7:00,0,,0
1/7/25 8:00,1,,2
1/7/25 9:00,4,,5
1/7/25 10:00,6,,10
1/7/25 11:00,9,,13
1/7/25 12:00,10,,13
1/7/25 13:00,8,,13
1/7/25 14:00,5,,10
1/7/25 15:00,5,,6
1/7/25 16:00,2,,2
1/7/25 17:00,0,,0
1/7/25 18:00,0,,0
1/7/25 19:00,0,,0
1/7/25 20:00,0,,0
1/7/25 21:00,0,,0
1/7/25 22:00,0,,0
1/7/25 23:00,0,,0
1/8/25,0,,0
1/8/25 1:00,0,,0
1/8/25 2:00,0,,0
1/8/25 3:00,0,,0
1/8/25 4:00,0,,0
1/8/25 5:00,0,,0
1/8/25 6:00,0,,0
1/8/25 7:00,0,,0
1/8/25 8:00,1,,1
1/8/25 9:00,3,,4
1/8/25 10:00,6,,8
1/8/25 11:00,9,,11
1/8/25 12:00,10,,13
1/8/25 13:00,8,,11
1/8/25 14:00,5,,8
1/8/25 15:00,4,,5
1/8/25 16:00,2,,2
1/8/25 17:00,0,,0
1/8/25 18:00,0,,0
1/8/25 19:00,0,,0
1/8/25 20:00,0,,0
1/8/25 21:00,0,,0
1/8/25 22:00,0,,0
1/8/25 23:00,0,,0
1/9/25,0,,0
1/9/25 1:00,0,,0
1/9/25 2:00,0,,0
1/9/25 3:00,0,,0
1/9/25 4:00,0,,0
1/9/25 5:00,0,,0
1/9/25 6:00,0,,0
1/9/25 7:00,0,,0
1/9/25 8:00,1,,2
1/9/25 9:00,4,,6
1/9/25 10:00,7,,10
1/9/25 11:00,9,,12
1/9/25 12:00,10,,13
1/9/25 13:00,8,,12
1/9/25 14:00,5,,10
1/9/25 15:00,5,,6
1/9/25 16:00,2,,2
1/9/25 17:00,0,,0
1/9/25 18:00,0,,0
1/9/25 19:00,0,,0
1/9/25 20:00,0,,0
1/9/25 21:00,0,,0
1/9/25 22:00,0,,0
1/9/25 23:00,0,,0
1/10/25,0,,0
1/10/25 1:00,0,,0
1/10/25 2:00,0,,0
1/10/25 3:00,0,,0
1/10/25 4:00,0,,0
1/10/25 5:00,0,,0
1/10/25 6:00,0,,0
1/10/25 7:00,0,,0
1/10/25 8:00,1,,2
1/10/25 9:00,5,,6
1/10/25 10:00,7,,10
1/10/25 11:00,9,,12
1/10/25 12:00,10,,13
1/10/25 13:00,8,,12
1/10/25 14:00,6,,9
1/10/25 15:00,4,,5
1/10/25 16:00,1,,1
1/10/25 17:00,0,,0
1/10/25 18:00,0,,0
1/10/25 19:00,0,,0
1/10/25 20:00,0,,0
1/10/25 21:00,0,,0
1/10/25 22:00,0,,0
1/10/25 23:00,0,,0
1/11/25,0,,0
1/11/25 1:00,0,,0
1/11/25 2:00,0,,0
1/11/25 3:00,0,,0
1/11/25 4:00,0,,0
1/11/25 5:00,0,,0
1/11/25 6:00,0,,0
1/11/25 7:00,0,,0
1/11/25 8:00,1,,1
1/11/25 9:00,3,,3
1/11/25 10:00,2,,5
1/11/25 11:00,4,,7
1/11/25 12:00,4,,7
1/11/25 13:00,4,,7
1/11/25 14:00,3,,4
1/11/25 15:00,2,,2
1/11/25 16:00,1,,1
1/11/25 17:00,0,,0
1/11/25 18:00,0,,0
1/11/25 19:00,0,,0
1/11/25 20:00,0,,0
1/11/25 21:00,0,,0
1/11/25 22:00,0,,0
1/11/25 23:00,0,,0
1/12/25,0,,0
1/12/25 1:00,0,,0
1/12/25 2:00,0,,0
1/12/25 3:00,0,,0
1/12/25 4:00,0,,0
1/12/25 5:00,0,,0
1/12/25 6:00,0,,0
1/12/25 7:00,0,,0
1/12/25 8:00,1,,1
1/12/25 9:00,4,,5
1/12/25 10:00,7,,10
1/12/25 11:00,10,,9
1/12/25 12:00,7,,6
1/12/25 13:00,7,,9
1/12/25 14:00,5,,8
1/12/25 15:00,2,,4
1/12/25 16:00,1,,2
1/12/25 17:00,0,,0
1/12/25 18:00,0,,0
1/12/25 19:00,0,,0
1/12/25 20:00,0,,0
1/12/25 21:00,0,,0
1/12/25 22:00,0,,0
1/12/25 23:00,0,,0
1/13/25,0,,0
1/13/25 1:00,0,,0
1/13/25 2:00,0,,0
1/13/25 3:00,0,,0
1/13/25 4:00,0,,0
1/13/25 5:00,0,,0
1/13/25 6:00,0,,0
1/13/25 7:00,0,,0
1/13/25 8:00,1,,2
1/13/25 9:00,4,,5
1/13/25 10:00,6,,6
1/13/25 11:00,5,,6
1/13/25 12:00,7,,8
1/13/25 13:00,5,,6
1/13/25 14:00,5,,5
1/13/25 15:00,2,,2
1/13/25 16:00,1,,1
1/13/25 17:00,0,,0
1/13/25 18:00,0,,0
1/13/25 19:00,0,,0
1/13/25 20:00,0,,0
1/13/25 21:00,0,,0
1/13/25 22:00,0,,0
1/13/25 23:00,0,,0
1/14/25,0,,0
1/14/25 1:00,0,,0
1/14/25 2:00,0,,0
1/14/25 3:00,0,,0
1/14/25 4:00,0,,0
1/14/25 5:00,0,,0
1/14/25 6:00,0,,0
1/14/25 7:00,0,,0
1/14/25 8:00,0,,1
1/14/25 9:00,2,,3
1/14/25 10:00,6,,8
1/14/25 11:00,10,,14
1/14/25 12:00,9,,11
1/14/25 13:00,7,,11
1/14/25 14:00,6,,10
1/14/25 15:00,5,,6
1/14/25 16:00,2,,2
1/14/25 17:00,0,,0
1/14/25 18:00,0,,0
1/14/25 19:00,0,,0
1/14/25 20:00,0,,0
1/14/25 21:00,0,,0
1/14/25 22:00,0,,0
1/14/25 23:00,0,,0
1/15/25,0,,0
1/15/25 1:00,0,,0
1/15/25 2:00,0,,0
1/15/25 3:00,0,,0
1/15/25 4:00,0,,0
1/15/25 5:00,0,,0
1/15/25 6:00,0,,0
1/15/25 7:00,0,,0
1/15/25 8:00,1,,2
1/15/25 9:00,4,,5
1/15/25 10:00,7,,10
1/15/25 11:00,9,,12
1/15/25 12:00,10,,13
1/15/25 13:00,8,,13
1/15/25 14:00,6,,10
1/15/25 15:00,5,,6
1/15/25 16:00,2,,2
1/15/25 17:00,0,,0
1/15/25 18:00,0,,0
1/15/25 19:00,0,,0
1/15/25 20:00,0,,0
1/15/25 21:00,0,,0
1/15/25 22:00,0,,0
1/15/25 23:00,0,,0
1/16/25,0,,0
1/16/25 1:00,0,,0
1/16/25 2:00,0,,0
1/16/25 3:00,0,,0
1/16/25 4:00,0,,0
1/16/25 5:00,0,,0
1/16/25 6:00,0,,0
1/16/25 7:00,0,,0
1/16/25 8:00,1,,2
1/16/25 9:00,4,,6
1/16/25 10:00,7,,10
1/16/25 11:00,9,,12
1/16/25 12:00,10,,14
1/16/25 13:00,8,,13
1/16/25 14:00,5,,10
1/16/25 15:00,5,,6
1/16/25 16:00,2,,2
1/16/25 17:00,0,,0
1/16/25 18:00,0,,0
1/16/25 19:00,0,,0
1/16/25 20:00,0,,0
1/16/25 21:00,0,,0
1/16/25 22:00,0,,0
1/16/25 23:00,0,,0
1/17/25,0,,0
1/17/25 1:00,0,,0
1/17/25 2:00,0,,0
1/17/25 3:00,0,,0
1/17/25 4:00,0,,0
1/17/25 5:00,0,,0
1/17/25 6:00,0,,0
1/17/25 7:00,0,,0
1/17/25 8:00,1,,1
1/17/25 9:00,4,,5
1/17/25 10:00,4,,5
1/17/25 11:00,3,,3
1/17/25 12:00,3,,3
1/17/25 13:00,3,,4
1/17/25 14:00,2,,3
1/17/25 15:00,1,,2
1/17/25 16:00,1,,1
1/17/25 17:00,0,,0
1/17/25 18:00,0,,0
1/17/25 19:00,0,,0
1/17/25 20:00,0,,0
1/17/25 21:00,0,,0
1/17/25 22:00,0,,0
1/17/25 23:00,0,,0
1/18/25,0,,0
1/18/25 1:00,0,,0
1/18/25 2:00,0,,0
1/18/25 3:00,0,,0
1/18/25 4:00,0,,0
1/18/25 5:00,0,,0
1/18/25 6:00,0,,0
1/18/25 7:00,0,,0
1/18/25 8:00,1,,1
1/18/25 9:00,4,,4
1/18/25 10:00,7,,10
1/18/25 11:00,9,,11
1/18/25 12:00,11,,13
1/18/25 13:00,8,,11
1/18/25 14:00,6,,10
1/18/25 15:00,5,,6
1/18/25 16:00,2,,3
1/18/25 17:00,0,,0
1/18/25 18:00,0,,0
1/18/25 19:00,0,,0
1/18/25 20:00,0,,0
1/18/25 21:00,0,,0
1/18/25 22:00,0,,0
1/18/25 23:00,0,,0
1/19/25,0,,0
1/19/25 1:00,0,,0
1/19/25 2:00,0,,0
1/19/25 3:00,0,,0
1/19/25 4:00,0,,0
1/19/25 5:00,0,,0
1/19/25 6:00,0,,0
1/19/25 7:00,0,,0
1/19/25 8:00,1,,1
1/19/25 9:00,4,,5
1/19/25 10:00,7,,9
1/19/25 11:00,7,,10
1/19/25 12:00,8,,12
1/19/25 13:00,8,,11
1/19/25 14:00,6,,10
1/19/25 15:00,5,,6
1/19/25 16:00,2,,3
1/19/25 17:00,0,,0
1/19/25 18:00,0,,0
1/19/25 19:00,0,,0
1/19/25 20:00,0,,0
1/19/25 21:00,0,,0
1/19/25 22:00,0,,0
1/19/25 23:00,0,,0
1/20/25,0,,0
1/20/25 1:00,0,,0
1/20/25 2:00,0,,0
1/20/25 3:00,0,,0
1/20/25 4:00,0,,0
1/20/25 5:00,0,,0
1/20/25 6:00,0,,0
1/20/25 7:00,0,,0
1/20/25 8:00,2,,2
1/20/25 9:00,5,,6
1/20/25 10:00,8,,10
1/20/25 11:00,10,,13
1/20/25 12:00,11,,14
1/20/25 13:00,8,,13
1/20/25 14:00,5,,10
1/20/25 15:00,5,,7
1/20/25 16:00,2,,3
1/20/25 17:00,0,,0
1/20/25 18:00,0,,0
1/20/25 19:00,0,,0
1/20/25 20:00,0,,0
1/20/25 21:00,0,,0
1/20/25 22:00,0,,0
1/20/25 23:00,0,,0
1/21/25,0,,0
1/21/25 1:00,0,,0
1/21/25 2:00,0,,0
1/21/25 3:00,0,,0
1/21/25 4:00,0,,0
1/21/25 5:00,0,,0
1/21/25 6:00,0,,0
1/21/25 7:00,0,,0
1/21/25 8:00,1,,2
1/21/25 9:00,4,,5
1/21/25 10:00,8,,10
1/21/25 11:00,10,,13
1/21/25 12:00,11,,14
1/21/25 13:00,9,,14
1/21/25 14:00,6,,10
1/21/25 15:00,5,,7
1/21/25 16:00,2,,3
1/21/25 17:00,0,,0
1/21/25 18:00,0,,0
1/21/25 19:00,0,,0
1/21/25 20:00,0,,0
1/21/25 21:00,0,,0
1/21/25 22:00,0,,0
1/21/25 23:00,0,,0
1/22/25,0,,0
1/22/25 1:00,0,,0
1/22/25 2:00,0,,0
1/22/25 3:00,0,,0
1/22/25 4:00,0,,0
1/22/25 5:00,0,,0
1/22/25 6:00,0,,0
1/22/25 7:00,0,,0
1/22/25 8:00,2,,2
1/22/25 9:00,5,,6
1/22/25 10:00,7,,10
1/22/25 11:00,,,13
1/22/25 12:00,11,,14
1/22/25 13:00,9,,13
1/22/25 14:00,6,,11
1/22/25 15:00,5,,7
1/22/25 16:00,2,,3
1/22/25 17:00,0,,0
1/22/25 18:00,0,,0
1/22/25 19:00,0,,0
1/22/25 20:00,0,,0
1/22/25 21:00,0,,0
1/22/25 22:00,0,,0
1/22/25 23:00,0,,0
1/23/25,0,,0
1/23/25 1:00,0,,0
1/23/25 2:00,0,,0
1/23/25 3:00,0,,0
1/23/25 4:00,0,,0
1/23/25 5:00,0,,0
1/23/25 6:00,0,,0
1/23/25 7:00,0,,0
1/23/25 8:00,2,,2
1/23/25 9:00,5,,6
1/23/25 10:00,8,,11
1/23/25 11:00,10,,13
1/23/25 12:00,11,,14
1/23/25 13:00,9,,14
1/23/25 14:00,6,,11
1/23/25 15:00,6,,7
1/23/25 16:00,2,,3
1/23/25 17:00,0,,0
1/23/25 18:00,0,,0
1/23/25 19:00,0,,0
1/23/25 20:00,0,,0
1/23/25 21:00,0,,0
1/23/25 22:00,0,,0
1/23/25 23:00,0,,0
1/24/25,0,,0
1/24/25 1:00,0,,0
1/24/25 2:00,0,,0
1/24/25 3:00,0,,0
1/24/25 4:00,0,,0
1/24/25 5:00,0,,0
1/24/25 6:00,0,,0
1/24/25 7:00,0,,0
1/24/25 8:00,1,,1
1/24/25 9:00,2,,2
1/24/25 10:00,3,,4
1/24/25 11:00,5,,6
1/24/25 12:00,5,,7
1/24/25 13:00,3,,4
1/24/25 14:00,2,,3
1/24/25 15:00,2,,2
1/24/25 16:00,1,,1
1/24/25 17:00,0,,0
1/24/25 18:00,0,,0
1/24/25 19:00,0,,0
1/24/25 20:00,0,,0
1/24/25 21:00,0,,0
1/24/25 22:00,0,,0
1/24/25 23:00,0,,0
1/25/25,0,,0
1/25/25 1:00,0,,0
1/25/25 2:00,0,,0
1/25/25 3:00,0,,0
1/25/25 4:00,0,,0
1/25/25 5:00,0,,0
1/25/25 6:00,0,,0
1/25/25 7:00,0,,0
1/25/25 8:00,1,,1
1/25/25 9:00,2,,2
1/25/25 10:00,3,,4
1/25/25 11:00,4,,5
1/25/25 12:00,5,,7
1/25/25 13:00,6,,8
1/25/25 14:00,4,,6
1/25/25 15:00,3,,4
1/25/25 16:00,1,,2
1/25/25 17:00,0,,0
1/25/25 18:00,0,,0
1/25/25 19:00,0,,0
1/25/25 20:00,0,,0
1/25/25 21:00,0,,0
1/25/25 22:00,0,,0
1/25/25 23:00,0,,0
1/26/25,0,,0
1/26/25 1:00,0,,0
1/26/25 2:00,0,,0
1/26/25 3:00,0,,0
1/26/25 4:00,0,,0
1/26/25 5:00,0,,0
1/26/25 6:00,0,,0
1/26/25 7:00,0,,0
1/26/25 8:00,2,,2
1/26/25 9:00,5,,6
1/26/25 10:00,8,,10
1/26/25 11:00,10,,13
1/26/25 12:00,9,,14
1/26/25 13:00,8,,13
1/26/25 14:00,6,,11
1/26/25 15:00,6,,7
1/26/25 16:00,3,,3
1/26/25 17:00,0,,0
1/26/25 18:00,0,,0
1/26/25 19:00,0,,0
1/26/25 20:00,0,,0
1/26/25 21:00,0,,0
1/26/25 22:00,0,,0
1/26/25 23:00,0,,0
1/27/25,0,,0
1/27/25 1:00,0,,0
1/27/25 2:00,0,,0
1/27/25 3:00,0,,0
1/27/25 4:00,0,,0
1/27/25 5:00,0,,0
1/27/25 6:00,0,,0
1/27/25 7:00,0,,0
1/27/25 8:00,2,,2
1/27/25 9:00,5,,6
1/27/25 10:00,8,,10
1/27/25 11:00,10,,13
1/27/25 12:00,11,,15
1/27/25 13:00,9,,14
1/27/25 14:00,6,,11
1/27/25 15:00,6,,7
1/27/25 16:00,3,,3
1/27/25 17:00,0,,0
1/27/25 18:00,0,,0
1/27/25 19:00,0,,0
1/27/25 20:00,0,,0
1/27/25 21:00,0,,0
1/27/25 22:00,0,,0
1/27/25 23:00,0,,0
1/28/25,0,,0
1/28/25 1:00,0,,0
1/28/25 2:00,0,,0
1/28/25 3:00,0,,0
1/28/25 4:00,0,,0
1/28/25 5:00,0,,0
1/28/25 6:00,0,,0
1/28/25 7:00,0,,0
1/28/25 8:00,2,,2
1/28/25 9:00,5,,6
1/28/25 10:00,8,,11
1/28/25 11:00,10,,14
1/28/25 12:00,11,,15
1/28/25 13:00,9,,14
1/28/25 14:00,6,,11
1/28/25 15:00,6,,8
1/28/25 16:00,3,,3
1/28/25 17:00,0,,0
1/28/25 18:00,0,,0
1/28/25 19:00,0,,0
1/28/25 20:00,0,,0
1/28/25 21:00,0,,0
1/28/25 22:00,0,,0
1/28/25 23:00,0,,0
1/29/25,0,,0
1/29/25 1:00,0,,0
1/29/25 2:00,0,,0
1/29/25 3:00,0,,0
1/29/25 4:00,0,,0
1/29/25 5:00,0,,0
1/29/25 6:00,0,,0
1/29/25 7:00,0,,0
1/29/25 8:00,2,,2
1/29/25 9:00,5,,7
1/29/25 10:00,8,,11
1/29/25 11:00,11,,13
1/29/25 12:00,12,,15
1/29/25 13:00,9,,14
1/29/25 14:00,6,,12
1/29/25 15:00,6,,8
1/29/25 16:00,3,,3
1/29/25 17:00,0,,0
1/29/25 18:00,0,,0
1/29/25 19:00,0,,0
1/29/25 20:00,0,,0
1/29/25 21:00,0,,0
1/29/25 22:00,0,,0
1/29/25 23:00,0,,0
1/30/25,0,,0
1/30/25 1:00,0,,0
1/30/25 2:00,0,,0
1/30/25 3:00,0,,0
1/30/25 4:00,0,,0
1/30/25 5:00,0,,0
1/30/25 6:00,0,,0
1/30/25 7:00,0,,0
1/30/25 8:00,2,,2
1/30/25 9:00,5,,7
1/30/25 10:00,8,,11
1/30/25 11:00,11,,14
1/30/25 12:00,12,,15
1/30/25 13:00,9,,14
1/30/25 14:00,6,,12
1/30/25 15:00,6,,8
1/30/25 16:00,3,,4
1/30/25 17:00,0,,1
1/30/25 18:00,0,,0
1/30/25 19:00,0,,0
1/30/25 20:00,0,,0
1/30/25 21:00,0,,0
1/30/25 22:00,0,,0
1/30/25 23:00,0,,0
1/31/25,0,,0
1/31/25 1:00,0,,0
1/31/25 2:00,0,,0
1/31/25 3:00,0,,0
1/31/25 4:00,0,,0
1/31/25 5:00,0,,0
1/31/25 6:00,0,,0
1/31/25 7:00,0,,0
1/31/25 8:00,2,,2
1/31/25 9:00,5,,6
1/31/25 10:00,8,,11
1/31/25 11:00,9,,12
1/31/25 12:00,7,,9
1/31/25 13:00,6,,7
1/31/25 14:00,5,,6
1/31/25 15:00,3,,4
1/31/25 16:00,1,,1
1/31/25 17:00,0,,0
1/31/25 18:00,0,,0
1/31/25 19:00,0,,0
1/31/25 20:00,0,,0
1/31/25 21:00,0,,0
1/31/25 22:00,0,,0
1/31/25 23:00,0,,0
2/1/25,0,,0
2/1/25 1:00,0,,0
2/1/25 2:00,0,,0
2/1/25 3:00,0,,0
2/1/25 4:00,0,,0
2/1/25 5:00,0,,0
2/1/25 6:00,0,,0
2/1/25 7:00,0,,0
2/1/25 8:00,1,,0
2/1/25 9:00,1,,1
2/1/25 10:00,3,,2
2/1/25 11:00,3,,2
2/1/25 12:00,4,,3
2/1/25 13:00,4,,3
2/1/25 14:00,4,,4
2/1/25 15:00,2,,3
2/1/25 16:00,1,,1
2/1/25 17:00,0,,0
2/1/25 18:00,0,,0
2/1/25 19:00,0,,0
2/1/25 20:00,0,,0
2/1/25 21:00,0,,0
2/1/25 22:00,0,,0
2/1/25 23:00,0,,0
2/2/25,0,,0
2/2/25 1:00,0,,0
2/2/25 2:00,0,,0
2/2/25 3:00,0,,0
2/2/25 4:00,0,,0
2/2/25 5:00,0,,0
2/2/25 6:00,0,,0
2/2/25 7:00,0,,0
2/2/25 8:00,1,,1
2/2/25 9:00,1,,1
2/2/25 10:00,3,,2
2/2/25 11:00,3,,3
2/2/25 12:00,3,,4
2/2/25 13:00,4,,3
2/2/25 14:00,2,,2
2/2/25 15:00,2,,2
2/2/25 16:00,1,,1
2/2/25 17:00,0,,0
2/2/25 18:00,0,,0
2/2/25 19:00,0,,0
2/2/25 20:00,0,,0
2/2/25 21:00,0,,0
2/2/25 22:00,0,,0
2/2/25 23:00,0,,0
2/3/25,0,,0
2/3/25 1:00,0,,0
2/3/25 2:00,0,,0
2/3/25 3:00,0,,0
2/3/25 4:00,0,,0
2/3/25 5:00,0,,0
2/3/25 6:00,0,,0
2/3/25 7:00,0,,0
2/3/25 8:00,1,,1
2/3/25 9:00,2,,3
2/3/25 10:00,4,,4
2/3/25 11:00,4,,5
2/3/25 12:00,7,,8
2/3/25 13:00,6,,7
2/3/25 14:00,5,,6
2/3/25 15:00,4,,4
2/3/25 16:00,1,,2
2/3/25 17:00,0,,0
2/3/25 18:00,0,,0
2/3/25 19:00,0,,0
2/3/25 20:00,0,,0
2/3/25 21:00,0,,0
2/3/25 22:00,0,,0
2/3/25 23:00,0,,0
2/4/25,0,,0
2/4/25 1:00,0,,0
2/4/25 2:00,0,,0
2/4/25 3:00,0,,0
2/4/25 4:00,0,,0
2/4/25 5:00,0,,0
2/4/25 6:00,0,,0
2/4/25 7:00,0,,0
2/4/25 8:00,1,,1
2/4/25 9:00,4,,4
2/4/25 10:00,5,,6
2/4/25 11:00,6,,7
2/4/25 12:00,5,,6
2/4/25 13:00,7,,9
2/4/25 14:00,6,,8
2/4/25 15:00,4,,5
2/4/25 16:00,2,,2
2/4/25 17:00,0,,0
2/4/25 18:00,0,,0
2/4/25 19:00,0,,0
2/4/25 20:00,0,,0
2/4/25 21:00,0,,0
2/4/25 22:00,0,,0
2/4/25 23:00,0,,0
2/5/25,0,,0
2/5/25 1:00,0,,0
2/5/25 2:00,0,,0
2/5/25 3:00,0,,0
2/5/25 4:00,0,,0
2/5/25 5:00,0,,0
2/5/25 6:00,0,,0
2/5/25 7:00,0,,0
2/5/25 8:00,2,,2
2/5/25 9:00,4,,3
2/5/25 10:00,4,,3
2/5/25 11:00,5,,5
2/5/25 12:00,4,,5
2/5/25 13:00,9,,12
2/5/25 14:00,6,,7
2/5/25 15:00,5,,4
2/5/25 16:00,2,,2
2/5/25 17:00,1,,0
2/5/25 18:00,0,,0
2/5/25 19:00,0,,0
2/5/25 20:00,0,,0
2/5/25 21:00,0,,0
2/5/25 22:00,0,,0
2/5/25 23:00,0,,0
2/6/25,0,,0
2/6/25 1:00,0,,0
2/6/25 2:00,0,,0
2/6/25 3:00,0,,0
2/6/25 4:00,0,,0
2/6/25 5:00,0,,0
2/6/25 6:00,0,,0
2/6/25 7:00,0,,0
2/6/25 8:00,2,,3
2/6/25 9:00,5,,6
2/6/25 10:00,9,,11
2/6/25 11:00,12,,15
2/6/25 12:00,13,,17
2/6/25 13:00,9,,11
2/6/25 14:00,8,,10
2/6/25 15:00,5,,6
2/6/25 16:00,1,,1
2/6/25 17:00,0,,0
2/6/25 18:00,0,,0
2/6/25 19:00,0,,0
2/6/25 20:00,0,,0
2/6/25 21:00,0,,0
2/6/25 22:00,0,,0
2/6/25 23:00,0,,0
2/7/25,0,,0
2/7/25 1:00,0,,0
2/7/25 2:00,0,,0
2/7/25 3:00,0,,0
2/7/25 4:00,0,,0
2/7/25 5:00,0,,0
2/7/25 6:00,0,,0
2/7/25 7:00,0,,0
2/7/25 8:00,1,,1
2/7/25 9:00,1,,1
2/7/25 10:00,1,,2
2/7/25 11:00,2,,2
2/7/25 12:00,2,,2
2/7/25 13:00,3,,2
2/7/25 14:00,2,,2
2/7/25 15:00,2,,1
2/7/25 16:00,1,,1
2/7/25 17:00,0,,0
2/7/25 18:00,0,,0
2/7/25 19:00,0,,0
2/7/25 20:00,0,,0
2/7/25 21:00,0,,0
2/7/25 22:00,0,,0
2/7/25 23:00,0,,0
2/8/25,0,,0
2/8/25 1:00,0,,0
2/8/25 2:00,0,,0
2/8/25 3:00,0,,0
2/8/25 4:00,0,,0
2/8/25 5:00,0,,0
2/8/25 6:00,0,,0
2/8/25 7:00,0,,0
2/8/25 8:00,2,,2
2/8/25 9:00,3,,4
2/8/25 10:00,6,,7
2/8/25 11:00,8,,9
2/8/25 12:00,8,,9
2/8/25 13:00,9,,10
2/8/25 14:00,6,,11
2/8/25 15:00,2,,3
2/8/25 16:00,1,,1
2/8/25 17:00,0,,0
2/8/25 18:00,0,,0
2/8/25 19:00,0,,0
2/8/25 20:00,0,,0
2/8/25 21:00,0,,0
2/8/25 22:00,0,,0
2/8/25 23:00,0,,0
2/9/25,0,,0
2/9/25 1:00,0,,0
2/9/25 2:00,0,,0
2/9/25 3:00,0,,0
2/9/25 4:00,0,,0
2/9/25 5:00,0,,0
2/9/25 6:00,0,,0
2/9/25 7:00,0,,0
2/9/25 8:00,3,,3
2/9/25 9:00,7,,8
2/9/25 10:00,10,,13
2/9/25 11:00,13,,16
2/9/25 12:00,14,,17
2/9/25 13:00,10,,16
2/9/25 14:00,7,,14
2/9/25 15:00,7,,9
2/9/25 16:00,4,,5
2/9/25 17:00,1,,1
2/9/25 18:00,0,,0
2/9/25 19:00,0,,0
2/9/25 20:00,0,,0
2/9/25 21:00,0,,0
2/9/25 22:00,0,,0
2/9/25 23:00,0,,0
2/10/25,0,,0
2/10/25 1:00,0,,0
2/10/25 2:00,0,,0
2/10/25 3:00,0,,0
2/10/25 4:00,0,,0
2/10/25 5:00,0,,0
2/10/25 6:00,0,,0
2/10/25 7:00,0,,0
2/10/25 8:00,3,,3
2/10/25 9:00,6,,8
2/10/25 10:00,10,,12
2/10/25 11:00,12,,15
2/10/25 12:00,13,,16
2/10/25 13:00,10,,16
2/10/25 14:00,7,,13
2/10/25 15:00,7,,9
2/10/25 16:00,4,,5
2/10/25 17:00,1,,1
2/10/25 18:00,0,,0
2/10/25 19:00,0,,0
2/10/25 20:00,0,,0
2/10/25 21:00,0,,0
2/10/25 22:00,0,,0
2/10/25 23:00,0,,0
2/11/25,0,,0
2/11/25 1:00,0,,0
2/11/25 2:00,0,,0
2/11/25 3:00,0,,0
2/11/25 4:00,0,,0
2/11/25 5:00,0,,0
2/11/25 6:00,0,,0
2/11/25 7:00,0,,0
2/11/25 8:00,2,,2
2/11/25 9:00,3,,3
2/11/25 10:00,5,,3
2/11/25 11:00,6,,6
2/11/25 12:00,6,,6
2/11/25 13:00,6,,8
2/11/25 14:00,6,,7
2/11/25 15:00,4,,5
2/11/25 16:00,3,,3
2/11/25 17:00,1,,1
2/11/25 18:00,0,,0
2/11/25 19:00,0,,0
2/11/25 20:00,0,,0
2/11/25 21:00,0,,0
2/11/25 22:00,0,,0
2/11/25 23:00,0,,0
2/12/25,0,,0
2/12/25 1:00,0,,0
2/12/25 2:00,0,,0
2/12/25 3:00,0,,0
2/12/25 4:00,0,,0
2/12/25 5:00,0,,0
2/12/25 6:00,0,,0
2/12/25 7:00,0,,0
2/12/25 8:00,3,,4
2/12/25 9:00,7,,9
2/12/25 10:00,10,,12
2/12/25 11:00,13,,14
2/12/25 12:00,14,,16
2/12/25 13:00,10,,15
2/12/25 14:00,8,,14
2/12/25 15:00,8,,10
2/12/25 16:00,4,,5
2/12/25 17:00,1,,1
2/12/25 18:00,0,,0
2/12/25 19:00,0,,0
2/12/25 20:00,0,,0
2/12/25 21:00,0,,0
2/12/25 22:00,0,,0
2/12/25 23:00,0,,0
2/13/25,0,,0
2/13/25 1:00,0,,0
2/13/25 2:00,0,,0
2/13/25 3:00,0,,0
2/13/25 4:00,0,,0
2/13/25 5:00,0,,0
2/13/25 6:00,0,,0
2/13/25 7:00,0,,0
2/13/25 8:00,2,,2
2/13/25 9:00,2,,3
2/13/25 10:00,4,,5
2/13/25 11:00,3,,3
2/13/25 12:00,2,,3
2/13/25 13:00,2,,2
2/13/25 14:00,3,,3
2/13/25 15:00,2,,2
2/13/25 16:00,1,,1
2/13/25 17:00,0,,0
2/13/25 18:00,0,,0
2/13/25 19:00,0,,0
2/13/25 20:00,0,,0
2/13/25 21:00,0,,0
2/13/25 22:00,0,,0
2/13/25 23:00,0,,0
2/14/25,0,,0
2/14/25 1:00,0,,0
2/14/25 2:00,0,,0
2/14/25 3:00,0,,0
2/14/25 4:00,0,,0
2/14/25 5:00,0,,0
2/14/25 6:00,0,,0
2/14/25 7:00,0,,0
2/14/25 8:00,1,,2
2/14/25 9:00,3,,5
2/14/25 10:00,7,,10
2/14/25 11:00,10,,9
2/14/25 12:00,9,,7
2/14/25 13:00,10,,11
2/14/25 14:00,9,,12
2/14/25 15:00,7,,9
2/14/25 16:00,3,,3
2/14/25 17:00,1,,0
2/14/25 18:00,0,,0
2/14/25 19:00,0,,0
2/14/25 20:00,0,,0
2/14/25 21:00,0,,0
2/14/25 22:00,0,,0
2/14/25 23:00,0,,0
2/15/25,0,,0
2/15/25 1:00,0,,0
2/15/25 2:00,0,,0
2/15/25 3:00,0,,0
2/15/25 4:00,0,,0
2/15/25 5:00,0,,0
2/15/25 6:00,0,,0
2/15/25 7:00,0,,0
2/15/25 8:00,2,,1
2/15/25 9:00,3,,2
2/15/25 10:00,4,,3
2/15/25 11:00,8,,3
2/15/25 12:00,13,,6
2/15/25 13:00,12,,4
2/15/25 14:00,9,,7
2/15/25 15:00,9,,10
2/15/25 16:00,5,,6
2/15/25 17:00,1,,1
2/15/25 18:00,0,,0
2/15/25 19:00,0,,0
2/15/25 20:00,0,,0
2/15/25 21:00,0,,0
2/15/25 22:00,0,,0
2/15/25 23:00,0,,0
2/16/25,0,,0
2/16/25 1:00,0,,0
2/16/25 2:00,0,,0
2/16/25 3:00,0,,0
2/16/25 4:00,0,,0
2/16/25 5:00,0,,0
2/16/25 6:00,0,,0
2/16/25 7:00,0,,0
2/16/25 8:00,1,,2
2/16/25 9:00,2,,3
2/16/25 10:00,2,,3
2/16/25 11:00,4,,5
2/16/25 12:00,5,,6
2/16/25 13:00,4,,5
2/16/25 14:00,3,,3
2/16/25 15:00,3,,4
2/16/25 16:00,2,,2
2/16/25 17:00,0,,1
2/16/25 18:00,0,,0
2/16/25 19:00,0,,0
2/16/25 20:00,0,,0
2/16/25 21:00,0,,0
2/16/25 22:00,0,,0
2/16/25 23:00,0,,0
2/17/25,0,,0
2/17/25 1:00,0,,0
2/17/25 2:00,0,,0
2/17/25 3:00,0,,0
2/17/25 4:00,0,,0
2/17/25 5:00,0,,0
2/17/25 6:00,0,,0
2/17/25 7:00,0,,0
2/17/25 8:00,2,,3
2/17/25 9:00,3,,4
2/17/25 10:00,6,,8
2/17/25 11:00,7,,10
2/17/25 12:00,9,,10
2/17/25 13:00,5,,8
2/17/25 14:00,5,,5
2/17/25 15:00,5,,7
2/17/25 16:00,5,,6
2/17/25 17:00,1,,2
2/17/25 18:00,0,,0
2/17/25 19:00,0,,0
2/17/25 20:00,0,,0
2/17/25 21:00,0,,0
2/17/25 22:00,0,,0
2/17/25 23:00,0,,0
2/18/25,0,,0
2/18/25 1:00,0,,0
2/18/25 2:00,0,,0
2/18/25 3:00,0,,0
2/18/25 4:00,0,,0
2/18/25 5:00,0,,0
2/18/25 6:00,0,,0
2/18/25 7:00,0,,0
2/18/25 8:00,2,,2
2/18/25 9:00,4,,4
2/18/25 10:00,7,,5
2/18/25 11:00,6,,9
2/18/25 12:00,7,,10
2/18/25 13:00,10,,8
2/18/25 14:00,8,,11
2/18/25 15:00,5,,7
2/18/25 16:00,3,,4
2/18/25 17:00,1,,1
2/18/25 18:00,0,,0
2/18/25 19:00,0,,0
2/18/25 20:00,0,,0
2/18/25 21:00,0,,0
2/18/25 22:00,0,,0
2/18/25 23:00,0,,0
2/19/25,0,,0
2/19/25 1:00,0,,0
2/19/25 2:00,0,,0
2/19/25 3:00,0,,0
2/19/25 4:00,0,,0
2/19/25 5:00,0,,0
2/19/25 6:00,0,,0
2/19/25 7:00,1,,1
2/19/25 8:00,3,,4
2/19/25 9:00,7,,9
2/19/25 10:00,9,,12
2/19/25 11:00,10,,13
2/19/25 12:00,8,,11
2/19/25 13:00,6,,8
2/19/25 14:00,4,,5
2/19/25 15:00,5,,6
2/19/25 16:00,4,,5
2/19/25 17:00,1,,1
2/19/25 18:00,0,,0
2/19/25 19:00,0,,0
2/19/25 20:00,0,,0
2/19/25 21:00,0,,0
2/19/25 22:00,0,,0
2/19/25 23:00,0,,0
2/20/25,0,,0
2/20/25 1:00,0,,0
2/20/25 2:00,0,,0
2/20/25 3:00,0,,0
2/20/25 4:00,0,,0
2/20/25 5:00,0,,0
2/20/25 6:00,0,,0
2/20/25 7:00,0,,0
2/20/25 8:00,1,,1
2/20/25 9:00,2,,2
2/20/25 10:00,3,,3
2/20/25 11:00,4,,4
2/20/25 12:00,4,,5
2/20/25 13:00,4,,5
2/20/25 14:00,3,,4
2/20/25 15:00,3,,2
2/20/25 16:00,2,,1
2/20/25 17:00,0,,0
2/20/25 18:00,0,,0
2/20/25 19:00,0,,0
2/20/25 20:00,0,,0
2/20/25 21:00,0,,0
2/20/25 22:00,0,,0
2/20/25 23:00,0,,0
2/21/25,0,,0
2/21/25 1:00,0,,0
2/21/25 2:00,0,,0
2/21/25 3:00,0,,0
2/21/25 4:00,0,,0
2/21/25 5:00,0,,0
2/21/25 6:00,0,,0
2/21/25 7:00,1,,1
2/21/25 8:00,3,,4
2/21/25 9:00,5,,8
2/21/25 10:00,11,,13
2/21/25 11:00,14,,13
2/21/25 12:00,13,,13
2/21/25 13:00,9,,19
2/21/25 14:00,7,,11
2/21/25 15:00,7,,10
2/21/25 16:00,4,,7
2/21/25 17:00,2,,2
2/21/25 18:00,0,,0
2/21/25 19:00,0,,0
2/21/25 20:00,0,,0
2/21/25 21:00,0,,0
2/21/25 22:00,0,,0
2/21/25 23:00,0,,0
2/22/25,0,,0
2/22/25 1:00,0,,0
2/22/25 2:00,0,,0
2/22/25 3:00,0,,0
2/22/25 4:00,0,,0
2/22/25 5:00,0,,0
2/22/25 6:00,0,,0
2/22/25 7:00,1,,1
2/22/25 8:00,4,,5
2/22/25 9:00,9,,11
2/22/25 10:00,11,,14
2/22/25 11:00,15,,20
2/22/25 12:00,15,,19
2/22/25 13:00,11,,18
2/22/25 14:00,10,,17
2/22/25 15:00,9,,12
2/22/25 16:00,5,,7
2/22/25 17:00,2,,2
2/22/25 18:00,0,,0
2/22/25 19:00,0,,0
2/22/25 20:00,0,,0
2/22/25 21:00,0,,0
2/22/25 22:00,0,,0
2/22/25 23:00,0,,0
2/23/25,0,,0
2/23/25 1:00,0,,0
2/23/25 2:00,0,,0
2/23/25 3:00,0,,0
2/23/25 4:00,0,,0
2/23/25 5:00,0,,0
2/23/25 6:00,0,,0
2/23/25 7:00,1,,1
2/23/25 8:00,4,,5
2/23/25 9:00,8,,11
2/23/25 10:00,9,,12
2/23/25 11:00,11,,14
2/23/25 12:00,9,,13
2/23/25 13:00,11,,15
2/23/25 14:00,10,,14
2/23/25 15:00,4,,6
2/23/25 16:00,3,,4
2/23/25 17:00,1,,1
2/23/25 18:00,0,,0
2/23/25 19:00,0,,0
2/23/25 20:00,0,,0
2/23/25 21:00,0,,0
2/23/25 22:00,0,,0
2/23/25 23:00,0,,0
2/24/25,0,,0
2/24/25 1:00,0,,0
2/24/25 2:00,0,,0
2/24/25 3:00,0,,0
2/24/25 4:00,0,,0
2/24/25 5:00,0,,0
2/24/25 6:00,0,,0
2/24/25 7:00,1,,1
2/24/25 8:00,4,,5
2/24/25 9:00,8,,11
2/24/25 10:00,12,,16
2/24/25 11:00,15,,19
2/24/25 12:00,16,,21
2/24/25 13:00,11,,20
2/24/25 14:00,9,,15
2/24/25 15:00,7,,8
2/24/25 16:00,5,,7
2/24/25 17:00,2,,2
2/24/25 18:00,0,,0
2/24/25 19:00,0,,0
2/24/25 20:00,0,,0
2/24/25 21:00,0,,0
2/24/25 22:00,0,,0
2/24/25 23:00,0,,0
2/25/25,0,,0
2/25/25 1:00,0,,0
2/25/25 2:00,0,,0
2/25/25 3:00,0,,0
2/25/25 4:00,0,,0
2/25/25 5:00,0,,0
2/25/25 6:00,0,,0
2/25/25 7:00,1,,1
2/25/25 8:00,3,,4
2/25/25 9:00,6,,8
2/25/25 10:00,12,,15
2/25/25 11:00,16,,19
2/25/25 12:00,17,,21
2/25/25 13:00,11,,20
2/25/25 14:00,9,,15
2/25/25 15:00,10,,11
2/25/25 16:00,5,,7
2/25/25 17:00,2,,2
2/25/25 18:00,0,,0
2/25/25 19:00,0,,0
2/25/25 20:00,0,,0
2/25/25 21:00,0,,0
2/25/25 22:00,0,,0
2/25/25 23:00,0,,0
2/26/25,0,,0
2/26/25 1:00,0,,0
2/26/25 2:00,0,,0
2/26/25 3:00,0,,0
2/26/25 4:00,0,,0
2/26/25 5:00,0,,0
2/26/25 6:00,0,,0
2/26/25 7:00,1,,1
2/26/25 8:00,4,,5
2/26/25 9:00,9,,11
2/26/25 10:00,13,,15
2/26/25 11:00,16,,20
2/26/25 12:00,17,,19
2/26/25 13:00,11,,20
2/26/25 14:00,11,,17
2/26/25 15:00,10,,12
2/26/25 16:00,6,,7
2/26/25 17:00,2,,2
2/26/25 18:00,0,,0
2/26/25 19:00,0,,0
2/26/25 20:00,0,,0
2/26/25 21:00,0,,0
2/26/25 22:00,0,,0
2/26/25 23:00,0,,0
2/27/25,0,,0
2/27/25 1:00,0,,0
2/27/25 2:00,0,,0
2/27/25 3:00,0,,0
2/27/25 4:00,0,,0
2/27/25 5:00,0,,0
2/27/25 6:00,0,,0
2/27/25 7:00,1,,1
2/27/25 8:00,4,,5
2/27/25 9:00,9,,11
2/27/25 10:00,13,,16
2/27/25 11:00,16,,19
2/27/25 12:00,17,,21
2/27/25 13:00,10,,20
2/27/25 14:00,11,,17
2/27/25 15:00,10,,12
2/27/25 16:00,5,,7
2/27/25 17:00,2,,2
2/27/25 18:00,0,,0
2/27/25 19:00,0,,0
2/27/25 20:00,0,,0
2/27/25 21:00,0,,0
2/27/25 22:00,0,,0
2/27/25 23:00,0,,0
2/28/25,0,,0
2/28/25 1:00,0,,0
2/28/25 2:00,0,,0
2/28/25 3:00,0,,0
2/28/25 4:00,0,,0
2/28/25 5:00,0,,0
2/28/25 6:00,0,,0
2/28/25 7:00,1,,1
2/28/25 8:00,4,,5
2/28/25 9:00,,,11
2/28/25 10:00,13,,16
2/28/25 11:00,15,,19
2/28/25 12:00,17,,20
2/28/25 13:00,10,,19
2/28/25 14:00,11,,16
2/28/25 15:00,10,,12
2/28/25 16:00,6,,7
2/28/25 17:00,2,,2
2/28/25 18:00,0,,0
2/28/25 19:00,0,,0
2/28/25 20:00,0,,0
2/28/25 21:00,0,,0
2/28/25 22:00,0,,0
2/28/25 23:00,0,,0
3/1/25,0,,0
3/1/25 1:00,0,,0
3/1/25 2:00,0,,0
3/1/25 3:00,0,,0
3/1/25 4:00,0,,0
3/1/25 5:00,0,,0
3/1/25 6:00,0,,0
3/1/25 7:00,1,,1
3/1/25 8:00,5,,6
3/1/25 9:00,9,,11
3/1/25 10:00,13,,16
3/1/25 11:00,16,,19
3/1/25 12:00,17,,20
3/1/25 13:00,10,,20
3/1/25 14:00,11,,17
3/1/25 15:00,10,,12
3/1/25 16:00,6,,7
3/1/25 17:00,2,,2
3/1/25 18:00,0,,0
3/1/25 19:00,0,,0
3/1/25 20:00,0,,0
3/1/25 21:00,0,,0
3/1/25 22:00,0,,0
3/1/25 23:00,0,,0
3/2/25,0,,0
3/2/25 1:00,0,,0
3/2/25 2:00,0,,0
3/2/25 3:00,0,,0
3/2/25 4:00,0,,0
3/2/25 5:00,0,,0
3/2/25 6:00,0,,0
3/2/25 7:00,1,,1
3/2/25 8:00,5,,6
3/2/25 9:00,9,,11
3/2/25 10:00,13,,16
3/2/25 11:00,16,,19
3/2/25 12:00,17,,21
3/2/25 13:00,10,,20
3/2/25 14:00,10,,17
3/2/25 15:00,9,,10
3/2/25 16:00,5,,6
3/2/25 17:00,2,,2
3/2/25 18:00,0,,0
3/2/25 19:00,0,,0
3/2/25 20:00,0,,0
3/2/25 21:00,0,,0
3/2/25 22:00,0,,0
3/2/25 23:00,0,,0
3/3/25,0,,0
3/3/25 1:00,0,,0
3/3/25 2:00,0,,0
3/3/25 3:00,0,,0
3/3/25 4:00,0,,0
3/3/25 5:00,0,,0
3/3/25 6:00,0,,0
3/3/25 7:00,1,,1
3/3/25 8:00,3,,2
3/3/25 9:00,5,,7
3/3/25 10:00,6,,9
3/3/25 11:00,9,,10
3/3/25 12:00,7,,10
3/3/25 13:00,6,,6
3/3/25 14:00,5,,5
3/3/25 15:00,10,,11
3/3/25 16:00,6,,6
3/3/25 17:00,1,,1
3/3/25 18:00,0,,0
3/3/25 19:00,0,,0
3/3/25 20:00,0,,0
3/3/25 21:00,0,,0
3/3/25 22:00,0,,0
3/3/25 23:00,0,,0
3/4/25,0,,0
3/4/25 1:00,0,,0
3/4/25 2:00,0,,0
3/4/25 3:00,0,,0
3/4/25 4:00,0,,0
3/4/25 5:00,0,,0
3/4/25 6:00,0,,0
3/4/25 7:00,0,,0
3/4/25 8:00,1,,1
3/4/25 9:00,2,,2
3/4/25 10:00,5,,4
3/4/25 11:00,13,,9
3/4/25 12:00,15,,13
3/4/25 13:00,9,,13
3/4/25 14:00,12,,18
3/4/25 15:00,9,,10
3/4/25 16:00,5,,6
3/4/25 17:00,2,,2
3/4/25 18:00,0,,0
3/4/25 19:00,0,,0
3/4/25 20:00,0,,0
3/4/25 21:00,0,,0
3/4/25 22:00,0,,0
3/4/25 23:00,0,,0
3/5/25,0,,0
3/5/25 1:00,0,,0
3/5/25 2:00,0,,0
3/5/25 3:00,0,,0
3/5/25 4:00,0,,0
3/5/25 5:00,0,,0
3/5/25 6:00,0,,0
3/5/25 7:00,1,,1
3/5/25 8:00,5,,5
3/5/25 9:00,8,,9
3/5/25 10:00,12,,14
3/5/25 11:00,16,,20
3/5/25 12:00,9,,11
3/5/25 13:00,5,,6
3/5/25 14:00,4,,4
3/5/25 15:00,3,,3
3/5/25 16:00,1,,2
3/5/25 17:00,0,,0
3/5/25 18:00,0,,0
3/5/25 19:00,0,,0
3/5/25 20:00,0,,0
3/5/25 21:00,0,,0
3/5/25 22:00,0,,0
3/5/25 23:00,0,,0
3/6/25,0,,0
3/6/25 1:00,0,,0
3/6/25 2:00,0,,0
3/6/25 3:00,0,,0
3/6/25 4:00,0,,0
3/6/25 5:00,0,,0
3/6/25 6:00,0,,0
3/6/25 7:00,0,,0
3/6/25 8:00,1,,2
3/6/25 9:00,4,,5
3/6/25 10:00,3,,3
3/6/25 11:00,3,,3
3/6/25 12:00,3,,2
3/6/25 13:00,4,,4
3/6/25 14:00,10,,11
3/6/25 15:00,6,,6
3/6/25 16:00,6,,8
3/6/25 17:00,1,,2
3/6/25 18:00,0,,0
3/6/25 19:00,0,,0
3/6/25 20:00,0,,0
3/6/25 21:00,0,,0
3/6/25 22:00,0,,0
3/6/25 23:00,0,,0
3/7/25,0,,0
3/7/25 1:00,0,,0
3/7/25 2:00,0,,0
3/7/25 3:00,0,,0
3/7/25 4:00,0,,0
3/7/25 5:00,0,,0
3/7/25 6:00,0,,0
3/7/25 7:00,0,,0
3/7/25 8:00,2,,2
3/7/25 9:00,5,,4
3/7/25 10:00,9,,4
3/7/25 11:00,11,,4
3/7/25 12:00,10,,12
3/7/25 13:00,6,,17
3/7/25 14:00,7,,16
3/7/25 15:00,6,,8
3/7/25 16:00,1,,3
3/7/25 17:00,1,,1
3/7/25 18:00,0,,0
3/7/25 19:00,0,,0
3/7/25 20:00,0,,0
3/7/25 21:00,0,,0
3/7/25 22:00,0,,0
3/7/25 23:00,0,,0
3/8/25,0,,0
3/8/25 1:00,0,,0
3/8/25 2:00,0,,0
3/8/25 3:00,0,,0
3/8/25 4:00,0,,0
3/8/25 5:00,0,,0
3/8/25 6:00,0,,0
3/8/25 7:00,2,,2
3/8/25 8:00,6,,7
3/8/25 9:00,10,,13
3/8/25 10:00,15,,18
3/8/25 11:00,18,,22
3/8/25 12:00,19,,23
3/8/25 13:00,9,,22
3/8/25 14:00,13,,19
3/8/25 15:00,11,,14
3/8/25 16:00,7,,8
3/8/25 17:00,3,,3
3/8/25 18:00,0,,0
3/8/25 19:00,0,,0
3/8/25 20:00,0,,0
3/8/25 21:00,0,,0
3/8/25 22:00,0,,0
3/8/25 23:00,0,,0
3/9/25,0,,0
3/9/25 1:00,0,,0
3/9/25 2:00,0,,0
3/9/25 3:00,0,,0
3/9/25 4:00,0,,0
3/9/25 5:00,0,,0
3/9/25 6:00,0,,0
3/9/25 7:00,2,,2
3/9/25 8:00,6,,7
3/9/25 9:00,10,,13
3/9/25 10:00,15,,18
3/9/25 11:00,18,,21
3/9/25 12:00,19,,23
3/9/25 13:00,9,,22
3/9/25 14:00,13,,19
3/9/25 15:00,12,,14
3/9/25 16:00,7,,8
3/9/25 17:00,3,,3
3/9/25 18:00,0,,0
3/9/25 19:00,0,,0
3/9/25 20:00,0,,0
3/9/25 21:00,0,,0
3/9/25 22:00,0,,0
3/9/25 23:00,0,,0
3/10/25,0,,0
3/10/25 1:00,0,,0
3/10/25 2:00,0,,0
3/10/25 3:00,0,,0
3/10/25 4:00,0,,0
3/10/25 5:00,0,,0
3/10/25 6:00,0,,0
3/10/25 7:00,2,,2
3/10/25 8:00,6,,7
3/10/25 9:00,11,,13
3/10/25 10:00,15,,18
3/10/25 11:00,18,,21
3/10/25 12:00,19,,23
3/10/25 13:00,8,,22
3/10/25 14:00,13,,19
3/10/25 15:00,11,,13
3/10/25 16:00,7,,8
3/10/25 17:00,2,,3
3/10/25 18:00,0,,0
3/10/25 19:00,0,,0
3/10/25 20:00,0,,0
3/10/25 21:00,0,,0
3/10/25 22:00,0,,0
3/10/25 23:00,0,,0
3/11/25,0,,0
3/11/25 1:00,0,,0
3/11/25 2:00,0,,0
3/11/25 3:00,0,,0
3/11/25 4:00,0,,0
3/11/25 5:00,0,,0
3/11/25 6:00,0,,0
3/11/25 7:00,2,,2
3/11/25 8:00,6,,7
3/11/25 9:00,11,,13
3/11/25 10:00,15,,18
3/11/25 11:00,17,,21
3/11/25 12:00,16,,21
3/11/25 13:00,9,,20
3/11/25 14:00,12,,17
3/11/25 15:00,11,,13
3/11/25 16:00,6,,7
3/11/25 17:00,2,,3
3/11/25 18:00,0,,0
3/11/25 19:00,0,,0
3/11/25 20:00,0,,0
3/11/25 21:00,0,,0
3/11/25 22:00,0,,0
3/11/25 23:00,0,,0
3/12/25,0,,0
3/12/25 1:00,0,,0
3/12/25 2:00,0,,0
3/12/25 3:00,0,,0
3/12/25 4:00,0,,0
3/12/25 5:00,0,,0
3/12/25 6:00,0,,0
3/12/25 7:00,2,,2
3/12/25 8:00,6,,7
3/12/25 9:00,11,,13
3/12/25 10:00,15,,18
3/12/25 11:00,16,,21
3/12/25 12:00,16,,20
3/12/25 13:00,10,,20
3/12/25 14:00,14,,18
3/12/25 15:00,11,,10
3/12/25 16:00,6,,7
3/12/25 17:00,2,,3
3/12/25 18:00,0,,0
3/12/25 19:00,0,,0
3/12/25 20:00,0,,0
3/12/25 21:00,0,,0
3/12/25 22:00,0,,0
3/12/25 23:00,0,,0
3/13/25,0,,0
3/13/25 1:00,0,,0
3/13/25 2:00,0,,0
3/13/25 3:00,0,,0
3/13/25 4:00,0,,0
3/13/25 5:00,0,,0
3/13/25 6:00,0,,0
3/13/25 7:00,1,,1
3/13/25 8:00,2,,2
3/13/25 9:00,2,,2
3/13/25 10:00,2,,1
3/13/25 11:00,8,,8
3/13/25 12:00,6,,8
3/13/25 13:00,8,,10
3/13/25 14:00,5,,4
3/13/25 15:00,4,,4
3/13/25 16:00,3,,2
3/13/25 17:00,0,,0
3/13/25 18:00,0,,0
3/13/25 19:00,0,,0
3/13/25 20:00,0,,0
3/13/25 21:00,0,,0
3/13/25 22:00,0,,0
3/13/25 23:00,0,,0
3/14/25,0,,0
3/14/25 1:00,0,,0
3/14/25 2:00,0,,0
3/14/25 3:00,0,,0
3/14/25 4:00,0,,0
3/14/25 5:00,0,,0
3/14/25 6:00,0,,0
3/14/25 7:00,1,,1
3/14/25 8:00,4,,4
3/14/25 9:00,11,,8
3/14/25 10:00,12,,14
3/14/25 11:00,8,,13
3/14/25 12:00,10,,17
3/14/25 13:00,11,,23
3/14/25 14:00,10,,16
3/14/25 15:00,10,,16
3/14/25 16:00,5,,6
3/14/25 17:00,2,,2
3/14/25 18:00,0,,0
3/14/25 19:00,0,,0
3/14/25 20:00,0,,0
3/14/25 21:00,0,,0
3/14/25 22:00,0,,0
3/14/25 23:00,0,,0
3/15/25,0,,0
3/15/25 1:00,0,,0
3/15/25 2:00,0,,0
3/15/25 3:00,0,,0
3/15/25 4:00,0,,0
3/15/25 5:00,0,,0
3/15/25 6:00,0,,0
3/15/25 7:00,1,,2
3/15/25 8:00,3,,5
3/15/25 9:00,7,,10
3/15/25 10:00,8,,8
3/15/25 11:00,12,,14
3/15/25 12:00,18,,27
3/15/25 13:00,10,,19
3/15/25 14:00,16,,18
3/15/25 15:00,11,,14
3/15/25 16:00,5,,5
3/15/25 17:00,3,,3
3/15/25 18:00,0,,0
3/15/25 19:00,0,,0
3/15/25 20:00,0,,0
3/15/25 21:00,0,,0
3/15/25 22:00,0,,0
3/15/25 23:00,0,,0
3/16/25,0,,0
3/16/25 1:00,0,,0
3/16/25 2:00,0,,0
3/16/25 3:00,0,,0
3/16/25 4:00,0,,0
3/16/25 5:00,0,,0
3/16/25 6:00,0,,0
3/16/25 7:00,2,,2
3/16/25 8:00,4,,4
3/16/25 9:00,7,,8
3/16/25 10:00,10,,12
3/16/25 11:00,11,,14
3/16/25 12:00,10,,13
3/16/25 13:00,10,,12
3/16/25 14:00,9,,12
3/16/25 15:00,7,,8
3/16/25 16:00,4,,5
3/16/25 17:00,1,,2
3/16/25 18:00,0,,0
3/16/25 19:00,0,,0
3/16/25 20:00,0,,0
3/16/25 21:00,0,,0
3/16/25 22:00,0,,0
3/16/25 23:00,0,,0
3/17/25,0,,0
3/17/25 1:00,0,,0
3/17/25 2:00,0,,0
3/17/25 3:00,0,,0
3/17/25 4:00,0,,0
3/17/25 5:00,0,,0
3/17/25 6:00,0,,0
3/17/25 7:00,2,,2
3/17/25 8:00,5,,6
3/17/25 9:00,9,,11
3/17/25 10:00,10,,13
3/17/25 11:00,15,,19
3/17/25 12:00,18,,23
3/17/25 13:00,8,,23
3/17/25 14:00,15,,20
3/17/25 15:00,12,,15
3/17/25 16:00,8,,9
3/17/25 17:00,3,,4
3/17/25 18:00,0,,0
3/17/25 19:00,0,,0
3/17/25 20:00,0,,0
3/17/25 21:00,0,,0
3/17/25 22:00,0,,0
3/17/25 23:00,0,,0
3/18/25,0,,0
3/18/25 1:00,0,,0
3/18/25 2:00,0,,0
3/18/25 3:00,0,,0
3/18/25 4:00,0,,0
3/18/25 5:00,0,,0
3/18/25 6:00,0,,0
3/18/25 7:00,0,,0
3/18/25 8:00,1,,1
3/18/25 9:00,2,,3
3/18/25 10:00,1,,3
3/18/25 11:00,1,,2
3/18/25 12:00,2,,4
3/18/25 13:00,4,,6
3/18/25 14:00,2,,4
3/18/25 15:00,4,,6
3/18/25 16:00,1,,4
3/18/25 17:00,1,,1
3/18/25 18:00,0,,0
3/18/25 19:00,0,,0
3/18/25 20:00,0,,0
3/18/25 21:00,0,,0
3/18/25 22:00,0,,0
3/18/25 23:00,0,,0
3/19/25,0,,0
3/19/25 1:00,0,,0
3/19/25 2:00,0,,0
3/19/25 3:00,0,,0
3/19/25 4:00,0,,0
3/19/25 5:00,0,,0
3/19/25 6:00,0,,0
3/19/25 7:00,1,,3
3/19/25 8:00,3,,10
3/19/25 9:00,9,,16
3/19/25 10:00,18,,22
3/19/25 11:00,21,,26
3/19/25 12:00,22,,27
3/19/25 13:00,9,,26
3/19/25 14:00,16,,22
3/19/25 15:00,13,,17
3/19/25 16:00,8,,10
3/19/25 17:00,3,,4
3/19/25 18:00,0,,0
3/19/25 19:00,0,,0
3/19/25 20:00,0,,0
3/19/25 21:00,0,,0
3/19/25 22:00,0,,0
3/19/25 23:00,0,,0
3/20/25,0,,0
3/20/25 1:00,0,,0
3/20/25 2:00,0,,0
3/20/25 3:00,0,,0
3/20/25 4:00,0,,0
3/20/25 5:00,0,,0
3/20/25 6:00,0,,0
3/20/25 7:00,2,,3
3/20/25 8:00,5,,7
3/20/25 9:00,8,,10
3/20/25 10:00,11,,14
3/20/25 11:00,15,,21
3/20/25 12:00,21,,25
3/20/25 13:00,9,,12
3/20/25 14:00,9,,13
3/20/25 15:00,10,,13
3/20/25 16:00,7,,9
3/20/25 17:00,3,,4
3/20/25 18:00,0,,0
3/20/25 19:00,0,,0
3/20/25 20:00,0,,0
3/20/25 21:00,0,,0
3/20/25 22:00,0,,0
3/20/25 23:00,0,,0
3/21/25,0,,0
3/21/25 1:00,0,,0
3/21/25 2:00,0,,0
3/21/25 3:00,0,,0
3/21/25 4:00,0,,0
3/21/25 5:00,0,,0
3/21/25 6:00,0,,0
3/21/25 7:00,1,,2
3/21/25 8:00,3,,4
3/21/25 9:00,5,,7
3/21/25 10:00,10,,12
3/21/25 11:00,17,,21
3/21/25 12:00,16,,21
3/21/25 13:00,11,,21
3/21/25 14:00,13,,18
3/21/25 15:00,12,,14
3/21/25 16:00,7,,9
3/21/25 17:00,2,,2
3/21/25 18:00,0,,0
3/21/25 19:00,0,,0
3/21/25 20:00,0,,0
3/21/25 21:00,0,,0
3/21/25 22:00,0,,0
3/21/25 23:00,0,,0
3/22/25,0,,0
3/22/25 1:00,0,,0
3/22/25 2:00,0,,0
3/22/25 3:00,0,,0
3/22/25 4:00,0,,0
3/22/25 5:00,0,,0
3/22/25 6:00,0,,0
3/22/25 7:00,1,,2
3/22/25 8:00,4,,5
3/22/25 9:00,7,,7
3/22/25 10:00,10,,12
3/22/25 11:00,7,,9
3/22/25 12:00,7,,9
3/22/25 13:00,10,,18
3/22/25 14:00,14,,19
3/22/25 15:00,14,,14
3/22/25 16:00,7,,5
3/22/25 17:00,2,,2
3/22/25 18:00,0,,0
3/22/25 19:00,0,,0
3/22/25 20:00,0,,0
3/22/25 21:00,0,,0
3/22/25 22:00,0,,0
3/22/25 23:00,0,,0
3/23/25,0,,0
3/23/25 1:00,0,,0
3/23/25 2:00,0,,0
3/23/25 3:00,0,,0
3/23/25 4:00,0,,0
3/23/25 5:00,0,,0
3/23/25 6:00,0,,0
3/23/25 7:00,2,,3
3/23/25 8:00,5,,6
3/23/25 9:00,11,,12
3/23/25 10:00,17,,21
3/23/25 11:00,20,,24
3/23/25 12:00,20,,26
3/23/25 13:00,8,,25
3/23/25 14:00,16,,23
3/23/25 15:00,14,,15
3/23/25 16:00,8,,9
3/23/25 17:00,4,,4
3/23/25 18:00,1,,1
3/23/25 19:00,0,,0
3/23/25 20:00,0,,0
3/23/25 21:00,0,,0
3/23/25 22:00,0,,0
3/23/25 23:00,0,,0
3/24/25,0,,0
3/24/25 1:00,0,,0
3/24/25 2:00,0,,0
3/24/25 3:00,0,,0
3/24/25 4:00,0,,0
3/24/25 5:00,0,,0
3/24/25 6:00,0,,0
3/24/25 7:00,3,,3
3/24/25 8:00,6,,8
3/24/25 9:00,13,,16
3/24/25 10:00,18,,21
3/24/25 11:00,21,,23
3/24/25 12:00,20,,25
3/24/25 13:00,7,,25
3/24/25 14:00,16,,21
3/24/25 15:00,13,,16
3/24/25 16:00,9,,10
3/24/25 17:00,4,,4
3/24/25 18:00,1,,1
3/24/25 19:00,0,,0
3/24/25 20:00,0,,0
3/24/25 21:00,0,,0
3/24/25 22:00,0,,0
3/24/25 23:00,0,,0
3/25/25,0,,0
3/25/25 1:00,0,,0
3/25/25 2:00,0,,0
3/25/25 3:00,0,,0
3/25/25 4:00,0,,0
3/25/25 5:00,0,,0
3/25/25 6:00,0,,0
3/25/25 7:00,3,,4
3/25/25 8:00,8,,10
3/25/25 9:00,13,,16
3/25/25 10:00,18,,21
3/25/25 11:00,20,,24
3/25/25 12:00,20,,26
3/25/25 13:00,7,,25
3/25/25 14:00,16,,21
3/25/25 15:00,13,,16
3/25/25 16:00,8,,10
3/25/25 17:00,4,,4
3/25/25 18:00,1,,1
3/25/25 19:00,0,,0
3/25/25 20:00,0,,0
3/25/25 21:00,0,,0
3/25/25 22:00,0,,0
3/25/25 23:00,0,,0
3/26/25,0,,0
3/26/25 1:00,0,,0
3/26/25 2:00,0,,0
3/26/25 3:00,0,,0
3/26/25 4:00,0,,0
3/26/25 5:00,0,,0
3/26/25 6:00,0,,0
3/26/25 7:00,3,,4
3/26/25 8:00,8,,10
3/26/25 9:00,13,,16
3/26/25 10:00,18,,21
3/26/25 11:00,20,,24
3/26/25 12:00,19,,25
3/26/25 13:00,7,,24
3/26/25 14:00,16,,21
3/26/25 15:00,13,,16
3/26/25 16:00,8,,10
3/26/25 17:00,4,,4
3/26/25 18:00,1,,1
3/26/25 19:00,0,,0
3/26/25 20:00,0,,0
3/26/25 21:00,0,,0
3/26/25 22:00,0,,0
3/26/25 23:00,0,,0
3/27/25,0,,0
3/27/25 1:00,0,,0
3/27/25 2:00,0,,0
3/27/25 3:00,0,,0
3/27/25 4:00,0,,0
3/27/25 5:00,0,,0
3/27/25 6:00,1,,1
3/27/25 7:00,3,,4
3/27/25 8:00,7,,8
3/27/25 9:00,14,,16
3/27/25 10:00,18,,21
3/27/25 11:00,19,,24
3/27/25 12:00,14,,18
3/27/25 13:00,8,,12
3/27/25 14:00,9,,12
3/27/25 15:00,6,,7
3/27/25 16:00,2,,2
3/27/25 17:00,1,,1
3/27/25 18:00,0,,0
3/27/25 19:00,0,,0
3/27/25 20:00,0,,0
3/27/25 21:00,0,,0
3/27/25 22:00,0,,0
3/27/25 23:00,0,,0
3/28/25,0,,0
3/28/25 1:00,0,,0
3/28/25 2:00,0,,0
3/28/25 3:00,0,,0
3/28/25 4:00,0,,0
3/28/25 5:00,0,,0
3/28/25 6:00,0,,0
3/28/25 7:00,3,,3
3/28/25 8:00,5,,6
3/28/25 9:00,7,,8
3/28/25 10:00,10,,12
3/28/25 11:00,13,,16
3/28/25 12:00,13,,17
3/28/25 13:00,11,,16
3/28/25 14:00,9,,12
3/28/25 15:00,7,,9
3/28/25 16:00,5,,6
3/28/25 17:00,3,,3
3/28/25 18:00,1,,1
3/28/25 19:00,0,,0
3/28/25 20:00,0,,0
3/28/25 21:00,0,,0
3/28/25 22:00,0,,0
3/28/25 23:00,0,,0
3/29/25,0,,0
3/29/25 1:00,0,,0
3/29/25 2:00,0,,0
3/29/25 3:00,0,,0
3/29/25 4:00,0,,0
3/29/25 5:00,0,,0
3/29/25 6:00,0,,0
3/29/25 7:00,2,,2
3/29/25 8:00,6,,7
3/29/25 9:00,10,,13
3/29/25 10:00,10,,14
3/29/25 11:00,9,,9
3/29/25 12:00,6,,7
3/29/25 13:00,3,,2
3/29/25 14:00,4,,5
3/29/25 15:00,2,,2
3/29/25 16:00,1,,1
3/29/25 17:00,1,,1
3/29/25 18:00,0,,0
3/29/25 19:00,0,,0
3/29/25 20:00,0,,0
3/29/25 21:00,0,,0
3/29/25 22:00,0,,0
3/29/25 23:00,0,,0
3/30/25,0,,0
3/30/25 1:00,0,,0
3/30/25 2:00,0,,0
3/30/25 3:00,0,,0
3/30/25 4:00,0,,0
3/30/25 5:00,0,,0
3/30/25 6:00,1,,1
3/30/25 7:00,3,,4
3/30/25 8:00,7,,9
3/30/25 9:00,10,,12
3/30/25 10:00,10,,12
3/30/25 11:00,10,,13
3/30/25 12:00,14,,17
3/30/25 13:00,13,,19
3/30/25 14:00,12,,15
3/30/25 15:00,10,,13
3/30/25 16:00,6,,8
3/30/25 17:00,3,,3
3/30/25 18:00,0,,0
3/30/25 19:00,0,,0
3/30/25 20:00,0,,0
3/30/25 21:00,0,,0
3/30/25 22:00,0,,0
3/30/25 23:00,0,,0
3/31/25,0,,0
3/31/25 1:00,0,,0
3/31/25 2:00,0,,0
3/31/25 3:00,0,,0
3/31/25 4:00,0,,0
3/31/25 5:00,0,,0
3/31/25 6:00,0,,0
3/31/25 7:00,2,,2
3/31/25 8:00,4,,4
3/31/25 9:00,7,,7
3/31/25 10:00,12,,11
3/31/25 11:00,5,,6
3/31/25 12:00,8,,8
3/31/25 13:00,7,,9
3/31/25 14:00,8,,10
3/31/25 15:00,6,,6
3/31/25 16:00,4,,4
3/31/25 17:00,1,,1
3/31/25 18:00,0,,0
3/31/25 19:00,0,,0
3/31/25 20:00,0,,0
3/31/25 21:00,0,,0
3/31/25 22:00,0,,0
3/31/25 23:00,0,,0
4/1/25,0,,0
4/1/25 1:00,0,,0
4/1/25 2:00,0,,0
4/1/25 3:00,0,,0
4/1/25 4:00,0,,0
4/1/25 5:00,0,,0
4/1/25 6:00,0,,0
4/1/25 7:00,1,,1
4/1/25 8:00,2,,3
4/1/25 9:00,3,,5
4/1/25 10:00,9,,11
4/1/25 11:00,12,,14
4/1/25 12:00,12,,19
4/1/25 13:00,11,,24
4/1/25 14:00,14,,18
4/1/25 15:00,9,,13
4/1/25 16:00,2,,4
4/1/25 17:00,3,,4
4/1/25 18:00,0,,1
4/1/25 19:00,0,,0
4/1/25 20:00,0,,0
4/1/25 21:00,0,,0
4/1/25 22:00,0,,0
4/1/25 23:00,0,,0
4/2/25,0,,0
4/2/25 1:00,0,,0
4/2/25 2:00,0,,0
4/2/25 3:00,0,,0
4/2/25 4:00,0,,0
4/2/25 5:00,0,,0
4/2/25 6:00,1,,1
4/2/25 7:00,3,,4
4/2/25 8:00,7,,9
4/2/25 9:00,11,,14
4/2/25 10:00,16,,20
4/2/25 11:00,14,,17
4/2/25 12:00,14,,20
4/2/25 13:00,12,,18
4/2/25 14:00,16,,19
4/2/25 15:00,11,,14
4/2/25 16:00,7,,9
4/2/25 17:00,3,,4
4/2/25 18:00,1,,1
4/2/25 19:00,0,,0
4/2/25 20:00,0,,0
4/2/25 21:00,0,,0
4/2/25 22:00,0,,0
4/2/25 23:00,0,,0
4/3/25,0,,0
4/3/25 1:00,0,,0
4/3/25 2:00,0,,0
4/3/25 3:00,0,,0
4/3/25 4:00,0,,0
4/3/25 5:00,0,,0
4/3/25 6:00,0,,0
4/3/25 7:00,2,,3
4/3/25 8:00,7,,7
4/3/25 9:00,14,,14
4/3/25 10:00,16,,21
4/3/25 11:00,12,,27
4/3/25 12:00,12,,13
4/3/25 13:00,7,,17
4/3/25 14:00,4,,9
4/3/25 15:00,7,,11
4/3/25 16:00,3,,4
4/3/25 17:00,3,,4
4/3/25 18:00,1,,1
4/3/25 19:00,0,,0
4/3/25 20:00,0,,0
4/3/25 21:00,0,,0
4/3/25 22:00,0,,0
4/3/25 23:00,0,,0
4/4/25,0,,0
4/4/25 1:00,0,,0
4/4/25 2:00,0,,0
4/4/25 3:00,0,,0
4/4/25 4:00,0,,0
4/4/25 5:00,0,,0
4/4/25 6:00,1,,1
4/4/25 7:00,4,,5
4/4/25 8:00,7,,9
4/4/25 9:00,9,,12
4/4/25 10:00,12,,22
4/4/25 11:00,11,,23
4/4/25 12:00,13,,20
4/4/25 13:00,11,,18
4/4/25 14:00,7,,10
4/4/25 15:00,9,,17
4/4/25 16:00,8,,6
4/4/25 17:00,4,,4
4/4/25 18:00,0,,0
4/4/25 19:00,0,,0
4/4/25 20:00,0,,0
4/4/25 21:00,0,,0
4/4/25 22:00,0,,0
4/4/25 23:00,0,,0
4/5/25,0,,0
4/5/25 1:00,0,,0
4/5/25 2:00,0,,0
4/5/25 3:00,0,,0
4/5/25 4:00,0,,0
4/5/25 5:00,0,,0
4/5/25 6:00,1,,1
4/5/25 7:00,5,,5
4/5/25 8:00,10,,11
4/5/25 9:00,15,,18
4/5/25 10:00,19,,23
4/5/25 11:00,22,,26
4/5/25 12:00,15,,27
4/5/25 13:00,9,,26
4/5/25 14:00,19,,22
4/5/25 15:00,15,,17
4/5/25 16:00,10,,11
4/5/25 17:00,5,,5
4/5/25 18:00,1,,1
4/5/25 19:00,0,,0
4/5/25 20:00,0,,0
4/5/25 21:00,0,,0
4/5/25 22:00,0,,0
4/5/25 23:00,0,,0
4/6/25,0,,0
4/6/25 1:00,0,,0
4/6/25 2:00,0,,0
4/6/25 3:00,0,,0
4/6/25 4:00,0,,0
4/6/25 5:00,0,,0
4/6/25 6:00,1,,1
4/6/25 7:00,5,,5
4/6/25 8:00,10,,11
4/6/25 9:00,15,,17
4/6/25 10:00,19,,23
4/6/25 11:00,22,,26
4/6/25 12:00,15,,27
4/6/25 13:00,9,,26
4/6/25 14:00,19,,23
4/6/25 15:00,14,,17
4/6/25 16:00,9,,11
4/6/25 17:00,5,,5
4/6/25 18:00,1,,1
4/6/25 19:00,0,,0
4/6/25 20:00,0,,0
4/6/25 21:00,0,,0
4/6/25 22:00,0,,0
4/6/25 23:00,0,,0
4/7/25,0,,0
4/7/25 1:00,0,,0
4/7/25 2:00,0,,0
4/7/25 3:00,0,,0
4/7/25 4:00,0,,0
4/7/25 5:00,0,,0
4/7/25 6:00,1,,1
4/7/25 7:00,5,,5
4/7/25 8:00,9,,11
4/7/25 9:00,14,,17
4/7/25 10:00,19,,22
4/7/25 11:00,22,,26
4/7/25 12:00,16,,25
4/7/25 13:00,11,,23
4/7/25 14:00,13,,17
4/7/25 15:00,14,,17
4/7/25 16:00,8,,10
4/7/25 17:00,4,,4
4/7/25 18:00,1,,1
4/7/25 19:00,0,,0
4/7/25 20:00,0,,0
4/7/25 21:00,0,,0
4/7/25 22:00,0,,0
4/7/25 23:00,0,,0
4/8/25,0,,0
4/8/25 1:00,0,,0
4/8/25 2:00,0,,0
4/8/25 3:00,0,,0
4/8/25 4:00,0,,0
4/8/25 5:00,0,,0
4/8/25 6:00,1,,1
4/8/25 7:00,4,,5
4/8/25 8:00,8,,10
4/8/25 9:00,14,,17
4/8/25 10:00,19,,22
4/8/25 11:00,21,,25
4/8/25 12:00,15,,26
4/8/25 13:00,10,,25
4/8/25 14:00,18,,22
4/8/25 15:00,13,,17
4/8/25 16:00,9,,11
4/8/25 17:00,4,,5
4/8/25 18:00,1,,1
4/8/25 19:00,0,,0
4/8/25 20:00,0,,0
4/8/25 21:00,0,,0
4/8/25 22:00,0,,0
4/8/25 23:00,0,,0
4/9/25,0,,0
4/9/25 1:00,0,,0
4/9/25 2:00,0,,0
4/9/25 3:00,0,,0
4/9/25 4:00,0,,0
4/9/25 5:00,0,,0
4/9/25 6:00,1,,1
4/9/25 7:00,5,,5
4/9/25 8:00,10,,11
4/9/25 9:00,15,,17
4/9/25 10:00,19,,22
4/9/25 11:00,21,,25
4/9/25 12:00,15,,27
4/9/25 13:00,10,,25
4/9/25 14:00,18,,22
4/9/25 15:00,14,,16
4/9/25 16:00,8,,8
4/9/25 17:00,4,,5
4/9/25 18:00,1,,1
4/9/25 19:00,0,,0
4/9/25 20:00,0,,0
4/9/25 21:00,0,,0
4/9/25 22:00,0,,0
4/9/25 23:00,0,,0
4/10/25,0,,0
4/10/25 1:00,0,,0
4/10/25 2:00,0,,0
4/10/25 3:00,0,,0
4/10/25 4:00,0,,0
4/10/25 5:00,0,,0
4/10/25 6:00,1,,1
4/10/25 7:00,5,,6
4/10/25 8:00,10,,12
4/10/25 9:00,15,,18
4/10/25 10:00,19,,23
4/10/25 11:00,22,,26
4/10/25 12:00,15,,27
4/10/25 13:00,9,,25
4/10/25 14:00,19,,22
4/10/25 15:00,12,,16
4/10/25 16:00,9,,10
4/10/25 17:00,4,,4
4/10/25 18:00,1,,1
4/10/25 19:00,0,,0
4/10/25 20:00,0,,0
4/10/25 21:00,0,,0
4/10/25 22:00,0,,0
4/10/25 23:00,0,,0
4/11/25,0,,0
4/11/25 1:00,0,,0
4/11/25 2:00,0,,0
4/11/25 3:00,0,,0
4/11/25 4:00,0,,0
4/11/25 5:00,0,,0
4/11/25 6:00,1,,1
4/11/25 7:00,5,,6
4/11/25 8:00,10,,12
4/11/25 9:00,15,,18
4/11/25 10:00,19,,23
4/11/25 11:00,23,,26
4/11/25 12:00,16,,26
4/11/25 13:00,11,,24
4/11/25 14:00,17,,21
4/11/25 15:00,11,,13
4/11/25 16:00,9,,10
4/11/25 17:00,4,,4
4/11/25 18:00,1,,1
4/11/25 19:00,0,,0
4/11/25 20:00,0,,0
4/11/25 21:00,0,,0
4/11/25 22:00,0,,0
4/11/25 23:00,0,,0
4/12/25,0,,0
4/12/25 1:00,0,,0
4/12/25 2:00,0,,0
4/12/25 3:00,0,,0
4/12/25 4:00,0,,0
4/12/25 5:00,0,,0
4/12/25 6:00,1,,1
4/12/25 7:00,3,,4
4/12/25 8:00,6,,7
4/12/25 9:00,10,,10
4/12/25 10:00,11,,12
4/12/25 11:00,13,,15
4/12/25 12:00,14,,23
4/12/25 13:00,11,,24
4/12/25 14:00,18,,23
4/12/25 15:00,15,,18
4/12/25 16:00,8,,10
4/12/25 17:00,2,,2
4/12/25 18:00,1,,0
4/12/25 19:00,0,,0
4/12/25 20:00,0,,0
4/12/25 21:00,0,,0
4/12/25 22:00,0,,0
4/12/25 23:00,0,,0
4/13/25,0,,0
4/13/25 1:00,0,,0
4/13/25 2:00,0,,0
4/13/25 3:00,0,,0
4/13/25 4:00,0,,0
4/13/25 5:00,0,,0
4/13/25 6:00,1,,1
4/13/25 7:00,3,,4
4/13/25 8:00,7,,9
4/13/25 9:00,12,,14
4/13/25 10:00,20,,24
4/13/25 11:00,22,,26
4/13/25 12:00,15,,28
4/13/25 13:00,9,,27
4/13/25 14:00,19,,22
4/13/25 15:00,13,,16
4/13/25 16:00,10,,12
4/13/25 17:00,5,,6
4/13/25 18:00,1,,1
4/13/25 19:00,0,,0
4/13/25 20:00,0,,0
4/13/25 21:00,0,,0
4/13/25 22:00,0,,0
4/13/25 23:00,0,,0
4/14/25,0,,0
4/14/25 1:00,0,,0
4/14/25 2:00,0,,0
4/14/25 3:00,0,,0
4/14/25 4:00,0,,0
4/14/25 5:00,0,,0
4/14/25 6:00,2,,2
4/14/25 7:00,6,,6
4/14/25 8:00,11,,12
4/14/25 9:00,16,,18
4/14/25 10:00,20,,23
4/14/25 11:00,22,,26
4/14/25 12:00,15,,28
4/14/25 13:00,9,,26
4/14/25 14:00,19,,23
4/14/25 15:00,15,,18
4/14/25 16:00,10,,12
4/14/25 17:00,5,,6
4/14/25 18:00,1,,1
4/14/25 19:00,0,,0
4/14/25 20:00,0,,0
4/14/25 21:00,0,,0
4/14/25 22:00,0,,0
4/14/25 23:00,0,,0
4/15/25,,,0
4/15/25 1:00,,,0
4/15/25 2:00,,,0
4/15/25 3:00,,,0
4/15/25 4:00,,,0
4/15/25 5:00,,,0
4/15/25 6:00,,,2
4/15/25 7:00,,,6
4/15/25 8:00,,,13
4/15/25 9:00,,,18
4/15/25 10:00,,,23
4/15/25 11:00,,,25
4/15/25 12:00,,,22
4/15/25 13:00,,,26
4/15/25 14:00,,,19
4/15/25 15:00,,,17
4/15/25 16:00,,,9
4/15/25 17:00,,,5
4/15/25 18:00,,,2
4/15/25 19:00,,,0
4/15/25 20:00,,,0
4/15/25 21:00,,,0
4/15/25 22:00,,,0
4/15/25 23:00,,,0
4/16/25,,,0
4/16/25 1:00,,,0
4/16/25 2:00,,,0
4/16/25 3:00,,,0
4/16/25 4:00,,,0
4/16/25 5:00,,,0
4/16/25 6:00,,,1
4/16/25 7:00,,,5
4/16/25 8:00,,,6
4/16/25 9:00,,,6
4/16/25 10:00,,,10
4/16/25 11:00,,,18
4/16/25 12:00,,,21
4/16/25 13:00,,,14
4/16/25 14:00,,,12
4/16/25 15:00,,,5
4/16/25 16:00,,,4
4/16/25 17:00,,,3
4/16/25 18:00,,,1
4/16/25 19:00,,,0
4/16/25 20:00,,,0
4/16/25 21:00,,,0
4/16/25 22:00,,,0
4/16/25 23:00,,,0
4/17/25,,,0
4/17/25 1:00,,,0
4/17/25 2:00,,,0
4/17/25 3:00,,,0
4/17/25 4:00,,,0
4/17/25 5:00,,,0
4/17/25 6:00,,,0
4/17/25 7:00,,,0
4/17/25 8:00,,,1
4/17/25 9:00,,,2
4/17/25 10:00,,,5
4/17/25 11:00,,,5
4/17/25 12:00,,,7
4/17/25 13:00,,,16
4/17/25 14:00,,,18
4/17/25 15:00,,,9
4/17/25 16:00,,,10
4/17/25 17:00,,,6
4/17/25 18:00,,,1
4/17/25 19:00,,,0
4/17/25 20:00,,,0
4/17/25 21:00,,,0
4/17/25 22:00,,,0
4/17/25 23:00,,,0
4/18/25,,,0
4/18/25 1:00,,,0
4/18/25 2:00,,,0
4/18/25 3:00,,,0
4/18/25 4:00,,,0
4/18/25 5:00,,,0
4/18/25 6:00,,,1
4/18/25 7:00,,,2
4/18/25 8:00,,,3
4/18/25 9:00,,,14
4/18/25 10:00,,,21
4/18/25 11:00,,,29
4/18/25 12:00,,,28
4/18/25 13:00,,,21
4/18/25 14:00,,,12
4/18/25 15:00,,,8
4/18/25 16:00,,,8
4/18/25 17:00,,,6
4/18/25 18:00,,,2
4/18/25 19:00,,,0
4/18/25 20:00,,,0
4/18/25 21:00,,,0
4/18/25 22:00,,,0
4/18/25 23:00,,,0
4/19/25,,,0
4/19/25 1:00,,,0
4/19/25 2:00,,,0
4/19/25 3:00,,,0
4/19/25 4:00,,,0
4/19/25 5:00,,,0
4/19/25 6:00,,,2
4/19/25 7:00,,,7
4/19/25 8:00,,,13
4/19/25 9:00,,,19
4/19/25 10:00,,,24
4/19/25 11:00,,,28
4/19/25 12:00,,,29
4/19/25 13:00,,,27
4/19/25 14:00,,,24
4/19/25 15:00,,,19
4/19/25 16:00,,,13
4/19/25 17:00,,,6
4/19/25 18:00,,,2
4/19/25 19:00,,,0
4/19/25 20:00,,,0
4/19/25 21:00,,,0
4/19/25 22:00,,,0
4/19/25 23:00,,,0
4/20/25,,,0
4/20/25 1:00,,,0
4/20/25 2:00,,,0
4/20/25 3:00,,,0
4/20/25 4:00,,,0
4/20/25 5:00,,,0
4/20/25 6:00,,,2
4/20/25 7:00,,,6
4/20/25 8:00,,,12
4/20/25 9:00,,,16
4/20/25 10:00,,,21
4/20/25 11:00,,,20
4/20/25 12:00,,,23
4/20/25 13:00,,,27
4/20/25 14:00,,,24
4/20/25 15:00,,,19
4/20/25 16:00,,,12
4/20/25 17:00,,,6
4/20/25 18:00,,,2
4/20/25 19:00,,,0
4/20/25 20:00,,,0
4/20/25 21:00,,,0
4/20/25 22:00,,,0
4/20/25 23:00,,,0
4/21/25,,,0
4/21/25 1:00,,,0
4/21/25 2:00,,,0
4/21/25 3:00,,,0
4/21/25 4:00,,,0
4/21/25 5:00,,,0
4/21/25 6:00,,,2
4/21/25 7:00,,,7
4/21/25 8:00,,,13
4/21/25 9:00,,,19
4/21/25 10:00,,,24
4/21/25 11:00,,,27
4/21/25 12:00,,,28
4/21/25 13:00,,,27
4/21/25 14:00,,,23
4/21/25 15:00,,,18
4/21/25 16:00,,,12
4/21/25 17:00,,,6
4/21/25 18:00,,,2
4/21/25 19:00,,,0
4/21/25 20:00,,,0
4/21/25 21:00,,,0
4/21/25 22:00,,,0
4/21/25 23:00,,,0
4/22/25,,,0
4/22/25 1:00,,,0
4/22/25 2:00,,,0
4/22/25 3:00,,,0
4/22/25 4:00,,,0
4/22/25 5:00,,,0
4/22/25 6:00,,,2
4/22/25 7:00,,,7
4/22/25 8:00,,,13
4/22/25 9:00,,,19
4/22/25 10:00,,,24
4/22/25 11:00,,,27
4/22/25 12:00,,,28
4/22/25 13:00,,,27
4/22/25 14:00,,,23
4/22/25 15:00,,,18
4/22/25 16:00,,,12
4/22/25 17:00,,,6
4/22/25 18:00,,,2
4/22/25 19:00,,,0
4/22/25 20:00,,,0
4/22/25 21:00,,,0
4/22/25 22:00,,,0
4/22/25 23:00,,,0
4/23/25,,,0
4/23/25 1:00,,,0
4/23/25 2:00,,,0
4/23/25 3:00,,,0
4/23/25 4:00,,,0
4/23/25 5:00,,,0
4/23/25 6:00,,,2
4/23/25 7:00,,,5
4/23/25 8:00,,,7
4/23/25 9:00,,,10
4/23/25 10:00,,,18
4/23/25 11:00,,,20
4/23/25 12:00,,,19
4/23/25 13:00,,,17
4/23/25 14:00,,,14
4/23/25 15:00,,,13
4/23/25 16:00,,,9
4/23/25 17:00,,,4
4/23/25 18:00,,,1
4/23/25 19:00,,,0
4/23/25 20:00,,,0
4/23/25 21:00,,,0
4/23/25 22:00,,,0
4/23/25 23:00,,,0
4/24/25,,,0
4/24/25 1:00,,,0
4/24/25 2:00,,,0
4/24/25 3:00,,,0
4/24/25 4:00,,,0
4/24/25 5:00,,,0
4/24/25 6:00,,,1
4/24/25 7:00,,,1
4/24/25 8:00,,,2
4/24/25 9:00,,,3
4/24/25 10:00,,,16
4/24/25 11:00,,,28
4/24/25 12:00,,,29
4/24/25 13:00,,,20
4/24/25 14:00,,,17
4/24/25 15:00,,,17
4/24/25 16:00,,,7
4/24/25 17:00,,,1
4/24/25 18:00,,,0
4/24/25 19:00,,,0
4/24/25 20:00,,,0
4/24/25 21:00,,,0
4/24/25 22:00,,,0
4/24/25 23:00,,,0
4/25/25,,,0
4/25/25 1:00,,,0
4/25/25 2:00,,,0
4/25/25 3:00,,,0
4/25/25 4:00,,,0
4/25/25 5:00,,,0
4/25/25 6:00,,,2
4/25/25 7:00,,,5
4/25/25 8:00,,,10
4/25/25 9:00,,,19
4/25/25 10:00,,,23
4/25/25 11:00,,,25
4/25/25 12:00,,,27
4/25/25 13:00,,,26
4/25/25 14:00,,,25
4/25/25 15:00,,,14
4/25/25 16:00,,,7
4/25/25 17:00,,,3
4/25/25 18:00,,,1
4/25/25 19:00,,,0
4/25/25 20:00,,,0
4/25/25 21:00,,,0
4/25/25 22:00,,,0
4/25/25 23:00,,,0
4/26/25,,,0
4/26/25 1:00,,,0
4/26/25 2:00,,,0
4/26/25 3:00,,,0
4/26/25 4:00,,,0
4/26/25 5:00,,,0
4/26/25 6:00,,,2
4/26/25 7:00,,,7
4/26/25 8:00,,,13
4/26/25 9:00,,,20
4/26/25 10:00,,,25
4/26/25 11:00,,,27
4/26/25 12:00,,,29
4/26/25 13:00,,,27
4/26/25 14:00,,,24
4/26/25 15:00,,,19
4/26/25 16:00,,,12
4/26/25 17:00,,,5
4/26/25 18:00,,,1
4/26/25 19:00,,,0
4/26/25 20:00,,,0
4/26/25 21:00,,,0
4/26/25 22:00,,,0
4/26/25 23:00,,,0
4/27/25,,,0
4/27/25 1:00,,,0
4/27/25 2:00,,,0
4/27/25 3:00,,,0
4/27/25 4:00,,,0
4/27/25 5:00,,,0
4/27/25 6:00,,,2
4/27/25 7:00,,,4
4/27/25 8:00,,,9
4/27/25 9:00,,,15
4/27/25 10:00,,,22
4/27/25 11:00,,,28
4/27/25 12:00,,,26
4/27/25 13:00,,,28
4/27/25 14:00,,,23
4/27/25 15:00,,,16
4/27/25 16:00,,,9
4/27/25 17:00,,,2
4/27/25 18:00,,,0
4/27/25 19:00,,,0
4/27/25 20:00,,,0
4/27/25 21:00,,,0
4/27/25 22:00,,,0
4/27/25 23:00,,,0
4/28/25,,,0
4/28/25 1:00,,,0
4/28/25 2:00,,,0
4/28/25 3:00,,,0
4/28/25 4:00,,,0
4/28/25 5:00,,,0
4/28/25 6:00,,,3
4/28/25 7:00,,,8
4/28/25 8:00,,,11
4/28/25 9:00,,,18
4/28/25 10:00,,,25
4/28/25 11:00,,,20
4/28/25 12:00,,,19
4/28/25 13:00,,,21
4/28/25 14:00,,,15
4/28/25 15:00,,,12
4/28/25 16:00,,,11
4/28/25 17:00,,,5
4/28/25 18:00,,,1
4/28/25 19:00,,,0
4/28/25 20:00,,,0
4/28/25 21:00,,,0
4/28/25 22:00,,,0
4/28/25 23:00,,,0
4/29/25,,,0
4/29/25 1:00,,,0
4/29/25 2:00,,,0
4/29/25 3:00,,,0
4/29/25 4:00,,,0
4/29/25 5:00,,,0
4/29/25 6:00,,,3
4/29/25 7:00,,,8
4/29/25 8:00,,,14
4/29/25 9:00,,,19
4/29/25 10:00,,,24
4/29/25 11:00,,,27
4/29/25 12:00,,,28
4/29/25 13:00,,,27
4/29/25 14:00,,,24
4/29/25 15:00,,,19
4/29/25 16:00,,,13
4/29/25 17:00,,,7
4/29/25 18:00,,,2
4/29/25 19:00,,,0
4/29/25 20:00,,,0
4/29/25 21:00,,,0
4/29/25 22:00,,,0
4/29/25 23:00,,,0
4/30/25,,,0
4/30/25 1:00,,,0
4/30/25 2:00,,,0
4/30/25 3:00,,,0
4/30/25 4:00,,,0
4/30/25 5:00,,,0
4/30/25 6:00,,,0
4/30/25 7:00,,,1
4/30/25 8:00,,,3
4/30/25 9:00,,,10
4/30/25 10:00,,,5
4/30/25 11:00,,,6
4/30/25 12:00,,,17
4/30/25 13:00,,,18
4/30/25 14:00,,,24
4/30/25 15:00,,,18
4/30/25 16:00,,,11
4/30/25 17:00,,,7
4/30/25 18:00,,,2
4/30/25 19:00,,,0
4/30/25 20:00,,,0
4/30/25 21:00,,,0
4/30/25 22:00,,,0
4/30/25 23:00,,,0
5/1/25,,,0
5/1/25 1:00,,,0
5/1/25 2:00,,,0
5/1/25 3:00,,,0
5/1/25 4:00,,,0
5/1/25 5:00,,,0
5/1/25 6:00,,,3
5/1/25 7:00,,,8
5/1/25 8:00,,,14
5/1/25 9:00,,,20
5/1/25 10:00,,,24
5/1/25 11:00,,,27
5/1/25 12:00,,,29
5/1/25 13:00,,,27
5/1/25 14:00,,,24
5/1/25 15:00,,,19
5/1/25 16:00,,,13
5/1/25 17:00,,,7
5/1/25 18:00,,,2
5/1/25 19:00,,,0
5/1/25 20:00,,,0
5/1/25 21:00,,,0
5/1/25 22:00,,,0
5/1/25 23:00,,,0
5/2/25,,,0
5/2/25 1:00,,,0
5/2/25 2:00,,,0
5/2/25 3:00,,,0
5/2/25 4:00,,,0
5/2/25 5:00,,,0
5/2/25 6:00,,,3
5/2/25 7:00,,,8
5/2/25 8:00,,,14
5/2/25 9:00,,,20
5/2/25 10:00,,,25
5/2/25 11:00,,,28
5/2/25 12:00,,,29
5/2/25 13:00,,,27
5/2/25 14:00,,,24
5/2/25 15:00,,,19
5/2/25 16:00,,,13
5/2/25 17:00,,,7
5/2/25 18:00,,,2
5/2/25 19:00,,,0
5/2/25 20:00,,,0
5/2/25 21:00,,,0
5/2/25 22:00,,,0
5/2/25 23:00,,,0
5/3/25,,,0
5/3/25 1:00,,,0
5/3/25 2:00,,,0
5/3/25 3:00,,,0
5/3/25 4:00,,,0
5/3/25 5:00,,,0
5/3/25 6:00,,,3
5/3/25 7:00,,,8
5/3/25 8:00,,,14
5/3/25 9:00,,,20
5/3/25 10:00,,,25
5/3/25 11:00,,,28
5/3/25 12:00,,,29
5/3/25 13:00,,,28
5/3/25 14:00,,,24
5/3/25 15:00,,,19
5/3/25 16:00,,,13
5/3/25 17:00,,,5
5/3/25 18:00,,,2
5/3/25 19:00,,,0
5/3/25 20:00,,,0
5/3/25 21:00,,,0
5/3/25 22:00,,,0
5/3/25 23:00,,,0
5/4/25,,,0
5/4/25 1:00,,,0
5/4/25 2:00,,,0
5/4/25 3:00,,,0
5/4/25 4:00,,,0
5/4/25 5:00,,,0
5/4/25 6:00,,,2
5/4/25 7:00,,,7
5/4/25 8:00,,,13
5/4/25 9:00,,,13
5/4/25 10:00,,,15
5/4/25 11:00,,,13
5/4/25 12:00,,,10
5/4/25 13:00,,,3
5/4/25 14:00,,,8
5/4/25 15:00,,,18
5/4/25 16:00,,,12
5/4/25 17:00,,,3
5/4/25 18:00,,,0
5/4/25 19:00,,,0
5/4/25 20:00,,,0
5/4/25 21:00,,,0
5/4/25 22:00,,,0
5/4/25 23:00,,,0
5/5/25,,,0
5/5/25 1:00,,,0
5/5/25 2:00,,,0
5/5/25 3:00,,,0
5/5/25 4:00,,,0
5/5/25 5:00,,,0
5/5/25 6:00,,,2
5/5/25 7:00,,,4
5/5/25 8:00,,,5
5/5/25 9:00,,,13
5/5/25 10:00,,,8
5/5/25 11:00,,,9
5/5/25 12:00,,,5
5/5/25 13:00,,,3
5/5/25 14:00,,,2
5/5/25 15:00,,,1
5/5/25 16:00,,,0
5/5/25 17:00,,,0
5/5/25 18:00,,,0
5/5/25 19:00,,,0
5/5/25 20:00,,,0
5/5/25 21:00,,,0
5/5/25 22:00,,,0
5/5/25 23:00,,,0
5/6/25,,,0
5/6/25 1:00,,,0
5/6/25 2:00,,,0
5/6/25 3:00,,,0
5/6/25 4:00,,,0
5/6/25 5:00,,,0
5/6/25 6:00,,,0
5/6/25 7:00,,,4
5/6/25 8:00,,,8
5/6/25 9:00,,,12
5/6/25 10:00,,,20
5/6/25 11:00,,,29
5/6/25 12:00,,,21
5/6/25 13:00,,,23
5/6/25 14:00,,,25
5/6/25 15:00,,,16
5/6/25 16:00,,,12
5/6/25 17:00,,,5
5/6/25 18:00,,,2
5/6/25 19:00,,,0
5/6/25 20:00,,,0
5/6/25 21:00,,,0
5/6/25 22:00,,,0
5/6/25 23:00,,,0
5/7/25,,,0
5/7/25 1:00,,,0
5/7/25 2:00,,,0
5/7/25 3:00,,,0
5/7/25 4:00,,,0
5/7/25 5:00,,,0
5/7/25 6:00,,,3
5/7/25 7:00,,,9
5/7/25 8:00,,,15
5/7/25 9:00,,,21
5/7/25 10:00,,,25
5/7/25 11:00,,,29
5/7/25 12:00,,,30
5/7/25 13:00,,,28
5/7/25 14:00,,,24
5/7/25 15:00,,,19
5/7/25 16:00,,,13
5/7/25 17:00,,,7
5/7/25 18:00,,,3
5/7/25 19:00,,,0
5/7/25 20:00,,,0
5/7/25 21:00,,,0
5/7/25 22:00,,,0
5/7/25 23:00,,,0
5/8/25,,,0
5/8/25 1:00,,,0
5/8/25 2:00,,,0
5/8/25 3:00,,,0
5/8/25 4:00,,,0
5/8/25 5:00,,,0
5/8/25 6:00,,,3
5/8/25 7:00,,,9
5/8/25 8:00,,,15
5/8/25 9:00,,,21
5/8/25 10:00,,,25
5/8/25 11:00,,,29
5/8/25 12:00,,,29
5/8/25 13:00,,,26
5/8/25 14:00,,,25
5/8/25 15:00,,,20
5/8/25 16:00,,,13
5/8/25 17:00,,,7
5/8/25 18:00,,,3
5/8/25 19:00,,,0
5/8/25 20:00,,,0
5/8/25 21:00,,,0
5/8/25 22:00,,,0
5/8/25 23:00,,,0
5/9/25,,,0
5/9/25 1:00,,,0
5/9/25 2:00,,,0
5/9/25 3:00,,,0
5/9/25 4:00,,,0
5/9/25 5:00,,,0
5/9/25 6:00,,,3
5/9/25 7:00,,,9
5/9/25 8:00,,,14
5/9/25 9:00,,,20
5/9/25 10:00,,,25
5/9/25 11:00,,,27
5/9/25 12:00,,,28
5/9/25 13:00,,,27
5/9/25 14:00,,,24
5/9/25 15:00,,,19
5/9/25 16:00,,,13
5/9/25 17:00,,,7
5/9/25 18:00,,,3
5/9/25 19:00,,,0
5/9/25 20:00,,,0
5/9/25 21:00,,,0
5/9/25 22:00,,,0
5/9/25 23:00,,,0
5/10/25,,,0
5/10/25 1:00,,,0
5/10/25 2:00,,,0
5/10/25 3:00,,,0
5/10/25 4:00,,,0
5/10/25 5:00,,,0
5/10/25 6:00,,,3
5/10/25 7:00,,,9
5/10/25 8:00,,,15
5/10/25 9:00,,,21
5/10/25 10:00,,,25
5/10/25 11:00,,,28
5/10/25 12:00,,,29
5/10/25 13:00,,,28
5/10/25 14:00,,,24
5/10/25 15:00,,,19
5/10/25 16:00,,,13
5/10/25 17:00,,,7
5/10/25 18:00,,,3
5/10/25 19:00,,,0
5/10/25 20:00,,,0
5/10/25 21:00,,,0
5/10/25 22:00,,,0
5/10/25 23:00,,,0
5/11/25,,,0
5/11/25 1:00,,,0
5/11/25 2:00,,,0
5/11/25 3:00,,,0
5/11/25 4:00,,,0
5/11/25 5:00,,,0
5/11/25 6:00,,,2
5/11/25 7:00,,,3
5/11/25 8:00,,,10
5/11/25 9:00,,,21
5/11/25 10:00,,,22
5/11/25 11:00,,,21
5/11/25 12:00,,,17
5/11/25 13:00,,,13
5/11/25 14:00,,,13
5/11/25 15:00,,,9
5/11/25 16:00,,,8
5/11/25 17:00,,,4
5/11/25 18:00,,,1
5/11/25 19:00,,,0
5/11/25 20:00,,,0
5/11/25 21:00,,,0
5/11/25 22:00,,,0
5/11/25 23:00,,,0
5/12/25,,,0
5/12/25 1:00,,,0
5/12/25 2:00,,,0
5/12/25 3:00,,,0
5/12/25 4:00,,,0
5/12/25 5:00,,,1
5/12/25 6:00,,,3
5/12/25 7:00,,,9
5/12/25 8:00,,,14
5/12/25 9:00,,,19
5/12/25 10:00,,,25
5/12/25 11:00,,,27
5/12/25 12:00,,,28
5/12/25 13:00,,,27
5/12/25 14:00,,,24
5/12/25 15:00,,,19
5/12/25 16:00,,,13
5/12/25 17:00,,,7
5/12/25 18:00,,,2
5/12/25 19:00,,,0
5/12/25 20:00,,,0
5/12/25 21:00,,,0
5/12/25 22:00,,,0
5/12/25 23:00,,,0
5/13/25,,,0
5/13/25 1:00,,,0
5/13/25 2:00,,,0
5/13/25 3:00,,,0
5/13/25 4:00,,,0
5/13/25 5:00,,,1
5/13/25 6:00,,,3
5/13/25 7:00,,,9
5/13/25 8:00,,,12
5/13/25 9:00,,,7
5/13/25 10:00,,,7
5/13/25 11:00,,,7
5/13/25 12:00,,,6
5/13/25 13:00,,,4
5/13/25 14:00,,,10
5/13/25 15:00,,,5
5/13/25 16:00,,,7
5/13/25 17:00,,,4
5/13/25 18:00,,,2
5/13/25 19:00,,,0
5/13/25 20:00,,,0
5/13/25 21:00,,,0
5/13/25 22:00,,,0
5/13/25 23:00,,,0
5/14/25,,,0
5/14/25 1:00,,,0
5/14/25 2:00,,,0
5/14/25 3:00,,,0
5/14/25 4:00,,,0
5/14/25 5:00,,,0
5/14/25 6:00,,,3
5/14/25 7:00,,,6
5/14/25 8:00,,,4
5/14/25 9:00,,,5
5/14/25 10:00,,,14
5/14/25 11:00,,,8
5/14/25 12:00,,,16
5/14/25 13:00,,,6
5/14/25 14:00,,,9
5/14/25 15:00,,,5
5/14/25 16:00,,,3
5/14/25 17:00,,,5
5/14/25 18:00,,,3
5/14/25 19:00,,,0
5/14/25 20:00,,,0
5/14/25 21:00,,,0
5/14/25 22:00,,,0
5/14/25 23:00,,,0
5/15/25,,,0
5/15/25 1:00,,,0
5/15/25 2:00,,,0
5/15/25 3:00,,,0
5/15/25 4:00,,,0
5/15/25 5:00,,,0
5/15/25 6:00,,,3
5/15/25 7:00,,,6
5/15/25 8:00,,,9
5/15/25 9:00,,,9
5/15/25 10:00,,,23
5/15/25 11:00,,,28
5/15/25 12:00,,,25
5/15/25 13:00,,,17
5/15/25 14:00,,,22
5/15/25 15:00,,,10
5/15/25 16:00,,,7
5/15/25 17:00,,,4
5/15/25 18:00,,,2
5/15/25 19:00,,,0
5/15/25 20:00,,,0
5/15/25 21:00,,,0
5/15/25 22:00,,,0
5/15/25 23:00,,,0
5/16/25,,,0
5/16/25 1:00,,,0
5/16/25 2:00,,,0
5/16/25 3:00,,,0
5/16/25 4:00,,,0
5/16/25 5:00,,,0
5/16/25 6:00,,,3
5/16/25 7:00,,,5
5/16/25 8:00,,,9
5/16/25 9:00,,,15
5/16/25 10:00,,,9
5/16/25 11:00,,,12
5/16/25 12:00,,,18
5/16/25 13:00,22,,24
5/16/25 14:00,12,,15
5/16/25 15:00,16,,17
5/16/25 16:00,9,,13
5/16/25 17:00,5,,5
5/16/25 18:00,2,,2
5/16/25 19:00,0,,0
5/16/25 20:00,0,,0
5/16/25 21:00,0,,0
5/16/25 22:00,0,,0
5/16/25 23:00,0,,0
5/17/25,0,,0
5/17/25 1:00,0,,0
5/17/25 2:00,0,,0
5/17/25 3:00,0,,0
5/17/25 4:00,0,,0
5/17/25 5:00,0,,0
5/17/25 6:00,2,,1
5/17/25 7:00,6,,5
5/17/25 8:00,13,,14
5/17/25 9:00,15,,18
5/17/25 10:00,7,,7
5/17/25 11:00,6,,5
5/17/25 12:00,11,,12
5/17/25 13:00,14,,15
5/17/25 14:00,12,,12
5/17/25 15:00,6,,7
5/17/25 16:00,3,,2
5/17/25 17:00,1,,1
5/17/25 18:00,0,,0
5/17/25 19:00,0,,0
5/17/25 20:00,0,,0
5/17/25 21:00,0,,0
5/17/25 22:00,0,,0
5/17/25 23:00,0,,0
5/18/25,0,,0
5/18/25 1:00,0,,0
5/18/25 2:00,0,,0
5/18/25 3:00,0,,0
5/18/25 4:00,0,,0
5/18/25 5:00,0,,0
5/18/25 6:00,1,,0
5/18/25 7:00,2,,2
5/18/25 8:00,5,,3
5/18/25 9:00,3,,3
5/18/25 10:00,6,,4
5/18/25 11:00,5,,7
5/18/25 12:00,6,,9
5/18/25 13:00,5,,6
5/18/25 14:00,7,,6
5/18/25 15:00,15,,14
5/18/25 16:00,11,,14
5/18/25 17:00,6,,7
5/18/25 18:00,3,,3
5/18/25 19:00,0,,0
5/18/25 20:00,0,,0
5/18/25 21:00,0,,0
5/18/25 22:00,0,,0
5/18/25 23:00,0,,0
5/19/25,0,,0
5/19/25 1:00,0,,0
5/19/25 2:00,0,,0
5/19/25 3:00,0,,0
5/19/25 4:00,0,,0
5/19/25 5:00,0,,0
5/19/25 6:00,3,,2
5/19/25 7:00,7,,6
5/19/25 8:00,11,,10
5/19/25 9:00,16,,19
5/19/25 10:00,20,,23
5/19/25 11:00,22,,22
5/19/25 12:00,12,,15
5/19/25 13:00,11,,6
5/19/25 14:00,11,,5
5/19/25 15:00,11,,9
5/19/25 16:00,10,,8
5/19/25 17:00,8,,8
5/19/25 18:00,3,,3
5/19/25 19:00,1,,0
5/19/25 20:00,0,,0
5/19/25 21:00,0,,0
5/19/25 22:00,0,,0
5/19/25 23:00,0,,0
5/20/25,0,,0
5/20/25 1:00,0,,0
5/20/25 2:00,0,,0
5/20/25 3:00,0,,0
5/20/25 4:00,0,,0
5/20/25 5:00,1,,1
5/20/25 6:00,4,,4
5/20/25 7:00,7,,7
5/20/25 8:00,12,,11
5/20/25 9:00,20,,20
5/20/25 10:00,23,,26
5/20/25 11:00,26,,28
5/20/25 12:00,27,,30
5/20/25 13:00,24,,27
5/20/25 14:00,22,,25
5/20/25 15:00,18,,19
5/20/25 16:00,12,,13
5/20/25 17:00,8,,8
5/20/25 18:00,3,,3
5/20/25 19:00,1,,0
5/20/25 20:00,0,,0
5/20/25 21:00,0,,0
5/20/25 22:00,0,,0
5/20/25 23:00,0,,0
5/21/25,0,,0
5/21/25 1:00,0,,0
5/21/25 2:00,0,,0
5/21/25 3:00,0,,0
5/21/25 4:00,0,,0
5/21/25 5:00,1,,1
5/21/25 6:00,3,,3
5/21/25 7:00,8,,9
5/21/25 8:00,14,,15
5/21/25 9:00,19,,21
5/21/25 10:00,24,,25
5/21/25 11:00,26,,28
5/21/25 12:00,27,,29
5/21/25 13:00,26,,28
5/21/25 14:00,23,,25
5/21/25 15:00,18,,20
5/21/25 16:00,13,,14
5/21/25 17:00,8,,8
5/21/25 18:00,3,,3
5/21/25 19:00,1,,0
5/21/25 20:00,0,,0
5/21/25 21:00,0,,0
5/21/25 22:00,0,,0
5/21/25 23:00,0,,0
5/22/25,0,,0
5/22/25 1:00,0,,0
5/22/25 2:00,0,,0
5/22/25 3:00,0,,0
5/22/25 4:00,0,,0
5/22/25 5:00,1,,1
5/22/25 6:00,4,,4
5/22/25 7:00,9,,9
5/22/25 8:00,14,,15
5/22/25 9:00,19,,20
5/22/25 10:00,23,,24
5/22/25 11:00,26,,28
5/22/25 12:00,23,,27
5/22/25 13:00,17,,21
5/22/25 14:00,21,,25
5/22/25 15:00,16,,16
5/22/25 16:00,11,,12
5/22/25 17:00,8,,8
5/22/25 18:00,3,,3
5/22/25 19:00,1,,0
5/22/25 20:00,0,,0
5/22/25 21:00,0,,0
5/22/25 22:00,0,,0
5/22/25 23:00,0,,0
5/23/25,0,,0
5/23/25 1:00,0,,0
5/23/25 2:00,0,,0
5/23/25 3:00,0,,0
5/23/25 4:00,0,,0
5/23/25 5:00,1,,1
5/23/25 6:00,4,,4
5/23/25 7:00,9,,9
5/23/25 8:00,14,,15
5/23/25 9:00,19,,21
5/23/25 10:00,23,,25
5/23/25 11:00,25,,28
5/23/25 12:00,27,,29
5/23/25 13:00,26,,27
5/23/25 14:00,21,,24
5/23/25 15:00,19,,20
5/23/25 16:00,9,,11
5/23/25 17:00,5,,5
5/23/25 18:00,3,,3
5/23/25 19:00,1,,0
5/23/25 20:00,0,,0
5/23/25 21:00,0,,0
5/23/25 22:00,0,,0
5/23/25 23:00,0,,0
5/24/25,0,,0
5/24/25 1:00,0,,0
5/24/25 2:00,0,,0
5/24/25 3:00,0,,0
5/24/25 4:00,0,,0
5/24/25 5:00,0,,0
5/24/25 6:00,2,,2
5/24/25 7:00,6,,6
5/24/25 8:00,9,,10
5/24/25 9:00,12,,12
5/24/25 10:00,9,,10
5/24/25 11:00,15,,15
5/24/25 12:00,19,,19
5/24/25 13:00,19,,21
5/24/25 14:00,20,,18
5/24/25 15:00,18,,20
5/24/25 16:00,13,,14
5/24/25 17:00,8,,9
5/24/25 18:00,4,,4
5/24/25 19:00,1,,0
5/24/25 20:00,0,,0
5/24/25 21:00,0,,0
5/24/25 22:00,0,,0
5/24/25 23:00,0,,0
5/25/25,0,,0
5/25/25 1:00,0,,0
5/25/25 2:00,0,,0
5/25/25 3:00,0,,0
5/25/25 4:00,0,,0
5/25/25 5:00,1,,1
5/25/25 6:00,4,,4
5/25/25 7:00,9,,9
5/25/25 8:00,14,,15
5/25/25 9:00,20,,21
5/25/25 10:00,24,,25
5/25/25 11:00,26,,28
5/25/25 12:00,27,,30
5/25/25 13:00,26,,27
5/25/25 14:00,23,,25
5/25/25 15:00,19,,20
5/25/25 16:00,15,,16
5/25/25 17:00,6,,5
5/25/25 18:00,3,,4
5/25/25 19:00,1,,1
5/25/25 20:00,0,,0
5/25/25 21:00,0,,0
5/25/25 22:00,0,,0
5/25/25 23:00,0,,0
5/26/25,0,,0
5/26/25 1:00,0,,0
5/26/25 2:00,0,,0
5/26/25 3:00,0,,0
5/26/25 4:00,0,,0
5/26/25 5:00,1,,1
5/26/25 6:00,4,,4
5/26/25 7:00,9,,10
5/26/25 8:00,14,,15
5/26/25 9:00,19,,21
5/26/25 10:00,24,,25
5/26/25 11:00,26,,28
5/26/25 12:00,27,,29
5/26/25 13:00,26,,28
5/26/25 14:00,23,,25
5/26/25 15:00,19,,20
5/26/25 16:00,13,,14
5/26/25 17:00,8,,8
5/26/25 18:00,3,,4
5/26/25 19:00,1,,1
5/26/25 20:00,0,,0
5/26/25 21:00,0,,0
5/26/25 22:00,0,,0
5/26/25 23:00,0,,0
5/27/25,0,,0
5/27/25 1:00,0,,0
5/27/25 2:00,0,,0
5/27/25 3:00,0,,0
5/27/25 4:00,0,,0
5/27/25 5:00,1,,1
5/27/25 6:00,4,,4
5/27/25 7:00,9,,9
5/27/25 8:00,14,,15
5/27/25 9:00,19,,21
5/27/25 10:00,23,,25
5/27/25 11:00,26,,28
5/27/25 12:00,27,,29
5/27/25 13:00,26,,28
5/27/25 14:00,23,,25
5/27/25 15:00,18,,20
5/27/25 16:00,13,,14
5/27/25 17:00,8,,8
5/27/25 18:00,3,,4
5/27/25 19:00,1,,1
5/27/25 20:00,0,,0
5/27/25 21:00,0,,0
5/27/25 22:00,0,,0
5/27/25 23:00,0,,0
5/28/25,0,,0
5/28/25 1:00,0,,0
5/28/25 2:00,0,,0
5/28/25 3:00,0,,0
5/28/25 4:00,0,,0
5/28/25 5:00,1,,1
5/28/25 6:00,4,,4
5/28/25 7:00,9,,9
5/28/25 8:00,14,,15
5/28/25 9:00,19,,21
5/28/25 10:00,23,,25
5/28/25 11:00,26,,28
5/28/25 12:00,27,,29
5/28/25 13:00,26,,27
5/28/25 14:00,21,,21
5/28/25 15:00,16,,16
5/28/25 16:00,11,,12
5/28/25 17:00,5,,6
5/28/25 18:00,2,,2
5/28/25 19:00,0,,0
5/28/25 20:00,0,,0
5/28/25 21:00,0,,0
5/28/25 22:00,0,,0
5/28/25 23:00,0,,0
5/29/25,0,,0
5/29/25 1:00,0,,0
5/29/25 2:00,0,,0
5/29/25 3:00,0,,0
5/29/25 4:00,0,,0
5/29/25 5:00,1,,1
5/29/25 6:00,4,,3
5/29/25 7:00,9,,10
5/29/25 8:00,13,,15
5/29/25 9:00,15,,17
5/29/25 10:00,21,,24
5/29/25 11:00,26,,28
5/29/25 12:00,27,,29
5/29/25 13:00,26,,28
5/29/25 14:00,23,,25
5/29/25 15:00,19,,20
5/29/25 16:00,14,,14
5/29/25 17:00,8,,8
5/29/25 18:00,4,,4
5/29/25 19:00,1,,1
5/29/25 20:00,0,,0
5/29/25 21:00,0,,0
5/29/25 22:00,0,,0
5/29/25 23:00,0,,0
5/30/25,0,,0
5/30/25 1:00,0,,0
5/30/25 2:00,0,,0
5/30/25 3:00,0,,0
5/30/25 4:00,0,,0
5/30/25 5:00,1,,1
5/30/25 6:00,4,,4
5/30/25 7:00,9,,9
5/30/25 8:00,14,,15
5/30/25 9:00,19,,21
5/30/25 10:00,23,,25
5/30/25 11:00,26,,28
5/30/25 12:00,26,,29
5/30/25 13:00,26,,28
5/30/25 14:00,23,,24
5/30/25 15:00,18,,20
5/30/25 16:00,13,,14
5/30/25 17:00,8,,9
5/30/25 18:00,4,,4
5/30/25 19:00,1,,1
5/30/25 20:00,0,,0
5/30/25 21:00,0,,0
5/30/25 22:00,0,,0
5/30/25 23:00,0,,0
5/31/25,0,,0
5/31/25 1:00,0,,0
5/31/25 2:00,0,,0
5/31/25 3:00,0,,0
5/31/25 4:00,0,,0
5/31/25 5:00,1,,1
5/31/25 6:00,4,,4
5/31/25 7:00,9,,10
5/31/25 8:00,15,,16
5/31/25 9:00,20,,21
5/31/25 10:00,24,,26
5/31/25 11:00,26,,28
5/31/25 12:00,27,,29
5/31/25 13:00,26,,28
5/31/25 14:00,23,,25
5/31/25 15:00,19,,20
5/31/25 16:00,14,,15
5/31/25 17:00,8,,9
5/31/25 18:00,4,,4
5/31/25 19:00,1,,1
5/31/25 20:00,0,,0
5/31/25 21:00,0,,0
5/31/25 22:00,0,,0
5/31/25 23:00,0,,0
6/1/25,0,,0
6/1/25 1:00,0,,0
6/1/25 2:00,0,,0
6/1/25 3:00,0,,0
6/1/25 4:00,0,,0
6/1/25 5:00,1,,1
6/1/25 6:00,4,,4
6/1/25 7:00,9,,10
6/1/25 8:00,15,,16
6/1/25 9:00,20,,21
6/1/25 10:00,24,,25
6/1/25 11:00,26,,28
6/1/25 12:00,27,,29
6/1/25 13:00,26,,28
6/1/25 14:00,23,,25
6/1/25 15:00,19,,21
6/1/25 16:00,12,,14
6/1/25 17:00,7,,7
6/1/25 18:00,3,,3
6/1/25 19:00,1,,0
6/1/25 20:00,0,,0
6/1/25 21:00,0,,0
6/1/25 22:00,0,,0
6/1/25 23:00,0,,0
6/2/25,0,,0
6/2/25 1:00,0,,0
6/2/25 2:00,0,,0
6/2/25 3:00,0,,0
6/2/25 4:00,0,,0
6/2/25 5:00,1,,1
6/2/25 6:00,4,,4
6/2/25 7:00,8,,7
6/2/25 8:00,14,,14
6/2/25 9:00,16,,17
6/2/25 10:00,16,,20
6/2/25 11:00,25,,26
6/2/25 12:00,26,,28
6/2/25 13:00,26,,28
6/2/25 14:00,24,,26
6/2/25 15:00,19,,21
6/2/25 16:00,13,,14
6/2/25 17:00,7,,7
6/2/25 18:00,3,,3
6/2/25 19:00,1,,1
6/2/25 20:00,0,,0
6/2/25 21:00,0,,0
6/2/25 22:00,0,,0
6/2/25 23:00,0,,0
6/3/25,0,,0
6/3/25 1:00,0,,0
6/3/25 2:00,0,,0
6/3/25 3:00,0,,0
6/3/25 4:00,0,,0
6/3/25 5:00,1,,1
6/3/25 6:00,4,,4
6/3/25 7:00,9,,9
6/3/25 8:00,14,,15
6/3/25 9:00,19,,20
6/3/25 10:00,24,,25
6/3/25 11:00,26,,28
6/3/25 12:00,27,,28
6/3/25 13:00,26,,27
6/3/25 14:00,23,,24
6/3/25 15:00,19,,20
6/3/25 16:00,14,,14
6/3/25 17:00,7,,7
6/3/25 18:00,3,,3
6/3/25 19:00,1,,1
6/3/25 20:00,0,,0
6/3/25 21:00,0,,0
6/3/25 22:00,0,,0
6/3/25 23:00,0,,0
6/4/25,0,,0
6/4/25 1:00,0,,0
6/4/25 2:00,0,,0
6/4/25 3:00,0,,0
6/4/25 4:00,0,,0
6/4/25 5:00,1,,1
6/4/25 6:00,4,,4
6/4/25 7:00,9,,9
6/4/25 8:00,14,,15
6/4/25 9:00,19,,20
6/4/25 10:00,24,,25
6/4/25 11:00,26,,28
6/4/25 12:00,27,,28
6/4/25 13:00,25,,26
6/4/25 14:00,23,,24
6/4/25 15:00,19,,20
6/4/25 16:00,14,,14
6/4/25 17:00,8,,8
6/4/25 18:00,4,,4
6/4/25 19:00,1,,1
6/4/25 20:00,0,,0
6/4/25 21:00,0,,0
6/4/25 22:00,0,,0
6/4/25 23:00,0,,0
6/5/25,0,,0
6/5/25 1:00,0,,0
6/5/25 2:00,0,,0
6/5/25 3:00,0,,0
6/5/25 4:00,0,,0
6/5/25 5:00,1,,1
6/5/25 6:00,4,,4
6/5/25 7:00,9,,9
6/5/25 8:00,13,,14
6/5/25 9:00,17,,
6/5/25 10:00,15,,12
6/5/25 11:00,16,,15
6/5/25 12:00,20,,22
6/5/25 13:00,18,,17
6/5/25 14:00,20,,21
6/5/25 15:00,13,,15
6/5/25 16:00,8,,9
6/5/25 17:00,7,,6
6/5/25 18:00,4,,4
6/5/25 19:00,1,,1
6/5/25 20:00,0,,0
6/5/25 21:00,0,,0
6/5/25 22:00,0,,0
6/5/25 23:00,0,,0
6/6/25,0,,0
6/6/25 1:00,0,,0
6/6/25 2:00,0,,0
6/6/25 3:00,0,,0
6/6/25 4:00,0,,0
6/6/25 5:00,1,,1
6/6/25 6:00,3,,3
6/6/25 7:00,6,,6
6/6/25 8:00,13,,13
6/6/25 9:00,19,,20
6/6/25 10:00,23,,24
6/6/25 11:00,25,,27
6/6/25 12:00,27,,28
6/6/25 13:00,26,,27
6/6/25 14:00,23,,24
6/6/25 15:00,19,,19
6/6/25 16:00,14,,14
6/6/25 17:00,8,,8
6/6/25 18:00,4,,4
6/6/25 19:00,1,,1
6/6/25 20:00,0,,0
6/6/25 21:00,0,,0
6/6/25 22:00,0,,0
6/6/25 23:00,0,,0
6/7/25,0,,0
6/7/25 1:00,0,,0
6/7/25 2:00,0,,0
6/7/25 3:00,0,,0
6/7/25 4:00,0,,0
6/7/25 5:00,1,,1
6/7/25 6:00,4,,3
6/7/25 7:00,8,,8
6/7/25 8:00,13,,14
6/7/25 9:00,19,,21
6/7/25 10:00,23,,25
6/7/25 11:00,26,,28
6/7/25 12:00,27,,29
6/7/25 13:00,26,,27
6/7/25 14:00,23,,24
6/7/25 15:00,19,,19
6/7/25 16:00,14,,14
6/7/25 17:00,8,,8
6/7/25 18:00,4,,4
6/7/25 19:00,1,,1
6/7/25 20:00,0,,0
6/7/25 21:00,0,,0
6/7/25 22:00,0,,0
6/7/25 23:00,0,,0
6/8/25,0,,0
6/8/25 1:00,0,,0
6/8/25 2:00,0,,0
6/8/25 3:00,0,,0
6/8/25 4:00,0,,0
6/8/25 5:00,1,,1
6/8/25 6:00,4,,4
6/8/25 7:00,9,,10
6/8/25 8:00,15,,15
6/8/25 9:00,20,,21
6/8/25 10:00,24,,25
6/8/25 11:00,26,,28
6/8/25 12:00,27,,29
6/8/25 13:00,26,,28
6/8/25 14:00,23,,24
6/8/25 15:00,19,,20
6/8/25 16:00,14,,14
6/8/25 17:00,9,,8
6/8/25 18:00,4,,4
6/8/25 19:00,1,,1
6/8/25 20:00,0,,0
6/8/25 21:00,0,,0
6/8/25 22:00,0,,0
6/8/25 23:00,0,,0
6/9/25,0,,0
6/9/25 1:00,0,,0
6/9/25 2:00,0,,0
6/9/25 3:00,0,,0
6/9/25 4:00,0,,0
6/9/25 5:00,1,,1
6/9/25 6:00,5,,4
6/9/25 7:00,9,,10
6/9/25 8:00,15,,16
6/9/25 9:00,20,,21
6/9/25 10:00,24,,26
6/9/25 11:00,27,,28
6/9/25 12:00,27,,29
6/9/25 13:00,26,,27
6/9/25 14:00,23,,23
6/9/25 15:00,19,,19
6/9/25 16:00,14,,14
6/9/25 17:00,9,,8
6/9/25 18:00,4,,4
6/9/25 19:00,1,,1
6/9/25 20:00,0,,0
6/9/25 21:00,0,,0
6/9/25 22:00,0,,0
6/9/25 23:00,0,,0
6/10/25,0,,0
6/10/25 1:00,0,,0
6/10/25 2:00,0,,0
6/10/25 3:00,0,,0
6/10/25 4:00,0,,0
6/10/25 5:00,1,,1
6/10/25 6:00,4,,4
6/10/25 7:00,9,,10
6/10/25 8:00,15,,15
6/10/25 9:00,20,,21
6/10/25 10:00,24,,26
6/10/25 11:00,26,,26
6/10/25 12:00,27,,29
6/10/25 13:00,26,,27
6/10/25 14:00,23,,24
6/10/25 15:00,18,,19
6/10/25 16:00,10,,11
6/10/25 17:00,6,,5
6/10/25 18:00,4,,4
6/10/25 19:00,1,,1
6/10/25 20:00,0,,0
6/10/25 21:00,0,,0
6/10/25 22:00,0,,0
6/10/25 23:00,0,,0
6/11/25,0,,0
6/11/25 1:00,0,,0
6/11/25 2:00,0,,0
6/11/25 3:00,0,,0
6/11/25 4:00,0,,0
6/11/25 5:00,1,,1
6/11/25 6:00,5,,4
6/11/25 7:00,7,,8
6/11/25 8:00,8,,7
6/11/25 9:00,12,,15
6/11/25 10:00,23,,24
6/11/25 11:00,26,,28
6/11/25 12:00,27,,29
6/11/25 13:00,19,,18
6/11/25 14:00,16,,16
6/11/25 15:00,11,,12
6/11/25 16:00,8,,7
6/11/25 17:00,5,,4
6/11/25 18:00,3,,3
6/11/25 19:00,1,,1
6/11/25 20:00,0,,0
6/11/25 21:00,0,,0
6/11/25 22:00,0,,0
6/11/25 23:00,0,,0
6/12/25,0,,0
6/12/25 1:00,0,,0
6/12/25 2:00,0,,0
6/12/25 3:00,0,,0
6/12/25 4:00,0,,0
6/12/25 5:00,1,,1
6/12/25 6:00,4,,4
6/12/25 7:00,8,,9
6/12/25 8:00,13,,14
6/12/25 9:00,18,,19
6/12/25 10:00,22,24,23
6/12/25 11:00,25,27,26
6/12/25 12:00,24,25,28
6/12/25 13:00,15,25,15
6/12/25 14:00,19,25,22
6/12/25 15:00,7,20,8
6/12/25 16:00,11,14,11
6/12/25 17:00,9,9,8
6/12/25 18:00,4,4,4
6/12/25 19:00,1,1,1
6/12/25 20:00,0,0,0
6/12/25 21:00,0,0,0
6/12/25 22:00,0,0,0
6/12/25 23:00,0,0,0
6/13/25,0,0,0
6/13/25 1:00,0,0,0
6/13/25 2:00,0,0,0
6/13/25 3:00,0,0,0
6/13/25 4:00,0,0,0
6/13/25 5:00,1,1,1
6/13/25 6:00,4,5,4
6/13/25 7:00,9,10,9
6/13/25 8:00,14,16,15
6/13/25 9:00,19,21,21
6/13/25 10:00,23,26,25
6/13/25 11:00,26,29,28
6/13/25 12:00,27,30,29
6/13/25 13:00,26,29,27
6/13/25 14:00,23,25,24
6/13/25 15:00,19,21,18
6/13/25 16:00,14,15,14
6/13/25 17:00,9,9,8
6/13/25 18:00,4,4,4
6/13/25 19:00,1,1,1
6/13/25 20:00,0,0,0
6/13/25 21:00,0,0,0
6/13/25 22:00,0,0,0
6/13/25 23:00,0,0,0
6/14/25,0,0,0
6/14/25 1:00,0,0,0
6/14/25 2:00,0,0,0
6/14/25 3:00,0,0,0
6/14/25 4:00,0,0,0
6/14/25 5:00,1,1,1
6/14/25 6:00,4,4,4
6/14/25 7:00,9,10,10
6/14/25 8:00,14,16,15
6/14/25 9:00,20,22,21
6/14/25 10:00,24,26,25
6/14/25 11:00,26,29,28
6/14/25 12:00,25,27,27
6/14/25 13:00,22,30,21
6/14/25 14:00,22,23,22
6/14/25 15:00,15,14,15
6/14/25 16:00,13,16,14
6/14/25 17:00,6,7,6
6/14/25 18:00,3,3,3
6/14/25 19:00,1,1,1
6/14/25 20:00,0,0,0
6/14/25 21:00,0,0,0
6/14/25 22:00,0,0,0
6/14/25 23:00,0,0,0
6/15/25,0,0,0
6/15/25 1:00,0,0,0
6/15/25 2:00,0,0,0
6/15/25 3:00,0,0,0
6/15/25 4:00,0,0,0
6/15/25 5:00,1,1,1
6/15/25 6:00,4,4,4
6/15/25 7:00,9,10,10
6/15/25 8:00,14,16,15
6/15/25 9:00,19,22,21
6/15/25 10:00,24,26,25
6/15/25 11:00,26,29,27
6/15/25 12:00,27,30,28
6/15/25 13:00,26,29,27
6/15/25 14:00,23,25,24
6/15/25 15:00,19,21,19
6/15/25 16:00,14,15,14
6/15/25 17:00,8,9,8
6/15/25 18:00,4,4,4
6/15/25 19:00,1,1,1
6/15/25 20:00,0,0,0
6/15/25 21:00,0,0,0
6/15/25 22:00,0,0,0
6/15/25 23:00,0,0,0
6/16/25,0,0,0
6/16/25 1:00,0,0,0
6/16/25 2:00,0,0,0
6/16/25 3:00,0,0,0
6/16/25 4:00,0,0,0
6/16/25 5:00,1,1,1
6/16/25 6:00,4,4,4
6/16/25 7:00,9,9,10
6/16/25 8:00,13,15,14
6/16/25 9:00,17,19,18
6/16/25 10:00,23,24,24
6/16/25 11:00,22,28,23
6/16/25 12:00,21,25,22
6/16/25 13:00,19,18,21
6/16/25 14:00,11,15,11
6/16/25 15:00,15,15,15
6/16/25 16:00,12,13,12
6/16/25 17:00,7,7,7
6/16/25 18:00,3,3,3
6/16/25 19:00,1,1,1
6/16/25 20:00,0,0,0
6/16/25 21:00,0,0,0
6/16/25 22:00,0,0,0
6/16/25 23:00,0,0,0
6/17/25,0,0,0
6/17/25 1:00,0,0,0
6/17/25 2:00,0,0,0
6/17/25 3:00,0,0,0
6/17/25 4:00,0,0,0
6/17/25 5:00,1,1,1
6/17/25 6:00,4,5,4
6/17/25 7:00,9,10,9
6/17/25 8:00,14,16,15
6/17/25 9:00,19,22,20
6/17/25 10:00,23,26,25
6/17/25 11:00,26,29,28
6/17/25 12:00,27,30,29
6/17/25 13:00,26,29,27
6/17/25 14:00,23,26,24
6/17/25 15:00,19,21,20
6/17/25 16:00,14,16,14
6/17/25 17:00,9,10,9
6/17/25 18:00,4,4,4
6/17/25 19:00,1,1,1
6/17/25 20:00,0,0,0
6/17/25 21:00,0,0,0
6/17/25 22:00,0,0,0
6/17/25 23:00,0,0,0
6/18/25,0,0,0
6/18/25 1:00,0,0,0
6/18/25 2:00,0,0,0
6/18/25 3:00,0,0,0
6/18/25 4:00,0,0,0
6/18/25 5:00,1,1,1
6/18/25 6:00,4,5,4
6/18/25 7:00,9,10,10
6/18/25 8:00,14,16,15
6/18/25 9:00,19,22,21
6/18/25 10:00,24,26,25
6/18/25 11:00,26,29,28
6/18/25 12:00,27,30,29
6/18/25 13:00,25,29,27
6/18/25 14:00,23,25,24
6/18/25 15:00,19,21,19
6/18/25 16:00,14,15,14
6/18/25 17:00,9,9,8
6/18/25 18:00,4,4,4
6/18/25 19:00,1,1,1
6/18/25 20:00,0,0,0
6/18/25 21:00,0,0,0
6/18/25 22:00,0,0,0
6/18/25 23:00,0,0,0
6/19/25,0,0,0
6/19/25 1:00,0,0,0
6/19/25 2:00,0,0,0
6/19/25 3:00,0,0,0
6/19/25 4:00,0,0,0
6/19/25 5:00,1,1,1
6/19/25 6:00,4,5,4
6/19/25 7:00,9,10,10
6/19/25 8:00,15,16,16
6/19/25 9:00,20,22,21
6/19/25 10:00,24,27,26
6/19/25 11:00,27,30,28
6/19/25 12:00,27,30,29
6/19/25 13:00,26,29,27
6/19/25 14:00,23,26,24
6/19/25 15:00,19,21,20
6/19/25 16:00,14,15,14
6/19/25 17:00,9,9,9
6/19/25 18:00,4,4,4
6/19/25 19:00,1,1,1
6/19/25 20:00,0,0,0
6/19/25 21:00,0,0,0
6/19/25 22:00,0,0,0
6/19/25 23:00,0,0,0
6/20/25,0,0,0
6/20/25 1:00,0,0,0
6/20/25 2:00,0,0,0
6/20/25 3:00,0,0,0
6/20/25 4:00,0,0,0
6/20/25 5:00,1,1,1
6/20/25 6:00,4,4,4
6/20/25 7:00,9,10,9
6/20/25 8:00,14,16,15
6/20/25 9:00,19,21,20
6/20/25 10:00,23,26,24
6/20/25 11:00,26,29,27
6/20/25 12:00,26,27,28
6/20/25 13:00,25,28,26
6/20/25 14:00,22,25,23
6/20/25 15:00,18,21,19
6/20/25 16:00,13,15,13
6/20/25 17:00,8,9,8
6/20/25 18:00,4,4,4
6/20/25 19:00,1,1,1
6/20/25 20:00,0,0,0
6/20/25 21:00,0,0,0
6/20/25 22:00,0,0,0
6/20/25 23:00,0,0,0
6/21/25,0,0,0
6/21/25 1:00,0,0,0
6/21/25 2:00,0,0,0
6/21/25 3:00,0,0,0
6/21/25 4:00,0,0,0
6/21/25 5:00,1,1,1
6/21/25 6:00,4,4,4
6/21/25 7:00,9,10,9
6/21/25 8:00,14,16,15
6/21/25 9:00,19,21,20
6/21/25 10:00,23,26,25
6/21/25 11:00,26,29,28
6/21/25 12:00,27,30,28
6/21/25 13:00,26,29,27
6/21/25 14:00,23,26,24
6/21/25 15:00,19,21,19
6/21/25 16:00,13,15,13
6/21/25 17:00,8,9,8
6/21/25 18:00,4,4,4
6/21/25 19:00,1,1,1
6/21/25 20:00,0,0,0
6/21/25 21:00,0,0,0
6/21/25 22:00,0,0,0
6/21/25 23:00,0,0,0
6/22/25,0,0,0
6/22/25 1:00,0,0,0
6/22/25 2:00,0,0,0
6/22/25 3:00,0,0,0
6/22/25 4:00,0,0,0
6/22/25 5:00,1,1,1
6/22/25 6:00,3,3,3
6/22/25 7:00,7,8,7
6/22/25 8:00,12,14,13
6/22/25 9:00,18,23,14
6/22/25 10:00,20,27,22
6/22/25 11:00,26,29,29
6/22/25 12:00,26,31,29
6/22/25 13:00,27,30,28
6/22/25 14:00,23,27,25
6/22/25 15:00,20,22,20
6/22/25 16:00,14,16,15
6/22/25 17:00,9,10,9
6/22/25 18:00,4,5,4
6/22/25 19:00,1,1,1
6/22/25 20:00,0,0,0
6/22/25 21:00,0,0,0
6/22/25 22:00,0,0,0
6/22/25 23:00,0,0,0
6/23/25,0,0,0
6/23/25 1:00,0,0,0
6/23/25 2:00,0,0,0
6/23/25 3:00,0,0,0
6/23/25 4:00,0,0,0
6/23/25 5:00,1,1,1
6/23/25 6:00,3,3,3
6/23/25 7:00,5,6,5
6/23/25 8:00,10,7,10
6/23/25 9:00,8,11,8
6/23/25 10:00,21,17,21
6/23/25 11:00,21,26,22
6/23/25 12:00,26,30,25
6/23/25 13:00,25,27,26
6/23/25 14:00,20,23,20
6/23/25 15:00,14,14,14
6/23/25 16:00,9,9,9
6/23/25 17:00,5,5,5
6/23/25 18:00,2,2,2
6/23/25 19:00,1,1,1
6/23/25 20:00,0,0,0
6/23/25 21:00,0,0,0
6/23/25 22:00,0,0,0
6/23/25 23:00,0,0,0
6/24/25,0,0,0
6/24/25 1:00,0,0,0
6/24/25 2:00,0,0,0
6/24/25 3:00,0,0,0
6/24/25 4:00,0,0,0
6/24/25 5:00,1,1,1
6/24/25 6:00,4,4,4
6/24/25 7:00,9,9,9
6/24/25 8:00,14,15,15
6/24/25 9:00,18,21,20
6/24/25 10:00,23,26,24
6/24/25 11:00,25,28,27
6/24/25 12:00,25,29,27
6/24/25 13:00,25,26,26
6/24/25 14:00,20,25,21
6/24/25 15:00,16,21,16
6/24/25 16:00,14,15,14
6/24/25 17:00,8,9,8
6/24/25 18:00,4,4,4
6/24/25 19:00,1,1,1
6/24/25 20:00,0,0,0
6/24/25 21:00,0,0,0
6/24/25 22:00,0,0,0
6/24/25 23:00,0,0,0
6/25/25,0,0,0
6/25/25 1:00,0,0,0
6/25/25 2:00,0,0,0
6/25/25 3:00,0,0,0
6/25/25 4:00,0,0,0
6/25/25 5:00,1,1,1
6/25/25 6:00,3,4,3
6/25/25 7:00,8,9,9
6/25/25 8:00,13,14,14
6/25/25 9:00,18,20,19
6/25/25 10:00,22,25,23
6/25/25 11:00,25,28,27
6/25/25 12:00,26,30,28
6/25/25 13:00,26,29,27
6/25/25 14:00,23,26,24
6/25/25 15:00,19,21,20
6/25/25 16:00,14,15,14
6/25/25 17:00,9,10,9
6/25/25 18:00,4,4,4
6/25/25 19:00,1,1,1
6/25/25 20:00,0,0,0
6/25/25 21:00,0,0,0
6/25/25 22:00,0,0,0
6/25/25 23:00,0,0,0
6/26/25,0,0,0
6/26/25 1:00,0,0,0
6/26/25 2:00,0,0,0
6/26/25 3:00,0,0,0
6/26/25 4:00,0,0,0
6/26/25 5:00,1,1,1
6/26/25 6:00,4,4,4
6/26/25 7:00,9,10,9
6/26/25 8:00,14,16,15
6/26/25 9:00,19,22,21
6/26/25 10:00,23,26,25
6/26/25 11:00,26,29,28
6/26/25 12:00,27,30,29
6/26/25 13:00,26,22,27
6/26/25 14:00,20,16,24
6/26/25 15:00,14,12,16
6/26/25 16:00,9,10,9
6/26/25 17:00,7,9,8
6/26/25 18:00,4,4,4
6/26/25 19:00,1,1,1
6/26/25 20:00,0,0,0
6/26/25 21:00,0,0,0
6/26/25 22:00,0,0,0
6/26/25 23:00,0,0,0
6/27/25,0,0,0
6/27/25 1:00,0,0,0
6/27/25 2:00,0,0,0
6/27/25 3:00,0,0,0
6/27/25 4:00,0,0,0
6/27/25 5:00,1,1,1
6/27/25 6:00,4,4,4
6/27/25 7:00,9,9,9
6/27/25 8:00,13,15,14
6/27/25 9:00,18,20,19
6/27/25 10:00,22,24,23
6/27/25 11:00,24,27,26
6/27/25 12:00,26,29,28
6/27/25 13:00,25,27,26
6/27/25 14:00,22,24,23
6/27/25 15:00,18,20,19
6/27/25 16:00,13,15,13
6/27/25 17:00,8,9,8
6/27/25 18:00,4,4,4
6/27/25 19:00,1,1,1
6/27/25 20:00,0,0,0
6/27/25 21:00,0,0,0
6/27/25 22:00,0,0,0
6/27/25 23:00,0,0,0
6/28/25,0,0,0
6/28/25 1:00,0,0,0
6/28/25 2:00,0,0,0
6/28/25 3:00,0,0,0
6/28/25 4:00,0,0,0
6/28/25 5:00,1,1,1
6/28/25 6:00,4,4,4
6/28/25 7:00,8,9,9
6/28/25 8:00,13,15,14
6/28/25 9:00,18,21,20
6/28/25 10:00,22,26,24
6/28/25 11:00,25,29,27
6/28/25 12:00,27,30,28
6/28/25 13:00,26,29,27
6/28/25 14:00,23,25,23
6/28/25 15:00,12,13,14
6/28/25 16:00,10,14,10
6/28/25 17:00,9,10,9
6/28/25 18:00,4,4,4
6/28/25 19:00,1,1,1
6/28/25 20:00,0,0,0
6/28/25 21:00,0,0,0
6/28/25 22:00,0,0,0
6/28/25 23:00,0,0,0
6/29/25,0,0,0
6/29/25 1:00,0,0,0
6/29/25 2:00,0,0,0
6/29/25 3:00,0,0,0
6/29/25 4:00,0,0,0
6/29/25 5:00,1,1,1
6/29/25 6:00,4,4,4
6/29/25 7:00,9,9,9
6/29/25 8:00,14,15,15
6/29/25 9:00,19,21,20
6/29/25 10:00,23,26,25
6/29/25 11:00,26,28,27
6/29/25 12:00,27,30,28
6/29/25 13:00,26,29,27
6/29/25 14:00,23,26,24
6/29/25 15:00,19,21,20
6/29/25 16:00,14,16,14
6/29/25 17:00,9,10,9
6/29/25 18:00,4,5,4
6/29/25 19:00,1,1,1
6/29/25 20:00,0,0,0
6/29/25 21:00,0,0,0
6/29/25 22:00,0,0,0
6/29/25 23:00,0,0,0
6/30/25,0,0,0
6/30/25 1:00,0,0,0
6/30/25 2:00,0,0,0
6/30/25 3:00,0,0,0
6/30/25 4:00,0,0,0
6/30/25 5:00,1,1,1
6/30/25 6:00,4,4,4
6/30/25 7:00,9,9,9
6/30/25 8:00,15,15,15
6/30/25 9:00,19,21,20
6/30/25 10:00,23,25,25
6/30/25 11:00,24,28,28
6/30/25 12:00,27,29,28
6/30/25 13:00,26,28,27
6/30/25 14:00,23,24,24
6/30/25 15:00,18,10,19
6/30/25 16:00,10,11,12
6/30/25 17:00,8,9,8
6/30/25 18:00,4,4,4
6/30/25 19:00,1,1,1
6/30/25 20:00,0,0,0
6/30/25 21:00,0,0,0
6/30/25 22:00,0,0,0
6/30/25 23:00,0,0,0
7/1/25,0,0,0
7/1/25 1:00,0,0,0
7/1/25 2:00,0,0,0
7/1/25 3:00,0,0,0
7/1/25 4:00,0,0,0
7/1/25 5:00,1,1,1
7/1/25 6:00,4,4,4
7/1/25 7:00,8,9,9
7/1/25 8:00,13,15,14
7/1/25 9:00,18,20,20
7/1/25 10:00,20,24,23
7/1/25 11:00,21,28,26
7/1/25 12:00,22,16,25
7/1/25 13:00,19,17,20
7/1/25 14:00,21,16,23
7/1/25 15:00,16,14,19
7/1/25 16:00,7,5,6
7/1/25 17:00,3,2,3
7/1/25 18:00,2,2,2
7/1/25 19:00,1,0,0
7/1/25 20:00,0,0,0
7/1/25 21:00,0,0,0
7/1/25 22:00,0,0,0
7/1/25 23:00,0,0,0
7/2/25,0,0,0
7/2/25 1:00,0,0,0
7/2/25 2:00,0,0,0
7/2/25 3:00,0,0,0
7/2/25 4:00,0,0,0
7/2/25 5:00,1,0,1
7/2/25 6:00,3,3,3
7/2/25 7:00,6,5,6
7/2/25 8:00,8,11,9
7/2/25 9:00,18,12,10
7/2/25 10:00,12,17,12
7/2/25 11:00,21,16,26
7/2/25 12:00,20,28,29
7/2/25 13:00,25,24,23
7/2/25 14:00,22,21,25
7/2/25 15:00,14,9,15
7/2/25 16:00,2,1,3
7/2/25 17:00,3,2,3
7/2/25 18:00,1,1,1
7/2/25 19:00,1,0,1
7/2/25 20:00,0,0,0
7/2/25 21:00,0,0,0
7/2/25 22:00,0,0,0
7/2/25 23:00,0,0,0
7/3/25,0,0,0
7/3/25 1:00,0,0,0
7/3/25 2:00,0,0,0
7/3/25 3:00,0,0,0
7/3/25 4:00,0,0,0
7/3/25 5:00,0,0,0
7/3/25 6:00,1,1,1
7/3/25 7:00,3,5,3
7/3/25 8:00,5,7,4
7/3/25 9:00,14,10,14
7/3/25 10:00,12,14,14
7/3/25 11:00,16,18,17
7/3/25 12:00,18,23,16
7/3/25 13:00,24,23,24
7/3/25 14:00,23,26,25
7/3/25 15:00,19,14,20
7/3/25 16:00,10,8,12
7/3/25 17:00,6,7,5
7/3/25 18:00,2,1,2
7/3/25 19:00,0,0,0
7/3/25 20:00,0,0,0
7/3/25 21:00,0,0,0
7/3/25 22:00,0,0,0
7/3/25 23:00,0,0,0
7/4/25,0,0,0
7/4/25 1:00,0,0,0
7/4/25 2:00,0,0,0
7/4/25 3:00,0,0,0
7/4/25 4:00,0,0,0
7/4/25 5:00,1,1,0
7/4/25 6:00,3,4,3
7/4/25 7:00,4,8,4
7/4/25 8:00,12,12,13
7/4/25 9:00,19,21,20
7/4/25 10:00,23,26,25
7/4/25 11:00,26,29,28
7/4/25 12:00,26,30,29
7/4/25 13:00,22,21,25
7/4/25 14:00,9,17,7
7/4/25 15:00,11,8,10
7/4/25 16:00,1,1,2
7/4/25 17:00,2,2,1
7/4/25 18:00,4,4,4
7/4/25 19:00,1,1,1
7/4/25 20:00,0,0,0
7/4/25 21:00,0,0,0
7/4/25 22:00,0,0,0
7/4/25 23:00,0,0,0
7/5/25,0,0,0
7/5/25 1:00,0,0,0
7/5/25 2:00,0,0,0
7/5/25 3:00,0,0,0
7/5/25 4:00,0,0,0
7/5/25 5:00,1,1,1
7/5/25 6:00,4,4,4
7/5/25 7:00,8,9,9
7/5/25 8:00,13,15,14
7/5/25 9:00,18,20,20
7/5/25 10:00,22,25,24
7/5/25 11:00,25,28,27
7/5/25 12:00,26,29,28
7/5/25 13:00,25,28,27
7/5/25 14:00,23,25,24
7/5/25 15:00,19,21,20
7/5/25 16:00,14,15,14
7/5/25 17:00,8,9,9
7/5/25 18:00,4,4,4
7/5/25 19:00,1,1,1
7/5/25 20:00,0,0,0
7/5/25 21:00,0,0,0
7/5/25 22:00,0,0,0
7/5/25 23:00,0,0,0
7/6/25,0,0,0
7/6/25 1:00,0,0,0
7/6/25 2:00,0,0,0
7/6/25 3:00,0,0,0
7/6/25 4:00,0,0,0
7/6/25 5:00,1,1,1
7/6/25 6:00,4,4,4
7/6/25 7:00,8,9,9
7/6/25 8:00,14,15,15
7/6/25 9:00,19,21,20
7/6/25 10:00,23,26,25
7/6/25 11:00,25,29,28
7/6/25 12:00,27,30,29
7/6/25 13:00,26,29,28
7/6/25 14:00,23,26,24
7/6/25 15:00,19,21,20
7/6/25 16:00,14,16,14
7/6/25 17:00,9,10,9
7/6/25 18:00,4,4,4
7/6/25 19:00,1,1,1
7/6/25 20:00,0,0,0
7/6/25 21:00,0,0,0
7/6/25 22:00,0,0,0
7/6/25 23:00,0,0,0
7/7/25,0,0,0
7/7/25 1:00,0,0,0
7/7/25 2:00,0,0,0
7/7/25 3:00,0,0,0
7/7/25 4:00,0,0,0
7/7/25 5:00,1,1,1
7/7/25 6:00,4,4,4
7/7/25 7:00,8,9,9
7/7/25 8:00,14,15,15
7/7/25 9:00,19,21,20
7/7/25 10:00,23,26,25
7/7/25 11:00,26,28,28
7/7/25 12:00,27,30,29
7/7/25 13:00,26,28,28
7/7/25 14:00,23,24,24
7/7/25 15:00,19,20,20
7/7/25 16:00,13,15,14
7/7/25 17:00,8,10,8
7/7/25 18:00,4,4,4
7/7/25 19:00,1,1,1
7/7/25 20:00,0,0,0
7/7/25 21:00,0,0,0
7/7/25 22:00,0,0,0
7/7/25 23:00,0,0,0
7/8/25,0,0,0
7/8/25 1:00,0,0,0
7/8/25 2:00,0,0,0
7/8/25 3:00,0,0,0
7/8/25 4:00,0,0,0
7/8/25 5:00,1,1,1
7/8/25 6:00,4,4,4
7/8/25 7:00,9,9,9
7/8/25 8:00,14,16,15
7/8/25 9:00,19,21,21
7/8/25 10:00,23,26,25
7/8/25 11:00,26,29,28
7/8/25 12:00,27,30,29
7/8/25 13:00,26,29,28
7/8/25 14:00,23,26,24
7/8/25 15:00,19,21,20
7/8/25 16:00,14,15,14
7/8/25 17:00,9,10,9
7/8/25 18:00,4,4,4
7/8/25 19:00,1,1,1
7/8/25 20:00,0,0,0
7/8/25 21:00,0,0,0
7/8/25 22:00,0,0,0
7/8/25 23:00,0,0,0
7/9/25,0,0,0
7/9/25 1:00,0,0,0
7/9/25 2:00,0,0,0
7/9/25 3:00,0,0,0
7/9/25 4:00,0,0,0
7/9/25 5:00,1,1,1
7/9/25 6:00,4,4,3
7/9/25 7:00,7,7,7
7/9/25 8:00,12,14,12
7/9/25 9:00,19,21,20
7/9/25 10:00,23,26,25
7/9/25 11:00,26,29,28
7/9/25 12:00,22,21,27
7/9/25 13:00,27,16,27
7/9/25 14:00,19,12,14
7/9/25 15:00,16,15,17
7/9/25 16:00,13,13,13
7/9/25 17:00,8,7,8
7/9/25 18:00,1,1,1
7/9/25 19:00,1,0,1
7/9/25 20:00,0,0,0
7/9/25 21:00,0,0,0
7/9/25 22:00,0,0,0
7/9/25 23:00,0,0,0
7/10/25,0,0,0
7/10/25 1:00,0,0,0
7/10/25 2:00,0,0,0
7/10/25 3:00,0,0,0
7/10/25 4:00,0,0,0
7/10/25 5:00,1,1,1
7/10/25 6:00,3,4,3
7/10/25 7:00,8,9,8
7/10/25 8:00,13,15,14
7/10/25 9:00,18,20,20
7/10/25 10:00,22,25,24
7/10/25 11:00,25,29,27
7/10/25 12:00,26,30,28
7/10/25 13:00,26,29,27
7/10/25 14:00,23,26,24
7/10/25 15:00,19,21,20
7/10/25 16:00,14,16,14
7/10/25 17:00,9,9,9
7/10/25 18:00,4,4,4
7/10/25 19:00,1,1,1
7/10/25 20:00,0,0,0
7/10/25 21:00,0,0,0
7/10/25 22:00,0,0,0
7/10/25 23:00,0,0,0
7/11/25,0,0,0
7/11/25 1:00,0,0,0
7/11/25 2:00,0,0,0
7/11/25 3:00,0,0,0
7/11/25 4:00,0,0,0
7/11/25 5:00,1,1,1
7/11/25 6:00,4,4,3
7/11/25 7:00,8,9,9
7/11/25 8:00,13,15,15
7/11/25 9:00,18,21,20
7/11/25 10:00,22,26,25
7/11/25 11:00,26,29,28
7/11/25 12:00,27,31,29
7/11/25 13:00,26,30,28
7/11/25 14:00,24,27,25
7/11/25 15:00,20,22,21
7/11/25 16:00,15,16,15
7/11/25 17:00,9,10,9
7/11/25 18:00,4,5,4
7/11/25 19:00,1,1,1
7/11/25 20:00,0,0,0
7/11/25 21:00,0,0,0
7/11/25 22:00,0,0,0
7/11/25 23:00,0,0,0
7/12/25,0,0,0
7/12/25 1:00,0,0,0
7/12/25 2:00,0,0,0
7/12/25 3:00,0,0,0
7/12/25 4:00,0,0,0
7/12/25 5:00,1,1,1
7/12/25 6:00,4,4,3
7/12/25 7:00,8,9,9
7/12/25 8:00,13,16,15
7/12/25 9:00,19,21,21
7/12/25 10:00,23,26,25
7/12/25 11:00,26,29,28
7/12/25 12:00,27,31,29
7/12/25 13:00,26,30,28
7/12/25 14:00,24,26,25
7/12/25 15:00,20,22,20
7/12/25 16:00,15,16,15
7/12/25 17:00,9,10,9
7/12/25 18:00,4,5,4
7/12/25 19:00,1,1,1
7/12/25 20:00,0,0,0
7/12/25 21:00,0,0,0
7/12/25 22:00,0,0,0
7/12/25 23:00,0,0,0
7/13/25,0,0,0
7/13/25 1:00,0,0,0
7/13/25 2:00,0,0,0
7/13/25 3:00,0,0,0
7/13/25 4:00,0,0,0
7/13/25 5:00,1,1,1
7/13/25 6:00,4,4,3
7/13/25 7:00,8,9,9
7/13/25 8:00,13,15,15
7/13/25 9:00,19,21,21
7/13/25 10:00,23,26,25
7/13/25 11:00,26,29,28
7/13/25 12:00,27,30,29
7/13/25 13:00,26,29,28
7/13/25 14:00,24,26,25
7/13/25 15:00,19,21,20
7/13/25 16:00,14,16,15
7/13/25 17:00,9,10,9
7/13/25 18:00,4,4,4
7/13/25 19:00,1,1,1
7/13/25 20:00,0,0,0
7/13/25 21:00,0,0,0
7/13/25 22:00,0,0,0
7/13/25 23:00,0,0,0
7/14/25,0,0,0
7/14/25 1:00,0,0,0
7/14/25 2:00,0,0,0
7/14/25 3:00,0,0,0
7/14/25 4:00,0,0,0
7/14/25 5:00,1,1,1
7/14/25 6:00,4,4,3
7/14/25 7:00,8,9,9
7/14/25 8:00,13,15,15
7/14/25 9:00,18,21,20
7/14/25 10:00,22,25,25
7/14/25 11:00,25,28,28
7/14/25 12:00,27,30,29
7/14/25 13:00,26,29,28
7/14/25 14:00,23,26,25
7/14/25 15:00,19,21,20
7/14/25 16:00,14,15,14
7/14/25 17:00,8,7,8
7/14/25 18:00,3,3,3
7/14/25 19:00,1,1,1
7/14/25 20:00,0,0,0
7/14/25 21:00,0,0,0
7/14/25 22:00,0,0,0
7/14/25 23:00,0,0,0
7/15/25,0,0,0
7/15/25 1:00,0,0,0
7/15/25 2:00,0,0,0
7/15/25 3:00,0,0,0
7/15/25 4:00,0,0,0
7/15/25 5:00,1,0,1
7/15/25 6:00,3,3,3
7/15/25 7:00,6,6,6
7/15/25 8:00,8,11,7
7/15/25 9:00,16,17,16
7/15/25 10:00,10,13,10
7/15/25 11:00,12,17,9
7/15/25 12:00,20,24,20
7/15/25 13:00,19,19,19
7/15/25 14:00,11,15,10
7/15/25 15:00,17,18,19
7/15/25 16:00,9,8,9
7/15/25 17:00,2,2,1
7/15/25 18:00,1,2,1
7/15/25 19:00,0,0,0
7/15/25 20:00,0,0,0
7/15/25 21:00,0,0,0
7/15/25 22:00,0,0,0
7/15/25 23:00,0,0,0
7/16/25,0,0,0
7/16/25 1:00,0,0,0
7/16/25 2:00,0,0,0
7/16/25 3:00,0,0,0
7/16/25 4:00,0,0,0
7/16/25 5:00,1,1,1
7/16/25 6:00,3,3,3
7/16/25 7:00,7,8,7
7/16/25 8:00,10,12,11
7/16/25 9:00,17,19,19
7/16/25 10:00,21,24,23
7/16/25 11:00,24,28,27
7/16/25 12:00,26,29,28
7/16/25 13:00,25,27,27
7/16/25 14:00,22,25,23
7/16/25 15:00,18,20,19
7/16/25 16:00,14,15,14
7/16/25 17:00,8,9,8
7/16/25 18:00,4,4,4
7/16/25 19:00,1,1,1
7/16/25 20:00,0,0,0
7/16/25 21:00,0,0,0
7/16/25 22:00,0,0,0
7/16/25 23:00,0,0,0
7/17/25,0,0,0
7/17/25 1:00,0,0,0
7/17/25 2:00,0,0,0
7/17/25 3:00,0,0,0
7/17/25 4:00,0,0,0
7/17/25 5:00,1,1,1
7/17/25 6:00,3,3,3
7/17/25 7:00,7,8,8
7/17/25 8:00,12,13,13
7/17/25 9:00,17,19,19
7/17/25 10:00,21,23,23
7/17/25 11:00,23,27,26
7/17/25 12:00,25,28,27
7/17/25 13:00,24,15,26
7/17/25 14:00,12,8,16
7/17/25 15:00,13,17,13
7/17/25 16:00,13,14,14
7/17/25 17:00,8,8,8
7/17/25 18:00,3,3,3
7/17/25 19:00,1,1,1
7/17/25 20:00,0,0,0
7/17/25 21:00,0,0,0
7/17/25 22:00,0,0,0
7/17/25 23:00,0,0,0
7/18/25,0,0,0
7/18/25 1:00,0,0,0
7/18/25 2:00,0,0,0
7/18/25 3:00,0,0,0
7/18/25 4:00,0,0,0
7/18/25 5:00,0,0,0
7/18/25 6:00,2,2,2
7/18/25 7:00,4,4,4
7/18/25 8:00,7,7,7
7/18/25 9:00,10,9,10
7/18/25 10:00,10,13,9
7/18/25 11:00,10,16,8
7/18/25 12:00,15,22,18
7/18/25 13:00,20,21,20
7/18/25 14:00,21,24,17
7/18/25 15:00,19,20,18
7/18/25 16:00,11,14,11
7/18/25 17:00,8,9,8
7/18/25 18:00,3,2,3
7/18/25 19:00,0,0,0
7/18/25 20:00,0,0,0
7/18/25 21:00,0,0,0
7/18/25 22:00,0,0,0
7/18/25 23:00,0,0,0
7/19/25,0,0,0
7/19/25 1:00,0,0,0
7/19/25 2:00,0,0,0
7/19/25 3:00,0,0,0
7/19/25 4:00,0,0,0
7/19/25 5:00,0,0,0
7/19/25 6:00,2,2,1
7/19/25 7:00,4,5,4
7/19/25 8:00,10,11,10
7/19/25 9:00,17,20,19
7/19/25 10:00,22,26,24
7/19/25 11:00,25,28,27
7/19/25 12:00,26,29,28
7/19/25 13:00,25,27,27
7/19/25 14:00,19,22,21
7/19/25 15:00,12,11,15
7/19/25 16:00,13,13,12
7/19/25 17:00,8,9,8
7/19/25 18:00,4,4,4
7/19/25 19:00,1,1,1
7/19/25 20:00,0,0,0
7/19/25 21:00,0,0,0
7/19/25 22:00,0,0,0
7/19/25 23:00,0,0,0
7/20/25,0,0,0
7/20/25 1:00,0,0,0
7/20/25 2:00,0,0,0
7/20/25 3:00,0,0,0
7/20/25 4:00,0,0,0
7/20/25 5:00,1,1,1
7/20/25 6:00,3,4,3
7/20/25 7:00,8,9,8
7/20/25 8:00,13,15,14
7/20/25 9:00,18,21,20
7/20/25 10:00,22,25,24
7/20/25 11:00,25,28,27
7/20/25 12:00,26,29,28
7/20/25 13:00,18,15,21
7/20/25 14:00,13,14,13
7/20/25 15:00,13,14,15
7/20/25 16:00,11,11,12
7/20/25 17:00,7,6,8
7/20/25 18:00,3,3,3
7/20/25 19:00,1,1,1
7/20/25 20:00,0,0,0
7/20/25 21:00,0,0,0
7/20/25 22:00,0,0,0
7/20/25 23:00,0,0,0
7/21/25,0,0,0
7/21/25 1:00,0,0,0
7/21/25 2:00,0,0,0
7/21/25 3:00,0,0,0
7/21/25 4:00,0,0,0
7/21/25 5:00,1,1,1
7/21/25 6:00,3,4,3
7/21/25 7:00,8,9,8
7/21/25 8:00,14,14,15
7/21/25 9:00,11,21,16
7/21/25 10:00,19,21,15
7/21/25 11:00,24,26,14
7/21/25 12:00,13,34,13
7/21/25 13:00,13,25,16
7/21/25 14:00,15,22,23
7/21/25 15:00,14,15,13
7/21/25 16:00,10,12,9
7/21/25 17:00,4,8,4
7/21/25 18:00,3,4,3
7/21/25 19:00,1,1,1
7/21/25 20:00,0,0,0
7/21/25 21:00,0,0,0
7/21/25 22:00,0,0,0
7/21/25 23:00,0,0,0
7/22/25,0,0,0
7/22/25 1:00,0,0,0
7/22/25 2:00,0,0,0
7/22/25 3:00,0,0,0
7/22/25 4:00,0,0,0
7/22/25 5:00,0,0,0
7/22/25 6:00,3,3,3
7/22/25 7:00,8,7,6
7/22/25 8:00,13,15,14
7/22/25 9:00,18,21,20
7/22/25 10:00,18,25,24
7/22/25 11:00,25,27,27
7/22/25 12:00,24,23,29
7/22/25 13:00,22,25,23
7/22/25 14:00,20,22,18
7/22/25 15:00,17,17,20
7/22/25 16:00,14,14,14
7/22/25 17:00,8,8,8
7/22/25 18:00,4,3,4
7/22/25 19:00,1,1,1
7/22/25 20:00,0,0,0
7/22/25 21:00,0,0,0
7/22/25 22:00,0,0,0
7/22/25 23:00,0,0,0
7/23/25,0,0,0
7/23/25 1:00,0,0,0
7/23/25 2:00,0,0,0
7/23/25 3:00,0,0,0
7/23/25 4:00,0,0,0
7/23/25 5:00,1,0,1
7/23/25 6:00,3,3,3
7/23/25 7:00,7,9,8
7/23/25 8:00,12,15,14
7/23/25 9:00,17,20,19
7/23/25 10:00,22,25,24
7/23/25 11:00,25,28,27
7/23/25 12:00,26,30,28
7/23/25 13:00,25,28,27
7/23/25 14:00,23,25,24
7/23/25 15:00,19,20,19
7/23/25 16:00,13,15,14
7/23/25 17:00,8,9,8
7/23/25 18:00,3,4,3
7/23/25 19:00,1,1,1
7/23/25 20:00,0,0,0
7/23/25 21:00,0,0,0
7/23/25 22:00,0,0,0
7/23/25 23:00,0,0,0
7/24/25,0,0,0
7/24/25 1:00,0,0,0
7/24/25 2:00,0,0,0
7/24/25 3:00,0,0,0
7/24/25 4:00,0,0,0
7/24/25 5:00,0,0,0
7/24/25 6:00,3,3,3
7/24/25 7:00,6,6,7
7/24/25 8:00,11,14,12
7/24/25 9:00,12,19,14
7/24/25 10:00,18,23,16
7/24/25 11:00,20,22,25
7/24/25 12:00,25,26,27
7/24/25 13:00,23,24,24
7/24/25 14:00,20,22,21
7/24/25 15:00,16,18,17
7/24/25 16:00,12,13,12
7/24/25 17:00,7,8,7
7/24/25 18:00,3,4,3
7/24/25 19:00,1,1,1
7/24/25 20:00,0,0,0
7/24/25 21:00,0,0,0
7/24/25 22:00,0,0,0
7/24/25 23:00,0,0,0
7/25/25,0,0,0
7/25/25 1:00,0,0,0
7/25/25 2:00,0,0,0
7/25/25 3:00,0,0,0
7/25/25 4:00,0,0,0
7/25/25 5:00,0,0,0
7/25/25 6:00,3,3,3
7/25/25 7:00,7,8,8
7/25/25 8:00,13,15,14
7/25/25 9:00,17,20,19
7/25/25 10:00,21,23,23
7/25/25 11:00,23,26,25
7/25/25 12:00,25,29,26
7/25/25 13:00,24,28,27
7/25/25 14:00,22,25,23
7/25/25 15:00,19,21,19
7/25/25 16:00,12,11,12
7/25/25 17:00,7,8,7
7/25/25 18:00,4,4,3
7/25/25 19:00,1,1,1
7/25/25 20:00,0,0,0
7/25/25 21:00,0,0,0
7/25/25 22:00,0,0,0
7/25/25 23:00,0,0,0
7/26/25,0,0,0
7/26/25 1:00,0,0,0
7/26/25 2:00,0,0,0
7/26/25 3:00,0,0,0
7/26/25 4:00,0,0,0
7/26/25 5:00,0,0,0
7/26/25 6:00,1,1,1
7/26/25 7:00,3,3,3
7/26/25 8:00,9,11,10
7/26/25 9:00,13,14,15
7/26/25 10:00,20,25,21
7/26/25 11:00,24,28,27
7/26/25 12:00,26,30,28
7/26/25 13:00,25,28,27
7/26/25 14:00,21,24,21
7/26/25 15:00,16,20,17
7/26/25 16:00,13,15,13
7/26/25 17:00,8,9,8
7/26/25 18:00,4,4,3
7/26/25 19:00,1,1,1
7/26/25 20:00,0,0,0
7/26/25 21:00,0,0,0
7/26/25 22:00,0,0,0
7/26/25 23:00,0,0,0
7/27/25,0,0,0
7/27/25 1:00,0,0,0
7/27/25 2:00,0,0,0
7/27/25 3:00,0,0,0
7/27/25 4:00,0,0,0
7/27/25 5:00,0,0,0
7/27/25 6:00,2,2,2
7/27/25 7:00,6,7,6
7/27/25 8:00,13,13,14
7/27/25 9:00,16,17,18
7/27/25 10:00,19,22,22
7/27/25 11:00,22,26,23
7/27/25 12:00,26,30,28
7/27/25 13:00,26,29,27
7/27/25 14:00,20,24,22
7/27/25 15:00,15,19,14
7/27/25 16:00,14,14,14
7/27/25 17:00,8,8,7
7/27/25 18:00,4,4,4
7/27/25 19:00,1,1,1
7/27/25 20:00,0,0,0
7/27/25 21:00,0,0,0
7/27/25 22:00,0,0,0
7/27/25 23:00,0,0,0
7/28/25,0,0,0
7/28/25 1:00,0,0,0
7/28/25 2:00,0,0,0
7/28/25 3:00,0,0,0
7/28/25 4:00,0,0,0
7/28/25 5:00,0,0,0
7/28/25 6:00,2,2,2
7/28/25 7:00,5,5,5
7/28/25 8:00,11,14,12
7/28/25 9:00,18,21,20
7/28/25 10:00,22,25,24
7/28/25 11:00,25,28,27
7/28/25 12:00,26,29,28
7/28/25 13:00,25,28,27
7/28/25 14:00,23,25,24
7/28/25 15:00,18,20,19
7/28/25 16:00,14,15,14
7/28/25 17:00,8,9,8
7/28/25 18:00,4,4,3
7/28/25 19:00,1,1,1
7/28/25 20:00,0,0,0
7/28/25 21:00,0,0,0
7/28/25 22:00,0,0,0
7/28/25 23:00,0,0,0
7/29/25,0,0,0
7/29/25 1:00,0,0,0
7/29/25 2:00,0,0,0
7/29/25 3:00,0,0,0
7/29/25 4:00,0,0,0
7/29/25 5:00,0,0,0
7/29/25 6:00,2,2,2
7/29/25 7:00,3,1,3
7/29/25 8:00,5,6,5
7/29/25 9:00,8,11,8
7/29/25 10:00,8,9,9
7/29/25 11:00,15,20,15
7/29/25 12:00,26,30,28
7/29/25 13:00,25,28,27
7/29/25 14:00,23,23,24
7/29/25 15:00,19,14,19
7/29/25 16:00,13,14,14
7/29/25 17:00,8,9,8
7/29/25 18:00,4,4,3
7/29/25 19:00,1,1,1
7/29/25 20:00,0,0,0
7/29/25 21:00,0,0,0
7/29/25 22:00,0,0,0
7/29/25 23:00,0,0,0
7/30/25,0,0,0
7/30/25 1:00,0,0,0
7/30/25 2:00,0,0,0
7/30/25 3:00,0,0,0
7/30/25 4:00,0,0,0
7/30/25 5:00,0,0,0
7/30/25 6:00,2,2,2
7/30/25 7:00,5,6,5
7/30/25 8:00,11,12,12
7/30/25 9:00,16,20,17
7/30/25 10:00,21,23,24
7/30/25 11:00,24,28,25
7/30/25 12:00,22,27,25
7/30/25 13:00,24,26,23
7/30/25 14:00,21,24,21
7/30/25 15:00,17,20,17
7/30/25 16:00,12,14,12
7/30/25 17:00,7,8,7
7/30/25 18:00,3,3,3
7/30/25 19:00,0,0,0
7/30/25 20:00,0,0,0
7/30/25 21:00,0,0,0
7/30/25 22:00,0,0,0
7/30/25 23:00,0,0,0
7/31/25,0,0,0
7/31/25 1:00,0,0,0
7/31/25 2:00,0,0,0
7/31/25 3:00,0,0,0
7/31/25 4:00,0,0,0
7/31/25 5:00,0,0,0
7/31/25 6:00,3,3,2
7/31/25 7:00,7,8,8
7/31/25 8:00,12,14,14
7/31/25 9:00,18,20,19
7/31/25 10:00,22,25,24
7/31/25 11:00,25,28,27
7/31/25 12:00,26,29,28
7/31/25 13:00,25,28,27
7/31/25 14:00,22,25,24
7/31/25 15:00,18,19,19
7/31/25 16:00,13,14,13
7/31/25 17:00,8,8,8
7/31/25 18:00,3,3,3
7/31/25 19:00,0,0,0
7/31/25 20:00,0,0,0
7/31/25 21:00,0,0,0
7/31/25 22:00,0,0,0
7/31/25 23:00,0,0,0
8/1/25,0,0,0
8/1/25 1:00,0,0,0
8/1/25 2:00,0,0,0
8/1/25 3:00,0,0,0
8/1/25 4:00,0,0,0
8/1/25 5:00,0,0,0
8/1/25 6:00,3,3,2
8/1/25 7:00,7,8,8
8/1/25 8:00,12,14,13
8/1/25 9:00,17,20,19
8/1/25 10:00,21,25,24
8/1/25 11:00,24,28,27
8/1/25 12:00,26,29,28
8/1/25 13:00,24,28,26
8/1/25 14:00,22,24,23
8/1/25 15:00,18,19,18
8/1/25 16:00,13,14,13
8/1/25 17:00,8,8,7
8/1/25 18:00,3,3,3
8/1/25 19:00,1,0,0
8/1/25 20:00,0,0,0
8/1/25 21:00,0,0,0
8/1/25 22:00,0,0,0
8/1/25 23:00,0,0,0
8/2/25,0,0,0
8/2/25 1:00,0,0,0
8/2/25 2:00,0,0,0
8/2/25 3:00,0,0,0
8/2/25 4:00,0,0,0
8/2/25 5:00,0,0,0
8/2/25 6:00,3,3,2
8/2/25 7:00,7,8,8
8/2/25 8:00,12,14,13
8/2/25 9:00,17,20,19
8/2/25 10:00,21,25,24
8/2/25 11:00,24,28,27
8/2/25 12:00,26,29,28
8/2/25 13:00,25,28,27
8/2/25 14:00,22,25,23
8/2/25 15:00,18,20,19
8/2/25 16:00,13,14,13
8/2/25 17:00,7,7,7
8/2/25 18:00,3,3,3
8/2/25 19:00,0,0,0
8/2/25 20:00,0,0,0
8/2/25 21:00,0,0,0
8/2/25 22:00,0,0,0
8/2/25 23:00,0,0,0
8/3/25,0,0,0
8/3/25 1:00,0,0,0
8/3/25 2:00,0,0,0
8/3/25 3:00,0,0,0
8/3/25 4:00,0,0,0
8/3/25 5:00,0,0,0
8/3/25 6:00,3,3,2
8/3/25 7:00,7,8,7
8/3/25 8:00,12,14,13
8/3/25 9:00,17,19,19
8/3/25 10:00,21,24,23
8/3/25 11:00,24,27,27
8/3/25 12:00,25,28,28
8/3/25 13:00,25,27,26
8/3/25 14:00,22,24,23
8/3/25 15:00,18,19,18
8/3/25 16:00,13,14,13
8/3/25 17:00,7,8,7
8/3/25 18:00,3,3,3
8/3/25 19:00,0,0,0
8/3/25 20:00,0,0,0
8/3/25 21:00,0,0,0
8/3/25 22:00,0,0,0
8/3/25 23:00,0,0,0
8/4/25,0,0,0
8/4/25 1:00,0,0,0
8/4/25 2:00,0,0,0
8/4/25 3:00,0,0,0
8/4/25 4:00,0,0,0
8/4/25 5:00,0,0,0
8/4/25 6:00,2,3,2
8/4/25 7:00,6,7,7
8/4/25 8:00,11,13,12
8/4/25 9:00,16,18,17
8/4/25 10:00,19,22,21
8/4/25 11:00,22,25,24
8/4/25 12:00,23,26,25
8/4/25 13:00,22,24,24
8/4/25 14:00,20,23,22
8/4/25 15:00,14,17,15
8/4/25 16:00,11,12,11
8/4/25 17:00,7,7,7
8/4/25 18:00,2,2,2
8/4/25 19:00,0,0,0
8/4/25 20:00,0,0,0
8/4/25 21:00,0,0,0
8/4/25 22:00,0,0,0
8/4/25 23:00,0,0,0
8/5/25,0,0,0
8/5/25 1:00,0,0,0
8/5/25 2:00,0,0,0
8/5/25 3:00,0,0,0
8/5/25 4:00,0,0,0
8/5/25 5:00,0,0,0
8/5/25 6:00,2,2,2
8/5/25 7:00,6,7,7
8/5/25 8:00,11,12,12
8/5/25 9:00,16,18,18
8/5/25 10:00,20,23,22
8/5/25 11:00,23,26,25
8/5/25 12:00,24,27,26
8/5/25 13:00,23,26,25
8/5/25 14:00,20,22,21
8/5/25 15:00,16,18,17
8/5/25 16:00,11,12,12
8/5/25 17:00,7,7,6
8/5/25 18:00,3,3,3
8/5/25 19:00,0,0,0
8/5/25 20:00,0,0,0
8/5/25 21:00,0,0,0
8/5/25 22:00,0,0,0
8/5/25 23:00,0,0,0
8/6/25,0,0,0
8/6/25 1:00,0,0,0
8/6/25 2:00,0,0,0
8/6/25 3:00,0,0,0
8/6/25 4:00,0,0,0
8/6/25 5:00,0,0,0
8/6/25 6:00,2,2,2
8/6/25 7:00,6,7,7
8/6/25 8:00,11,13,12
8/6/25 9:00,16,19,18
8/6/25 10:00,21,24,23
8/6/25 11:00,24,27,26
8/6/25 12:00,25,28,27
8/6/25 13:00,24,27,26
8/6/25 14:00,21,24,22
8/6/25 15:00,17,19,18
8/6/25 16:00,12,13,12
8/6/25 17:00,7,8,7
8/6/25 18:00,3,2,3
8/6/25 19:00,0,0,0
8/6/25 20:00,0,0,0
8/6/25 21:00,0,0,0
8/6/25 22:00,0,0,0
8/6/25 23:00,0,0,0
8/7/25,0,0,0
8/7/25 1:00,0,0,0
8/7/25 2:00,0,0,0
8/7/25 3:00,0,0,0
8/7/25 4:00,0,0,0
8/7/25 5:00,0,0,0
8/7/25 6:00,2,3,2
8/7/25 7:00,7,7,7
8/7/25 8:00,12,13,13
8/7/25 9:00,17,19,19
8/7/25 10:00,21,24,23
8/7/25 11:00,24,27,26
8/7/25 12:00,25,28,27
8/7/25 13:00,24,26,24
8/7/25 14:00,12,12,13
8/7/25 15:00,12,15,13
8/7/25 16:00,11,13,11
8/7/25 17:00,8,7,7
8/7/25 18:00,2,2,2
8/7/25 19:00,0,0,0
8/7/25 20:00,0,0,0
8/7/25 21:00,0,0,0
8/7/25 22:00,0,0,0
8/7/25 23:00,0,0,0
8/8/25,0,0,0
8/8/25 1:00,0,0,0
8/8/25 2:00,0,0,0
8/8/25 3:00,0,0,0
8/8/25 4:00,0,0,0
8/8/25 5:00,0,0,0
8/8/25 6:00,2,2,2
8/8/25 7:00,6,6,6
8/8/25 8:00,10,11,10
8/8/25 9:00,16,18,17
8/8/25 10:00,22,25,22
8/8/25 11:00,23,27,26
8/8/25 12:00,26,29,28
8/8/25 13:00,25,28,27
8/8/25 14:00,22,24,24
8/8/25 15:00,18,21,19
8/8/25 16:00,13,14,13
8/8/25 17:00,7,8,7
8/8/25 18:00,3,3,3
8/8/25 19:00,0,0,0
8/8/25 20:00,0,0,0
8/8/25 21:00,0,0,0
8/8/25 22:00,0,0,0
8/8/25 23:00,0,0,0
8/9/25,0,0,0
8/9/25 1:00,0,0,0
8/9/25 2:00,0,0,0
8/9/25 3:00,0,0,0
8/9/25 4:00,0,0,0
8/9/25 5:00,0,0,0
8/9/25 6:00,2,2,2
8/9/25 7:00,6,7,7
8/9/25 8:00,12,14,13
8/9/25 9:00,16,19,18
8/9/25 10:00,19,22,20
8/9/25 11:00,18,21,18
8/9/25 12:00,15,16,15
8/9/25 13:00,13,15,14
8/9/25 14:00,8,10,8
8/9/25 15:00,8,12,11
8/9/25 16:00,6,9,8
8/9/25 17:00,6,7,7
8/9/25 18:00,3,3,3
8/9/25 19:00,0,0,0
8/9/25 20:00,0,0,0
8/9/25 21:00,0,0,0
8/9/25 22:00,0,0,0
8/9/25 23:00,0,0,0
8/10/25,0,0,0
8/10/25 1:00,0,0,0
8/10/25 2:00,0,0,0
8/10/25 3:00,0,0,0
8/10/25 4:00,0,0,0
8/10/25 5:00,0,0,0
8/10/25 6:00,2,3,2
8/10/25 7:00,7,8,7
8/10/25 8:00,12,14,13
8/10/25 9:00,17,20,19
8/10/25 10:00,21,24,23
8/10/25 11:00,24,28,26
8/10/25 12:00,25,29,27
8/10/25 13:00,24,28,26
8/10/25 14:00,22,24,23
8/10/25 15:00,17,19,18
8/10/25 16:00,12,14,13
8/10/25 17:00,7,8,7
8/10/25 18:00,3,3,3
8/10/25 19:00,0,0,0
8/10/25 20:00,0,0,0
8/10/25 21:00,0,0,0
8/10/25 22:00,0,0,0
8/10/25 23:00,0,0,0
8/11/25,0,0,0
8/11/25 1:00,0,0,0
8/11/25 2:00,0,0,0
8/11/25 3:00,0,0,0
8/11/25 4:00,0,0,0
8/11/25 5:00,0,0,0
8/11/25 6:00,2,2,2
8/11/25 7:00,6,7,7
8/11/25 8:00,12,14,13
8/11/25 9:00,17,19,19
8/11/25 10:00,21,24,23
8/11/25 11:00,24,27,26
8/11/25 12:00,25,29,27
8/11/25 13:00,24,28,26
8/11/25 14:00,22,24,23
8/11/25 15:00,17,19,18
8/11/25 16:00,12,13,12
8/11/25 17:00,7,8,7
8/11/25 18:00,3,3,3
8/11/25 19:00,0,0,0
8/11/25 20:00,0,0,0
8/11/25 21:00,0,0,0
8/11/25 22:00,0,0,0
8/11/25 23:00,0,0,0
8/12/25,0,0,0
8/12/25 1:00,0,0,0
8/12/25 2:00,0,0,0
8/12/25 3:00,0,0,0
8/12/25 4:00,0,0,0
8/12/25 5:00,0,0,0
8/12/25 6:00,2,2,2
8/12/25 7:00,6,7,7
8/12/25 8:00,11,13,13
8/12/25 9:00,16,19,18
8/12/25 10:00,21,24,23
8/12/25 11:00,24,27,26
8/12/25 12:00,25,28,27
8/12/25 13:00,24,27,26
8/12/25 14:00,21,24,23
8/12/25 15:00,17,19,18
8/12/25 16:00,12,13,12
8/12/25 17:00,7,7,7
8/12/25 18:00,3,3,2
8/12/25 19:00,0,0,0
8/12/25 20:00,0,0,0
8/12/25 21:00,0,0,0
8/12/25 22:00,0,0,0
8/12/25 23:00,0,0,0
8/13/25,0,0,0
8/13/25 1:00,0,0,0
8/13/25 2:00,0,0,0
8/13/25 3:00,0,0,0
8/13/25 4:00,0,0,0
8/13/25 5:00,0,0,0
8/13/25 6:00,2,2,2
8/13/25 7:00,6,7,7
8/13/25 8:00,11,13,13
8/13/25 9:00,16,19,18
8/13/25 10:00,21,24,23
8/13/25 11:00,23,27,26
8/13/25 12:00,24,25,25
8/13/25 13:00,19,18,26
8/13/25 14:00,17,17,20
8/13/25 15:00,17,19,18
8/13/25 16:00,12,13,12
8/13/25 17:00,7,7,6
8/13/25 18:00,2,2,2
8/13/25 19:00,0,0,0
8/13/25 20:00,0,0,0
8/13/25 21:00,0,0,0
8/13/25 22:00,0,0,0
8/13/25 23:00,0,0,0
8/14/25,0,0,0
8/14/25 1:00,0,0,0
8/14/25 2:00,0,0,0
8/14/25 3:00,0,0,0
8/14/25 4:00,0,0,0
8/14/25 5:00,0,0,0
8/14/25 6:00,2,2,2
8/14/25 7:00,4,6,4
8/14/25 8:00,11,12,12
8/14/25 9:00,16,16,17
8/14/25 10:00,18,23,21
8/14/25 11:00,20,24,21
8/14/25 12:00,23,25,25
8/14/25 13:00,15,6,19
8/14/25 14:00,6,13,5
8/14/25 15:00,12,17,12
8/14/25 16:00,8,8,7
8/14/25 17:00,3,1,3
8/14/25 18:00,1,2,1
8/14/25 19:00,0,0,0
8/14/25 20:00,0,0,0
8/14/25 21:00,0,0,0
8/14/25 22:00,0,0,0
8/14/25 23:00,0,0,0
8/15/25,0,0,0
8/15/25 1:00,0,0,0
8/15/25 2:00,0,0,0
8/15/25 3:00,0,0,0
8/15/25 4:00,0,0,0
8/15/25 5:00,0,0,0
8/15/25 6:00,1,1,1
8/15/25 7:00,3,4,3
8/15/25 8:00,7,7,8
8/15/25 9:00,8,11,9
8/15/25 10:00,7,11,7
8/15/25 11:00,10,23,11
8/15/25 12:00,17,25,15
8/15/25 13:00,21,21,21
8/15/25 14:00,17,14,17
8/15/25 15:00,14,10,15
8/15/25 16:00,9,7,10
8/15/25 17:00,5,5,5
8/15/25 18:00,2,2,2
8/15/25 19:00,0,0,0
8/15/25 20:00,0,0,0
8/15/25 21:00,0,0,0
8/15/25 22:00,0,0,0
8/15/25 23:00,0,0,0
8/16/25,0,0,0
8/16/25 1:00,0,0,0
8/16/25 2:00,0,0,0
8/16/25 3:00,0,0,0
8/16/25 4:00,0,0,0
8/16/25 5:00,0,0,0
8/16/25 6:00,2,2,2
8/16/25 7:00,6,6,5
8/16/25 8:00,11,12,13
8/16/25 9:00,16,18,18
8/16/25 10:00,19,23,23
8/16/25 11:00,23,26,26
8/16/25 12:00,24,24,27
8/16/25 13:00,24,11,26
8/16/25 14:00,20,10,22
8/16/25 15:00,17,6,17
8/16/25 16:00,9,7,11
8/16/25 17:00,5,4,5
8/16/25 18:00,1,1,1
8/16/25 19:00,0,0,0
8/16/25 20:00,0,0,0
8/16/25 21:00,0,0,0
8/16/25 22:00,0,0,0
8/16/25 23:00,0,0,0
8/17/25,0,0,0
8/17/25 1:00,0,0,0
8/17/25 2:00,0,0,0
8/17/25 3:00,0,0,0
8/17/25 4:00,0,0,0
8/17/25 5:00,0,0,0
8/17/25 6:00,2,2,2
8/17/25 7:00,6,7,7
8/17/25 8:00,11,13,13
8/17/25 9:00,16,18,18
8/17/25 10:00,21,23,23
8/17/25 11:00,24,26,26
8/17/25 12:00,25,18,27
8/17/25 13:00,18,4,20
8/17/25 14:00,9,5,9
8/17/25 15:00,11,10,12
8/17/25 16:00,12,12,12
8/17/25 17:00,6,6,6
8/17/25 18:00,2,2,2
8/17/25 19:00,0,0,0
8/17/25 20:00,0,0,0
8/17/25 21:00,0,0,0
8/17/25 22:00,0,0,0
8/17/25 23:00,0,0,0
8/18/25,0,0,0
8/18/25 1:00,0,0,0
8/18/25 2:00,0,0,0
8/18/25 3:00,0,0,0
8/18/25 4:00,0,0,0
8/18/25 5:00,0,0,0
8/18/25 6:00,2,2,2
8/18/25 7:00,6,7,7
8/18/25 8:00,11,13,13
8/18/25 9:00,16,18,18
8/18/25 10:00,21,23,23
8/18/25 11:00,24,26,26
8/18/25 12:00,25,27,27
8/18/25 13:00,24,26,26
8/18/25 14:00,21,23,22
8/18/25 15:00,17,18,17
8/18/25 16:00,12,12,12
8/18/25 17:00,6,6,6
8/18/25 18:00,2,2,2
8/18/25 19:00,0,0,0
8/18/25 20:00,0,0,0
8/18/25 21:00,0,0,0
8/18/25 22:00,0,0,0
8/18/25 23:00,0,0,0
8/19/25,0,0,0
8/19/25 1:00,0,0,0
8/19/25 2:00,0,0,0
8/19/25 3:00,0,0,0
8/19/25 4:00,0,0,0
8/19/25 5:00,0,0,0
8/19/25 6:00,2,2,2
8/19/25 7:00,6,7,7
8/19/25 8:00,11,12,12
8/19/25 9:00,16,18,18
8/19/25 10:00,20,23,23
8/19/25 11:00,23,26,26
8/19/25 12:00,24,27,27
8/19/25 13:00,23,25,25
8/19/25 14:00,21,22,22
8/19/25 15:00,16,17,17
8/19/25 16:00,11,12,12
8/19/25 17:00,6,5,6
8/19/25 18:00,2,2,2
8/19/25 19:00,0,0,0
8/19/25 20:00,0,0,0
8/19/25 21:00,0,0,0
8/19/25 22:00,0,0,0
8/19/25 23:00,0,0,0
8/20/25,0,0,0
8/20/25 1:00,0,0,0
8/20/25 2:00,0,0,0
8/20/25 3:00,0,0,0
8/20/25 4:00,0,0,0
8/20/25 5:00,0,0,0
8/20/25 6:00,2,2,2
8/20/25 7:00,6,6,6
8/20/25 8:00,11,12,12
8/20/25 9:00,16,18,18
8/20/25 10:00,20,23,22
8/20/25 11:00,23,25,25
8/20/25 12:00,24,27,26
8/20/25 13:00,17,14,21
8/20/25 14:00,21,20,22
8/20/25 15:00,17,17,17
8/20/25 16:00,10,11,9
8/20/25 17:00,5,4,4
8/20/25 18:00,0,1,1
8/20/25 19:00,0,0,0
8/20/25 20:00,0,0,0
8/20/25 21:00,0,0,0
8/20/25 22:00,0,0,0
8/20/25 23:00,0,0,0
8/21/25,0,0,0
8/21/25 1:00,0,0,0
8/21/25 2:00,0,0,0
8/21/25 3:00,0,0,0
8/21/25 4:00,0,0,0
8/21/25 5:00,0,0,0
8/21/25 6:00,1,2,1
8/21/25 7:00,6,6,6
8/21/25 8:00,7,7,7
8/21/25 9:00,9,7,9
8/21/25 10:00,11,15,11
8/21/25 11:00,8,10,8
8/21/25 12:00,14,14,15
8/21/25 13:00,8,7,8
8/21/25 14:00,5,9,5
8/21/25 15:00,10,13,9
8/21/25 16:00,9,11,9
8/21/25 17:00,4,5,4
8/21/25 18:00,1,1,1
8/21/25 19:00,0,0,0
8/21/25 20:00,0,0,0
8/21/25 21:00,0,0,0
8/21/25 22:00,0,0,0
8/21/25 23:00,0,0,0
8/22/25,0,0,0
8/22/25 1:00,0,0,0
8/22/25 2:00,0,0,0
8/22/25 3:00,0,0,0
8/22/25 4:00,0,0,0
8/22/25 5:00,0,0,0
8/22/25 6:00,1,1,1
8/22/25 7:00,4,4,4
8/22/25 8:00,8,10,9
8/22/25 9:00,15,12,17
8/22/25 10:00,13,13,12
8/22/25 11:00,15,19,18
8/22/25 12:00,23,24,27
8/22/25 13:00,14,13,16
8/22/25 14:00,21,22,19
8/22/25 15:00,16,17,16
8/22/25 16:00,12,12,9
8/22/25 17:00,5,4,5
8/22/25 18:00,1,2,2
8/22/25 19:00,0,0,0
8/22/25 20:00,0,0,0
8/22/25 21:00,0,0,0
8/22/25 22:00,0,0,0
8/22/25 23:00,0,0,0
8/23/25,0,0,0
8/23/25 1:00,0,0,0
8/23/25 2:00,0,0,0
8/23/25 3:00,0,0,0
8/23/25 4:00,0,0,0
8/23/25 5:00,0,0,0
8/23/25 6:00,2,2,2
8/23/25 7:00,5,5,6
8/23/25 8:00,10,11,10
8/23/25 9:00,16,18,18
8/23/25 10:00,20,22,22
8/23/25 11:00,23,25,25
8/23/25 12:00,23,26,26
8/23/25 13:00,21,24,24
8/23/25 14:00,20,22,22
8/23/25 15:00,14,11,15
8/23/25 16:00,5,7,6
8/23/25 17:00,3,3,3
8/23/25 18:00,1,1,1
8/23/25 19:00,0,0,0
8/23/25 20:00,0,0,0
8/23/25 21:00,0,0,0
8/23/25 22:00,0,0,0
8/23/25 23:00,0,0,0
8/24/25,0,0,0
8/24/25 1:00,0,0,0
8/24/25 2:00,0,0,0
8/24/25 3:00,0,0,0
8/24/25 4:00,0,0,0
8/24/25 5:00,0,0,0
8/24/25 6:00,0,1,0
8/24/25 7:00,2,2,2
8/24/25 8:00,3,2,3
8/24/25 9:00,5,5,5
8/24/25 10:00,9,9,10
8/24/25 11:00,17,24,16
8/24/25 12:00,23,19,22
8/24/25 13:00,23,24,24
8/24/25 14:00,20,21,22
8/24/25 15:00,15,16,15
8/24/25 16:00,7,7,7
8/24/25 17:00,5,6,5
8/24/25 18:00,1,1,1
8/24/25 19:00,0,0,0
8/24/25 20:00,0,0,0
8/24/25 21:00,0,0,0
8/24/25 22:00,0,0,0
8/24/25 23:00,0,0,0
8/25/25,0,0,0
8/25/25 1:00,0,0,0
8/25/25 2:00,0,0,0
8/25/25 3:00,0,0,0
8/25/25 4:00,0,0,0
8/25/25 5:00,0,0,0
8/25/25 6:00,1,1,1
8/25/25 7:00,5,4,5
8/25/25 8:00,8,6,9
8/25/25 9:00,11,18,10
8/25/25 10:00,19,24,22
8/25/25 11:00,23,25,26
8/25/25 12:00,22,20,26
8/25/25 13:00,13,10,18
8/25/25 14:00,7,14,6
8/25/25 15:00,12,9,14
8/25/25 16:00,7,6,7
8/25/25 17:00,4,4,5
8/25/25 18:00,1,1,1
8/25/25 19:00,0,0,0
8/25/25 20:00,0,0,0
8/25/25 21:00,0,0,0
8/25/25 22:00,0,0,0
8/25/25 23:00,0,0,0
8/26/25,0,0,0
8/26/25 1:00,0,0,0
8/26/25 2:00,0,0,0
8/26/25 3:00,0,0,0
8/26/25 4:00,0,0,0
8/26/25 5:00,0,0,0
8/26/25 6:00,1,0,1
8/26/25 7:00,3,2,3
8/26/25 8:00,4,2,6
8/26/25 9:00,5,6,5
8/26/25 10:00,6,8,7
8/26/25 11:00,5,7,6
8/26/25 12:00,8,9,7
8/26/25 13:00,13,13,8
8/26/25 14:00,13,14,11
8/26/25 15:00,6,7,6
8/26/25 16:00,4,2,4
8/26/25 17:00,3,2,3
8/26/25 18:00,1,1,1
8/26/25 19:00,0,0,0
8/26/25 20:00,0,0,0
8/26/25 21:00,0,0,0
8/26/25 22:00,0,0,0
8/26/25 23:00,0,0,0
8/27/25,0,0,0
8/27/25 1:00,0,0,0
8/27/25 2:00,0,0,0
8/27/25 3:00,0,0,0
8/27/25 4:00,0,0,0
8/27/25 5:00,0,0,0
8/27/25 6:00,1,1,1
8/27/25 7:00,4,3,5
8/27/25 8:00,2,3,3
8/27/25 9:00,10,10,10
8/27/25 10:00,10,12,9
8/27/25 11:00,15,15,17
8/27/25 12:00,13,12,16
8/27/25 13:00,3,6,4
8/27/25 14:00,9,4,7
8/27/25 15:00,7,11,6
8/27/25 16:00,8,8,7
8/27/25 17:00,5,5,4
8/27/25 18:00,1,1,1
8/27/25 19:00,0,0,0
8/27/25 20:00,0,0,0
8/27/25 21:00,0,0,0
8/27/25 22:00,0,0,0
8/27/25 23:00,0,0,0
8/28/25,0,0,0
8/28/25 1:00,0,0,0
8/28/25 2:00,0,0,0
8/28/25 3:00,0,0,0
8/28/25 4:00,0,0,0
8/28/25 5:00,0,0,0
8/28/25 6:00,1,1,1
8/28/25 7:00,5,6,5
8/28/25 8:00,10,11,11
8/28/25 9:00,14,16,16
8/28/25 10:00,19,21,21
8/28/25 11:00,19,20,22
8/28/25 12:00,18,25,23
8/28/25 13:00,21,24,23
8/28/25 14:00,18,21,20
8/28/25 15:00,14,16,15
8/28/25 16:00,10,10,10
8/28/25 17:00,4,4,4
8/28/25 18:00,1,1,1
8/28/25 19:00,0,0,0
8/28/25 20:00,0,0,0
8/28/25 21:00,0,0,0
8/28/25 22:00,0,0,0
8/28/25 23:00,0,0,0
8/29/25,0,0,0
8/29/25 1:00,0,0,0
8/29/25 2:00,0,0,0
8/29/25 3:00,0,0,0
8/29/25 4:00,0,0,0
8/29/25 5:00,0,0,0
8/29/25 6:00,1,1,1
8/29/25 7:00,4,5,4
8/29/25 8:00,8,8,8
8/29/25 9:00,12,13,13
8/29/25 10:00,14,17,18
8/29/25 11:00,21,16,23
8/29/25 12:00,22,25,24
8/29/25 13:00,21,23,24
8/29/25 14:00,16,20,19
8/29/25 15:00,11,16,16
8/29/25 16:00,10,11,10
8/29/25 17:00,5,4,5
8/29/25 18:00,1,1,1
8/29/25 19:00,0,0,0
8/29/25 20:00,0,0,0
8/29/25 21:00,0,0,0
8/29/25 22:00,0,0,0
8/29/25 23:00,0,0,0
8/30/25,0,0,0
8/30/25 1:00,0,0,0
8/30/25 2:00,0,0,0
8/30/25 3:00,0,0,0
8/30/25 4:00,0,0,0
8/30/25 5:00,0,0,0
8/30/25 6:00,1,1,1
8/30/25 7:00,5,5,5
8/30/25 8:00,10,11,10
8/30/25 9:00,14,15,16
8/30/25 10:00,19,21,21
8/30/25 11:00,21,24,24
8/30/25 12:00,23,25,25
8/30/25 13:00,22,24,24
8/30/25 14:00,19,21,20
8/30/25 15:00,15,16,15
8/30/25 16:00,10,10,10
8/30/25 17:00,5,4,5
8/30/25 18:00,1,1,1
8/30/25 19:00,0,0,0
8/30/25 20:00,0,0,0
8/30/25 21:00,0,0,0
8/30/25 22:00,0,0,0
8/30/25 23:00,0,0,0
8/31/25,0,0,0
8/31/25 1:00,0,0,0
8/31/25 2:00,0,0,0
8/31/25 3:00,0,0,0
8/31/25 4:00,0,0,0
8/31/25 5:00,0,0,0
8/31/25 6:00,1,1,1
8/31/25 7:00,5,5,5
8/31/25 8:00,10,11,10
8/31/25 9:00,14,16,16
8/31/25 10:00,18,21,20
8/31/25 11:00,21,24,23
8/31/25 12:00,22,25,24
8/31/25 13:00,22,24,24
8/31/25 14:00,19,21,20
8/31/25 15:00,15,16,15
8/31/25 16:00,10,10,10
8/31/25 17:00,5,5,5
8/31/25 18:00,1,1,1
8/31/25 19:00,0,0,0
8/31/25 20:00,0,0,0
8/31/25 21:00,0,0,0
8/31/25 22:00,0,0,0
8/31/25 23:00,0,0,0
9/1/25,0,0,0
9/1/25 1:00,0,0,0
9/1/25 2:00,0,0,0
9/1/25 3:00,0,0,0
9/1/25 4:00,0,0,0
9/1/25 5:00,0,0,0
9/1/25 6:00,1,1,1
9/1/25 7:00,5,5,5
9/1/25 8:00,10,11,11
9/1/25 9:00,15,17,17
9/1/25 10:00,19,21,21
9/1/25 11:00,22,24,25
9/1/25 12:00,23,25,26
9/1/25 13:00,22,24,24
9/1/25 14:00,19,20,21
9/1/25 15:00,14,15,15
9/1/25 16:00,9,10,10
9/1/25 17:00,5,5,5
9/1/25 18:00,1,1,1
9/1/25 19:00,0,0,0
9/1/25 20:00,0,0,0
9/1/25 21:00,0,0,0
9/1/25 22:00,0,0,0
9/1/25 23:00,0,0,0
9/2/25,0,0,0
9/2/25 1:00,0,0,0
9/2/25 2:00,0,0,0
9/2/25 3:00,0,0,0
9/2/25 4:00,0,0,0
9/2/25 5:00,0,0,0
9/2/25 6:00,1,1,1
9/2/25 7:00,5,5,5
9/2/25 8:00,10,11,11
9/2/25 9:00,15,17,17
9/2/25 10:00,19,21,21
9/2/25 11:00,21,24,24
9/2/25 12:00,23,25,25
9/2/25 13:00,22,24,24
9/2/25 14:00,19,21,21
9/2/25 15:00,15,16,16
9/2/25 16:00,10,10,10
9/2/25 17:00,5,5,5
9/2/25 18:00,1,1,1
9/2/25 19:00,0,0,0
9/2/25 20:00,0,0,0
9/2/25 21:00,0,0,0
9/2/25 22:00,0,0,0
9/2/25 23:00,0,0,0
9/3/25,0,0,0
9/3/25 1:00,0,0,0
9/3/25 2:00,0,0,0
9/3/25 3:00,0,0,0
9/3/25 4:00,0,0,0
9/3/25 5:00,0,0,0
9/3/25 6:00,1,1,1
9/3/25 7:00,5,5,5
9/3/25 8:00,10,11,11
9/3/25 9:00,15,17,17
9/3/25 10:00,18,19,20
9/3/25 11:00,17,21,21
9/3/25 12:00,17,16,18
9/3/25 13:00,18,24,16
9/3/25 14:00,15,17,17
9/3/25 15:00,13,14,15
9/3/25 16:00,7,8,7
9/3/25 17:00,4,4,4
9/3/25 18:00,1,1,1
9/3/25 19:00,0,0,0
9/3/25 20:00,0,0,0
9/3/25 21:00,0,0,0
9/3/25 22:00,0,0,0
9/3/25 23:00,0,0,0
9/4/25,0,0,0
9/4/25 1:00,0,0,0
9/4/25 2:00,0,0,0
9/4/25 3:00,0,0,0
9/4/25 4:00,0,0,0
9/4/25 5:00,0,0,0
9/4/25 6:00,1,1,1
9/4/25 7:00,4,4,4
9/4/25 8:00,8,10,9
9/4/25 9:00,11,14,13
9/4/25 10:00,18,17,20
9/4/25 11:00,15,18,16
9/4/25 12:00,16,21,17
9/4/25 13:00,22,22,24
9/4/25 14:00,17,18,19
9/4/25 15:00,7,9,8
9/4/25 16:00,6,7,6
9/4/25 17:00,3,4,3
9/4/25 18:00,1,1,1
9/4/25 19:00,0,0,0
9/4/25 20:00,0,0,0
9/4/25 21:00,0,0,0
9/4/25 22:00,0,0,0
9/4/25 23:00,0,0,0
9/5/25,0,0,0
9/5/25 1:00,0,0,0
9/5/25 2:00,0,0,0
9/5/25 3:00,0,0,0
9/5/25 4:00,0,0,0
9/5/25 5:00,0,0,0
9/5/25 6:00,1,1,1
9/5/25 7:00,3,3,3
9/5/25 8:00,8,9,8
9/5/25 9:00,9,11,9
9/5/25 10:00,7,12,8
9/5/25 11:00,8,11,9
9/5/25 12:00,14,20,21
9/5/25 13:00,20,23,20
9/5/25 14:00,18,20,20
9/5/25 15:00,14,15,15
9/5/25 16:00,9,9,9
9/5/25 17:00,4,4,4
9/5/25 18:00,1,1,1
9/5/25 19:00,0,0,0
9/5/25 20:00,0,,0
9/5/25 21:00,0,,0
9/5/25 22:00,0,,0
9/5/25 23:00,0,0,0
9/6/25,0,0,0
9/6/25 1:00,0,0,0
9/6/25 2:00,0,0,0
9/6/25 3:00,0,0,0
9/6/25 4:00,0,0,0
9/6/25 5:00,0,0,0
9/6/25 6:00,1,1,1
9/6/25 7:00,3,3,3
9/6/25 8:00,4,3,4
9/6/25 9:00,4,5,3
9/6/25 10:00,8,9,8
9/6/25 11:00,12,14,13
9/6/25 12:00,13,15,15
9/6/25 13:00,13,9,16
9/6/25 14:00,3,4,4
9/6/25 15:00,6,6,4
9/6/25 16:00,10,10,9
9/6/25 17:00,4,4,4
9/6/25 18:00,1,1,1
9/6/25 19:00,0,0,0
9/6/25 20:00,0,0,0
9/6/25 21:00,0,0,0
9/6/25 22:00,0,0,0
9/6/25 23:00,0,0,0
9/7/25,0,0,0
9/7/25 1:00,0,0,0
9/7/25 2:00,0,0,0
9/7/25 3:00,0,0,0
9/7/25 4:00,0,0,0
9/7/25 5:00,0,0,0
9/7/25 6:00,1,1,1
9/7/25 7:00,3,4,4
9/7/25 8:00,7,7,7
9/7/25 9:00,14,14,16
9/7/25 10:00,17,19,16
9/7/25 11:00,18,21,21
9/7/25 12:00,21,24,25
9/7/25 13:00,11,16,14
9/7/25 14:00,16,16,14
9/7/25 15:00,11,12,12
9/7/25 16:00,9,10,8
9/7/25 17:00,4,4,4
9/7/25 18:00,1,1,1
9/7/25 19:00,0,0,0
9/7/25 20:00,0,0,0
9/7/25 21:00,0,0,0
9/7/25 22:00,0,0,0
9/7/25 23:00,0,0,0
9/8/25,0,0,0
9/8/25 1:00,0,0,0
9/8/25 2:00,0,0,0
9/8/25 3:00,0,0,0
9/8/25 4:00,0,0,0
9/8/25 5:00,0,0,0
9/8/25 6:00,1,1,1
9/8/25 7:00,5,5,5
9/8/25 8:00,9,11,11
9/8/25 9:00,14,16,17
9/8/25 10:00,18,21,21
9/8/25 11:00,21,22,24
9/8/25 12:00,18,19,22
9/8/25 13:00,16,16,14
9/8/25 14:00,15,13,12
9/8/25 15:00,10,9,10
9/8/25 16:00,6,6,6
9/8/25 17:00,3,3,3
9/8/25 18:00,1,1,1
9/8/25 19:00,0,0,0
9/8/25 20:00,0,0,0
9/8/25 21:00,0,0,0
9/8/25 22:00,0,0,0
9/8/25 23:00,0,0,0
9/9/25,0,0,0
9/9/25 1:00,0,0,0
9/9/25 2:00,0,0,0
9/9/25 3:00,0,0,0
9/9/25 4:00,0,0,0
9/9/25 5:00,0,0,0
9/9/25 6:00,1,1,1
9/9/25 7:00,5,5,5
9/9/25 8:00,9,11,11
9/9/25 9:00,14,13,15
9/9/25 10:00,13,13,17
9/9/25 11:00,14,16,16
9/9/25 12:00,13,16,12
9/9/25 13:00,16,16,14
9/9/25 14:00,18,18,20
9/9/25 15:00,13,13,14
9/9/25 16:00,7,8,8
9/9/25 17:00,3,3,3
9/9/25 18:00,1,1,1
9/9/25 19:00,0,0,0
9/9/25 20:00,0,0,0
9/9/25 21:00,0,0,0
9/9/25 22:00,0,0,0
9/9/25 23:00,0,0,0
9/10/25,0,0,0
9/10/25 1:00,0,0,0
9/10/25 2:00,0,0,0
9/10/25 3:00,0,0,0
9/10/25 4:00,0,0,0
9/10/25 5:00,0,0,0
9/10/25 6:00,1,1,1
9/10/25 7:00,4,5,5
9/10/25 8:00,9,11,11
9/10/25 9:00,14,17,17
9/10/25 10:00,19,22,21
9/10/25 11:00,20,23,20
9/10/25 12:00,21,25,22
9/10/25 13:00,21,22,23
9/10/25 14:00,17,19,20
9/10/25 15:00,13,13,14
9/10/25 16:00,6,6,7
9/10/25 17:00,2,2,2
9/10/25 18:00,0,0,0
9/10/25 19:00,0,0,0
9/10/25 20:00,0,0,0
9/10/25 21:00,0,0,0
9/10/25 22:00,0,0,0
9/10/25 23:00,0,0,0
9/11/25,0,0,0
9/11/25 1:00,0,0,0
9/11/25 2:00,0,0,0
9/11/25 3:00,0,0,0
9/11/25 4:00,0,0,0
9/11/25 5:00,0,0,0
9/11/25 6:00,1,1,1
9/11/25 7:00,4,5,5
9/11/25 8:00,9,10,10
9/11/25 9:00,14,16,16
9/11/25 10:00,18,20,21
9/11/25 11:00,21,24,24
9/11/25 12:00,22,25,25
9/11/25 13:00,20,23,23
9/11/25 14:00,18,19,19
9/11/25 15:00,13,13,14
9/11/25 16:00,6,6,7
9/11/25 17:00,2,3,2
9/11/25 18:00,0,0,0
9/11/25 19:00,0,0,0
9/11/25 20:00,0,0,0
9/11/25 21:00,0,0,0
9/11/25 22:00,0,0,0
9/11/25 23:00,0,0,0
9/12/25,0,0,0
9/12/25 1:00,0,0,0
9/12/25 2:00,0,0,0
9/12/25 3:00,0,0,0
9/12/25 4:00,0,0,0
9/12/25 5:00,0,0,0
9/12/25 6:00,1,1,1
9/12/25 7:00,3,3,2
9/12/25 8:00,5,6,6
9/12/25 9:00,11,9,11
9/12/25 10:00,12,11,13
9/12/25 11:00,16,15,16
9/12/25 12:00,11,8,12
9/12/25 13:00,17,17,16
9/12/25 14:00,16,17,19
9/12/25 15:00,13,13,14
9/12/25 16:00,8,8,9
9/12/25 17:00,3,4,3
9/12/25 18:00,0,0,0
9/12/25 19:00,0,0,0
9/12/25 20:00,0,0,0
9/12/25 21:00,0,0,0
9/12/25 22:00,0,0,0
9/12/25 23:00,0,0,0
9/13/25,0,0,0
9/13/25 1:00,0,0,0
9/13/25 2:00,0,0,0
9/13/25 3:00,0,0,0
9/13/25 4:00,0,0,0
9/13/25 5:00,0,0,0
9/13/25 6:00,1,1,1
9/13/25 7:00,4,5,5
9/13/25 8:00,9,10,10
9/13/25 9:00,13,16,15
9/13/25 10:00,17,21,19
9/13/25 11:00,17,19,19
9/13/25 12:00,20,22,23
9/13/25 13:00,16,19,18
9/13/25 14:00,18,20,20
9/13/25 15:00,13,14,15
9/13/25 16:00,8,9,8
9/13/25 17:00,4,4,4
9/13/25 18:00,0,0,0
9/13/25 19:00,0,0,0
9/13/25 20:00,0,0,0
9/13/25 21:00,0,0,0
9/13/25 22:00,0,0,0
9/13/25 23:00,0,0,0
9/14/25,0,0,0
9/14/25 1:00,0,0,0
9/14/25 2:00,0,0,0
9/14/25 3:00,0,0,0
9/14/25 4:00,0,0,0
9/14/25 5:00,0,0,0
9/14/25 6:00,1,1,1
9/14/25 7:00,4,5,5
9/14/25 8:00,9,10,10
9/14/25 9:00,12,16,13
9/14/25 10:00,17,20,20
9/14/25 11:00,20,23,22
9/14/25 12:00,20,19,21
9/14/25 13:00,16,18,19
9/14/25 14:00,16,17,19
9/14/25 15:00,13,12,14
9/14/25 16:00,8,9,8
9/14/25 17:00,3,3,3
9/14/25 18:00,0,0,0
9/14/25 19:00,0,0,0
9/14/25 20:00,0,0,0
9/14/25 21:00,0,0,0
9/14/25 22:00,0,0,0
9/14/25 23:00,0,0,0
9/15/25,0,0,0
9/15/25 1:00,0,0,0
9/15/25 2:00,0,0,0
9/15/25 3:00,0,0,0
9/15/25 4:00,0,0,0
9/15/25 5:00,0,0,0
9/15/25 6:00,1,1,1
9/15/25 7:00,4,4,4
9/15/25 8:00,9,10,10
9/15/25 9:00,13,15,15
9/15/25 10:00,16,16,18
9/15/25 11:00,18,19,22
9/15/25 12:00,21,22,24
9/15/25 13:00,20,22,22
9/15/25 14:00,17,18,19
9/15/25 15:00,9,11,10
9/15/25 16:00,7,9,7
9/15/25 17:00,3,3,3
9/15/25 18:00,0,0,0
9/15/25 19:00,0,0,0
9/15/25 20:00,0,0,0
9/15/25 21:00,0,0,0
9/15/25 22:00,0,0,0
9/15/25 23:00,0,0,0
9/16/25,0,0,0
9/16/25 1:00,0,0,0
9/16/25 2:00,0,0,0
9/16/25 3:00,0,0,0
9/16/25 4:00,0,0,0
9/16/25 5:00,0,0,0
9/16/25 6:00,1,1,1
9/16/25 7:00,3,3,3
9/16/25 8:00,7,8,8
9/16/25 9:00,13,15,16
9/16/25 10:00,17,20,20
9/16/25 11:00,20,23,23
9/16/25 12:00,21,24,24
9/16/25 13:00,20,23,23
9/16/25 14:00,17,19,19
9/16/25 15:00,13,14,14
9/16/25 16:00,8,8,8
9/16/25 17:00,3,3,3
9/16/25 18:00,0,0,0
9/16/25 19:00,0,0,0
9/16/25 20:00,0,0,0
9/16/25 21:00,0,0,0
9/16/25 22:00,0,0,0
9/16/25 23:00,0,0,0
9/17/25,0,0,0
9/17/25 1:00,0,0,0
9/17/25 2:00,0,0,0
9/17/25 3:00,0,0,0
9/17/25 4:00,0,0,0
9/17/25 5:00,0,0,0
9/17/25 6:00,1,1,1
9/17/25 7:00,4,4,4
9/17/25 8:00,9,9,10
9/17/25 9:00,13,15,15
9/17/25 10:00,17,20,20
9/17/25 11:00,20,23,22
9/17/25 12:00,20,23,23
9/17/25 13:00,19,22,22
9/17/25 14:00,16,18,18
9/17/25 15:00,12,13,13
9/17/25 16:00,7,8,8
9/17/25 17:00,3,3,3
9/17/25 18:00,0,0,0
9/17/25 19:00,0,0,0
9/17/25 20:00,0,0,0
9/17/25 21:00,0,0,0
9/17/25 22:00,0,0,0
9/17/25 23:00,0,0,0
9/18/25,0,0,0
9/18/25 1:00,0,0,0
9/18/25 2:00,0,0,0
9/18/25 3:00,0,0,0
9/18/25 4:00,0,0,0
9/18/25 5:00,0,0,0
9/18/25 6:00,1,1,1
9/18/25 7:00,4,4,4
9/18/25 8:00,9,10,10
9/18/25 9:00,13,16,16
9/18/25 10:00,18,20,20
9/18/25 11:00,20,23,23
9/18/25 12:00,21,24,24
9/18/25 13:00,19,21,21
9/18/25 14:00,16,17,18
9/18/25 15:00,8,8,9
9/18/25 16:00,5,5,5
9/18/25 17:00,2,2,2
9/18/25 18:00,0,0,0
9/18/25 19:00,0,0,0
9/18/25 20:00,0,0,0
9/18/25 21:00,0,0,0
9/18/25 22:00,0,0,0
9/18/25 23:00,0,0,0
9/19/25,0,0,0
9/19/25 1:00,0,0,0
9/19/25 2:00,0,0,0
9/19/25 3:00,0,0,0
9/19/25 4:00,0,0,0
9/19/25 5:00,0,0,0
9/19/25 6:00,0,0,0
9/19/25 7:00,3,3,3
9/19/25 8:00,7,7,7
9/19/25 9:00,9,11,9
9/19/25 10:00,12,16,11
9/19/25 11:00,13,17,15
9/19/25 12:00,16,16,17
9/19/25 13:00,15,14,16
9/19/25 14:00,12,13,13
9/19/25 15:00,12,9,12
9/19/25 16:00,4,6,6
9/19/25 17:00,2,2,2
9/19/25 18:00,0,0,0
9/19/25 19:00,0,0,0
9/19/25 20:00,0,0,0
9/19/25 21:00,0,0,0
9/19/25 22:00,0,0,0
9/19/25 23:00,0,0,0
9/20/25,0,0,0
9/20/25 1:00,0,0,0
9/20/25 2:00,0,0,0
9/20/25 3:00,0,0,0
9/20/25 4:00,0,0,0
9/20/25 5:00,0,0,0
9/20/25 6:00,0,0,0
9/20/25 7:00,2,2,2
9/20/25 8:00,6,5,6
9/20/25 9:00,8,12,9
9/20/25 10:00,15,16,16
9/20/25 11:00,17,18,17
9/20/25 12:00,18,16,21
9/20/25 13:00,13,9,16
9/20/25 14:00,10,5,13
9/20/25 15:00,8,8,8
9/20/25 16:00,3,4,4
9/20/25 17:00,1,1,1
9/20/25 18:00,0,0,0
9/20/25 19:00,0,0,0
9/20/25 20:00,0,0,0
9/20/25 21:00,0,0,0
9/20/25 22:00,0,0,0
9/20/25 23:00,0,0,0
9/21/25,0,0,0
9/21/25 1:00,0,0,0
9/21/25 2:00,0,0,0
9/21/25 3:00,0,0,0
9/21/25 4:00,0,0,0
9/21/25 5:00,0,0,0
9/21/25 6:00,1,1,0
9/21/25 7:00,2,4,2
9/21/25 8:00,6,9,7
9/21/25 9:00,10,15,13
9/21/25 10:00,10,10,15
9/21/25 11:00,19,16,16
9/21/25 12:00,19,12,19
9/21/25 13:00,10,13,13
9/21/25 14:00,14,11,15
9/21/25 15:00,10,11,11
9/21/25 16:00,6,6,7
9/21/25 17:00,2,2,2
9/21/25 18:00,0,0,0
9/21/25 19:00,0,0,0
9/21/25 20:00,0,0,0
9/21/25 21:00,0,0,0
9/21/25 22:00,0,0,0
9/21/25 23:00,0,0,0
9/22/25,0,0,0
9/22/25 1:00,0,0,0
9/22/25 2:00,0,0,0
9/22/25 3:00,0,0,0
9/22/25 4:00,0,0,0
9/22/25 5:00,0,0,0
9/22/25 6:00,1,1,1
9/22/25 7:00,3,4,3
9/22/25 8:00,7,9,8
9/22/25 9:00,12,11,14
9/22/25 10:00,7,9,9
9/22/25 11:00,9,14,10
9/22/25 12:00,21,23,22
9/22/25 13:00,19,22,19
9/22/25 14:00,15,18,18
9/22/25 15:00,13,13,7
9/22/25 16:00,7,7,8
9/22/25 17:00,2,2,2
9/22/25 18:00,0,0,0
9/22/25 19:00,0,0,0
9/22/25 20:00,0,0,0
9/22/25 21:00,0,0,0
9/22/25 22:00,0,0,0
9/22/25 23:00,0,0,0
9/23/25,0,0,0
9/23/25 1:00,0,0,0
9/23/25 2:00,0,0,0
9/23/25 3:00,0,0,0
9/23/25 4:00,0,0,0
9/23/25 5:00,0,0,0
9/23/25 6:00,1,1,1
9/23/25 7:00,4,4,4
9/23/25 8:00,8,10,10
9/23/25 9:00,13,15,16
9/23/25 10:00,17,20,20
9/23/25 11:00,20,22,23
9/23/25 12:00,20,23,24
9/23/25 13:00,19,21,22
9/23/25 14:00,16,18,18
9/23/25 15:00,11,13,13
9/23/25 16:00,7,7,7
9/23/25 17:00,2,2,2
9/23/25 18:00,0,0,0
9/23/25 19:00,0,0,0
9/23/25 20:00,0,0,0
9/23/25 21:00,0,0,0
9/23/25 22:00,0,0,0
9/23/25 23:00,0,0,0
9/24/25,0,0,0
9/24/25 1:00,0,0,0
9/24/25 2:00,0,0,0
9/24/25 3:00,0,0,0
9/24/25 4:00,0,0,0
9/24/25 5:00,0,0,0
9/24/25 6:00,1,1,1
9/24/25 7:00,4,4,4
9/24/25 8:00,8,9,10
9/24/25 9:00,13,15,15
9/24/25 10:00,17,20,20
9/24/25 11:00,19,22,23
9/24/25 12:00,20,23,23
9/24/25 13:00,19,21,21
9/24/25 14:00,16,17,18
9/24/25 15:00,11,13,12
9/24/25 16:00,6,7,7
9/24/25 17:00,2,2,2
9/24/25 18:00,0,0,0
9/24/25 19:00,0,0,0
9/24/25 20:00,0,0,0
9/24/25 21:00,0,0,0
9/24/25 22:00,0,0,0
9/24/25 23:00,0,0,0
9/25/25,0,0,0
9/25/25 1:00,0,0,0
9/25/25 2:00,0,0,0
9/25/25 3:00,0,0,0
9/25/25 4:00,0,0,0
9/25/25 5:00,0,0,0
9/25/25 6:00,1,1,1
9/25/25 7:00,4,4,4
9/25/25 8:00,8,9,9
9/25/25 9:00,13,15,15
9/25/25 10:00,17,19,20
9/25/25 11:00,19,22,22
9/25/25 12:00,20,23,23
9/25/25 13:00,19,21,21
9/25/25 14:00,16,17,17
9/25/25 15:00,11,12,12
9/25/25 16:00,6,7,7
9/25/25 17:00,2,2,2
9/25/25 18:00,0,0,0
9/25/25 19:00,0,0,0
9/25/25 20:00,0,0,0
9/25/25 21:00,0,0,0
9/25/25 22:00,0,0,0
9/25/25 23:00,0,0,0
9/26/25,0,0,0
9/26/25 1:00,0,0,0
9/26/25 2:00,0,0,0
9/26/25 3:00,0,0,0
9/26/25 4:00,0,0,0
9/26/25 5:00,0,0,0
9/26/25 6:00,0,0,0
9/26/25 7:00,2,2,2
9/26/25 8:00,7,8,7
9/26/25 9:00,11,13,13
9/26/25 10:00,15,19,19
9/26/25 11:00,19,22,21
9/26/25 12:00,19,21,21
9/26/25 13:00,19,21,21
9/26/25 14:00,15,17,17
9/26/25 15:00,11,12,12
9/26/25 16:00,6,7,7
9/26/25 17:00,2,2,2
9/26/25 18:00,0,0,0
9/26/25 19:00,0,0,0
9/26/25 20:00,0,0,0
9/26/25 21:00,0,0,0
9/26/25 22:00,0,0,0
9/26/25 23:00,0,0,0
9/27/25,0,0,0
9/27/25 1:00,0,0,0
9/27/25 2:00,0,0,0
9/27/25 3:00,0,0,0
9/27/25 4:00,0,0,0
9/27/25 5:00,0,0,0
9/27/25 6:00,1,0,1
9/27/25 7:00,3,4,4
9/27/25 8:00,8,9,9
9/27/25 9:00,12,14,15
9/27/25 10:00,16,19,19
9/27/25 11:00,19,22,22
9/27/25 12:00,20,22,23
9/27/25 13:00,18,21,21
9/27/25 14:00,16,17,19
9/27/25 15:00,12,12,12
9/27/25 16:00,4,6,3
9/27/25 17:00,1,1,1
9/27/25 18:00,0,0,0
9/27/25 19:00,0,0,0
9/27/25 20:00,0,0,0
9/27/25 21:00,0,0,0
9/27/25 22:00,0,0,0
9/27/25 23:00,0,0,0
9/28/25,0,0,0
9/28/25 1:00,0,0,0
9/28/25 2:00,0,0,0
9/28/25 3:00,0,0,0
9/28/25 4:00,0,0,0
9/28/25 5:00,0,0,0
9/28/25 6:00,0,0,0
9/28/25 7:00,3,3,4
9/28/25 8:00,6,7,8
9/28/25 9:00,10,11,11
9/28/25 10:00,10,17,12
9/28/25 11:00,19,21,20
9/28/25 12:00,20,20,23
9/28/25 13:00,19,11,22
9/28/25 14:00,11,12,16
9/28/25 15:00,11,7,13
9/28/25 16:00,5,5,6
9/28/25 17:00,2,2,2
9/28/25 18:00,0,0,0
9/28/25 19:00,0,0,0
9/28/25 20:00,0,0,0
9/28/25 21:00,0,0,0
9/28/25 22:00,0,0,0
9/28/25 23:00,0,0,0
9/29/25,0,0,0
9/29/25 1:00,0,0,0
9/29/25 2:00,0,0,0
9/29/25 3:00,0,0,0
9/29/25 4:00,0,0,0
9/29/25 5:00,0,0,0
9/29/25 6:00,0,0,0
9/29/25 7:00,3,2,3
9/29/25 8:00,7,5,9
9/29/25 9:00,8,8,8
9/29/25 10:00,14,14,15
9/29/25 11:00,19,18,22
9/29/25 12:00,20,20,23
9/29/25 13:00,18,15,22
9/29/25 14:00,12,14,13
9/29/25 15:00,7,8,10
9/29/25 16:00,5,6,5
9/29/25 17:00,2,2,2
9/29/25 18:00,0,0,0
9/29/25 19:00,0,0,0
9/29/25 20:00,0,0,0
9/29/25 21:00,0,0,0
9/29/25 22:00,0,0,0
9/29/25 23:00,0,0,0
9/30/25,0,0,0
9/30/25 1:00,0,0,0
9/30/25 2:00,0,0,0
9/30/25 3:00,0,0,0
9/30/25 4:00,0,0,0
9/30/25 5:00,0,0,0
9/30/25 6:00,0,0,0
9/30/25 7:00,1,2,1
9/30/25 8:00,2,2,2
9/30/25 9:00,2,3,2
9/30/25 10:00,2,3,1
9/30/25 11:00,4,3,3
9/30/25 12:00,4,4,4
9/30/25 13:00,6,5,6
9/30/25 14:00,4,5,4
9/30/25 15:00,10,9,10
9/30/25 16:00,6,7,6
9/30/25 17:00,2,2,2
9/30/25 18:00,0,0,0
9/30/25 19:00,0,0,0
9/30/25 20:00,0,0,0
9/30/25 21:00,0,0,0
9/30/25 22:00,0,0,0
9/30/25 23:00,0,0,0
10/1/25,0,0,0
10/1/25 1:00,0,0,0
10/1/25 2:00,0,0,0
10/1/25 3:00,0,0,0
10/1/25 4:00,0,0,0
10/1/25 5:00,0,0,0
10/1/25 6:00,0,0,0
10/1/25 7:00,3,3,3
10/1/25 8:00,6,8,7
10/1/25 9:00,12,13,14
10/1/25 10:00,16,18,19
10/1/25 11:00,18,21,22
10/1/25 12:00,19,22,21
10/1/25 13:00,18,18,20
10/1/25 14:00,15,14,16
10/1/25 15:00,10,11,11
10/1/25 16:00,6,6,6
10/1/25 17:00,2,2,2
10/1/25 18:00,0,0,0
10/1/25 19:00,0,0,0
10/1/25 20:00,0,0,0
10/1/25 21:00,0,0,0
10/1/25 22:00,0,0,0
10/1/25 23:00,0,0,0
10/2/25,0,0,0
10/2/25 1:00,0,0,0
10/2/25 2:00,0,0,0
10/2/25 3:00,0,0,0
10/2/25 4:00,0,0,0
10/2/25 5:00,0,0,0
10/2/25 6:00,0,0,0
10/2/25 7:00,3,3,3
10/2/25 8:00,7,9,9
10/2/25 9:00,12,14,14
10/2/25 10:00,16,19,19
10/2/25 11:00,18,21,21
10/2/25 12:00,19,22,22
10/2/25 13:00,18,20,20
10/2/25 14:00,15,16,16
10/2/25 15:00,10,11,11
10/2/25 16:00,5,6,6
10/2/25 17:00,2,2,2
10/2/25 18:00,0,0,0
10/2/25 19:00,0,0,0
10/2/25 20:00,0,0,0
10/2/25 21:00,0,0,0
10/2/25 22:00,0,0,0
10/2/25 23:00,0,0,0
10/3/25,0,0,0
10/3/25 1:00,0,0,0
10/3/25 2:00,0,0,0
10/3/25 3:00,0,0,0
10/3/25 4:00,0,0,0
10/3/25 5:00,0,0,0
10/3/25 6:00,0,0,0
10/3/25 7:00,2,1,2
10/3/25 8:00,6,7,6
10/3/25 9:00,8,8,8
10/3/25 10:00,16,19,19
10/3/25 11:00,19,19,21
10/3/25 12:00,11,17,10
10/3/25 13:00,11,15,11
10/3/25 14:00,6,11,6
10/3/25 15:00,5,9,4
10/3/25 16:00,2,2,2
10/3/25 17:00,1,1,1
10/3/25 18:00,0,0,0
10/3/25 19:00,0,0,0
10/3/25 20:00,0,0,0
10/3/25 21:00,0,0,0
10/3/25 22:00,0,0,0
10/3/25 23:00,0,0,0
10/4/25,0,0,0
10/4/25 1:00,0,0,0
10/4/25 2:00,0,0,0
10/4/25 3:00,0,0,0
10/4/25 4:00,0,0,0
10/4/25 5:00,0,0,0
10/4/25 6:00,0,0,0
10/4/25 7:00,0,0,1
10/4/25 8:00,1,1,1
10/4/25 9:00,1,1,1
10/4/25 10:00,3,3,2
10/4/25 11:00,2,3,2
10/4/25 12:00,2,3,2
10/4/25 13:00,3,3,2
10/4/25 14:00,2,2,2
10/4/25 15:00,1,3,1
10/4/25 16:00,1,2,1
10/4/25 17:00,0,0,0
10/4/25 18:00,0,0,0
10/4/25 19:00,0,0,0
10/4/25 20:00,0,0,0
10/4/25 21:00,0,0,0
10/4/25 22:00,0,0,0
10/4/25 23:00,0,0,0
10/5/25,0,0,0
10/5/25 1:00,0,0,0
10/5/25 2:00,0,0,0
10/5/25 3:00,0,0,0
10/5/25 4:00,0,0,0
10/5/25 5:00,0,0,0
10/5/25 6:00,0,0,0
10/5/25 7:00,3,3,3
10/5/25 8:00,7,8,8
10/5/25 9:00,10,12,12
10/5/25 10:00,14,18,18
10/5/25 11:00,17,12,16
10/5/25 12:00,12,18,16
10/5/25 13:00,14,18,13
10/5/25 14:00,13,16,13
10/5/25 15:00,7,10,8
10/5/25 16:00,5,6,4
10/5/25 17:00,1,1,1
10/5/25 18:00,0,0,0
10/5/25 19:00,0,0,0
10/5/25 20:00,0,0,0
10/5/25 21:00,0,0,0
10/5/25 22:00,0,0,0
10/5/25 23:00,0,0,0
10/6/25,0,0,0
10/6/25 1:00,0,0,0
10/6/25 2:00,0,0,0
10/6/25 3:00,0,0,0
10/6/25 4:00,0,0,0
10/6/25 5:00,0,0,0
10/6/25 6:00,0,0,0
10/6/25 7:00,3,3,3
10/6/25 8:00,7,8,8
10/6/25 9:00,11,13,13
10/6/25 10:00,15,18,18
10/6/25 11:00,17,21,20
10/6/25 12:00,17,21,14
10/6/25 13:00,16,20,14
10/6/25 14:00,13,16,13
10/6/25 15:00,8,11,9
10/6/25 16:00,4,5,5
10/6/25 17:00,1,1,1
10/6/25 18:00,0,0,0
10/6/25 19:00,0,0,0
10/6/25 20:00,0,0,0
10/6/25 21:00,0,0,0
10/6/25 22:00,0,0,0
10/6/25 23:00,0,0,0
10/7/25,0,0,0
10/7/25 1:00,0,0,0
10/7/25 2:00,0,0,0
10/7/25 3:00,0,0,0
10/7/25 4:00,0,0,0
10/7/25 5:00,0,0,0
10/7/25 6:00,0,0,0
10/7/25 7:00,3,3,3
10/7/25 8:00,7,8,8
10/7/25 9:00,11,13,13
10/7/25 10:00,15,18,17
10/7/25 11:00,17,20,20
10/7/25 12:00,17,21,20
10/7/25 13:00,16,19,19
10/7/25 14:00,13,15,15
10/7/25 15:00,9,10,10
10/7/25 16:00,4,5,5
10/7/25 17:00,1,1,1
10/7/25 18:00,0,0,0
10/7/25 19:00,0,0,0
10/7/25 20:00,0,0,0
10/7/25 21:00,0,0,0
10/7/25 22:00,0,0,0
10/7/25 23:00,0,0,0
10/8/25,0,0,0
10/8/25 1:00,0,0,0
10/8/25 2:00,0,0,0
10/8/25 3:00,0,0,0
10/8/25 4:00,0,0,0
10/8/25 5:00,0,0,0
10/8/25 6:00,0,0,0
10/8/25 7:00,3,3,3
10/8/25 8:00,7,8,8
10/8/25 9:00,11,13,13
10/8/25 10:00,15,18,18
10/8/25 11:00,17,20,20
10/8/25 12:00,17,20,20
10/8/25 13:00,15,19,19
10/8/25 14:00,13,15,15
10/8/25 15:00,9,10,10
10/8/25 16:00,4,5,5
10/8/25 17:00,1,1,1
10/8/25 18:00,0,0,0
10/8/25 19:00,0,0,0
10/8/25 20:00,0,0,0
10/8/25 21:00,0,0,0
10/8/25 22:00,0,0,0
10/8/25 23:00,0,0,0
10/9/25,0,0,0
10/9/25 1:00,0,0,0
10/9/25 2:00,0,0,0
10/9/25 3:00,0,0,0
10/9/25 4:00,0,0,0
10/9/25 5:00,0,0,0
10/9/25 6:00,0,0,0
10/9/25 7:00,3,3,3
10/9/25 8:00,7,8,8
10/9/25 9:00,8,8,10
10/9/25 10:00,10,17,13
10/9/25 11:00,,,
10/9/25 12:00,,,
10/9/25 13:00,,,
10/9/25 14:00,,,
10/9/25 15:00,,,
10/9/25 16:00,,,
10/9/25 17:00,,,
10/9/25 18:00,,,
10/9/25 19:00,,,
10/9/25 20:00,,,
10/9/25 21:00,,,
10/9/25 22:00,,,
10/9/25 23:00,,,